release,target,package,version,manifest_path
22.03.0,ath79/generic,base-files,1490-r19685-512e76967f,research-os/data/openwrt-v2-snapshots/releases/22.03.0/ath79_generic/openwrt-22.03.0-ath79-generic.manifest
22.03.0,ath79/generic,busybox,1.35.0-3,research-os/data/openwrt-v2-snapshots/releases/22.03.0/ath79_generic/openwrt-22.03.0-ath79-generic.manifest
22.03.0,ath79/generic,ca-bundle,20211016-1,research-os/data/openwrt-v2-snapshots/releases/22.03.0/ath79_generic/openwrt-22.03.0-ath79-generic.manifest
22.03.0,ath79/generic,cgi-io,2022-08-10-901b0f04-21,research-os/data/openwrt-v2-snapshots/releases/22.03.0/ath79_generic/openwrt-22.03.0-ath79-generic.manifest
22.03.0,ath79/generic,dnsmasq,2.86-14,research-os/data/openwrt-v2-snapshots/releases/22.03.0/ath79_generic/openwrt-22.03.0-ath79-generic.manifest
22.03.0,ath79/generic,dropbear,2022.82-2,research-os/data/openwrt-v2-snapshots/releases/22.03.0/ath79_generic/openwrt-22.03.0-ath79-generic.manifest
22.03.0,ath79/generic,firewall4,2022-09-01-f5fcdcf2-1,research-os/data/openwrt-v2-snapshots/releases/22.03.0/ath79_generic/openwrt-22.03.0-ath79-generic.manifest
22.03.0,ath79/generic,fstools,2022-06-02-93369be0-2,research-os/data/openwrt-v2-snapshots/releases/22.03.0/ath79_generic/openwrt-22.03.0-ath79-generic.manifest
22.03.0,ath79/generic,fwtool,2019-11-12-8f7fe925-1,research-os/data/openwrt-v2-snapshots/releases/22.03.0/ath79_generic/openwrt-22.03.0-ath79-generic.manifest
22.03.0,ath79/generic,getrandom,2021-08-03-205defb5-2,research-os/data/openwrt-v2-snapshots/releases/22.03.0/ath79_generic/openwrt-22.03.0-ath79-generic.manifest
22.03.0,ath79/generic,hostapd-common,2022-01-16-cff80b4f-11,research-os/data/openwrt-v2-snapshots/releases/22.03.0/ath79_generic/openwrt-22.03.0-ath79-generic.manifest
22.03.0,ath79/generic,iw,5.16-1,research-os/data/openwrt-v2-snapshots/releases/22.03.0/ath79_generic/openwrt-22.03.0-ath79-generic.manifest
22.03.0,ath79/generic,iwinfo,2022-08-19-0dad3e66-1,research-os/data/openwrt-v2-snapshots/releases/22.03.0/ath79_generic/openwrt-22.03.0-ath79-generic.manifest
22.03.0,ath79/generic,jansson4,2.13.1-2,research-os/data/openwrt-v2-snapshots/releases/22.03.0/ath79_generic/openwrt-22.03.0-ath79-generic.manifest
22.03.0,ath79/generic,jshn,2022-05-15-d2223ef9-1,research-os/data/openwrt-v2-snapshots/releases/22.03.0/ath79_generic/openwrt-22.03.0-ath79-generic.manifest
22.03.0,ath79/generic,jsonfilter,2018-02-04-c7e938d6-1,research-os/data/openwrt-v2-snapshots/releases/22.03.0/ath79_generic/openwrt-22.03.0-ath79-generic.manifest
22.03.0,ath79/generic,kernel,5.10.138-1-abf0c66378f3d0588b20489662c12426,research-os/data/openwrt-v2-snapshots/releases/22.03.0/ath79_generic/openwrt-22.03.0-ath79-generic.manifest
22.03.0,ath79/generic,kmod-ath,5.10.138+5.15.58-1-1,research-os/data/openwrt-v2-snapshots/releases/22.03.0/ath79_generic/openwrt-22.03.0-ath79-generic.manifest
22.03.0,ath79/generic,kmod-ath9k,5.10.138+5.15.58-1-1,research-os/data/openwrt-v2-snapshots/releases/22.03.0/ath79_generic/openwrt-22.03.0-ath79-generic.manifest
22.03.0,ath79/generic,kmod-ath9k-common,5.10.138+5.15.58-1-1,research-os/data/openwrt-v2-snapshots/releases/22.03.0/ath79_generic/openwrt-22.03.0-ath79-generic.manifest
22.03.0,ath79/generic,kmod-cfg80211,5.10.138+5.15.58-1-1,research-os/data/openwrt-v2-snapshots/releases/22.03.0/ath79_generic/openwrt-22.03.0-ath79-generic.manifest
22.03.0,ath79/generic,kmod-crypto-aead,5.10.138-1,research-os/data/openwrt-v2-snapshots/releases/22.03.0/ath79_generic/openwrt-22.03.0-ath79-generic.manifest
22.03.0,ath79/generic,kmod-crypto-ccm,5.10.138-1,research-os/data/openwrt-v2-snapshots/releases/22.03.0/ath79_generic/openwrt-22.03.0-ath79-generic.manifest
22.03.0,ath79/generic,kmod-crypto-cmac,5.10.138-1,research-os/data/openwrt-v2-snapshots/releases/22.03.0/ath79_generic/openwrt-22.03.0-ath79-generic.manifest
22.03.0,ath79/generic,kmod-crypto-crc32c,5.10.138-1,research-os/data/openwrt-v2-snapshots/releases/22.03.0/ath79_generic/openwrt-22.03.0-ath79-generic.manifest
22.03.0,ath79/generic,kmod-crypto-ctr,5.10.138-1,research-os/data/openwrt-v2-snapshots/releases/22.03.0/ath79_generic/openwrt-22.03.0-ath79-generic.manifest
22.03.0,ath79/generic,kmod-crypto-gcm,5.10.138-1,research-os/data/openwrt-v2-snapshots/releases/22.03.0/ath79_generic/openwrt-22.03.0-ath79-generic.manifest
22.03.0,ath79/generic,kmod-crypto-gf128,5.10.138-1,research-os/data/openwrt-v2-snapshots/releases/22.03.0/ath79_generic/openwrt-22.03.0-ath79-generic.manifest
22.03.0,ath79/generic,kmod-crypto-ghash,5.10.138-1,research-os/data/openwrt-v2-snapshots/releases/22.03.0/ath79_generic/openwrt-22.03.0-ath79-generic.manifest
22.03.0,ath79/generic,kmod-crypto-hash,5.10.138-1,research-os/data/openwrt-v2-snapshots/releases/22.03.0/ath79_generic/openwrt-22.03.0-ath79-generic.manifest
22.03.0,ath79/generic,kmod-crypto-hmac,5.10.138-1,research-os/data/openwrt-v2-snapshots/releases/22.03.0/ath79_generic/openwrt-22.03.0-ath79-generic.manifest
22.03.0,ath79/generic,kmod-crypto-manager,5.10.138-1,research-os/data/openwrt-v2-snapshots/releases/22.03.0/ath79_generic/openwrt-22.03.0-ath79-generic.manifest
22.03.0,ath79/generic,kmod-crypto-null,5.10.138-1,research-os/data/openwrt-v2-snapshots/releases/22.03.0/ath79_generic/openwrt-22.03.0-ath79-generic.manifest
22.03.0,ath79/generic,kmod-crypto-rng,5.10.138-1,research-os/data/openwrt-v2-snapshots/releases/22.03.0/ath79_generic/openwrt-22.03.0-ath79-generic.manifest
22.03.0,ath79/generic,kmod-crypto-seqiv,5.10.138-1,research-os/data/openwrt-v2-snapshots/releases/22.03.0/ath79_generic/openwrt-22.03.0-ath79-generic.manifest
22.03.0,ath79/generic,kmod-crypto-sha256,5.10.138-1,research-os/data/openwrt-v2-snapshots/releases/22.03.0/ath79_generic/openwrt-22.03.0-ath79-generic.manifest
22.03.0,ath79/generic,kmod-gpio-button-hotplug,5.10.138-3,research-os/data/openwrt-v2-snapshots/releases/22.03.0/ath79_generic/openwrt-22.03.0-ath79-generic.manifest
22.03.0,ath79/generic,kmod-lib-crc-ccitt,5.10.138-1,research-os/data/openwrt-v2-snapshots/releases/22.03.0/ath79_generic/openwrt-22.03.0-ath79-generic.manifest
22.03.0,ath79/generic,kmod-lib-crc32c,5.10.138-1,research-os/data/openwrt-v2-snapshots/releases/22.03.0/ath79_generic/openwrt-22.03.0-ath79-generic.manifest
22.03.0,ath79/generic,kmod-mac80211,5.10.138+5.15.58-1-1,research-os/data/openwrt-v2-snapshots/releases/22.03.0/ath79_generic/openwrt-22.03.0-ath79-generic.manifest
22.03.0,ath79/generic,kmod-nf-conntrack,5.10.138-1,research-os/data/openwrt-v2-snapshots/releases/22.03.0/ath79_generic/openwrt-22.03.0-ath79-generic.manifest
22.03.0,ath79/generic,kmod-nf-conntrack6,5.10.138-1,research-os/data/openwrt-v2-snapshots/releases/22.03.0/ath79_generic/openwrt-22.03.0-ath79-generic.manifest
22.03.0,ath79/generic,kmod-nf-flow,5.10.138-1,research-os/data/openwrt-v2-snapshots/releases/22.03.0/ath79_generic/openwrt-22.03.0-ath79-generic.manifest
22.03.0,ath79/generic,kmod-nf-log,5.10.138-1,research-os/data/openwrt-v2-snapshots/releases/22.03.0/ath79_generic/openwrt-22.03.0-ath79-generic.manifest
22.03.0,ath79/generic,kmod-nf-log6,5.10.138-1,research-os/data/openwrt-v2-snapshots/releases/22.03.0/ath79_generic/openwrt-22.03.0-ath79-generic.manifest
22.03.0,ath79/generic,kmod-nf-nat,5.10.138-1,research-os/data/openwrt-v2-snapshots/releases/22.03.0/ath79_generic/openwrt-22.03.0-ath79-generic.manifest
22.03.0,ath79/generic,kmod-nf-reject,5.10.138-1,research-os/data/openwrt-v2-snapshots/releases/22.03.0/ath79_generic/openwrt-22.03.0-ath79-generic.manifest
22.03.0,ath79/generic,kmod-nf-reject6,5.10.138-1,research-os/data/openwrt-v2-snapshots/releases/22.03.0/ath79_generic/openwrt-22.03.0-ath79-generic.manifest
22.03.0,ath79/generic,kmod-nfnetlink,5.10.138-1,research-os/data/openwrt-v2-snapshots/releases/22.03.0/ath79_generic/openwrt-22.03.0-ath79-generic.manifest
22.03.0,ath79/generic,kmod-nft-core,5.10.138-1,research-os/data/openwrt-v2-snapshots/releases/22.03.0/ath79_generic/openwrt-22.03.0-ath79-generic.manifest
22.03.0,ath79/generic,kmod-nft-fib,5.10.138-1,research-os/data/openwrt-v2-snapshots/releases/22.03.0/ath79_generic/openwrt-22.03.0-ath79-generic.manifest
22.03.0,ath79/generic,kmod-nft-nat,5.10.138-1,research-os/data/openwrt-v2-snapshots/releases/22.03.0/ath79_generic/openwrt-22.03.0-ath79-generic.manifest
22.03.0,ath79/generic,kmod-nft-offload,5.10.138-1,research-os/data/openwrt-v2-snapshots/releases/22.03.0/ath79_generic/openwrt-22.03.0-ath79-generic.manifest
22.03.0,ath79/generic,kmod-ppp,5.10.138-1,research-os/data/openwrt-v2-snapshots/releases/22.03.0/ath79_generic/openwrt-22.03.0-ath79-generic.manifest
22.03.0,ath79/generic,kmod-pppoe,5.10.138-1,research-os/data/openwrt-v2-snapshots/releases/22.03.0/ath79_generic/openwrt-22.03.0-ath79-generic.manifest
22.03.0,ath79/generic,kmod-pppox,5.10.138-1,research-os/data/openwrt-v2-snapshots/releases/22.03.0/ath79_generic/openwrt-22.03.0-ath79-generic.manifest
22.03.0,ath79/generic,kmod-slhc,5.10.138-1,research-os/data/openwrt-v2-snapshots/releases/22.03.0/ath79_generic/openwrt-22.03.0-ath79-generic.manifest
22.03.0,ath79/generic,libblobmsg-json20220515,2022-05-15-d2223ef9-1,research-os/data/openwrt-v2-snapshots/releases/22.03.0/ath79_generic/openwrt-22.03.0-ath79-generic.manifest
22.03.0,ath79/generic,libc,1.2.3-4,research-os/data/openwrt-v2-snapshots/releases/22.03.0/ath79_generic/openwrt-22.03.0-ath79-generic.manifest
22.03.0,ath79/generic,libgcc1,11.2.0-4,research-os/data/openwrt-v2-snapshots/releases/22.03.0/ath79_generic/openwrt-22.03.0-ath79-generic.manifest
22.03.0,ath79/generic,libiwinfo-data,2022-08-19-0dad3e66-1,research-os/data/openwrt-v2-snapshots/releases/22.03.0/ath79_generic/openwrt-22.03.0-ath79-generic.manifest
22.03.0,ath79/generic,libiwinfo-lua,2022-08-19-0dad3e66-1,research-os/data/openwrt-v2-snapshots/releases/22.03.0/ath79_generic/openwrt-22.03.0-ath79-generic.manifest
22.03.0,ath79/generic,libiwinfo20210430,2022-08-19-0dad3e66-1,research-os/data/openwrt-v2-snapshots/releases/22.03.0/ath79_generic/openwrt-22.03.0-ath79-generic.manifest
22.03.0,ath79/generic,libjson-c5,0.15-2,research-os/data/openwrt-v2-snapshots/releases/22.03.0/ath79_generic/openwrt-22.03.0-ath79-generic.manifest
22.03.0,ath79/generic,libjson-script20220515,2022-05-15-d2223ef9-1,research-os/data/openwrt-v2-snapshots/releases/22.03.0/ath79_generic/openwrt-22.03.0-ath79-generic.manifest
22.03.0,ath79/generic,liblua5.1.5,5.1.5-10,research-os/data/openwrt-v2-snapshots/releases/22.03.0/ath79_generic/openwrt-22.03.0-ath79-generic.manifest
22.03.0,ath79/generic,liblucihttp-lua,2022-07-08-6e68a106-1,research-os/data/openwrt-v2-snapshots/releases/22.03.0/ath79_generic/openwrt-22.03.0-ath79-generic.manifest
22.03.0,ath79/generic,liblucihttp0,2022-07-08-6e68a106-1,research-os/data/openwrt-v2-snapshots/releases/22.03.0/ath79_generic/openwrt-22.03.0-ath79-generic.manifest
22.03.0,ath79/generic,libmnl0,1.0.5-1,research-os/data/openwrt-v2-snapshots/releases/22.03.0/ath79_generic/openwrt-22.03.0-ath79-generic.manifest
22.03.0,ath79/generic,libnftnl11,1.2.1-1,research-os/data/openwrt-v2-snapshots/releases/22.03.0/ath79_generic/openwrt-22.03.0-ath79-generic.manifest
22.03.0,ath79/generic,libnl-tiny1,2021-11-21-8e0555fb-1,research-os/data/openwrt-v2-snapshots/releases/22.03.0/ath79_generic/openwrt-22.03.0-ath79-generic.manifest
22.03.0,ath79/generic,libpthread,1.2.3-4,research-os/data/openwrt-v2-snapshots/releases/22.03.0/ath79_generic/openwrt-22.03.0-ath79-generic.manifest
22.03.0,ath79/generic,libubox20220515,2022-05-15-d2223ef9-1,research-os/data/openwrt-v2-snapshots/releases/22.03.0/ath79_generic/openwrt-22.03.0-ath79-generic.manifest
22.03.0,ath79/generic,libubus-lua,2022-06-01-2bebf93c-1,research-os/data/openwrt-v2-snapshots/releases/22.03.0/ath79_generic/openwrt-22.03.0-ath79-generic.manifest
22.03.0,ath79/generic,libubus20220601,2022-06-01-2bebf93c-1,research-os/data/openwrt-v2-snapshots/releases/22.03.0/ath79_generic/openwrt-22.03.0-ath79-generic.manifest
22.03.0,ath79/generic,libuci20130104,2021-10-22-f84f49f0-6,research-os/data/openwrt-v2-snapshots/releases/22.03.0/ath79_generic/openwrt-22.03.0-ath79-generic.manifest
22.03.0,ath79/generic,libuclient20201210,2021-05-14-6a6011df-1,research-os/data/openwrt-v2-snapshots/releases/22.03.0/ath79_generic/openwrt-22.03.0-ath79-generic.manifest
22.03.0,ath79/generic,libucode20220812,2022-08-29-344fa9e6-1,research-os/data/openwrt-v2-snapshots/releases/22.03.0/ath79_generic/openwrt-22.03.0-ath79-generic.manifest
22.03.0,ath79/generic,libustream-wolfssl20201210,2022-01-16-868fd881-1,research-os/data/openwrt-v2-snapshots/releases/22.03.0/ath79_generic/openwrt-22.03.0-ath79-generic.manifest
22.03.0,ath79/generic,libwolfssl5.4.0.ee39414e,5.4.0-stable-5,research-os/data/openwrt-v2-snapshots/releases/22.03.0/ath79_generic/openwrt-22.03.0-ath79-generic.manifest
22.03.0,ath79/generic,logd,2021-08-03-205defb5-2,research-os/data/openwrt-v2-snapshots/releases/22.03.0/ath79_generic/openwrt-22.03.0-ath79-generic.manifest
22.03.0,ath79/generic,lua,5.1.5-10,research-os/data/openwrt-v2-snapshots/releases/22.03.0/ath79_generic/openwrt-22.03.0-ath79-generic.manifest
22.03.0,ath79/generic,luci,git-20.074.84698-ead5e81,research-os/data/openwrt-v2-snapshots/releases/22.03.0/ath79_generic/openwrt-22.03.0-ath79-generic.manifest
22.03.0,ath79/generic,luci-app-firewall,git-22.089.67563-7e3c1b4,research-os/data/openwrt-v2-snapshots/releases/22.03.0/ath79_generic/openwrt-22.03.0-ath79-generic.manifest
22.03.0,ath79/generic,luci-app-opkg,git-22.154.41881-28e92e3,research-os/data/openwrt-v2-snapshots/releases/22.03.0/ath79_generic/openwrt-22.03.0-ath79-generic.manifest
22.03.0,ath79/generic,luci-base,git-22.245.77528-487e58a,research-os/data/openwrt-v2-snapshots/releases/22.03.0/ath79_generic/openwrt-22.03.0-ath79-generic.manifest
22.03.0,ath79/generic,luci-lib-base,git-20.232.39649-1f6dc29,research-os/data/openwrt-v2-snapshots/releases/22.03.0/ath79_generic/openwrt-22.03.0-ath79-generic.manifest
22.03.0,ath79/generic,luci-lib-ip,git-20.250.76529-62505bd,research-os/data/openwrt-v2-snapshots/releases/22.03.0/ath79_generic/openwrt-22.03.0-ath79-generic.manifest
22.03.0,ath79/generic,luci-lib-jsonc,git-22.097.61921-7513345,research-os/data/openwrt-v2-snapshots/releases/22.03.0/ath79_generic/openwrt-22.03.0-ath79-generic.manifest
22.03.0,ath79/generic,luci-lib-nixio,git-20.234.06894-c4a4e43,research-os/data/openwrt-v2-snapshots/releases/22.03.0/ath79_generic/openwrt-22.03.0-ath79-generic.manifest
22.03.0,ath79/generic,luci-mod-admin-full,git-19.253.48496-3f93650,research-os/data/openwrt-v2-snapshots/releases/22.03.0/ath79_generic/openwrt-22.03.0-ath79-generic.manifest
22.03.0,ath79/generic,luci-mod-network,git-22.244.54818-b13d8c7,research-os/data/openwrt-v2-snapshots/releases/22.03.0/ath79_generic/openwrt-22.03.0-ath79-generic.manifest
22.03.0,ath79/generic,luci-mod-status,git-22.189.48501-6731190,research-os/data/openwrt-v2-snapshots/releases/22.03.0/ath79_generic/openwrt-22.03.0-ath79-generic.manifest
22.03.0,ath79/generic,luci-mod-system,git-22.140.66206-02913be,research-os/data/openwrt-v2-snapshots/releases/22.03.0/ath79_generic/openwrt-22.03.0-ath79-generic.manifest
22.03.0,ath79/generic,luci-proto-ipv6,git-21.148.48881-79947af,research-os/data/openwrt-v2-snapshots/releases/22.03.0/ath79_generic/openwrt-22.03.0-ath79-generic.manifest
22.03.0,ath79/generic,luci-proto-ppp,git-21.158.38888-88b9d84,research-os/data/openwrt-v2-snapshots/releases/22.03.0/ath79_generic/openwrt-22.03.0-ath79-generic.manifest
22.03.0,ath79/generic,luci-ssl,git-20.244.36115-e10f954,research-os/data/openwrt-v2-snapshots/releases/22.03.0/ath79_generic/openwrt-22.03.0-ath79-generic.manifest
22.03.0,ath79/generic,luci-theme-bootstrap,git-22.141.59265-d8ecf48,research-os/data/openwrt-v2-snapshots/releases/22.03.0/ath79_generic/openwrt-22.03.0-ath79-generic.manifest
22.03.0,ath79/generic,mtd,26,research-os/data/openwrt-v2-snapshots/releases/22.03.0/ath79_generic/openwrt-22.03.0-ath79-generic.manifest
22.03.0,ath79/generic,netifd,2022-08-25-76d2d41b-1,research-os/data/openwrt-v2-snapshots/releases/22.03.0/ath79_generic/openwrt-22.03.0-ath79-generic.manifest
22.03.0,ath79/generic,nftables-json,1.0.2-2.1,research-os/data/openwrt-v2-snapshots/releases/22.03.0/ath79_generic/openwrt-22.03.0-ath79-generic.manifest
22.03.0,ath79/generic,odhcp6c,2022-08-05-7d21e8d8-18,research-os/data/openwrt-v2-snapshots/releases/22.03.0/ath79_generic/openwrt-22.03.0-ath79-generic.manifest
22.03.0,ath79/generic,odhcpd-ipv6only,2022-03-22-860ca900-1,research-os/data/openwrt-v2-snapshots/releases/22.03.0/ath79_generic/openwrt-22.03.0-ath79-generic.manifest
22.03.0,ath79/generic,openwrt-keyring,2022-03-25-62471e69-3,research-os/data/openwrt-v2-snapshots/releases/22.03.0/ath79_generic/openwrt-22.03.0-ath79-generic.manifest
22.03.0,ath79/generic,opkg,2022-02-24-d038e5b6-1,research-os/data/openwrt-v2-snapshots/releases/22.03.0/ath79_generic/openwrt-22.03.0-ath79-generic.manifest
22.03.0,ath79/generic,ppp,2.4.9.git-2021-01-04-3,research-os/data/openwrt-v2-snapshots/releases/22.03.0/ath79_generic/openwrt-22.03.0-ath79-generic.manifest
22.03.0,ath79/generic,ppp-mod-pppoe,2.4.9.git-2021-01-04-3,research-os/data/openwrt-v2-snapshots/releases/22.03.0/ath79_generic/openwrt-22.03.0-ath79-generic.manifest
22.03.0,ath79/generic,procd,2022-06-01-7a009685-1,research-os/data/openwrt-v2-snapshots/releases/22.03.0/ath79_generic/openwrt-22.03.0-ath79-generic.manifest
22.03.0,ath79/generic,procd-seccomp,2022-06-01-7a009685-1,research-os/data/openwrt-v2-snapshots/releases/22.03.0/ath79_generic/openwrt-22.03.0-ath79-generic.manifest
22.03.0,ath79/generic,procd-ujail,2022-06-01-7a009685-1,research-os/data/openwrt-v2-snapshots/releases/22.03.0/ath79_generic/openwrt-22.03.0-ath79-generic.manifest
22.03.0,ath79/generic,px5g-wolfssl,4,research-os/data/openwrt-v2-snapshots/releases/22.03.0/ath79_generic/openwrt-22.03.0-ath79-generic.manifest
22.03.0,ath79/generic,rpcd,2022-08-24-82904bd4-1,research-os/data/openwrt-v2-snapshots/releases/22.03.0/ath79_generic/openwrt-22.03.0-ath79-generic.manifest
22.03.0,ath79/generic,rpcd-mod-file,2022-08-24-82904bd4-1,research-os/data/openwrt-v2-snapshots/releases/22.03.0/ath79_generic/openwrt-22.03.0-ath79-generic.manifest
22.03.0,ath79/generic,rpcd-mod-iwinfo,2022-08-24-82904bd4-1,research-os/data/openwrt-v2-snapshots/releases/22.03.0/ath79_generic/openwrt-22.03.0-ath79-generic.manifest
22.03.0,ath79/generic,rpcd-mod-luci,20210614,research-os/data/openwrt-v2-snapshots/releases/22.03.0/ath79_generic/openwrt-22.03.0-ath79-generic.manifest
22.03.0,ath79/generic,rpcd-mod-rrdns,20170710,research-os/data/openwrt-v2-snapshots/releases/22.03.0/ath79_generic/openwrt-22.03.0-ath79-generic.manifest
22.03.0,ath79/generic,swconfig,12,research-os/data/openwrt-v2-snapshots/releases/22.03.0/ath79_generic/openwrt-22.03.0-ath79-generic.manifest
22.03.0,ath79/generic,uboot-envtools,2022.01-31,research-os/data/openwrt-v2-snapshots/releases/22.03.0/ath79_generic/openwrt-22.03.0-ath79-generic.manifest
22.03.0,ath79/generic,ubox,2021-08-03-205defb5-2,research-os/data/openwrt-v2-snapshots/releases/22.03.0/ath79_generic/openwrt-22.03.0-ath79-generic.manifest
22.03.0,ath79/generic,ubus,2022-06-01-2bebf93c-1,research-os/data/openwrt-v2-snapshots/releases/22.03.0/ath79_generic/openwrt-22.03.0-ath79-generic.manifest
22.03.0,ath79/generic,ubusd,2022-06-01-2bebf93c-1,research-os/data/openwrt-v2-snapshots/releases/22.03.0/ath79_generic/openwrt-22.03.0-ath79-generic.manifest
22.03.0,ath79/generic,uci,2021-10-22-f84f49f0-6,research-os/data/openwrt-v2-snapshots/releases/22.03.0/ath79_generic/openwrt-22.03.0-ath79-generic.manifest
22.03.0,ath79/generic,uclient-fetch,2021-05-14-6a6011df-1,research-os/data/openwrt-v2-snapshots/releases/22.03.0/ath79_generic/openwrt-22.03.0-ath79-generic.manifest
22.03.0,ath79/generic,ucode,2022-08-29-344fa9e6-1,research-os/data/openwrt-v2-snapshots/releases/22.03.0/ath79_generic/openwrt-22.03.0-ath79-generic.manifest
22.03.0,ath79/generic,ucode-mod-fs,2022-08-29-344fa9e6-1,research-os/data/openwrt-v2-snapshots/releases/22.03.0/ath79_generic/openwrt-22.03.0-ath79-generic.manifest
22.03.0,ath79/generic,ucode-mod-ubus,2022-08-29-344fa9e6-1,research-os/data/openwrt-v2-snapshots/releases/22.03.0/ath79_generic/openwrt-22.03.0-ath79-generic.manifest
22.03.0,ath79/generic,ucode-mod-uci,2022-08-29-344fa9e6-1,research-os/data/openwrt-v2-snapshots/releases/22.03.0/ath79_generic/openwrt-22.03.0-ath79-generic.manifest
22.03.0,ath79/generic,uhttpd,2022-08-12-e3395cd9-1,research-os/data/openwrt-v2-snapshots/releases/22.03.0/ath79_generic/openwrt-22.03.0-ath79-generic.manifest
22.03.0,ath79/generic,uhttpd-mod-ubus,2022-08-12-e3395cd9-1,research-os/data/openwrt-v2-snapshots/releases/22.03.0/ath79_generic/openwrt-22.03.0-ath79-generic.manifest
22.03.0,ath79/generic,urandom-seed,3,research-os/data/openwrt-v2-snapshots/releases/22.03.0/ath79_generic/openwrt-22.03.0-ath79-generic.manifest
22.03.0,ath79/generic,urngd,2020-01-21-c7f7b6b6-1,research-os/data/openwrt-v2-snapshots/releases/22.03.0/ath79_generic/openwrt-22.03.0-ath79-generic.manifest
22.03.0,ath79/generic,usign,2020-05-23-f1f65026-1,research-os/data/openwrt-v2-snapshots/releases/22.03.0/ath79_generic/openwrt-22.03.0-ath79-generic.manifest
22.03.0,ath79/generic,wireless-regdb,2022.06.06-1,research-os/data/openwrt-v2-snapshots/releases/22.03.0/ath79_generic/openwrt-22.03.0-ath79-generic.manifest
22.03.0,ath79/generic,wpad-basic-wolfssl,2022-01-16-cff80b4f-11,research-os/data/openwrt-v2-snapshots/releases/22.03.0/ath79_generic/openwrt-22.03.0-ath79-generic.manifest
22.03.0,x86/64,base-files,1490-r19685-512e76967f,research-os/data/openwrt-v2-snapshots/releases/22.03.0/x86_64/openwrt-22.03.0-x86-64.manifest
22.03.0,x86/64,busybox,1.35.0-3,research-os/data/openwrt-v2-snapshots/releases/22.03.0/x86_64/openwrt-22.03.0-x86-64.manifest
22.03.0,x86/64,ca-bundle,20211016-1,research-os/data/openwrt-v2-snapshots/releases/22.03.0/x86_64/openwrt-22.03.0-x86-64.manifest
22.03.0,x86/64,cgi-io,2022-08-10-901b0f04-21,research-os/data/openwrt-v2-snapshots/releases/22.03.0/x86_64/openwrt-22.03.0-x86-64.manifest
22.03.0,x86/64,dnsmasq,2.86-14,research-os/data/openwrt-v2-snapshots/releases/22.03.0/x86_64/openwrt-22.03.0-x86-64.manifest
22.03.0,x86/64,dropbear,2022.82-2,research-os/data/openwrt-v2-snapshots/releases/22.03.0/x86_64/openwrt-22.03.0-x86-64.manifest
22.03.0,x86/64,e2fsprogs,1.46.5-1,research-os/data/openwrt-v2-snapshots/releases/22.03.0/x86_64/openwrt-22.03.0-x86-64.manifest
22.03.0,x86/64,firewall4,2022-09-01-f5fcdcf2-1,research-os/data/openwrt-v2-snapshots/releases/22.03.0/x86_64/openwrt-22.03.0-x86-64.manifest
22.03.0,x86/64,fstools,2022-06-02-93369be0-2,research-os/data/openwrt-v2-snapshots/releases/22.03.0/x86_64/openwrt-22.03.0-x86-64.manifest
22.03.0,x86/64,fwtool,2019-11-12-8f7fe925-1,research-os/data/openwrt-v2-snapshots/releases/22.03.0/x86_64/openwrt-22.03.0-x86-64.manifest
22.03.0,x86/64,getrandom,2021-08-03-205defb5-2,research-os/data/openwrt-v2-snapshots/releases/22.03.0/x86_64/openwrt-22.03.0-x86-64.manifest
22.03.0,x86/64,grub2,2.06-3,research-os/data/openwrt-v2-snapshots/releases/22.03.0/x86_64/openwrt-22.03.0-x86-64.manifest
22.03.0,x86/64,grub2-bios-setup,2.06-3,research-os/data/openwrt-v2-snapshots/releases/22.03.0/x86_64/openwrt-22.03.0-x86-64.manifest
22.03.0,x86/64,grub2-efi,2.06-3,research-os/data/openwrt-v2-snapshots/releases/22.03.0/x86_64/openwrt-22.03.0-x86-64.manifest
22.03.0,x86/64,jansson4,2.13.1-2,research-os/data/openwrt-v2-snapshots/releases/22.03.0/x86_64/openwrt-22.03.0-x86-64.manifest
22.03.0,x86/64,jshn,2022-05-15-d2223ef9-1,research-os/data/openwrt-v2-snapshots/releases/22.03.0/x86_64/openwrt-22.03.0-x86-64.manifest
22.03.0,x86/64,jsonfilter,2018-02-04-c7e938d6-1,research-os/data/openwrt-v2-snapshots/releases/22.03.0/x86_64/openwrt-22.03.0-x86-64.manifest
22.03.0,x86/64,kernel,5.10.138-1-789565457d2f287975d7d943ddbe4eeb,research-os/data/openwrt-v2-snapshots/releases/22.03.0/x86_64/openwrt-22.03.0-x86-64.manifest
22.03.0,x86/64,kmod-button-hotplug,5.10.138-3,research-os/data/openwrt-v2-snapshots/releases/22.03.0/x86_64/openwrt-22.03.0-x86-64.manifest
22.03.0,x86/64,kmod-crypto-crc32c,5.10.138-1,research-os/data/openwrt-v2-snapshots/releases/22.03.0/x86_64/openwrt-22.03.0-x86-64.manifest
22.03.0,x86/64,kmod-crypto-hash,5.10.138-1,research-os/data/openwrt-v2-snapshots/releases/22.03.0/x86_64/openwrt-22.03.0-x86-64.manifest
22.03.0,x86/64,kmod-fs-vfat,5.10.138-1,research-os/data/openwrt-v2-snapshots/releases/22.03.0/x86_64/openwrt-22.03.0-x86-64.manifest
22.03.0,x86/64,kmod-input-core,5.10.138-1,research-os/data/openwrt-v2-snapshots/releases/22.03.0/x86_64/openwrt-22.03.0-x86-64.manifest
22.03.0,x86/64,kmod-lib-crc-ccitt,5.10.138-1,research-os/data/openwrt-v2-snapshots/releases/22.03.0/x86_64/openwrt-22.03.0-x86-64.manifest
22.03.0,x86/64,kmod-lib-crc32c,5.10.138-1,research-os/data/openwrt-v2-snapshots/releases/22.03.0/x86_64/openwrt-22.03.0-x86-64.manifest
22.03.0,x86/64,kmod-nf-conntrack,5.10.138-1,research-os/data/openwrt-v2-snapshots/releases/22.03.0/x86_64/openwrt-22.03.0-x86-64.manifest
22.03.0,x86/64,kmod-nf-conntrack6,5.10.138-1,research-os/data/openwrt-v2-snapshots/releases/22.03.0/x86_64/openwrt-22.03.0-x86-64.manifest
22.03.0,x86/64,kmod-nf-flow,5.10.138-1,research-os/data/openwrt-v2-snapshots/releases/22.03.0/x86_64/openwrt-22.03.0-x86-64.manifest
22.03.0,x86/64,kmod-nf-log,5.10.138-1,research-os/data/openwrt-v2-snapshots/releases/22.03.0/x86_64/openwrt-22.03.0-x86-64.manifest
22.03.0,x86/64,kmod-nf-log6,5.10.138-1,research-os/data/openwrt-v2-snapshots/releases/22.03.0/x86_64/openwrt-22.03.0-x86-64.manifest
22.03.0,x86/64,kmod-nf-nat,5.10.138-1,research-os/data/openwrt-v2-snapshots/releases/22.03.0/x86_64/openwrt-22.03.0-x86-64.manifest
22.03.0,x86/64,kmod-nf-reject,5.10.138-1,research-os/data/openwrt-v2-snapshots/releases/22.03.0/x86_64/openwrt-22.03.0-x86-64.manifest
22.03.0,x86/64,kmod-nf-reject6,5.10.138-1,research-os/data/openwrt-v2-snapshots/releases/22.03.0/x86_64/openwrt-22.03.0-x86-64.manifest
22.03.0,x86/64,kmod-nfnetlink,5.10.138-1,research-os/data/openwrt-v2-snapshots/releases/22.03.0/x86_64/openwrt-22.03.0-x86-64.manifest
22.03.0,x86/64,kmod-nft-core,5.10.138-1,research-os/data/openwrt-v2-snapshots/releases/22.03.0/x86_64/openwrt-22.03.0-x86-64.manifest
22.03.0,x86/64,kmod-nft-fib,5.10.138-1,research-os/data/openwrt-v2-snapshots/releases/22.03.0/x86_64/openwrt-22.03.0-x86-64.manifest
22.03.0,x86/64,kmod-nft-nat,5.10.138-1,research-os/data/openwrt-v2-snapshots/releases/22.03.0/x86_64/openwrt-22.03.0-x86-64.manifest
22.03.0,x86/64,kmod-nft-offload,5.10.138-1,research-os/data/openwrt-v2-snapshots/releases/22.03.0/x86_64/openwrt-22.03.0-x86-64.manifest
22.03.0,x86/64,kmod-nls-base,5.10.138-1,research-os/data/openwrt-v2-snapshots/releases/22.03.0/x86_64/openwrt-22.03.0-x86-64.manifest
22.03.0,x86/64,kmod-nls-cp437,5.10.138-1,research-os/data/openwrt-v2-snapshots/releases/22.03.0/x86_64/openwrt-22.03.0-x86-64.manifest
22.03.0,x86/64,kmod-nls-iso8859-1,5.10.138-1,research-os/data/openwrt-v2-snapshots/releases/22.03.0/x86_64/openwrt-22.03.0-x86-64.manifest
22.03.0,x86/64,kmod-nls-utf8,5.10.138-1,research-os/data/openwrt-v2-snapshots/releases/22.03.0/x86_64/openwrt-22.03.0-x86-64.manifest
22.03.0,x86/64,kmod-ppp,5.10.138-1,research-os/data/openwrt-v2-snapshots/releases/22.03.0/x86_64/openwrt-22.03.0-x86-64.manifest
22.03.0,x86/64,kmod-pppoe,5.10.138-1,research-os/data/openwrt-v2-snapshots/releases/22.03.0/x86_64/openwrt-22.03.0-x86-64.manifest
22.03.0,x86/64,kmod-pppox,5.10.138-1,research-os/data/openwrt-v2-snapshots/releases/22.03.0/x86_64/openwrt-22.03.0-x86-64.manifest
22.03.0,x86/64,kmod-slhc,5.10.138-1,research-os/data/openwrt-v2-snapshots/releases/22.03.0/x86_64/openwrt-22.03.0-x86-64.manifest
22.03.0,x86/64,libblkid1,2.37.3-3,research-os/data/openwrt-v2-snapshots/releases/22.03.0/x86_64/openwrt-22.03.0-x86-64.manifest
22.03.0,x86/64,libblobmsg-json20220515,2022-05-15-d2223ef9-1,research-os/data/openwrt-v2-snapshots/releases/22.03.0/x86_64/openwrt-22.03.0-x86-64.manifest
22.03.0,x86/64,libc,1.2.3-4,research-os/data/openwrt-v2-snapshots/releases/22.03.0/x86_64/openwrt-22.03.0-x86-64.manifest
22.03.0,x86/64,libcomerr0,1.46.5-1,research-os/data/openwrt-v2-snapshots/releases/22.03.0/x86_64/openwrt-22.03.0-x86-64.manifest
22.03.0,x86/64,libext2fs2,1.46.5-1,research-os/data/openwrt-v2-snapshots/releases/22.03.0/x86_64/openwrt-22.03.0-x86-64.manifest
22.03.0,x86/64,libf2fs6,1.14.0-3,research-os/data/openwrt-v2-snapshots/releases/22.03.0/x86_64/openwrt-22.03.0-x86-64.manifest
22.03.0,x86/64,libgcc1,11.2.0-4,research-os/data/openwrt-v2-snapshots/releases/22.03.0/x86_64/openwrt-22.03.0-x86-64.manifest
22.03.0,x86/64,libiwinfo-data,2022-08-19-0dad3e66-1,research-os/data/openwrt-v2-snapshots/releases/22.03.0/x86_64/openwrt-22.03.0-x86-64.manifest
22.03.0,x86/64,libiwinfo-lua,2022-08-19-0dad3e66-1,research-os/data/openwrt-v2-snapshots/releases/22.03.0/x86_64/openwrt-22.03.0-x86-64.manifest
22.03.0,x86/64,libiwinfo20210430,2022-08-19-0dad3e66-1,research-os/data/openwrt-v2-snapshots/releases/22.03.0/x86_64/openwrt-22.03.0-x86-64.manifest
22.03.0,x86/64,libjson-c5,0.15-2,research-os/data/openwrt-v2-snapshots/releases/22.03.0/x86_64/openwrt-22.03.0-x86-64.manifest
22.03.0,x86/64,libjson-script20220515,2022-05-15-d2223ef9-1,research-os/data/openwrt-v2-snapshots/releases/22.03.0/x86_64/openwrt-22.03.0-x86-64.manifest
22.03.0,x86/64,liblua5.1.5,5.1.5-10,research-os/data/openwrt-v2-snapshots/releases/22.03.0/x86_64/openwrt-22.03.0-x86-64.manifest
22.03.0,x86/64,liblucihttp-lua,2022-07-08-6e68a106-1,research-os/data/openwrt-v2-snapshots/releases/22.03.0/x86_64/openwrt-22.03.0-x86-64.manifest
22.03.0,x86/64,liblucihttp0,2022-07-08-6e68a106-1,research-os/data/openwrt-v2-snapshots/releases/22.03.0/x86_64/openwrt-22.03.0-x86-64.manifest
22.03.0,x86/64,libmnl0,1.0.5-1,research-os/data/openwrt-v2-snapshots/releases/22.03.0/x86_64/openwrt-22.03.0-x86-64.manifest
22.03.0,x86/64,libnftnl11,1.2.1-1,research-os/data/openwrt-v2-snapshots/releases/22.03.0/x86_64/openwrt-22.03.0-x86-64.manifest
22.03.0,x86/64,libnl-tiny1,2021-11-21-8e0555fb-1,research-os/data/openwrt-v2-snapshots/releases/22.03.0/x86_64/openwrt-22.03.0-x86-64.manifest
22.03.0,x86/64,libpthread,1.2.3-4,research-os/data/openwrt-v2-snapshots/releases/22.03.0/x86_64/openwrt-22.03.0-x86-64.manifest
22.03.0,x86/64,librt,1.2.3-4,research-os/data/openwrt-v2-snapshots/releases/22.03.0/x86_64/openwrt-22.03.0-x86-64.manifest
22.03.0,x86/64,libsmartcols1,2.37.3-3,research-os/data/openwrt-v2-snapshots/releases/22.03.0/x86_64/openwrt-22.03.0-x86-64.manifest
22.03.0,x86/64,libss2,1.46.5-1,research-os/data/openwrt-v2-snapshots/releases/22.03.0/x86_64/openwrt-22.03.0-x86-64.manifest
22.03.0,x86/64,libubox20220515,2022-05-15-d2223ef9-1,research-os/data/openwrt-v2-snapshots/releases/22.03.0/x86_64/openwrt-22.03.0-x86-64.manifest
22.03.0,x86/64,libubus-lua,2022-06-01-2bebf93c-1,research-os/data/openwrt-v2-snapshots/releases/22.03.0/x86_64/openwrt-22.03.0-x86-64.manifest
22.03.0,x86/64,libubus20220601,2022-06-01-2bebf93c-1,research-os/data/openwrt-v2-snapshots/releases/22.03.0/x86_64/openwrt-22.03.0-x86-64.manifest
22.03.0,x86/64,libuci20130104,2021-10-22-f84f49f0-6,research-os/data/openwrt-v2-snapshots/releases/22.03.0/x86_64/openwrt-22.03.0-x86-64.manifest
22.03.0,x86/64,libuclient20201210,2021-05-14-6a6011df-1,research-os/data/openwrt-v2-snapshots/releases/22.03.0/x86_64/openwrt-22.03.0-x86-64.manifest
22.03.0,x86/64,libucode20220812,2022-08-29-344fa9e6-1,research-os/data/openwrt-v2-snapshots/releases/22.03.0/x86_64/openwrt-22.03.0-x86-64.manifest
22.03.0,x86/64,libustream-wolfssl20201210,2022-01-16-868fd881-1,research-os/data/openwrt-v2-snapshots/releases/22.03.0/x86_64/openwrt-22.03.0-x86-64.manifest
22.03.0,x86/64,libuuid1,2.37.3-3,research-os/data/openwrt-v2-snapshots/releases/22.03.0/x86_64/openwrt-22.03.0-x86-64.manifest
22.03.0,x86/64,libwolfssl5.4.0.ee39414e,5.4.0-stable-5,research-os/data/openwrt-v2-snapshots/releases/22.03.0/x86_64/openwrt-22.03.0-x86-64.manifest
22.03.0,x86/64,logd,2021-08-03-205defb5-2,research-os/data/openwrt-v2-snapshots/releases/22.03.0/x86_64/openwrt-22.03.0-x86-64.manifest
22.03.0,x86/64,lua,5.1.5-10,research-os/data/openwrt-v2-snapshots/releases/22.03.0/x86_64/openwrt-22.03.0-x86-64.manifest
22.03.0,x86/64,luci,git-20.074.84698-ead5e81,research-os/data/openwrt-v2-snapshots/releases/22.03.0/x86_64/openwrt-22.03.0-x86-64.manifest
22.03.0,x86/64,luci-app-firewall,git-22.089.67563-7e3c1b4,research-os/data/openwrt-v2-snapshots/releases/22.03.0/x86_64/openwrt-22.03.0-x86-64.manifest
22.03.0,x86/64,luci-app-opkg,git-22.154.41881-28e92e3,research-os/data/openwrt-v2-snapshots/releases/22.03.0/x86_64/openwrt-22.03.0-x86-64.manifest
22.03.0,x86/64,luci-base,git-22.245.77528-487e58a,research-os/data/openwrt-v2-snapshots/releases/22.03.0/x86_64/openwrt-22.03.0-x86-64.manifest
22.03.0,x86/64,luci-lib-base,git-20.232.39649-1f6dc29,research-os/data/openwrt-v2-snapshots/releases/22.03.0/x86_64/openwrt-22.03.0-x86-64.manifest
22.03.0,x86/64,luci-lib-ip,git-20.250.76529-62505bd,research-os/data/openwrt-v2-snapshots/releases/22.03.0/x86_64/openwrt-22.03.0-x86-64.manifest
22.03.0,x86/64,luci-lib-jsonc,git-22.097.61921-7513345,research-os/data/openwrt-v2-snapshots/releases/22.03.0/x86_64/openwrt-22.03.0-x86-64.manifest
22.03.0,x86/64,luci-lib-nixio,git-20.234.06894-c4a4e43,research-os/data/openwrt-v2-snapshots/releases/22.03.0/x86_64/openwrt-22.03.0-x86-64.manifest
22.03.0,x86/64,luci-mod-admin-full,git-19.253.48496-3f93650,research-os/data/openwrt-v2-snapshots/releases/22.03.0/x86_64/openwrt-22.03.0-x86-64.manifest
22.03.0,x86/64,luci-mod-network,git-22.244.54818-b13d8c7,research-os/data/openwrt-v2-snapshots/releases/22.03.0/x86_64/openwrt-22.03.0-x86-64.manifest
22.03.0,x86/64,luci-mod-status,git-22.189.48501-6731190,research-os/data/openwrt-v2-snapshots/releases/22.03.0/x86_64/openwrt-22.03.0-x86-64.manifest
22.03.0,x86/64,luci-mod-system,git-22.140.66206-02913be,research-os/data/openwrt-v2-snapshots/releases/22.03.0/x86_64/openwrt-22.03.0-x86-64.manifest
22.03.0,x86/64,luci-proto-ipv6,git-21.148.48881-79947af,research-os/data/openwrt-v2-snapshots/releases/22.03.0/x86_64/openwrt-22.03.0-x86-64.manifest
22.03.0,x86/64,luci-proto-ppp,git-21.158.38888-88b9d84,research-os/data/openwrt-v2-snapshots/releases/22.03.0/x86_64/openwrt-22.03.0-x86-64.manifest
22.03.0,x86/64,luci-ssl,git-20.244.36115-e10f954,research-os/data/openwrt-v2-snapshots/releases/22.03.0/x86_64/openwrt-22.03.0-x86-64.manifest
22.03.0,x86/64,luci-theme-bootstrap,git-22.141.59265-d8ecf48,research-os/data/openwrt-v2-snapshots/releases/22.03.0/x86_64/openwrt-22.03.0-x86-64.manifest
22.03.0,x86/64,mkf2fs,1.14.0-3,research-os/data/openwrt-v2-snapshots/releases/22.03.0/x86_64/openwrt-22.03.0-x86-64.manifest
22.03.0,x86/64,mtd,26,research-os/data/openwrt-v2-snapshots/releases/22.03.0/x86_64/openwrt-22.03.0-x86-64.manifest
22.03.0,x86/64,netifd,2022-08-25-76d2d41b-1,research-os/data/openwrt-v2-snapshots/releases/22.03.0/x86_64/openwrt-22.03.0-x86-64.manifest
22.03.0,x86/64,nftables-json,1.0.2-2.1,research-os/data/openwrt-v2-snapshots/releases/22.03.0/x86_64/openwrt-22.03.0-x86-64.manifest
22.03.0,x86/64,odhcp6c,2022-08-05-7d21e8d8-18,research-os/data/openwrt-v2-snapshots/releases/22.03.0/x86_64/openwrt-22.03.0-x86-64.manifest
22.03.0,x86/64,odhcpd-ipv6only,2022-03-22-860ca900-1,research-os/data/openwrt-v2-snapshots/releases/22.03.0/x86_64/openwrt-22.03.0-x86-64.manifest
22.03.0,x86/64,openwrt-keyring,2022-03-25-62471e69-3,research-os/data/openwrt-v2-snapshots/releases/22.03.0/x86_64/openwrt-22.03.0-x86-64.manifest
22.03.0,x86/64,opkg,2022-02-24-d038e5b6-1,research-os/data/openwrt-v2-snapshots/releases/22.03.0/x86_64/openwrt-22.03.0-x86-64.manifest
22.03.0,x86/64,partx-utils,2.37.3-3,research-os/data/openwrt-v2-snapshots/releases/22.03.0/x86_64/openwrt-22.03.0-x86-64.manifest
22.03.0,x86/64,ppp,2.4.9.git-2021-01-04-3,research-os/data/openwrt-v2-snapshots/releases/22.03.0/x86_64/openwrt-22.03.0-x86-64.manifest
22.03.0,x86/64,ppp-mod-pppoe,2.4.9.git-2021-01-04-3,research-os/data/openwrt-v2-snapshots/releases/22.03.0/x86_64/openwrt-22.03.0-x86-64.manifest
22.03.0,x86/64,procd,2022-06-01-7a009685-1,research-os/data/openwrt-v2-snapshots/releases/22.03.0/x86_64/openwrt-22.03.0-x86-64.manifest
22.03.0,x86/64,procd-seccomp,2022-06-01-7a009685-1,research-os/data/openwrt-v2-snapshots/releases/22.03.0/x86_64/openwrt-22.03.0-x86-64.manifest
22.03.0,x86/64,procd-ujail,2022-06-01-7a009685-1,research-os/data/openwrt-v2-snapshots/releases/22.03.0/x86_64/openwrt-22.03.0-x86-64.manifest
22.03.0,x86/64,px5g-wolfssl,4,research-os/data/openwrt-v2-snapshots/releases/22.03.0/x86_64/openwrt-22.03.0-x86-64.manifest
22.03.0,x86/64,rpcd,2022-08-24-82904bd4-1,research-os/data/openwrt-v2-snapshots/releases/22.03.0/x86_64/openwrt-22.03.0-x86-64.manifest
22.03.0,x86/64,rpcd-mod-file,2022-08-24-82904bd4-1,research-os/data/openwrt-v2-snapshots/releases/22.03.0/x86_64/openwrt-22.03.0-x86-64.manifest
22.03.0,x86/64,rpcd-mod-iwinfo,2022-08-24-82904bd4-1,research-os/data/openwrt-v2-snapshots/releases/22.03.0/x86_64/openwrt-22.03.0-x86-64.manifest
22.03.0,x86/64,rpcd-mod-luci,20210614,research-os/data/openwrt-v2-snapshots/releases/22.03.0/x86_64/openwrt-22.03.0-x86-64.manifest
22.03.0,x86/64,rpcd-mod-rrdns,20170710,research-os/data/openwrt-v2-snapshots/releases/22.03.0/x86_64/openwrt-22.03.0-x86-64.manifest
22.03.0,x86/64,ubox,2021-08-03-205defb5-2,research-os/data/openwrt-v2-snapshots/releases/22.03.0/x86_64/openwrt-22.03.0-x86-64.manifest
22.03.0,x86/64,ubus,2022-06-01-2bebf93c-1,research-os/data/openwrt-v2-snapshots/releases/22.03.0/x86_64/openwrt-22.03.0-x86-64.manifest
22.03.0,x86/64,ubusd,2022-06-01-2bebf93c-1,research-os/data/openwrt-v2-snapshots/releases/22.03.0/x86_64/openwrt-22.03.0-x86-64.manifest
22.03.0,x86/64,uci,2021-10-22-f84f49f0-6,research-os/data/openwrt-v2-snapshots/releases/22.03.0/x86_64/openwrt-22.03.0-x86-64.manifest
22.03.0,x86/64,uclient-fetch,2021-05-14-6a6011df-1,research-os/data/openwrt-v2-snapshots/releases/22.03.0/x86_64/openwrt-22.03.0-x86-64.manifest
22.03.0,x86/64,ucode,2022-08-29-344fa9e6-1,research-os/data/openwrt-v2-snapshots/releases/22.03.0/x86_64/openwrt-22.03.0-x86-64.manifest
22.03.0,x86/64,ucode-mod-fs,2022-08-29-344fa9e6-1,research-os/data/openwrt-v2-snapshots/releases/22.03.0/x86_64/openwrt-22.03.0-x86-64.manifest
22.03.0,x86/64,ucode-mod-ubus,2022-08-29-344fa9e6-1,research-os/data/openwrt-v2-snapshots/releases/22.03.0/x86_64/openwrt-22.03.0-x86-64.manifest
22.03.0,x86/64,ucode-mod-uci,2022-08-29-344fa9e6-1,research-os/data/openwrt-v2-snapshots/releases/22.03.0/x86_64/openwrt-22.03.0-x86-64.manifest
22.03.0,x86/64,uhttpd,2022-08-12-e3395cd9-1,research-os/data/openwrt-v2-snapshots/releases/22.03.0/x86_64/openwrt-22.03.0-x86-64.manifest
22.03.0,x86/64,uhttpd-mod-ubus,2022-08-12-e3395cd9-1,research-os/data/openwrt-v2-snapshots/releases/22.03.0/x86_64/openwrt-22.03.0-x86-64.manifest
22.03.0,x86/64,urandom-seed,3,research-os/data/openwrt-v2-snapshots/releases/22.03.0/x86_64/openwrt-22.03.0-x86-64.manifest
22.03.0,x86/64,urngd,2020-01-21-c7f7b6b6-1,research-os/data/openwrt-v2-snapshots/releases/22.03.0/x86_64/openwrt-22.03.0-x86-64.manifest
22.03.0,x86/64,usign,2020-05-23-f1f65026-1,research-os/data/openwrt-v2-snapshots/releases/22.03.0/x86_64/openwrt-22.03.0-x86-64.manifest
22.03.1,ath79/generic,base-files,1492-r19777-2853b6d652,research-os/data/openwrt-v2-snapshots/releases/22.03.1/ath79_generic/openwrt-22.03.1-ath79-generic.manifest
22.03.1,ath79/generic,busybox,1.35.0-3,research-os/data/openwrt-v2-snapshots/releases/22.03.1/ath79_generic/openwrt-22.03.1-ath79-generic.manifest
22.03.1,ath79/generic,ca-bundle,20211016-1,research-os/data/openwrt-v2-snapshots/releases/22.03.1/ath79_generic/openwrt-22.03.1-ath79-generic.manifest
22.03.1,ath79/generic,cgi-io,2022-08-10-901b0f04-21,research-os/data/openwrt-v2-snapshots/releases/22.03.1/ath79_generic/openwrt-22.03.1-ath79-generic.manifest
22.03.1,ath79/generic,dnsmasq,2.86-14,research-os/data/openwrt-v2-snapshots/releases/22.03.1/ath79_generic/openwrt-22.03.1-ath79-generic.manifest
22.03.1,ath79/generic,dropbear,2022.82-2,research-os/data/openwrt-v2-snapshots/releases/22.03.1/ath79_generic/openwrt-22.03.1-ath79-generic.manifest
22.03.1,ath79/generic,firewall4,2022-09-01-f5fcdcf2-1,research-os/data/openwrt-v2-snapshots/releases/22.03.1/ath79_generic/openwrt-22.03.1-ath79-generic.manifest
22.03.1,ath79/generic,fstools,2022-06-02-93369be0-2,research-os/data/openwrt-v2-snapshots/releases/22.03.1/ath79_generic/openwrt-22.03.1-ath79-generic.manifest
22.03.1,ath79/generic,fwtool,2019-11-12-8f7fe925-1,research-os/data/openwrt-v2-snapshots/releases/22.03.1/ath79_generic/openwrt-22.03.1-ath79-generic.manifest
22.03.1,ath79/generic,getrandom,2021-08-03-205defb5-2,research-os/data/openwrt-v2-snapshots/releases/22.03.1/ath79_generic/openwrt-22.03.1-ath79-generic.manifest
22.03.1,ath79/generic,hostapd-common,2022-01-16-cff80b4f-13.1,research-os/data/openwrt-v2-snapshots/releases/22.03.1/ath79_generic/openwrt-22.03.1-ath79-generic.manifest
22.03.1,ath79/generic,iw,5.16-1,research-os/data/openwrt-v2-snapshots/releases/22.03.1/ath79_generic/openwrt-22.03.1-ath79-generic.manifest
22.03.1,ath79/generic,iwinfo,2022-08-19-0dad3e66-1,research-os/data/openwrt-v2-snapshots/releases/22.03.1/ath79_generic/openwrt-22.03.1-ath79-generic.manifest
22.03.1,ath79/generic,jansson4,2.13.1-2,research-os/data/openwrt-v2-snapshots/releases/22.03.1/ath79_generic/openwrt-22.03.1-ath79-generic.manifest
22.03.1,ath79/generic,jshn,2022-05-15-d2223ef9-1,research-os/data/openwrt-v2-snapshots/releases/22.03.1/ath79_generic/openwrt-22.03.1-ath79-generic.manifest
22.03.1,ath79/generic,jsonfilter,2018-02-04-c7e938d6-1,research-os/data/openwrt-v2-snapshots/releases/22.03.1/ath79_generic/openwrt-22.03.1-ath79-generic.manifest
22.03.1,ath79/generic,kernel,5.10.146-1-72e39b50629eaf33fc9600ab703ee2ab,research-os/data/openwrt-v2-snapshots/releases/22.03.1/ath79_generic/openwrt-22.03.1-ath79-generic.manifest
22.03.1,ath79/generic,kmod-ath,5.10.146+5.15.58-1-1,research-os/data/openwrt-v2-snapshots/releases/22.03.1/ath79_generic/openwrt-22.03.1-ath79-generic.manifest
22.03.1,ath79/generic,kmod-ath9k,5.10.146+5.15.58-1-1,research-os/data/openwrt-v2-snapshots/releases/22.03.1/ath79_generic/openwrt-22.03.1-ath79-generic.manifest
22.03.1,ath79/generic,kmod-ath9k-common,5.10.146+5.15.58-1-1,research-os/data/openwrt-v2-snapshots/releases/22.03.1/ath79_generic/openwrt-22.03.1-ath79-generic.manifest
22.03.1,ath79/generic,kmod-cfg80211,5.10.146+5.15.58-1-1,research-os/data/openwrt-v2-snapshots/releases/22.03.1/ath79_generic/openwrt-22.03.1-ath79-generic.manifest
22.03.1,ath79/generic,kmod-crypto-aead,5.10.146-1,research-os/data/openwrt-v2-snapshots/releases/22.03.1/ath79_generic/openwrt-22.03.1-ath79-generic.manifest
22.03.1,ath79/generic,kmod-crypto-ccm,5.10.146-1,research-os/data/openwrt-v2-snapshots/releases/22.03.1/ath79_generic/openwrt-22.03.1-ath79-generic.manifest
22.03.1,ath79/generic,kmod-crypto-cmac,5.10.146-1,research-os/data/openwrt-v2-snapshots/releases/22.03.1/ath79_generic/openwrt-22.03.1-ath79-generic.manifest
22.03.1,ath79/generic,kmod-crypto-crc32c,5.10.146-1,research-os/data/openwrt-v2-snapshots/releases/22.03.1/ath79_generic/openwrt-22.03.1-ath79-generic.manifest
22.03.1,ath79/generic,kmod-crypto-ctr,5.10.146-1,research-os/data/openwrt-v2-snapshots/releases/22.03.1/ath79_generic/openwrt-22.03.1-ath79-generic.manifest
22.03.1,ath79/generic,kmod-crypto-gcm,5.10.146-1,research-os/data/openwrt-v2-snapshots/releases/22.03.1/ath79_generic/openwrt-22.03.1-ath79-generic.manifest
22.03.1,ath79/generic,kmod-crypto-gf128,5.10.146-1,research-os/data/openwrt-v2-snapshots/releases/22.03.1/ath79_generic/openwrt-22.03.1-ath79-generic.manifest
22.03.1,ath79/generic,kmod-crypto-ghash,5.10.146-1,research-os/data/openwrt-v2-snapshots/releases/22.03.1/ath79_generic/openwrt-22.03.1-ath79-generic.manifest
22.03.1,ath79/generic,kmod-crypto-hash,5.10.146-1,research-os/data/openwrt-v2-snapshots/releases/22.03.1/ath79_generic/openwrt-22.03.1-ath79-generic.manifest
22.03.1,ath79/generic,kmod-crypto-hmac,5.10.146-1,research-os/data/openwrt-v2-snapshots/releases/22.03.1/ath79_generic/openwrt-22.03.1-ath79-generic.manifest
22.03.1,ath79/generic,kmod-crypto-manager,5.10.146-1,research-os/data/openwrt-v2-snapshots/releases/22.03.1/ath79_generic/openwrt-22.03.1-ath79-generic.manifest
22.03.1,ath79/generic,kmod-crypto-null,5.10.146-1,research-os/data/openwrt-v2-snapshots/releases/22.03.1/ath79_generic/openwrt-22.03.1-ath79-generic.manifest
22.03.1,ath79/generic,kmod-crypto-rng,5.10.146-1,research-os/data/openwrt-v2-snapshots/releases/22.03.1/ath79_generic/openwrt-22.03.1-ath79-generic.manifest
22.03.1,ath79/generic,kmod-crypto-seqiv,5.10.146-1,research-os/data/openwrt-v2-snapshots/releases/22.03.1/ath79_generic/openwrt-22.03.1-ath79-generic.manifest
22.03.1,ath79/generic,kmod-crypto-sha256,5.10.146-1,research-os/data/openwrt-v2-snapshots/releases/22.03.1/ath79_generic/openwrt-22.03.1-ath79-generic.manifest
22.03.1,ath79/generic,kmod-gpio-button-hotplug,5.10.146-3,research-os/data/openwrt-v2-snapshots/releases/22.03.1/ath79_generic/openwrt-22.03.1-ath79-generic.manifest
22.03.1,ath79/generic,kmod-lib-crc-ccitt,5.10.146-1,research-os/data/openwrt-v2-snapshots/releases/22.03.1/ath79_generic/openwrt-22.03.1-ath79-generic.manifest
22.03.1,ath79/generic,kmod-lib-crc32c,5.10.146-1,research-os/data/openwrt-v2-snapshots/releases/22.03.1/ath79_generic/openwrt-22.03.1-ath79-generic.manifest
22.03.1,ath79/generic,kmod-mac80211,5.10.146+5.15.58-1-1,research-os/data/openwrt-v2-snapshots/releases/22.03.1/ath79_generic/openwrt-22.03.1-ath79-generic.manifest
22.03.1,ath79/generic,kmod-nf-conntrack,5.10.146-1,research-os/data/openwrt-v2-snapshots/releases/22.03.1/ath79_generic/openwrt-22.03.1-ath79-generic.manifest
22.03.1,ath79/generic,kmod-nf-conntrack6,5.10.146-1,research-os/data/openwrt-v2-snapshots/releases/22.03.1/ath79_generic/openwrt-22.03.1-ath79-generic.manifest
22.03.1,ath79/generic,kmod-nf-flow,5.10.146-1,research-os/data/openwrt-v2-snapshots/releases/22.03.1/ath79_generic/openwrt-22.03.1-ath79-generic.manifest
22.03.1,ath79/generic,kmod-nf-log,5.10.146-1,research-os/data/openwrt-v2-snapshots/releases/22.03.1/ath79_generic/openwrt-22.03.1-ath79-generic.manifest
22.03.1,ath79/generic,kmod-nf-log6,5.10.146-1,research-os/data/openwrt-v2-snapshots/releases/22.03.1/ath79_generic/openwrt-22.03.1-ath79-generic.manifest
22.03.1,ath79/generic,kmod-nf-nat,5.10.146-1,research-os/data/openwrt-v2-snapshots/releases/22.03.1/ath79_generic/openwrt-22.03.1-ath79-generic.manifest
22.03.1,ath79/generic,kmod-nf-reject,5.10.146-1,research-os/data/openwrt-v2-snapshots/releases/22.03.1/ath79_generic/openwrt-22.03.1-ath79-generic.manifest
22.03.1,ath79/generic,kmod-nf-reject6,5.10.146-1,research-os/data/openwrt-v2-snapshots/releases/22.03.1/ath79_generic/openwrt-22.03.1-ath79-generic.manifest
22.03.1,ath79/generic,kmod-nfnetlink,5.10.146-1,research-os/data/openwrt-v2-snapshots/releases/22.03.1/ath79_generic/openwrt-22.03.1-ath79-generic.manifest
22.03.1,ath79/generic,kmod-nft-core,5.10.146-1,research-os/data/openwrt-v2-snapshots/releases/22.03.1/ath79_generic/openwrt-22.03.1-ath79-generic.manifest
22.03.1,ath79/generic,kmod-nft-fib,5.10.146-1,research-os/data/openwrt-v2-snapshots/releases/22.03.1/ath79_generic/openwrt-22.03.1-ath79-generic.manifest
22.03.1,ath79/generic,kmod-nft-nat,5.10.146-1,research-os/data/openwrt-v2-snapshots/releases/22.03.1/ath79_generic/openwrt-22.03.1-ath79-generic.manifest
22.03.1,ath79/generic,kmod-nft-offload,5.10.146-1,research-os/data/openwrt-v2-snapshots/releases/22.03.1/ath79_generic/openwrt-22.03.1-ath79-generic.manifest
22.03.1,ath79/generic,kmod-ppp,5.10.146-1,research-os/data/openwrt-v2-snapshots/releases/22.03.1/ath79_generic/openwrt-22.03.1-ath79-generic.manifest
22.03.1,ath79/generic,kmod-pppoe,5.10.146-1,research-os/data/openwrt-v2-snapshots/releases/22.03.1/ath79_generic/openwrt-22.03.1-ath79-generic.manifest
22.03.1,ath79/generic,kmod-pppox,5.10.146-1,research-os/data/openwrt-v2-snapshots/releases/22.03.1/ath79_generic/openwrt-22.03.1-ath79-generic.manifest
22.03.1,ath79/generic,kmod-slhc,5.10.146-1,research-os/data/openwrt-v2-snapshots/releases/22.03.1/ath79_generic/openwrt-22.03.1-ath79-generic.manifest
22.03.1,ath79/generic,libblobmsg-json20220515,2022-05-15-d2223ef9-1,research-os/data/openwrt-v2-snapshots/releases/22.03.1/ath79_generic/openwrt-22.03.1-ath79-generic.manifest
22.03.1,ath79/generic,libc,1.2.3-4,research-os/data/openwrt-v2-snapshots/releases/22.03.1/ath79_generic/openwrt-22.03.1-ath79-generic.manifest
22.03.1,ath79/generic,libgcc1,11.2.0-4,research-os/data/openwrt-v2-snapshots/releases/22.03.1/ath79_generic/openwrt-22.03.1-ath79-generic.manifest
22.03.1,ath79/generic,libiwinfo-data,2022-08-19-0dad3e66-1,research-os/data/openwrt-v2-snapshots/releases/22.03.1/ath79_generic/openwrt-22.03.1-ath79-generic.manifest
22.03.1,ath79/generic,libiwinfo-lua,2022-08-19-0dad3e66-1,research-os/data/openwrt-v2-snapshots/releases/22.03.1/ath79_generic/openwrt-22.03.1-ath79-generic.manifest
22.03.1,ath79/generic,libiwinfo20210430,2022-08-19-0dad3e66-1,research-os/data/openwrt-v2-snapshots/releases/22.03.1/ath79_generic/openwrt-22.03.1-ath79-generic.manifest
22.03.1,ath79/generic,libjson-c5,0.15-2,research-os/data/openwrt-v2-snapshots/releases/22.03.1/ath79_generic/openwrt-22.03.1-ath79-generic.manifest
22.03.1,ath79/generic,libjson-script20220515,2022-05-15-d2223ef9-1,research-os/data/openwrt-v2-snapshots/releases/22.03.1/ath79_generic/openwrt-22.03.1-ath79-generic.manifest
22.03.1,ath79/generic,liblua5.1.5,5.1.5-10,research-os/data/openwrt-v2-snapshots/releases/22.03.1/ath79_generic/openwrt-22.03.1-ath79-generic.manifest
22.03.1,ath79/generic,liblucihttp-lua,2022-07-08-6e68a106-1,research-os/data/openwrt-v2-snapshots/releases/22.03.1/ath79_generic/openwrt-22.03.1-ath79-generic.manifest
22.03.1,ath79/generic,liblucihttp0,2022-07-08-6e68a106-1,research-os/data/openwrt-v2-snapshots/releases/22.03.1/ath79_generic/openwrt-22.03.1-ath79-generic.manifest
22.03.1,ath79/generic,libmnl0,1.0.5-1,research-os/data/openwrt-v2-snapshots/releases/22.03.1/ath79_generic/openwrt-22.03.1-ath79-generic.manifest
22.03.1,ath79/generic,libnftnl11,1.2.1-1,research-os/data/openwrt-v2-snapshots/releases/22.03.1/ath79_generic/openwrt-22.03.1-ath79-generic.manifest
22.03.1,ath79/generic,libnl-tiny1,2021-11-21-8e0555fb-1,research-os/data/openwrt-v2-snapshots/releases/22.03.1/ath79_generic/openwrt-22.03.1-ath79-generic.manifest
22.03.1,ath79/generic,libpthread,1.2.3-4,research-os/data/openwrt-v2-snapshots/releases/22.03.1/ath79_generic/openwrt-22.03.1-ath79-generic.manifest
22.03.1,ath79/generic,libubox20220515,2022-05-15-d2223ef9-1,research-os/data/openwrt-v2-snapshots/releases/22.03.1/ath79_generic/openwrt-22.03.1-ath79-generic.manifest
22.03.1,ath79/generic,libubus-lua,2022-06-01-2bebf93c-1,research-os/data/openwrt-v2-snapshots/releases/22.03.1/ath79_generic/openwrt-22.03.1-ath79-generic.manifest
22.03.1,ath79/generic,libubus20220601,2022-06-01-2bebf93c-1,research-os/data/openwrt-v2-snapshots/releases/22.03.1/ath79_generic/openwrt-22.03.1-ath79-generic.manifest
22.03.1,ath79/generic,libuci20130104,2021-10-22-f84f49f0-6,research-os/data/openwrt-v2-snapshots/releases/22.03.1/ath79_generic/openwrt-22.03.1-ath79-generic.manifest
22.03.1,ath79/generic,libuclient20201210,2021-05-14-6a6011df-1,research-os/data/openwrt-v2-snapshots/releases/22.03.1/ath79_generic/openwrt-22.03.1-ath79-generic.manifest
22.03.1,ath79/generic,libucode20220812,2022-08-29-344fa9e6-1,research-os/data/openwrt-v2-snapshots/releases/22.03.1/ath79_generic/openwrt-22.03.1-ath79-generic.manifest
22.03.1,ath79/generic,libustream-wolfssl20201210,2022-01-16-868fd881-2,research-os/data/openwrt-v2-snapshots/releases/22.03.1/ath79_generic/openwrt-22.03.1-ath79-generic.manifest
22.03.1,ath79/generic,libwolfssl5.5.1.ee39414e,5.5.1-stable-3,research-os/data/openwrt-v2-snapshots/releases/22.03.1/ath79_generic/openwrt-22.03.1-ath79-generic.manifest
22.03.1,ath79/generic,logd,2021-08-03-205defb5-2,research-os/data/openwrt-v2-snapshots/releases/22.03.1/ath79_generic/openwrt-22.03.1-ath79-generic.manifest
22.03.1,ath79/generic,lua,5.1.5-10,research-os/data/openwrt-v2-snapshots/releases/22.03.1/ath79_generic/openwrt-22.03.1-ath79-generic.manifest
22.03.1,ath79/generic,luci,git-20.074.84698-ead5e81,research-os/data/openwrt-v2-snapshots/releases/22.03.1/ath79_generic/openwrt-22.03.1-ath79-generic.manifest
22.03.1,ath79/generic,luci-app-firewall,git-22.089.67563-7e3c1b4,research-os/data/openwrt-v2-snapshots/releases/22.03.1/ath79_generic/openwrt-22.03.1-ath79-generic.manifest
22.03.1,ath79/generic,luci-app-opkg,git-22.273.29004-9f6876b,research-os/data/openwrt-v2-snapshots/releases/22.03.1/ath79_generic/openwrt-22.03.1-ath79-generic.manifest
22.03.1,ath79/generic,luci-base,git-22.245.77528-487e58a,research-os/data/openwrt-v2-snapshots/releases/22.03.1/ath79_generic/openwrt-22.03.1-ath79-generic.manifest
22.03.1,ath79/generic,luci-lib-base,git-20.232.39649-1f6dc29,research-os/data/openwrt-v2-snapshots/releases/22.03.1/ath79_generic/openwrt-22.03.1-ath79-generic.manifest
22.03.1,ath79/generic,luci-lib-ip,git-20.250.76529-62505bd,research-os/data/openwrt-v2-snapshots/releases/22.03.1/ath79_generic/openwrt-22.03.1-ath79-generic.manifest
22.03.1,ath79/generic,luci-lib-jsonc,git-22.097.61921-7513345,research-os/data/openwrt-v2-snapshots/releases/22.03.1/ath79_generic/openwrt-22.03.1-ath79-generic.manifest
22.03.1,ath79/generic,luci-lib-nixio,git-20.234.06894-c4a4e43,research-os/data/openwrt-v2-snapshots/releases/22.03.1/ath79_generic/openwrt-22.03.1-ath79-generic.manifest
22.03.1,ath79/generic,luci-mod-admin-full,git-19.253.48496-3f93650,research-os/data/openwrt-v2-snapshots/releases/22.03.1/ath79_generic/openwrt-22.03.1-ath79-generic.manifest
22.03.1,ath79/generic,luci-mod-network,git-22.244.54818-b13d8c7,research-os/data/openwrt-v2-snapshots/releases/22.03.1/ath79_generic/openwrt-22.03.1-ath79-generic.manifest
22.03.1,ath79/generic,luci-mod-status,git-22.189.48501-6731190,research-os/data/openwrt-v2-snapshots/releases/22.03.1/ath79_generic/openwrt-22.03.1-ath79-generic.manifest
22.03.1,ath79/generic,luci-mod-system,git-22.264.46172-b6b7da4,research-os/data/openwrt-v2-snapshots/releases/22.03.1/ath79_generic/openwrt-22.03.1-ath79-generic.manifest
22.03.1,ath79/generic,luci-proto-ipv6,git-21.148.48881-79947af,research-os/data/openwrt-v2-snapshots/releases/22.03.1/ath79_generic/openwrt-22.03.1-ath79-generic.manifest
22.03.1,ath79/generic,luci-proto-ppp,git-21.158.38888-88b9d84,research-os/data/openwrt-v2-snapshots/releases/22.03.1/ath79_generic/openwrt-22.03.1-ath79-generic.manifest
22.03.1,ath79/generic,luci-ssl,git-20.244.36115-e10f954,research-os/data/openwrt-v2-snapshots/releases/22.03.1/ath79_generic/openwrt-22.03.1-ath79-generic.manifest
22.03.1,ath79/generic,luci-theme-bootstrap,git-22.141.59265-d8ecf48,research-os/data/openwrt-v2-snapshots/releases/22.03.1/ath79_generic/openwrt-22.03.1-ath79-generic.manifest
22.03.1,ath79/generic,mtd,26,research-os/data/openwrt-v2-snapshots/releases/22.03.1/ath79_generic/openwrt-22.03.1-ath79-generic.manifest
22.03.1,ath79/generic,netifd,2022-08-25-76d2d41b-1,research-os/data/openwrt-v2-snapshots/releases/22.03.1/ath79_generic/openwrt-22.03.1-ath79-generic.manifest
22.03.1,ath79/generic,nftables-json,1.0.2-2.1,research-os/data/openwrt-v2-snapshots/releases/22.03.1/ath79_generic/openwrt-22.03.1-ath79-generic.manifest
22.03.1,ath79/generic,odhcp6c,2022-08-05-7d21e8d8-18,research-os/data/openwrt-v2-snapshots/releases/22.03.1/ath79_generic/openwrt-22.03.1-ath79-generic.manifest
22.03.1,ath79/generic,odhcpd-ipv6only,2022-03-22-860ca900-1,research-os/data/openwrt-v2-snapshots/releases/22.03.1/ath79_generic/openwrt-22.03.1-ath79-generic.manifest
22.03.1,ath79/generic,openwrt-keyring,2022-03-25-62471e69-3,research-os/data/openwrt-v2-snapshots/releases/22.03.1/ath79_generic/openwrt-22.03.1-ath79-generic.manifest
22.03.1,ath79/generic,opkg,2022-02-24-d038e5b6-1,research-os/data/openwrt-v2-snapshots/releases/22.03.1/ath79_generic/openwrt-22.03.1-ath79-generic.manifest
22.03.1,ath79/generic,ppp,2.4.9.git-2021-01-04-3,research-os/data/openwrt-v2-snapshots/releases/22.03.1/ath79_generic/openwrt-22.03.1-ath79-generic.manifest
22.03.1,ath79/generic,ppp-mod-pppoe,2.4.9.git-2021-01-04-3,research-os/data/openwrt-v2-snapshots/releases/22.03.1/ath79_generic/openwrt-22.03.1-ath79-generic.manifest
22.03.1,ath79/generic,procd,2022-06-01-7a009685-1,research-os/data/openwrt-v2-snapshots/releases/22.03.1/ath79_generic/openwrt-22.03.1-ath79-generic.manifest
22.03.1,ath79/generic,procd-seccomp,2022-06-01-7a009685-1,research-os/data/openwrt-v2-snapshots/releases/22.03.1/ath79_generic/openwrt-22.03.1-ath79-generic.manifest
22.03.1,ath79/generic,procd-ujail,2022-06-01-7a009685-1,research-os/data/openwrt-v2-snapshots/releases/22.03.1/ath79_generic/openwrt-22.03.1-ath79-generic.manifest
22.03.1,ath79/generic,px5g-wolfssl,5.1,research-os/data/openwrt-v2-snapshots/releases/22.03.1/ath79_generic/openwrt-22.03.1-ath79-generic.manifest
22.03.1,ath79/generic,rpcd,2022-08-24-82904bd4-1,research-os/data/openwrt-v2-snapshots/releases/22.03.1/ath79_generic/openwrt-22.03.1-ath79-generic.manifest
22.03.1,ath79/generic,rpcd-mod-file,2022-08-24-82904bd4-1,research-os/data/openwrt-v2-snapshots/releases/22.03.1/ath79_generic/openwrt-22.03.1-ath79-generic.manifest
22.03.1,ath79/generic,rpcd-mod-iwinfo,2022-08-24-82904bd4-1,research-os/data/openwrt-v2-snapshots/releases/22.03.1/ath79_generic/openwrt-22.03.1-ath79-generic.manifest
22.03.1,ath79/generic,rpcd-mod-luci,20210614,research-os/data/openwrt-v2-snapshots/releases/22.03.1/ath79_generic/openwrt-22.03.1-ath79-generic.manifest
22.03.1,ath79/generic,rpcd-mod-rrdns,20170710,research-os/data/openwrt-v2-snapshots/releases/22.03.1/ath79_generic/openwrt-22.03.1-ath79-generic.manifest
22.03.1,ath79/generic,swconfig,12,research-os/data/openwrt-v2-snapshots/releases/22.03.1/ath79_generic/openwrt-22.03.1-ath79-generic.manifest
22.03.1,ath79/generic,uboot-envtools,2022.01-32,research-os/data/openwrt-v2-snapshots/releases/22.03.1/ath79_generic/openwrt-22.03.1-ath79-generic.manifest
22.03.1,ath79/generic,ubox,2021-08-03-205defb5-2,research-os/data/openwrt-v2-snapshots/releases/22.03.1/ath79_generic/openwrt-22.03.1-ath79-generic.manifest
22.03.1,ath79/generic,ubus,2022-06-01-2bebf93c-1,research-os/data/openwrt-v2-snapshots/releases/22.03.1/ath79_generic/openwrt-22.03.1-ath79-generic.manifest
22.03.1,ath79/generic,ubusd,2022-06-01-2bebf93c-1,research-os/data/openwrt-v2-snapshots/releases/22.03.1/ath79_generic/openwrt-22.03.1-ath79-generic.manifest
22.03.1,ath79/generic,uci,2021-10-22-f84f49f0-6,research-os/data/openwrt-v2-snapshots/releases/22.03.1/ath79_generic/openwrt-22.03.1-ath79-generic.manifest
22.03.1,ath79/generic,uclient-fetch,2021-05-14-6a6011df-1,research-os/data/openwrt-v2-snapshots/releases/22.03.1/ath79_generic/openwrt-22.03.1-ath79-generic.manifest
22.03.1,ath79/generic,ucode,2022-08-29-344fa9e6-1,research-os/data/openwrt-v2-snapshots/releases/22.03.1/ath79_generic/openwrt-22.03.1-ath79-generic.manifest
22.03.1,ath79/generic,ucode-mod-fs,2022-08-29-344fa9e6-1,research-os/data/openwrt-v2-snapshots/releases/22.03.1/ath79_generic/openwrt-22.03.1-ath79-generic.manifest
22.03.1,ath79/generic,ucode-mod-ubus,2022-08-29-344fa9e6-1,research-os/data/openwrt-v2-snapshots/releases/22.03.1/ath79_generic/openwrt-22.03.1-ath79-generic.manifest
22.03.1,ath79/generic,ucode-mod-uci,2022-08-29-344fa9e6-1,research-os/data/openwrt-v2-snapshots/releases/22.03.1/ath79_generic/openwrt-22.03.1-ath79-generic.manifest
22.03.1,ath79/generic,uhttpd,2022-08-12-e3395cd9-1,research-os/data/openwrt-v2-snapshots/releases/22.03.1/ath79_generic/openwrt-22.03.1-ath79-generic.manifest
22.03.1,ath79/generic,uhttpd-mod-ubus,2022-08-12-e3395cd9-1,research-os/data/openwrt-v2-snapshots/releases/22.03.1/ath79_generic/openwrt-22.03.1-ath79-generic.manifest
22.03.1,ath79/generic,urandom-seed,3,research-os/data/openwrt-v2-snapshots/releases/22.03.1/ath79_generic/openwrt-22.03.1-ath79-generic.manifest
22.03.1,ath79/generic,urngd,2020-01-21-c7f7b6b6-1,research-os/data/openwrt-v2-snapshots/releases/22.03.1/ath79_generic/openwrt-22.03.1-ath79-generic.manifest
22.03.1,ath79/generic,usign,2020-05-23-f1f65026-1,research-os/data/openwrt-v2-snapshots/releases/22.03.1/ath79_generic/openwrt-22.03.1-ath79-generic.manifest
22.03.1,ath79/generic,wireless-regdb,2022.08.12-1,research-os/data/openwrt-v2-snapshots/releases/22.03.1/ath79_generic/openwrt-22.03.1-ath79-generic.manifest
22.03.1,ath79/generic,wpad-basic-wolfssl,2022-01-16-cff80b4f-13.1,research-os/data/openwrt-v2-snapshots/releases/22.03.1/ath79_generic/openwrt-22.03.1-ath79-generic.manifest
22.03.1,x86/64,base-files,1492-r19777-2853b6d652,research-os/data/openwrt-v2-snapshots/releases/22.03.1/x86_64/openwrt-22.03.1-x86-64.manifest
22.03.1,x86/64,busybox,1.35.0-3,research-os/data/openwrt-v2-snapshots/releases/22.03.1/x86_64/openwrt-22.03.1-x86-64.manifest
22.03.1,x86/64,ca-bundle,20211016-1,research-os/data/openwrt-v2-snapshots/releases/22.03.1/x86_64/openwrt-22.03.1-x86-64.manifest
22.03.1,x86/64,cgi-io,2022-08-10-901b0f04-21,research-os/data/openwrt-v2-snapshots/releases/22.03.1/x86_64/openwrt-22.03.1-x86-64.manifest
22.03.1,x86/64,dnsmasq,2.86-14,research-os/data/openwrt-v2-snapshots/releases/22.03.1/x86_64/openwrt-22.03.1-x86-64.manifest
22.03.1,x86/64,dropbear,2022.82-2,research-os/data/openwrt-v2-snapshots/releases/22.03.1/x86_64/openwrt-22.03.1-x86-64.manifest
22.03.1,x86/64,e2fsprogs,1.46.5-1,research-os/data/openwrt-v2-snapshots/releases/22.03.1/x86_64/openwrt-22.03.1-x86-64.manifest
22.03.1,x86/64,firewall4,2022-09-01-f5fcdcf2-1,research-os/data/openwrt-v2-snapshots/releases/22.03.1/x86_64/openwrt-22.03.1-x86-64.manifest
22.03.1,x86/64,fstools,2022-06-02-93369be0-2,research-os/data/openwrt-v2-snapshots/releases/22.03.1/x86_64/openwrt-22.03.1-x86-64.manifest
22.03.1,x86/64,fwtool,2019-11-12-8f7fe925-1,research-os/data/openwrt-v2-snapshots/releases/22.03.1/x86_64/openwrt-22.03.1-x86-64.manifest
22.03.1,x86/64,getrandom,2021-08-03-205defb5-2,research-os/data/openwrt-v2-snapshots/releases/22.03.1/x86_64/openwrt-22.03.1-x86-64.manifest
22.03.1,x86/64,grub2,2.06-3,research-os/data/openwrt-v2-snapshots/releases/22.03.1/x86_64/openwrt-22.03.1-x86-64.manifest
22.03.1,x86/64,grub2-bios-setup,2.06-3,research-os/data/openwrt-v2-snapshots/releases/22.03.1/x86_64/openwrt-22.03.1-x86-64.manifest
22.03.1,x86/64,grub2-efi,2.06-3,research-os/data/openwrt-v2-snapshots/releases/22.03.1/x86_64/openwrt-22.03.1-x86-64.manifest
22.03.1,x86/64,jansson4,2.13.1-2,research-os/data/openwrt-v2-snapshots/releases/22.03.1/x86_64/openwrt-22.03.1-x86-64.manifest
22.03.1,x86/64,jshn,2022-05-15-d2223ef9-1,research-os/data/openwrt-v2-snapshots/releases/22.03.1/x86_64/openwrt-22.03.1-x86-64.manifest
22.03.1,x86/64,jsonfilter,2018-02-04-c7e938d6-1,research-os/data/openwrt-v2-snapshots/releases/22.03.1/x86_64/openwrt-22.03.1-x86-64.manifest
22.03.1,x86/64,kernel,5.10.146-1-5d4fa2bd675198961db287e63a2370e2,research-os/data/openwrt-v2-snapshots/releases/22.03.1/x86_64/openwrt-22.03.1-x86-64.manifest
22.03.1,x86/64,kmod-button-hotplug,5.10.146-3,research-os/data/openwrt-v2-snapshots/releases/22.03.1/x86_64/openwrt-22.03.1-x86-64.manifest
22.03.1,x86/64,kmod-crypto-crc32c,5.10.146-1,research-os/data/openwrt-v2-snapshots/releases/22.03.1/x86_64/openwrt-22.03.1-x86-64.manifest
22.03.1,x86/64,kmod-crypto-hash,5.10.146-1,research-os/data/openwrt-v2-snapshots/releases/22.03.1/x86_64/openwrt-22.03.1-x86-64.manifest
22.03.1,x86/64,kmod-fs-vfat,5.10.146-1,research-os/data/openwrt-v2-snapshots/releases/22.03.1/x86_64/openwrt-22.03.1-x86-64.manifest
22.03.1,x86/64,kmod-input-core,5.10.146-1,research-os/data/openwrt-v2-snapshots/releases/22.03.1/x86_64/openwrt-22.03.1-x86-64.manifest
22.03.1,x86/64,kmod-lib-crc-ccitt,5.10.146-1,research-os/data/openwrt-v2-snapshots/releases/22.03.1/x86_64/openwrt-22.03.1-x86-64.manifest
22.03.1,x86/64,kmod-lib-crc32c,5.10.146-1,research-os/data/openwrt-v2-snapshots/releases/22.03.1/x86_64/openwrt-22.03.1-x86-64.manifest
22.03.1,x86/64,kmod-nf-conntrack,5.10.146-1,research-os/data/openwrt-v2-snapshots/releases/22.03.1/x86_64/openwrt-22.03.1-x86-64.manifest
22.03.1,x86/64,kmod-nf-conntrack6,5.10.146-1,research-os/data/openwrt-v2-snapshots/releases/22.03.1/x86_64/openwrt-22.03.1-x86-64.manifest
22.03.1,x86/64,kmod-nf-flow,5.10.146-1,research-os/data/openwrt-v2-snapshots/releases/22.03.1/x86_64/openwrt-22.03.1-x86-64.manifest
22.03.1,x86/64,kmod-nf-log,5.10.146-1,research-os/data/openwrt-v2-snapshots/releases/22.03.1/x86_64/openwrt-22.03.1-x86-64.manifest
22.03.1,x86/64,kmod-nf-log6,5.10.146-1,research-os/data/openwrt-v2-snapshots/releases/22.03.1/x86_64/openwrt-22.03.1-x86-64.manifest
22.03.1,x86/64,kmod-nf-nat,5.10.146-1,research-os/data/openwrt-v2-snapshots/releases/22.03.1/x86_64/openwrt-22.03.1-x86-64.manifest
22.03.1,x86/64,kmod-nf-reject,5.10.146-1,research-os/data/openwrt-v2-snapshots/releases/22.03.1/x86_64/openwrt-22.03.1-x86-64.manifest
22.03.1,x86/64,kmod-nf-reject6,5.10.146-1,research-os/data/openwrt-v2-snapshots/releases/22.03.1/x86_64/openwrt-22.03.1-x86-64.manifest
22.03.1,x86/64,kmod-nfnetlink,5.10.146-1,research-os/data/openwrt-v2-snapshots/releases/22.03.1/x86_64/openwrt-22.03.1-x86-64.manifest
22.03.1,x86/64,kmod-nft-core,5.10.146-1,research-os/data/openwrt-v2-snapshots/releases/22.03.1/x86_64/openwrt-22.03.1-x86-64.manifest
22.03.1,x86/64,kmod-nft-fib,5.10.146-1,research-os/data/openwrt-v2-snapshots/releases/22.03.1/x86_64/openwrt-22.03.1-x86-64.manifest
22.03.1,x86/64,kmod-nft-nat,5.10.146-1,research-os/data/openwrt-v2-snapshots/releases/22.03.1/x86_64/openwrt-22.03.1-x86-64.manifest
22.03.1,x86/64,kmod-nft-offload,5.10.146-1,research-os/data/openwrt-v2-snapshots/releases/22.03.1/x86_64/openwrt-22.03.1-x86-64.manifest
22.03.1,x86/64,kmod-nls-base,5.10.146-1,research-os/data/openwrt-v2-snapshots/releases/22.03.1/x86_64/openwrt-22.03.1-x86-64.manifest
22.03.1,x86/64,kmod-nls-cp437,5.10.146-1,research-os/data/openwrt-v2-snapshots/releases/22.03.1/x86_64/openwrt-22.03.1-x86-64.manifest
22.03.1,x86/64,kmod-nls-iso8859-1,5.10.146-1,research-os/data/openwrt-v2-snapshots/releases/22.03.1/x86_64/openwrt-22.03.1-x86-64.manifest
22.03.1,x86/64,kmod-nls-utf8,5.10.146-1,research-os/data/openwrt-v2-snapshots/releases/22.03.1/x86_64/openwrt-22.03.1-x86-64.manifest
22.03.1,x86/64,kmod-ppp,5.10.146-1,research-os/data/openwrt-v2-snapshots/releases/22.03.1/x86_64/openwrt-22.03.1-x86-64.manifest
22.03.1,x86/64,kmod-pppoe,5.10.146-1,research-os/data/openwrt-v2-snapshots/releases/22.03.1/x86_64/openwrt-22.03.1-x86-64.manifest
22.03.1,x86/64,kmod-pppox,5.10.146-1,research-os/data/openwrt-v2-snapshots/releases/22.03.1/x86_64/openwrt-22.03.1-x86-64.manifest
22.03.1,x86/64,kmod-slhc,5.10.146-1,research-os/data/openwrt-v2-snapshots/releases/22.03.1/x86_64/openwrt-22.03.1-x86-64.manifest
22.03.1,x86/64,libblkid1,2.37.3-3,research-os/data/openwrt-v2-snapshots/releases/22.03.1/x86_64/openwrt-22.03.1-x86-64.manifest
22.03.1,x86/64,libblobmsg-json20220515,2022-05-15-d2223ef9-1,research-os/data/openwrt-v2-snapshots/releases/22.03.1/x86_64/openwrt-22.03.1-x86-64.manifest
22.03.1,x86/64,libc,1.2.3-4,research-os/data/openwrt-v2-snapshots/releases/22.03.1/x86_64/openwrt-22.03.1-x86-64.manifest
22.03.1,x86/64,libcomerr0,1.46.5-1,research-os/data/openwrt-v2-snapshots/releases/22.03.1/x86_64/openwrt-22.03.1-x86-64.manifest
22.03.1,x86/64,libext2fs2,1.46.5-1,research-os/data/openwrt-v2-snapshots/releases/22.03.1/x86_64/openwrt-22.03.1-x86-64.manifest
22.03.1,x86/64,libf2fs6,1.14.0-3,research-os/data/openwrt-v2-snapshots/releases/22.03.1/x86_64/openwrt-22.03.1-x86-64.manifest
22.03.1,x86/64,libgcc1,11.2.0-4,research-os/data/openwrt-v2-snapshots/releases/22.03.1/x86_64/openwrt-22.03.1-x86-64.manifest
22.03.1,x86/64,libiwinfo-data,2022-08-19-0dad3e66-1,research-os/data/openwrt-v2-snapshots/releases/22.03.1/x86_64/openwrt-22.03.1-x86-64.manifest
22.03.1,x86/64,libiwinfo-lua,2022-08-19-0dad3e66-1,research-os/data/openwrt-v2-snapshots/releases/22.03.1/x86_64/openwrt-22.03.1-x86-64.manifest
22.03.1,x86/64,libiwinfo20210430,2022-08-19-0dad3e66-1,research-os/data/openwrt-v2-snapshots/releases/22.03.1/x86_64/openwrt-22.03.1-x86-64.manifest
22.03.1,x86/64,libjson-c5,0.15-2,research-os/data/openwrt-v2-snapshots/releases/22.03.1/x86_64/openwrt-22.03.1-x86-64.manifest
22.03.1,x86/64,libjson-script20220515,2022-05-15-d2223ef9-1,research-os/data/openwrt-v2-snapshots/releases/22.03.1/x86_64/openwrt-22.03.1-x86-64.manifest
22.03.1,x86/64,liblua5.1.5,5.1.5-10,research-os/data/openwrt-v2-snapshots/releases/22.03.1/x86_64/openwrt-22.03.1-x86-64.manifest
22.03.1,x86/64,liblucihttp-lua,2022-07-08-6e68a106-1,research-os/data/openwrt-v2-snapshots/releases/22.03.1/x86_64/openwrt-22.03.1-x86-64.manifest
22.03.1,x86/64,liblucihttp0,2022-07-08-6e68a106-1,research-os/data/openwrt-v2-snapshots/releases/22.03.1/x86_64/openwrt-22.03.1-x86-64.manifest
22.03.1,x86/64,libmnl0,1.0.5-1,research-os/data/openwrt-v2-snapshots/releases/22.03.1/x86_64/openwrt-22.03.1-x86-64.manifest
22.03.1,x86/64,libnftnl11,1.2.1-1,research-os/data/openwrt-v2-snapshots/releases/22.03.1/x86_64/openwrt-22.03.1-x86-64.manifest
22.03.1,x86/64,libnl-tiny1,2021-11-21-8e0555fb-1,research-os/data/openwrt-v2-snapshots/releases/22.03.1/x86_64/openwrt-22.03.1-x86-64.manifest
22.03.1,x86/64,libpthread,1.2.3-4,research-os/data/openwrt-v2-snapshots/releases/22.03.1/x86_64/openwrt-22.03.1-x86-64.manifest
22.03.1,x86/64,librt,1.2.3-4,research-os/data/openwrt-v2-snapshots/releases/22.03.1/x86_64/openwrt-22.03.1-x86-64.manifest
22.03.1,x86/64,libsmartcols1,2.37.3-3,research-os/data/openwrt-v2-snapshots/releases/22.03.1/x86_64/openwrt-22.03.1-x86-64.manifest
22.03.1,x86/64,libss2,1.46.5-1,research-os/data/openwrt-v2-snapshots/releases/22.03.1/x86_64/openwrt-22.03.1-x86-64.manifest
22.03.1,x86/64,libubox20220515,2022-05-15-d2223ef9-1,research-os/data/openwrt-v2-snapshots/releases/22.03.1/x86_64/openwrt-22.03.1-x86-64.manifest
22.03.1,x86/64,libubus-lua,2022-06-01-2bebf93c-1,research-os/data/openwrt-v2-snapshots/releases/22.03.1/x86_64/openwrt-22.03.1-x86-64.manifest
22.03.1,x86/64,libubus20220601,2022-06-01-2bebf93c-1,research-os/data/openwrt-v2-snapshots/releases/22.03.1/x86_64/openwrt-22.03.1-x86-64.manifest
22.03.1,x86/64,libuci20130104,2021-10-22-f84f49f0-6,research-os/data/openwrt-v2-snapshots/releases/22.03.1/x86_64/openwrt-22.03.1-x86-64.manifest
22.03.1,x86/64,libuclient20201210,2021-05-14-6a6011df-1,research-os/data/openwrt-v2-snapshots/releases/22.03.1/x86_64/openwrt-22.03.1-x86-64.manifest
22.03.1,x86/64,libucode20220812,2022-08-29-344fa9e6-1,research-os/data/openwrt-v2-snapshots/releases/22.03.1/x86_64/openwrt-22.03.1-x86-64.manifest
22.03.1,x86/64,libustream-wolfssl20201210,2022-01-16-868fd881-2,research-os/data/openwrt-v2-snapshots/releases/22.03.1/x86_64/openwrt-22.03.1-x86-64.manifest
22.03.1,x86/64,libuuid1,2.37.3-3,research-os/data/openwrt-v2-snapshots/releases/22.03.1/x86_64/openwrt-22.03.1-x86-64.manifest
22.03.1,x86/64,libwolfssl5.5.1.ee39414e,5.5.1-stable-3,research-os/data/openwrt-v2-snapshots/releases/22.03.1/x86_64/openwrt-22.03.1-x86-64.manifest
22.03.1,x86/64,logd,2021-08-03-205defb5-2,research-os/data/openwrt-v2-snapshots/releases/22.03.1/x86_64/openwrt-22.03.1-x86-64.manifest
22.03.1,x86/64,lua,5.1.5-10,research-os/data/openwrt-v2-snapshots/releases/22.03.1/x86_64/openwrt-22.03.1-x86-64.manifest
22.03.1,x86/64,luci,git-20.074.84698-ead5e81,research-os/data/openwrt-v2-snapshots/releases/22.03.1/x86_64/openwrt-22.03.1-x86-64.manifest
22.03.1,x86/64,luci-app-firewall,git-22.089.67563-7e3c1b4,research-os/data/openwrt-v2-snapshots/releases/22.03.1/x86_64/openwrt-22.03.1-x86-64.manifest
22.03.1,x86/64,luci-app-opkg,git-22.273.29004-9f6876b,research-os/data/openwrt-v2-snapshots/releases/22.03.1/x86_64/openwrt-22.03.1-x86-64.manifest
22.03.1,x86/64,luci-base,git-22.245.77528-487e58a,research-os/data/openwrt-v2-snapshots/releases/22.03.1/x86_64/openwrt-22.03.1-x86-64.manifest
22.03.1,x86/64,luci-lib-base,git-20.232.39649-1f6dc29,research-os/data/openwrt-v2-snapshots/releases/22.03.1/x86_64/openwrt-22.03.1-x86-64.manifest
22.03.1,x86/64,luci-lib-ip,git-20.250.76529-62505bd,research-os/data/openwrt-v2-snapshots/releases/22.03.1/x86_64/openwrt-22.03.1-x86-64.manifest
22.03.1,x86/64,luci-lib-jsonc,git-22.097.61921-7513345,research-os/data/openwrt-v2-snapshots/releases/22.03.1/x86_64/openwrt-22.03.1-x86-64.manifest
22.03.1,x86/64,luci-lib-nixio,git-20.234.06894-c4a4e43,research-os/data/openwrt-v2-snapshots/releases/22.03.1/x86_64/openwrt-22.03.1-x86-64.manifest
22.03.1,x86/64,luci-mod-admin-full,git-19.253.48496-3f93650,research-os/data/openwrt-v2-snapshots/releases/22.03.1/x86_64/openwrt-22.03.1-x86-64.manifest
22.03.1,x86/64,luci-mod-network,git-22.244.54818-b13d8c7,research-os/data/openwrt-v2-snapshots/releases/22.03.1/x86_64/openwrt-22.03.1-x86-64.manifest
22.03.1,x86/64,luci-mod-status,git-22.189.48501-6731190,research-os/data/openwrt-v2-snapshots/releases/22.03.1/x86_64/openwrt-22.03.1-x86-64.manifest
22.03.1,x86/64,luci-mod-system,git-22.264.46172-b6b7da4,research-os/data/openwrt-v2-snapshots/releases/22.03.1/x86_64/openwrt-22.03.1-x86-64.manifest
22.03.1,x86/64,luci-proto-ipv6,git-21.148.48881-79947af,research-os/data/openwrt-v2-snapshots/releases/22.03.1/x86_64/openwrt-22.03.1-x86-64.manifest
22.03.1,x86/64,luci-proto-ppp,git-21.158.38888-88b9d84,research-os/data/openwrt-v2-snapshots/releases/22.03.1/x86_64/openwrt-22.03.1-x86-64.manifest
22.03.1,x86/64,luci-ssl,git-20.244.36115-e10f954,research-os/data/openwrt-v2-snapshots/releases/22.03.1/x86_64/openwrt-22.03.1-x86-64.manifest
22.03.1,x86/64,luci-theme-bootstrap,git-22.141.59265-d8ecf48,research-os/data/openwrt-v2-snapshots/releases/22.03.1/x86_64/openwrt-22.03.1-x86-64.manifest
22.03.1,x86/64,mkf2fs,1.14.0-3,research-os/data/openwrt-v2-snapshots/releases/22.03.1/x86_64/openwrt-22.03.1-x86-64.manifest
22.03.1,x86/64,mtd,26,research-os/data/openwrt-v2-snapshots/releases/22.03.1/x86_64/openwrt-22.03.1-x86-64.manifest
22.03.1,x86/64,netifd,2022-08-25-76d2d41b-1,research-os/data/openwrt-v2-snapshots/releases/22.03.1/x86_64/openwrt-22.03.1-x86-64.manifest
22.03.1,x86/64,nftables-json,1.0.2-2.1,research-os/data/openwrt-v2-snapshots/releases/22.03.1/x86_64/openwrt-22.03.1-x86-64.manifest
22.03.1,x86/64,odhcp6c,2022-08-05-7d21e8d8-18,research-os/data/openwrt-v2-snapshots/releases/22.03.1/x86_64/openwrt-22.03.1-x86-64.manifest
22.03.1,x86/64,odhcpd-ipv6only,2022-03-22-860ca900-1,research-os/data/openwrt-v2-snapshots/releases/22.03.1/x86_64/openwrt-22.03.1-x86-64.manifest
22.03.1,x86/64,openwrt-keyring,2022-03-25-62471e69-3,research-os/data/openwrt-v2-snapshots/releases/22.03.1/x86_64/openwrt-22.03.1-x86-64.manifest
22.03.1,x86/64,opkg,2022-02-24-d038e5b6-1,research-os/data/openwrt-v2-snapshots/releases/22.03.1/x86_64/openwrt-22.03.1-x86-64.manifest
22.03.1,x86/64,partx-utils,2.37.3-3,research-os/data/openwrt-v2-snapshots/releases/22.03.1/x86_64/openwrt-22.03.1-x86-64.manifest
22.03.1,x86/64,ppp,2.4.9.git-2021-01-04-3,research-os/data/openwrt-v2-snapshots/releases/22.03.1/x86_64/openwrt-22.03.1-x86-64.manifest
22.03.1,x86/64,ppp-mod-pppoe,2.4.9.git-2021-01-04-3,research-os/data/openwrt-v2-snapshots/releases/22.03.1/x86_64/openwrt-22.03.1-x86-64.manifest
22.03.1,x86/64,procd,2022-06-01-7a009685-1,research-os/data/openwrt-v2-snapshots/releases/22.03.1/x86_64/openwrt-22.03.1-x86-64.manifest
22.03.1,x86/64,procd-seccomp,2022-06-01-7a009685-1,research-os/data/openwrt-v2-snapshots/releases/22.03.1/x86_64/openwrt-22.03.1-x86-64.manifest
22.03.1,x86/64,procd-ujail,2022-06-01-7a009685-1,research-os/data/openwrt-v2-snapshots/releases/22.03.1/x86_64/openwrt-22.03.1-x86-64.manifest
22.03.1,x86/64,px5g-wolfssl,5.1,research-os/data/openwrt-v2-snapshots/releases/22.03.1/x86_64/openwrt-22.03.1-x86-64.manifest
22.03.1,x86/64,rpcd,2022-08-24-82904bd4-1,research-os/data/openwrt-v2-snapshots/releases/22.03.1/x86_64/openwrt-22.03.1-x86-64.manifest
22.03.1,x86/64,rpcd-mod-file,2022-08-24-82904bd4-1,research-os/data/openwrt-v2-snapshots/releases/22.03.1/x86_64/openwrt-22.03.1-x86-64.manifest
22.03.1,x86/64,rpcd-mod-iwinfo,2022-08-24-82904bd4-1,research-os/data/openwrt-v2-snapshots/releases/22.03.1/x86_64/openwrt-22.03.1-x86-64.manifest
22.03.1,x86/64,rpcd-mod-luci,20210614,research-os/data/openwrt-v2-snapshots/releases/22.03.1/x86_64/openwrt-22.03.1-x86-64.manifest
22.03.1,x86/64,rpcd-mod-rrdns,20170710,research-os/data/openwrt-v2-snapshots/releases/22.03.1/x86_64/openwrt-22.03.1-x86-64.manifest
22.03.1,x86/64,ubox,2021-08-03-205defb5-2,research-os/data/openwrt-v2-snapshots/releases/22.03.1/x86_64/openwrt-22.03.1-x86-64.manifest
22.03.1,x86/64,ubus,2022-06-01-2bebf93c-1,research-os/data/openwrt-v2-snapshots/releases/22.03.1/x86_64/openwrt-22.03.1-x86-64.manifest
22.03.1,x86/64,ubusd,2022-06-01-2bebf93c-1,research-os/data/openwrt-v2-snapshots/releases/22.03.1/x86_64/openwrt-22.03.1-x86-64.manifest
22.03.1,x86/64,uci,2021-10-22-f84f49f0-6,research-os/data/openwrt-v2-snapshots/releases/22.03.1/x86_64/openwrt-22.03.1-x86-64.manifest
22.03.1,x86/64,uclient-fetch,2021-05-14-6a6011df-1,research-os/data/openwrt-v2-snapshots/releases/22.03.1/x86_64/openwrt-22.03.1-x86-64.manifest
22.03.1,x86/64,ucode,2022-08-29-344fa9e6-1,research-os/data/openwrt-v2-snapshots/releases/22.03.1/x86_64/openwrt-22.03.1-x86-64.manifest
22.03.1,x86/64,ucode-mod-fs,2022-08-29-344fa9e6-1,research-os/data/openwrt-v2-snapshots/releases/22.03.1/x86_64/openwrt-22.03.1-x86-64.manifest
22.03.1,x86/64,ucode-mod-ubus,2022-08-29-344fa9e6-1,research-os/data/openwrt-v2-snapshots/releases/22.03.1/x86_64/openwrt-22.03.1-x86-64.manifest
22.03.1,x86/64,ucode-mod-uci,2022-08-29-344fa9e6-1,research-os/data/openwrt-v2-snapshots/releases/22.03.1/x86_64/openwrt-22.03.1-x86-64.manifest
22.03.1,x86/64,uhttpd,2022-08-12-e3395cd9-1,research-os/data/openwrt-v2-snapshots/releases/22.03.1/x86_64/openwrt-22.03.1-x86-64.manifest
22.03.1,x86/64,uhttpd-mod-ubus,2022-08-12-e3395cd9-1,research-os/data/openwrt-v2-snapshots/releases/22.03.1/x86_64/openwrt-22.03.1-x86-64.manifest
22.03.1,x86/64,urandom-seed,3,research-os/data/openwrt-v2-snapshots/releases/22.03.1/x86_64/openwrt-22.03.1-x86-64.manifest
22.03.1,x86/64,urngd,2020-01-21-c7f7b6b6-1,research-os/data/openwrt-v2-snapshots/releases/22.03.1/x86_64/openwrt-22.03.1-x86-64.manifest
22.03.1,x86/64,usign,2020-05-23-f1f65026-1,research-os/data/openwrt-v2-snapshots/releases/22.03.1/x86_64/openwrt-22.03.1-x86-64.manifest
22.03.2,ath79/generic,base-files,1494-r19803-9a599fee93,research-os/data/openwrt-v2-snapshots/releases/22.03.2/ath79_generic/openwrt-22.03.2-ath79-generic.manifest
22.03.2,ath79/generic,busybox,1.35.0-4,research-os/data/openwrt-v2-snapshots/releases/22.03.2/ath79_generic/openwrt-22.03.2-ath79-generic.manifest
22.03.2,ath79/generic,ca-bundle,20211016-1,research-os/data/openwrt-v2-snapshots/releases/22.03.2/ath79_generic/openwrt-22.03.2-ath79-generic.manifest
22.03.2,ath79/generic,cgi-io,2022-08-10-901b0f04-21,research-os/data/openwrt-v2-snapshots/releases/22.03.2/ath79_generic/openwrt-22.03.2-ath79-generic.manifest
22.03.2,ath79/generic,dnsmasq,2.86-14,research-os/data/openwrt-v2-snapshots/releases/22.03.2/ath79_generic/openwrt-22.03.2-ath79-generic.manifest
22.03.2,ath79/generic,dropbear,2022.82-2,research-os/data/openwrt-v2-snapshots/releases/22.03.2/ath79_generic/openwrt-22.03.2-ath79-generic.manifest
22.03.2,ath79/generic,firewall4,2022-10-14-4fbf6d75-1,research-os/data/openwrt-v2-snapshots/releases/22.03.2/ath79_generic/openwrt-22.03.2-ath79-generic.manifest
22.03.2,ath79/generic,fstools,2022-06-02-93369be0-2,research-os/data/openwrt-v2-snapshots/releases/22.03.2/ath79_generic/openwrt-22.03.2-ath79-generic.manifest
22.03.2,ath79/generic,fwtool,2019-11-12-8f7fe925-1,research-os/data/openwrt-v2-snapshots/releases/22.03.2/ath79_generic/openwrt-22.03.2-ath79-generic.manifest
22.03.2,ath79/generic,getrandom,2021-08-03-205defb5-2,research-os/data/openwrt-v2-snapshots/releases/22.03.2/ath79_generic/openwrt-22.03.2-ath79-generic.manifest
22.03.2,ath79/generic,hostapd-common,2022-01-16-cff80b4f-13.1,research-os/data/openwrt-v2-snapshots/releases/22.03.2/ath79_generic/openwrt-22.03.2-ath79-generic.manifest
22.03.2,ath79/generic,iw,5.16-1,research-os/data/openwrt-v2-snapshots/releases/22.03.2/ath79_generic/openwrt-22.03.2-ath79-generic.manifest
22.03.2,ath79/generic,iwinfo,2022-08-19-0dad3e66-1,research-os/data/openwrt-v2-snapshots/releases/22.03.2/ath79_generic/openwrt-22.03.2-ath79-generic.manifest
22.03.2,ath79/generic,jansson4,2.13.1-2,research-os/data/openwrt-v2-snapshots/releases/22.03.2/ath79_generic/openwrt-22.03.2-ath79-generic.manifest
22.03.2,ath79/generic,jshn,2022-05-15-d2223ef9-1,research-os/data/openwrt-v2-snapshots/releases/22.03.2/ath79_generic/openwrt-22.03.2-ath79-generic.manifest
22.03.2,ath79/generic,jsonfilter,2018-02-04-c7e938d6-1,research-os/data/openwrt-v2-snapshots/releases/22.03.2/ath79_generic/openwrt-22.03.2-ath79-generic.manifest
22.03.2,ath79/generic,kernel,5.10.146-1-72e39b50629eaf33fc9600ab703ee2ab,research-os/data/openwrt-v2-snapshots/releases/22.03.2/ath79_generic/openwrt-22.03.2-ath79-generic.manifest
22.03.2,ath79/generic,kmod-ath,5.10.146+5.15.58-1-1,research-os/data/openwrt-v2-snapshots/releases/22.03.2/ath79_generic/openwrt-22.03.2-ath79-generic.manifest
22.03.2,ath79/generic,kmod-ath9k,5.10.146+5.15.58-1-1,research-os/data/openwrt-v2-snapshots/releases/22.03.2/ath79_generic/openwrt-22.03.2-ath79-generic.manifest
22.03.2,ath79/generic,kmod-ath9k-common,5.10.146+5.15.58-1-1,research-os/data/openwrt-v2-snapshots/releases/22.03.2/ath79_generic/openwrt-22.03.2-ath79-generic.manifest
22.03.2,ath79/generic,kmod-cfg80211,5.10.146+5.15.58-1-1,research-os/data/openwrt-v2-snapshots/releases/22.03.2/ath79_generic/openwrt-22.03.2-ath79-generic.manifest
22.03.2,ath79/generic,kmod-crypto-aead,5.10.146-1,research-os/data/openwrt-v2-snapshots/releases/22.03.2/ath79_generic/openwrt-22.03.2-ath79-generic.manifest
22.03.2,ath79/generic,kmod-crypto-ccm,5.10.146-1,research-os/data/openwrt-v2-snapshots/releases/22.03.2/ath79_generic/openwrt-22.03.2-ath79-generic.manifest
22.03.2,ath79/generic,kmod-crypto-cmac,5.10.146-1,research-os/data/openwrt-v2-snapshots/releases/22.03.2/ath79_generic/openwrt-22.03.2-ath79-generic.manifest
22.03.2,ath79/generic,kmod-crypto-crc32c,5.10.146-1,research-os/data/openwrt-v2-snapshots/releases/22.03.2/ath79_generic/openwrt-22.03.2-ath79-generic.manifest
22.03.2,ath79/generic,kmod-crypto-ctr,5.10.146-1,research-os/data/openwrt-v2-snapshots/releases/22.03.2/ath79_generic/openwrt-22.03.2-ath79-generic.manifest
22.03.2,ath79/generic,kmod-crypto-gcm,5.10.146-1,research-os/data/openwrt-v2-snapshots/releases/22.03.2/ath79_generic/openwrt-22.03.2-ath79-generic.manifest
22.03.2,ath79/generic,kmod-crypto-gf128,5.10.146-1,research-os/data/openwrt-v2-snapshots/releases/22.03.2/ath79_generic/openwrt-22.03.2-ath79-generic.manifest
22.03.2,ath79/generic,kmod-crypto-ghash,5.10.146-1,research-os/data/openwrt-v2-snapshots/releases/22.03.2/ath79_generic/openwrt-22.03.2-ath79-generic.manifest
22.03.2,ath79/generic,kmod-crypto-hash,5.10.146-1,research-os/data/openwrt-v2-snapshots/releases/22.03.2/ath79_generic/openwrt-22.03.2-ath79-generic.manifest
22.03.2,ath79/generic,kmod-crypto-hmac,5.10.146-1,research-os/data/openwrt-v2-snapshots/releases/22.03.2/ath79_generic/openwrt-22.03.2-ath79-generic.manifest
22.03.2,ath79/generic,kmod-crypto-manager,5.10.146-1,research-os/data/openwrt-v2-snapshots/releases/22.03.2/ath79_generic/openwrt-22.03.2-ath79-generic.manifest
22.03.2,ath79/generic,kmod-crypto-null,5.10.146-1,research-os/data/openwrt-v2-snapshots/releases/22.03.2/ath79_generic/openwrt-22.03.2-ath79-generic.manifest
22.03.2,ath79/generic,kmod-crypto-rng,5.10.146-1,research-os/data/openwrt-v2-snapshots/releases/22.03.2/ath79_generic/openwrt-22.03.2-ath79-generic.manifest
22.03.2,ath79/generic,kmod-crypto-seqiv,5.10.146-1,research-os/data/openwrt-v2-snapshots/releases/22.03.2/ath79_generic/openwrt-22.03.2-ath79-generic.manifest
22.03.2,ath79/generic,kmod-crypto-sha256,5.10.146-1,research-os/data/openwrt-v2-snapshots/releases/22.03.2/ath79_generic/openwrt-22.03.2-ath79-generic.manifest
22.03.2,ath79/generic,kmod-gpio-button-hotplug,5.10.146-3,research-os/data/openwrt-v2-snapshots/releases/22.03.2/ath79_generic/openwrt-22.03.2-ath79-generic.manifest
22.03.2,ath79/generic,kmod-lib-crc-ccitt,5.10.146-1,research-os/data/openwrt-v2-snapshots/releases/22.03.2/ath79_generic/openwrt-22.03.2-ath79-generic.manifest
22.03.2,ath79/generic,kmod-lib-crc32c,5.10.146-1,research-os/data/openwrt-v2-snapshots/releases/22.03.2/ath79_generic/openwrt-22.03.2-ath79-generic.manifest
22.03.2,ath79/generic,kmod-mac80211,5.10.146+5.15.58-1-1,research-os/data/openwrt-v2-snapshots/releases/22.03.2/ath79_generic/openwrt-22.03.2-ath79-generic.manifest
22.03.2,ath79/generic,kmod-nf-conntrack,5.10.146-1,research-os/data/openwrt-v2-snapshots/releases/22.03.2/ath79_generic/openwrt-22.03.2-ath79-generic.manifest
22.03.2,ath79/generic,kmod-nf-conntrack6,5.10.146-1,research-os/data/openwrt-v2-snapshots/releases/22.03.2/ath79_generic/openwrt-22.03.2-ath79-generic.manifest
22.03.2,ath79/generic,kmod-nf-flow,5.10.146-1,research-os/data/openwrt-v2-snapshots/releases/22.03.2/ath79_generic/openwrt-22.03.2-ath79-generic.manifest
22.03.2,ath79/generic,kmod-nf-log,5.10.146-1,research-os/data/openwrt-v2-snapshots/releases/22.03.2/ath79_generic/openwrt-22.03.2-ath79-generic.manifest
22.03.2,ath79/generic,kmod-nf-log6,5.10.146-1,research-os/data/openwrt-v2-snapshots/releases/22.03.2/ath79_generic/openwrt-22.03.2-ath79-generic.manifest
22.03.2,ath79/generic,kmod-nf-nat,5.10.146-1,research-os/data/openwrt-v2-snapshots/releases/22.03.2/ath79_generic/openwrt-22.03.2-ath79-generic.manifest
22.03.2,ath79/generic,kmod-nf-reject,5.10.146-1,research-os/data/openwrt-v2-snapshots/releases/22.03.2/ath79_generic/openwrt-22.03.2-ath79-generic.manifest
22.03.2,ath79/generic,kmod-nf-reject6,5.10.146-1,research-os/data/openwrt-v2-snapshots/releases/22.03.2/ath79_generic/openwrt-22.03.2-ath79-generic.manifest
22.03.2,ath79/generic,kmod-nfnetlink,5.10.146-1,research-os/data/openwrt-v2-snapshots/releases/22.03.2/ath79_generic/openwrt-22.03.2-ath79-generic.manifest
22.03.2,ath79/generic,kmod-nft-core,5.10.146-1,research-os/data/openwrt-v2-snapshots/releases/22.03.2/ath79_generic/openwrt-22.03.2-ath79-generic.manifest
22.03.2,ath79/generic,kmod-nft-fib,5.10.146-1,research-os/data/openwrt-v2-snapshots/releases/22.03.2/ath79_generic/openwrt-22.03.2-ath79-generic.manifest
22.03.2,ath79/generic,kmod-nft-nat,5.10.146-1,research-os/data/openwrt-v2-snapshots/releases/22.03.2/ath79_generic/openwrt-22.03.2-ath79-generic.manifest
22.03.2,ath79/generic,kmod-nft-offload,5.10.146-1,research-os/data/openwrt-v2-snapshots/releases/22.03.2/ath79_generic/openwrt-22.03.2-ath79-generic.manifest
22.03.2,ath79/generic,kmod-ppp,5.10.146-1,research-os/data/openwrt-v2-snapshots/releases/22.03.2/ath79_generic/openwrt-22.03.2-ath79-generic.manifest
22.03.2,ath79/generic,kmod-pppoe,5.10.146-1,research-os/data/openwrt-v2-snapshots/releases/22.03.2/ath79_generic/openwrt-22.03.2-ath79-generic.manifest
22.03.2,ath79/generic,kmod-pppox,5.10.146-1,research-os/data/openwrt-v2-snapshots/releases/22.03.2/ath79_generic/openwrt-22.03.2-ath79-generic.manifest
22.03.2,ath79/generic,kmod-slhc,5.10.146-1,research-os/data/openwrt-v2-snapshots/releases/22.03.2/ath79_generic/openwrt-22.03.2-ath79-generic.manifest
22.03.2,ath79/generic,libblobmsg-json20220515,2022-05-15-d2223ef9-1,research-os/data/openwrt-v2-snapshots/releases/22.03.2/ath79_generic/openwrt-22.03.2-ath79-generic.manifest
22.03.2,ath79/generic,libc,1.2.3-4,research-os/data/openwrt-v2-snapshots/releases/22.03.2/ath79_generic/openwrt-22.03.2-ath79-generic.manifest
22.03.2,ath79/generic,libgcc1,11.2.0-4,research-os/data/openwrt-v2-snapshots/releases/22.03.2/ath79_generic/openwrt-22.03.2-ath79-generic.manifest
22.03.2,ath79/generic,libiwinfo-data,2022-08-19-0dad3e66-1,research-os/data/openwrt-v2-snapshots/releases/22.03.2/ath79_generic/openwrt-22.03.2-ath79-generic.manifest
22.03.2,ath79/generic,libiwinfo-lua,2022-08-19-0dad3e66-1,research-os/data/openwrt-v2-snapshots/releases/22.03.2/ath79_generic/openwrt-22.03.2-ath79-generic.manifest
22.03.2,ath79/generic,libiwinfo20210430,2022-08-19-0dad3e66-1,research-os/data/openwrt-v2-snapshots/releases/22.03.2/ath79_generic/openwrt-22.03.2-ath79-generic.manifest
22.03.2,ath79/generic,libjson-c5,0.15-2,research-os/data/openwrt-v2-snapshots/releases/22.03.2/ath79_generic/openwrt-22.03.2-ath79-generic.manifest
22.03.2,ath79/generic,libjson-script20220515,2022-05-15-d2223ef9-1,research-os/data/openwrt-v2-snapshots/releases/22.03.2/ath79_generic/openwrt-22.03.2-ath79-generic.manifest
22.03.2,ath79/generic,liblua5.1.5,5.1.5-10,research-os/data/openwrt-v2-snapshots/releases/22.03.2/ath79_generic/openwrt-22.03.2-ath79-generic.manifest
22.03.2,ath79/generic,liblucihttp-lua,2022-07-08-6e68a106-1,research-os/data/openwrt-v2-snapshots/releases/22.03.2/ath79_generic/openwrt-22.03.2-ath79-generic.manifest
22.03.2,ath79/generic,liblucihttp0,2022-07-08-6e68a106-1,research-os/data/openwrt-v2-snapshots/releases/22.03.2/ath79_generic/openwrt-22.03.2-ath79-generic.manifest
22.03.2,ath79/generic,libmnl0,1.0.5-1,research-os/data/openwrt-v2-snapshots/releases/22.03.2/ath79_generic/openwrt-22.03.2-ath79-generic.manifest
22.03.2,ath79/generic,libnftnl11,1.2.1-1,research-os/data/openwrt-v2-snapshots/releases/22.03.2/ath79_generic/openwrt-22.03.2-ath79-generic.manifest
22.03.2,ath79/generic,libnl-tiny1,2021-11-21-8e0555fb-1,research-os/data/openwrt-v2-snapshots/releases/22.03.2/ath79_generic/openwrt-22.03.2-ath79-generic.manifest
22.03.2,ath79/generic,libpthread,1.2.3-4,research-os/data/openwrt-v2-snapshots/releases/22.03.2/ath79_generic/openwrt-22.03.2-ath79-generic.manifest
22.03.2,ath79/generic,libubox20220515,2022-05-15-d2223ef9-1,research-os/data/openwrt-v2-snapshots/releases/22.03.2/ath79_generic/openwrt-22.03.2-ath79-generic.manifest
22.03.2,ath79/generic,libubus-lua,2022-06-01-2bebf93c-1,research-os/data/openwrt-v2-snapshots/releases/22.03.2/ath79_generic/openwrt-22.03.2-ath79-generic.manifest
22.03.2,ath79/generic,libubus20220601,2022-06-01-2bebf93c-1,research-os/data/openwrt-v2-snapshots/releases/22.03.2/ath79_generic/openwrt-22.03.2-ath79-generic.manifest
22.03.2,ath79/generic,libuci20130104,2021-10-22-f84f49f0-6,research-os/data/openwrt-v2-snapshots/releases/22.03.2/ath79_generic/openwrt-22.03.2-ath79-generic.manifest
22.03.2,ath79/generic,libuclient20201210,2021-05-14-6a6011df-1,research-os/data/openwrt-v2-snapshots/releases/22.03.2/ath79_generic/openwrt-22.03.2-ath79-generic.manifest
22.03.2,ath79/generic,libucode20220812,2022-10-07-4ae70721-1,research-os/data/openwrt-v2-snapshots/releases/22.03.2/ath79_generic/openwrt-22.03.2-ath79-generic.manifest
22.03.2,ath79/generic,libustream-wolfssl20201210,2022-01-16-868fd881-2,research-os/data/openwrt-v2-snapshots/releases/22.03.2/ath79_generic/openwrt-22.03.2-ath79-generic.manifest
22.03.2,ath79/generic,libwolfssl5.5.1.ee39414e,5.5.1-stable-3,research-os/data/openwrt-v2-snapshots/releases/22.03.2/ath79_generic/openwrt-22.03.2-ath79-generic.manifest
22.03.2,ath79/generic,logd,2021-08-03-205defb5-2,research-os/data/openwrt-v2-snapshots/releases/22.03.2/ath79_generic/openwrt-22.03.2-ath79-generic.manifest
22.03.2,ath79/generic,lua,5.1.5-10,research-os/data/openwrt-v2-snapshots/releases/22.03.2/ath79_generic/openwrt-22.03.2-ath79-generic.manifest
22.03.2,ath79/generic,luci,git-20.074.84698-ead5e81,research-os/data/openwrt-v2-snapshots/releases/22.03.2/ath79_generic/openwrt-22.03.2-ath79-generic.manifest
22.03.2,ath79/generic,luci-app-firewall,git-22.089.67563-7e3c1b4,research-os/data/openwrt-v2-snapshots/releases/22.03.2/ath79_generic/openwrt-22.03.2-ath79-generic.manifest
22.03.2,ath79/generic,luci-app-opkg,git-22.273.29004-9f6876b,research-os/data/openwrt-v2-snapshots/releases/22.03.2/ath79_generic/openwrt-22.03.2-ath79-generic.manifest
22.03.2,ath79/generic,luci-base,git-22.288.45147-96ec0cd,research-os/data/openwrt-v2-snapshots/releases/22.03.2/ath79_generic/openwrt-22.03.2-ath79-generic.manifest
22.03.2,ath79/generic,luci-lib-base,git-20.232.39649-1f6dc29,research-os/data/openwrt-v2-snapshots/releases/22.03.2/ath79_generic/openwrt-22.03.2-ath79-generic.manifest
22.03.2,ath79/generic,luci-lib-ip,git-20.250.76529-62505bd,research-os/data/openwrt-v2-snapshots/releases/22.03.2/ath79_generic/openwrt-22.03.2-ath79-generic.manifest
22.03.2,ath79/generic,luci-lib-jsonc,git-22.097.61921-7513345,research-os/data/openwrt-v2-snapshots/releases/22.03.2/ath79_generic/openwrt-22.03.2-ath79-generic.manifest
22.03.2,ath79/generic,luci-lib-nixio,git-20.234.06894-c4a4e43,research-os/data/openwrt-v2-snapshots/releases/22.03.2/ath79_generic/openwrt-22.03.2-ath79-generic.manifest
22.03.2,ath79/generic,luci-mod-admin-full,git-19.253.48496-3f93650,research-os/data/openwrt-v2-snapshots/releases/22.03.2/ath79_generic/openwrt-22.03.2-ath79-generic.manifest
22.03.2,ath79/generic,luci-mod-network,git-22.244.54818-b13d8c7,research-os/data/openwrt-v2-snapshots/releases/22.03.2/ath79_generic/openwrt-22.03.2-ath79-generic.manifest
22.03.2,ath79/generic,luci-mod-status,git-22.189.48501-6731190,research-os/data/openwrt-v2-snapshots/releases/22.03.2/ath79_generic/openwrt-22.03.2-ath79-generic.manifest
22.03.2,ath79/generic,luci-mod-system,git-22.264.46172-b6b7da4,research-os/data/openwrt-v2-snapshots/releases/22.03.2/ath79_generic/openwrt-22.03.2-ath79-generic.manifest
22.03.2,ath79/generic,luci-proto-ipv6,git-21.148.48881-79947af,research-os/data/openwrt-v2-snapshots/releases/22.03.2/ath79_generic/openwrt-22.03.2-ath79-generic.manifest
22.03.2,ath79/generic,luci-proto-ppp,git-21.158.38888-88b9d84,research-os/data/openwrt-v2-snapshots/releases/22.03.2/ath79_generic/openwrt-22.03.2-ath79-generic.manifest
22.03.2,ath79/generic,luci-ssl,git-20.244.36115-e10f954,research-os/data/openwrt-v2-snapshots/releases/22.03.2/ath79_generic/openwrt-22.03.2-ath79-generic.manifest
22.03.2,ath79/generic,luci-theme-bootstrap,git-22.288.45147-96ec0cd,research-os/data/openwrt-v2-snapshots/releases/22.03.2/ath79_generic/openwrt-22.03.2-ath79-generic.manifest
22.03.2,ath79/generic,mtd,26,research-os/data/openwrt-v2-snapshots/releases/22.03.2/ath79_generic/openwrt-22.03.2-ath79-generic.manifest
22.03.2,ath79/generic,netifd,2022-08-25-76d2d41b-1,research-os/data/openwrt-v2-snapshots/releases/22.03.2/ath79_generic/openwrt-22.03.2-ath79-generic.manifest
22.03.2,ath79/generic,nftables-json,1.0.2-2.1,research-os/data/openwrt-v2-snapshots/releases/22.03.2/ath79_generic/openwrt-22.03.2-ath79-generic.manifest
22.03.2,ath79/generic,odhcp6c,2022-08-05-7d21e8d8-18,research-os/data/openwrt-v2-snapshots/releases/22.03.2/ath79_generic/openwrt-22.03.2-ath79-generic.manifest
22.03.2,ath79/generic,odhcpd-ipv6only,2022-03-22-860ca900-1,research-os/data/openwrt-v2-snapshots/releases/22.03.2/ath79_generic/openwrt-22.03.2-ath79-generic.manifest
22.03.2,ath79/generic,openwrt-keyring,2022-03-25-62471e69-3,research-os/data/openwrt-v2-snapshots/releases/22.03.2/ath79_generic/openwrt-22.03.2-ath79-generic.manifest
22.03.2,ath79/generic,opkg,2022-02-24-d038e5b6-1,research-os/data/openwrt-v2-snapshots/releases/22.03.2/ath79_generic/openwrt-22.03.2-ath79-generic.manifest
22.03.2,ath79/generic,ppp,2.4.9.git-2021-01-04-3,research-os/data/openwrt-v2-snapshots/releases/22.03.2/ath79_generic/openwrt-22.03.2-ath79-generic.manifest
22.03.2,ath79/generic,ppp-mod-pppoe,2.4.9.git-2021-01-04-3,research-os/data/openwrt-v2-snapshots/releases/22.03.2/ath79_generic/openwrt-22.03.2-ath79-generic.manifest
22.03.2,ath79/generic,procd,2022-06-01-7a009685-1,research-os/data/openwrt-v2-snapshots/releases/22.03.2/ath79_generic/openwrt-22.03.2-ath79-generic.manifest
22.03.2,ath79/generic,procd-seccomp,2022-06-01-7a009685-1,research-os/data/openwrt-v2-snapshots/releases/22.03.2/ath79_generic/openwrt-22.03.2-ath79-generic.manifest
22.03.2,ath79/generic,procd-ujail,2022-06-01-7a009685-1,research-os/data/openwrt-v2-snapshots/releases/22.03.2/ath79_generic/openwrt-22.03.2-ath79-generic.manifest
22.03.2,ath79/generic,px5g-wolfssl,5.1,research-os/data/openwrt-v2-snapshots/releases/22.03.2/ath79_generic/openwrt-22.03.2-ath79-generic.manifest
22.03.2,ath79/generic,rpcd,2022-09-21-8c852b65-1,research-os/data/openwrt-v2-snapshots/releases/22.03.2/ath79_generic/openwrt-22.03.2-ath79-generic.manifest
22.03.2,ath79/generic,rpcd-mod-file,2022-09-21-8c852b65-1,research-os/data/openwrt-v2-snapshots/releases/22.03.2/ath79_generic/openwrt-22.03.2-ath79-generic.manifest
22.03.2,ath79/generic,rpcd-mod-iwinfo,2022-09-21-8c852b65-1,research-os/data/openwrt-v2-snapshots/releases/22.03.2/ath79_generic/openwrt-22.03.2-ath79-generic.manifest
22.03.2,ath79/generic,rpcd-mod-luci,20210614,research-os/data/openwrt-v2-snapshots/releases/22.03.2/ath79_generic/openwrt-22.03.2-ath79-generic.manifest
22.03.2,ath79/generic,rpcd-mod-rrdns,20170710,research-os/data/openwrt-v2-snapshots/releases/22.03.2/ath79_generic/openwrt-22.03.2-ath79-generic.manifest
22.03.2,ath79/generic,swconfig,12,research-os/data/openwrt-v2-snapshots/releases/22.03.2/ath79_generic/openwrt-22.03.2-ath79-generic.manifest
22.03.2,ath79/generic,uboot-envtools,2022.01-32,research-os/data/openwrt-v2-snapshots/releases/22.03.2/ath79_generic/openwrt-22.03.2-ath79-generic.manifest
22.03.2,ath79/generic,ubox,2021-08-03-205defb5-2,research-os/data/openwrt-v2-snapshots/releases/22.03.2/ath79_generic/openwrt-22.03.2-ath79-generic.manifest
22.03.2,ath79/generic,ubus,2022-06-01-2bebf93c-1,research-os/data/openwrt-v2-snapshots/releases/22.03.2/ath79_generic/openwrt-22.03.2-ath79-generic.manifest
22.03.2,ath79/generic,ubusd,2022-06-01-2bebf93c-1,research-os/data/openwrt-v2-snapshots/releases/22.03.2/ath79_generic/openwrt-22.03.2-ath79-generic.manifest
22.03.2,ath79/generic,uci,2021-10-22-f84f49f0-6,research-os/data/openwrt-v2-snapshots/releases/22.03.2/ath79_generic/openwrt-22.03.2-ath79-generic.manifest
22.03.2,ath79/generic,uclient-fetch,2021-05-14-6a6011df-1,research-os/data/openwrt-v2-snapshots/releases/22.03.2/ath79_generic/openwrt-22.03.2-ath79-generic.manifest
22.03.2,ath79/generic,ucode,2022-10-07-4ae70721-1,research-os/data/openwrt-v2-snapshots/releases/22.03.2/ath79_generic/openwrt-22.03.2-ath79-generic.manifest
22.03.2,ath79/generic,ucode-mod-fs,2022-10-07-4ae70721-1,research-os/data/openwrt-v2-snapshots/releases/22.03.2/ath79_generic/openwrt-22.03.2-ath79-generic.manifest
22.03.2,ath79/generic,ucode-mod-ubus,2022-10-07-4ae70721-1,research-os/data/openwrt-v2-snapshots/releases/22.03.2/ath79_generic/openwrt-22.03.2-ath79-generic.manifest
22.03.2,ath79/generic,ucode-mod-uci,2022-10-07-4ae70721-1,research-os/data/openwrt-v2-snapshots/releases/22.03.2/ath79_generic/openwrt-22.03.2-ath79-generic.manifest
22.03.2,ath79/generic,uhttpd,2022-08-12-e3395cd9-1,research-os/data/openwrt-v2-snapshots/releases/22.03.2/ath79_generic/openwrt-22.03.2-ath79-generic.manifest
22.03.2,ath79/generic,uhttpd-mod-ubus,2022-08-12-e3395cd9-1,research-os/data/openwrt-v2-snapshots/releases/22.03.2/ath79_generic/openwrt-22.03.2-ath79-generic.manifest
22.03.2,ath79/generic,urandom-seed,3,research-os/data/openwrt-v2-snapshots/releases/22.03.2/ath79_generic/openwrt-22.03.2-ath79-generic.manifest
22.03.2,ath79/generic,urngd,2020-01-21-c7f7b6b6-1,research-os/data/openwrt-v2-snapshots/releases/22.03.2/ath79_generic/openwrt-22.03.2-ath79-generic.manifest
22.03.2,ath79/generic,usign,2020-05-23-f1f65026-1,research-os/data/openwrt-v2-snapshots/releases/22.03.2/ath79_generic/openwrt-22.03.2-ath79-generic.manifest
22.03.2,ath79/generic,wireless-regdb,2022.08.12-1,research-os/data/openwrt-v2-snapshots/releases/22.03.2/ath79_generic/openwrt-22.03.2-ath79-generic.manifest
22.03.2,ath79/generic,wpad-basic-wolfssl,2022-01-16-cff80b4f-13.1,research-os/data/openwrt-v2-snapshots/releases/22.03.2/ath79_generic/openwrt-22.03.2-ath79-generic.manifest
22.03.2,x86/64,base-files,1494-r19803-9a599fee93,research-os/data/openwrt-v2-snapshots/releases/22.03.2/x86_64/openwrt-22.03.2-x86-64.manifest
22.03.2,x86/64,busybox,1.35.0-4,research-os/data/openwrt-v2-snapshots/releases/22.03.2/x86_64/openwrt-22.03.2-x86-64.manifest
22.03.2,x86/64,ca-bundle,20211016-1,research-os/data/openwrt-v2-snapshots/releases/22.03.2/x86_64/openwrt-22.03.2-x86-64.manifest
22.03.2,x86/64,cgi-io,2022-08-10-901b0f04-21,research-os/data/openwrt-v2-snapshots/releases/22.03.2/x86_64/openwrt-22.03.2-x86-64.manifest
22.03.2,x86/64,dnsmasq,2.86-14,research-os/data/openwrt-v2-snapshots/releases/22.03.2/x86_64/openwrt-22.03.2-x86-64.manifest
22.03.2,x86/64,dropbear,2022.82-2,research-os/data/openwrt-v2-snapshots/releases/22.03.2/x86_64/openwrt-22.03.2-x86-64.manifest
22.03.2,x86/64,e2fsprogs,1.46.5-1,research-os/data/openwrt-v2-snapshots/releases/22.03.2/x86_64/openwrt-22.03.2-x86-64.manifest
22.03.2,x86/64,firewall4,2022-10-14-4fbf6d75-1,research-os/data/openwrt-v2-snapshots/releases/22.03.2/x86_64/openwrt-22.03.2-x86-64.manifest
22.03.2,x86/64,fstools,2022-06-02-93369be0-2,research-os/data/openwrt-v2-snapshots/releases/22.03.2/x86_64/openwrt-22.03.2-x86-64.manifest
22.03.2,x86/64,fwtool,2019-11-12-8f7fe925-1,research-os/data/openwrt-v2-snapshots/releases/22.03.2/x86_64/openwrt-22.03.2-x86-64.manifest
22.03.2,x86/64,getrandom,2021-08-03-205defb5-2,research-os/data/openwrt-v2-snapshots/releases/22.03.2/x86_64/openwrt-22.03.2-x86-64.manifest
22.03.2,x86/64,grub2,2.06-3,research-os/data/openwrt-v2-snapshots/releases/22.03.2/x86_64/openwrt-22.03.2-x86-64.manifest
22.03.2,x86/64,grub2-bios-setup,2.06-3,research-os/data/openwrt-v2-snapshots/releases/22.03.2/x86_64/openwrt-22.03.2-x86-64.manifest
22.03.2,x86/64,grub2-efi,2.06-3,research-os/data/openwrt-v2-snapshots/releases/22.03.2/x86_64/openwrt-22.03.2-x86-64.manifest
22.03.2,x86/64,jansson4,2.13.1-2,research-os/data/openwrt-v2-snapshots/releases/22.03.2/x86_64/openwrt-22.03.2-x86-64.manifest
22.03.2,x86/64,jshn,2022-05-15-d2223ef9-1,research-os/data/openwrt-v2-snapshots/releases/22.03.2/x86_64/openwrt-22.03.2-x86-64.manifest
22.03.2,x86/64,jsonfilter,2018-02-04-c7e938d6-1,research-os/data/openwrt-v2-snapshots/releases/22.03.2/x86_64/openwrt-22.03.2-x86-64.manifest
22.03.2,x86/64,kernel,5.10.146-1-5d4fa2bd675198961db287e63a2370e2,research-os/data/openwrt-v2-snapshots/releases/22.03.2/x86_64/openwrt-22.03.2-x86-64.manifest
22.03.2,x86/64,kmod-button-hotplug,5.10.146-3,research-os/data/openwrt-v2-snapshots/releases/22.03.2/x86_64/openwrt-22.03.2-x86-64.manifest
22.03.2,x86/64,kmod-crypto-crc32c,5.10.146-1,research-os/data/openwrt-v2-snapshots/releases/22.03.2/x86_64/openwrt-22.03.2-x86-64.manifest
22.03.2,x86/64,kmod-crypto-hash,5.10.146-1,research-os/data/openwrt-v2-snapshots/releases/22.03.2/x86_64/openwrt-22.03.2-x86-64.manifest
22.03.2,x86/64,kmod-fs-vfat,5.10.146-1,research-os/data/openwrt-v2-snapshots/releases/22.03.2/x86_64/openwrt-22.03.2-x86-64.manifest
22.03.2,x86/64,kmod-input-core,5.10.146-1,research-os/data/openwrt-v2-snapshots/releases/22.03.2/x86_64/openwrt-22.03.2-x86-64.manifest
22.03.2,x86/64,kmod-lib-crc-ccitt,5.10.146-1,research-os/data/openwrt-v2-snapshots/releases/22.03.2/x86_64/openwrt-22.03.2-x86-64.manifest
22.03.2,x86/64,kmod-lib-crc32c,5.10.146-1,research-os/data/openwrt-v2-snapshots/releases/22.03.2/x86_64/openwrt-22.03.2-x86-64.manifest
22.03.2,x86/64,kmod-nf-conntrack,5.10.146-1,research-os/data/openwrt-v2-snapshots/releases/22.03.2/x86_64/openwrt-22.03.2-x86-64.manifest
22.03.2,x86/64,kmod-nf-conntrack6,5.10.146-1,research-os/data/openwrt-v2-snapshots/releases/22.03.2/x86_64/openwrt-22.03.2-x86-64.manifest
22.03.2,x86/64,kmod-nf-flow,5.10.146-1,research-os/data/openwrt-v2-snapshots/releases/22.03.2/x86_64/openwrt-22.03.2-x86-64.manifest
22.03.2,x86/64,kmod-nf-log,5.10.146-1,research-os/data/openwrt-v2-snapshots/releases/22.03.2/x86_64/openwrt-22.03.2-x86-64.manifest
22.03.2,x86/64,kmod-nf-log6,5.10.146-1,research-os/data/openwrt-v2-snapshots/releases/22.03.2/x86_64/openwrt-22.03.2-x86-64.manifest
22.03.2,x86/64,kmod-nf-nat,5.10.146-1,research-os/data/openwrt-v2-snapshots/releases/22.03.2/x86_64/openwrt-22.03.2-x86-64.manifest
22.03.2,x86/64,kmod-nf-reject,5.10.146-1,research-os/data/openwrt-v2-snapshots/releases/22.03.2/x86_64/openwrt-22.03.2-x86-64.manifest
22.03.2,x86/64,kmod-nf-reject6,5.10.146-1,research-os/data/openwrt-v2-snapshots/releases/22.03.2/x86_64/openwrt-22.03.2-x86-64.manifest
22.03.2,x86/64,kmod-nfnetlink,5.10.146-1,research-os/data/openwrt-v2-snapshots/releases/22.03.2/x86_64/openwrt-22.03.2-x86-64.manifest
22.03.2,x86/64,kmod-nft-core,5.10.146-1,research-os/data/openwrt-v2-snapshots/releases/22.03.2/x86_64/openwrt-22.03.2-x86-64.manifest
22.03.2,x86/64,kmod-nft-fib,5.10.146-1,research-os/data/openwrt-v2-snapshots/releases/22.03.2/x86_64/openwrt-22.03.2-x86-64.manifest
22.03.2,x86/64,kmod-nft-nat,5.10.146-1,research-os/data/openwrt-v2-snapshots/releases/22.03.2/x86_64/openwrt-22.03.2-x86-64.manifest
22.03.2,x86/64,kmod-nft-offload,5.10.146-1,research-os/data/openwrt-v2-snapshots/releases/22.03.2/x86_64/openwrt-22.03.2-x86-64.manifest
22.03.2,x86/64,kmod-nls-base,5.10.146-1,research-os/data/openwrt-v2-snapshots/releases/22.03.2/x86_64/openwrt-22.03.2-x86-64.manifest
22.03.2,x86/64,kmod-nls-cp437,5.10.146-1,research-os/data/openwrt-v2-snapshots/releases/22.03.2/x86_64/openwrt-22.03.2-x86-64.manifest
22.03.2,x86/64,kmod-nls-iso8859-1,5.10.146-1,research-os/data/openwrt-v2-snapshots/releases/22.03.2/x86_64/openwrt-22.03.2-x86-64.manifest
22.03.2,x86/64,kmod-nls-utf8,5.10.146-1,research-os/data/openwrt-v2-snapshots/releases/22.03.2/x86_64/openwrt-22.03.2-x86-64.manifest
22.03.2,x86/64,kmod-ppp,5.10.146-1,research-os/data/openwrt-v2-snapshots/releases/22.03.2/x86_64/openwrt-22.03.2-x86-64.manifest
22.03.2,x86/64,kmod-pppoe,5.10.146-1,research-os/data/openwrt-v2-snapshots/releases/22.03.2/x86_64/openwrt-22.03.2-x86-64.manifest
22.03.2,x86/64,kmod-pppox,5.10.146-1,research-os/data/openwrt-v2-snapshots/releases/22.03.2/x86_64/openwrt-22.03.2-x86-64.manifest
22.03.2,x86/64,kmod-slhc,5.10.146-1,research-os/data/openwrt-v2-snapshots/releases/22.03.2/x86_64/openwrt-22.03.2-x86-64.manifest
22.03.2,x86/64,libblkid1,2.37.3-3,research-os/data/openwrt-v2-snapshots/releases/22.03.2/x86_64/openwrt-22.03.2-x86-64.manifest
22.03.2,x86/64,libblobmsg-json20220515,2022-05-15-d2223ef9-1,research-os/data/openwrt-v2-snapshots/releases/22.03.2/x86_64/openwrt-22.03.2-x86-64.manifest
22.03.2,x86/64,libc,1.2.3-4,research-os/data/openwrt-v2-snapshots/releases/22.03.2/x86_64/openwrt-22.03.2-x86-64.manifest
22.03.2,x86/64,libcomerr0,1.46.5-1,research-os/data/openwrt-v2-snapshots/releases/22.03.2/x86_64/openwrt-22.03.2-x86-64.manifest
22.03.2,x86/64,libext2fs2,1.46.5-1,research-os/data/openwrt-v2-snapshots/releases/22.03.2/x86_64/openwrt-22.03.2-x86-64.manifest
22.03.2,x86/64,libf2fs6,1.14.0-3,research-os/data/openwrt-v2-snapshots/releases/22.03.2/x86_64/openwrt-22.03.2-x86-64.manifest
22.03.2,x86/64,libgcc1,11.2.0-4,research-os/data/openwrt-v2-snapshots/releases/22.03.2/x86_64/openwrt-22.03.2-x86-64.manifest
22.03.2,x86/64,libiwinfo-data,2022-08-19-0dad3e66-1,research-os/data/openwrt-v2-snapshots/releases/22.03.2/x86_64/openwrt-22.03.2-x86-64.manifest
22.03.2,x86/64,libiwinfo-lua,2022-08-19-0dad3e66-1,research-os/data/openwrt-v2-snapshots/releases/22.03.2/x86_64/openwrt-22.03.2-x86-64.manifest
22.03.2,x86/64,libiwinfo20210430,2022-08-19-0dad3e66-1,research-os/data/openwrt-v2-snapshots/releases/22.03.2/x86_64/openwrt-22.03.2-x86-64.manifest
22.03.2,x86/64,libjson-c5,0.15-2,research-os/data/openwrt-v2-snapshots/releases/22.03.2/x86_64/openwrt-22.03.2-x86-64.manifest
22.03.2,x86/64,libjson-script20220515,2022-05-15-d2223ef9-1,research-os/data/openwrt-v2-snapshots/releases/22.03.2/x86_64/openwrt-22.03.2-x86-64.manifest
22.03.2,x86/64,liblua5.1.5,5.1.5-10,research-os/data/openwrt-v2-snapshots/releases/22.03.2/x86_64/openwrt-22.03.2-x86-64.manifest
22.03.2,x86/64,liblucihttp-lua,2022-07-08-6e68a106-1,research-os/data/openwrt-v2-snapshots/releases/22.03.2/x86_64/openwrt-22.03.2-x86-64.manifest
22.03.2,x86/64,liblucihttp0,2022-07-08-6e68a106-1,research-os/data/openwrt-v2-snapshots/releases/22.03.2/x86_64/openwrt-22.03.2-x86-64.manifest
22.03.2,x86/64,libmnl0,1.0.5-1,research-os/data/openwrt-v2-snapshots/releases/22.03.2/x86_64/openwrt-22.03.2-x86-64.manifest
22.03.2,x86/64,libnftnl11,1.2.1-1,research-os/data/openwrt-v2-snapshots/releases/22.03.2/x86_64/openwrt-22.03.2-x86-64.manifest
22.03.2,x86/64,libnl-tiny1,2021-11-21-8e0555fb-1,research-os/data/openwrt-v2-snapshots/releases/22.03.2/x86_64/openwrt-22.03.2-x86-64.manifest
22.03.2,x86/64,libpthread,1.2.3-4,research-os/data/openwrt-v2-snapshots/releases/22.03.2/x86_64/openwrt-22.03.2-x86-64.manifest
22.03.2,x86/64,librt,1.2.3-4,research-os/data/openwrt-v2-snapshots/releases/22.03.2/x86_64/openwrt-22.03.2-x86-64.manifest
22.03.2,x86/64,libsmartcols1,2.37.3-3,research-os/data/openwrt-v2-snapshots/releases/22.03.2/x86_64/openwrt-22.03.2-x86-64.manifest
22.03.2,x86/64,libss2,1.46.5-1,research-os/data/openwrt-v2-snapshots/releases/22.03.2/x86_64/openwrt-22.03.2-x86-64.manifest
22.03.2,x86/64,libubox20220515,2022-05-15-d2223ef9-1,research-os/data/openwrt-v2-snapshots/releases/22.03.2/x86_64/openwrt-22.03.2-x86-64.manifest
22.03.2,x86/64,libubus-lua,2022-06-01-2bebf93c-1,research-os/data/openwrt-v2-snapshots/releases/22.03.2/x86_64/openwrt-22.03.2-x86-64.manifest
22.03.2,x86/64,libubus20220601,2022-06-01-2bebf93c-1,research-os/data/openwrt-v2-snapshots/releases/22.03.2/x86_64/openwrt-22.03.2-x86-64.manifest
22.03.2,x86/64,libuci20130104,2021-10-22-f84f49f0-6,research-os/data/openwrt-v2-snapshots/releases/22.03.2/x86_64/openwrt-22.03.2-x86-64.manifest
22.03.2,x86/64,libuclient20201210,2021-05-14-6a6011df-1,research-os/data/openwrt-v2-snapshots/releases/22.03.2/x86_64/openwrt-22.03.2-x86-64.manifest
22.03.2,x86/64,libucode20220812,2022-10-07-4ae70721-1,research-os/data/openwrt-v2-snapshots/releases/22.03.2/x86_64/openwrt-22.03.2-x86-64.manifest
22.03.2,x86/64,libustream-wolfssl20201210,2022-01-16-868fd881-2,research-os/data/openwrt-v2-snapshots/releases/22.03.2/x86_64/openwrt-22.03.2-x86-64.manifest
22.03.2,x86/64,libuuid1,2.37.3-3,research-os/data/openwrt-v2-snapshots/releases/22.03.2/x86_64/openwrt-22.03.2-x86-64.manifest
22.03.2,x86/64,libwolfssl5.5.1.ee39414e,5.5.1-stable-3,research-os/data/openwrt-v2-snapshots/releases/22.03.2/x86_64/openwrt-22.03.2-x86-64.manifest
22.03.2,x86/64,logd,2021-08-03-205defb5-2,research-os/data/openwrt-v2-snapshots/releases/22.03.2/x86_64/openwrt-22.03.2-x86-64.manifest
22.03.2,x86/64,lua,5.1.5-10,research-os/data/openwrt-v2-snapshots/releases/22.03.2/x86_64/openwrt-22.03.2-x86-64.manifest
22.03.2,x86/64,luci,git-20.074.84698-ead5e81,research-os/data/openwrt-v2-snapshots/releases/22.03.2/x86_64/openwrt-22.03.2-x86-64.manifest
22.03.2,x86/64,luci-app-firewall,git-22.089.67563-7e3c1b4,research-os/data/openwrt-v2-snapshots/releases/22.03.2/x86_64/openwrt-22.03.2-x86-64.manifest
22.03.2,x86/64,luci-app-opkg,git-22.273.29004-9f6876b,research-os/data/openwrt-v2-snapshots/releases/22.03.2/x86_64/openwrt-22.03.2-x86-64.manifest
22.03.2,x86/64,luci-base,git-22.288.45147-96ec0cd,research-os/data/openwrt-v2-snapshots/releases/22.03.2/x86_64/openwrt-22.03.2-x86-64.manifest
22.03.2,x86/64,luci-lib-base,git-20.232.39649-1f6dc29,research-os/data/openwrt-v2-snapshots/releases/22.03.2/x86_64/openwrt-22.03.2-x86-64.manifest
22.03.2,x86/64,luci-lib-ip,git-20.250.76529-62505bd,research-os/data/openwrt-v2-snapshots/releases/22.03.2/x86_64/openwrt-22.03.2-x86-64.manifest
22.03.2,x86/64,luci-lib-jsonc,git-22.097.61921-7513345,research-os/data/openwrt-v2-snapshots/releases/22.03.2/x86_64/openwrt-22.03.2-x86-64.manifest
22.03.2,x86/64,luci-lib-nixio,git-20.234.06894-c4a4e43,research-os/data/openwrt-v2-snapshots/releases/22.03.2/x86_64/openwrt-22.03.2-x86-64.manifest
22.03.2,x86/64,luci-mod-admin-full,git-19.253.48496-3f93650,research-os/data/openwrt-v2-snapshots/releases/22.03.2/x86_64/openwrt-22.03.2-x86-64.manifest
22.03.2,x86/64,luci-mod-network,git-22.244.54818-b13d8c7,research-os/data/openwrt-v2-snapshots/releases/22.03.2/x86_64/openwrt-22.03.2-x86-64.manifest
22.03.2,x86/64,luci-mod-status,git-22.189.48501-6731190,research-os/data/openwrt-v2-snapshots/releases/22.03.2/x86_64/openwrt-22.03.2-x86-64.manifest
22.03.2,x86/64,luci-mod-system,git-22.264.46172-b6b7da4,research-os/data/openwrt-v2-snapshots/releases/22.03.2/x86_64/openwrt-22.03.2-x86-64.manifest
22.03.2,x86/64,luci-proto-ipv6,git-21.148.48881-79947af,research-os/data/openwrt-v2-snapshots/releases/22.03.2/x86_64/openwrt-22.03.2-x86-64.manifest
22.03.2,x86/64,luci-proto-ppp,git-21.158.38888-88b9d84,research-os/data/openwrt-v2-snapshots/releases/22.03.2/x86_64/openwrt-22.03.2-x86-64.manifest
22.03.2,x86/64,luci-ssl,git-20.244.36115-e10f954,research-os/data/openwrt-v2-snapshots/releases/22.03.2/x86_64/openwrt-22.03.2-x86-64.manifest
22.03.2,x86/64,luci-theme-bootstrap,git-22.288.45147-96ec0cd,research-os/data/openwrt-v2-snapshots/releases/22.03.2/x86_64/openwrt-22.03.2-x86-64.manifest
22.03.2,x86/64,mkf2fs,1.14.0-3,research-os/data/openwrt-v2-snapshots/releases/22.03.2/x86_64/openwrt-22.03.2-x86-64.manifest
22.03.2,x86/64,mtd,26,research-os/data/openwrt-v2-snapshots/releases/22.03.2/x86_64/openwrt-22.03.2-x86-64.manifest
22.03.2,x86/64,netifd,2022-08-25-76d2d41b-1,research-os/data/openwrt-v2-snapshots/releases/22.03.2/x86_64/openwrt-22.03.2-x86-64.manifest
22.03.2,x86/64,nftables-json,1.0.2-2.1,research-os/data/openwrt-v2-snapshots/releases/22.03.2/x86_64/openwrt-22.03.2-x86-64.manifest
22.03.2,x86/64,odhcp6c,2022-08-05-7d21e8d8-18,research-os/data/openwrt-v2-snapshots/releases/22.03.2/x86_64/openwrt-22.03.2-x86-64.manifest
22.03.2,x86/64,odhcpd-ipv6only,2022-03-22-860ca900-1,research-os/data/openwrt-v2-snapshots/releases/22.03.2/x86_64/openwrt-22.03.2-x86-64.manifest
22.03.2,x86/64,openwrt-keyring,2022-03-25-62471e69-3,research-os/data/openwrt-v2-snapshots/releases/22.03.2/x86_64/openwrt-22.03.2-x86-64.manifest
22.03.2,x86/64,opkg,2022-02-24-d038e5b6-1,research-os/data/openwrt-v2-snapshots/releases/22.03.2/x86_64/openwrt-22.03.2-x86-64.manifest
22.03.2,x86/64,partx-utils,2.37.3-3,research-os/data/openwrt-v2-snapshots/releases/22.03.2/x86_64/openwrt-22.03.2-x86-64.manifest
22.03.2,x86/64,ppp,2.4.9.git-2021-01-04-3,research-os/data/openwrt-v2-snapshots/releases/22.03.2/x86_64/openwrt-22.03.2-x86-64.manifest
22.03.2,x86/64,ppp-mod-pppoe,2.4.9.git-2021-01-04-3,research-os/data/openwrt-v2-snapshots/releases/22.03.2/x86_64/openwrt-22.03.2-x86-64.manifest
22.03.2,x86/64,procd,2022-06-01-7a009685-1,research-os/data/openwrt-v2-snapshots/releases/22.03.2/x86_64/openwrt-22.03.2-x86-64.manifest
22.03.2,x86/64,procd-seccomp,2022-06-01-7a009685-1,research-os/data/openwrt-v2-snapshots/releases/22.03.2/x86_64/openwrt-22.03.2-x86-64.manifest
22.03.2,x86/64,procd-ujail,2022-06-01-7a009685-1,research-os/data/openwrt-v2-snapshots/releases/22.03.2/x86_64/openwrt-22.03.2-x86-64.manifest
22.03.2,x86/64,px5g-wolfssl,5.1,research-os/data/openwrt-v2-snapshots/releases/22.03.2/x86_64/openwrt-22.03.2-x86-64.manifest
22.03.2,x86/64,rpcd,2022-09-21-8c852b65-1,research-os/data/openwrt-v2-snapshots/releases/22.03.2/x86_64/openwrt-22.03.2-x86-64.manifest
22.03.2,x86/64,rpcd-mod-file,2022-09-21-8c852b65-1,research-os/data/openwrt-v2-snapshots/releases/22.03.2/x86_64/openwrt-22.03.2-x86-64.manifest
22.03.2,x86/64,rpcd-mod-iwinfo,2022-09-21-8c852b65-1,research-os/data/openwrt-v2-snapshots/releases/22.03.2/x86_64/openwrt-22.03.2-x86-64.manifest
22.03.2,x86/64,rpcd-mod-luci,20210614,research-os/data/openwrt-v2-snapshots/releases/22.03.2/x86_64/openwrt-22.03.2-x86-64.manifest
22.03.2,x86/64,rpcd-mod-rrdns,20170710,research-os/data/openwrt-v2-snapshots/releases/22.03.2/x86_64/openwrt-22.03.2-x86-64.manifest
22.03.2,x86/64,ubox,2021-08-03-205defb5-2,research-os/data/openwrt-v2-snapshots/releases/22.03.2/x86_64/openwrt-22.03.2-x86-64.manifest
22.03.2,x86/64,ubus,2022-06-01-2bebf93c-1,research-os/data/openwrt-v2-snapshots/releases/22.03.2/x86_64/openwrt-22.03.2-x86-64.manifest
22.03.2,x86/64,ubusd,2022-06-01-2bebf93c-1,research-os/data/openwrt-v2-snapshots/releases/22.03.2/x86_64/openwrt-22.03.2-x86-64.manifest
22.03.2,x86/64,uci,2021-10-22-f84f49f0-6,research-os/data/openwrt-v2-snapshots/releases/22.03.2/x86_64/openwrt-22.03.2-x86-64.manifest
22.03.2,x86/64,uclient-fetch,2021-05-14-6a6011df-1,research-os/data/openwrt-v2-snapshots/releases/22.03.2/x86_64/openwrt-22.03.2-x86-64.manifest
22.03.2,x86/64,ucode,2022-10-07-4ae70721-1,research-os/data/openwrt-v2-snapshots/releases/22.03.2/x86_64/openwrt-22.03.2-x86-64.manifest
22.03.2,x86/64,ucode-mod-fs,2022-10-07-4ae70721-1,research-os/data/openwrt-v2-snapshots/releases/22.03.2/x86_64/openwrt-22.03.2-x86-64.manifest
22.03.2,x86/64,ucode-mod-ubus,2022-10-07-4ae70721-1,research-os/data/openwrt-v2-snapshots/releases/22.03.2/x86_64/openwrt-22.03.2-x86-64.manifest
22.03.2,x86/64,ucode-mod-uci,2022-10-07-4ae70721-1,research-os/data/openwrt-v2-snapshots/releases/22.03.2/x86_64/openwrt-22.03.2-x86-64.manifest
22.03.2,x86/64,uhttpd,2022-08-12-e3395cd9-1,research-os/data/openwrt-v2-snapshots/releases/22.03.2/x86_64/openwrt-22.03.2-x86-64.manifest
22.03.2,x86/64,uhttpd-mod-ubus,2022-08-12-e3395cd9-1,research-os/data/openwrt-v2-snapshots/releases/22.03.2/x86_64/openwrt-22.03.2-x86-64.manifest
22.03.2,x86/64,urandom-seed,3,research-os/data/openwrt-v2-snapshots/releases/22.03.2/x86_64/openwrt-22.03.2-x86-64.manifest
22.03.2,x86/64,urngd,2020-01-21-c7f7b6b6-1,research-os/data/openwrt-v2-snapshots/releases/22.03.2/x86_64/openwrt-22.03.2-x86-64.manifest
22.03.2,x86/64,usign,2020-05-23-f1f65026-1,research-os/data/openwrt-v2-snapshots/releases/22.03.2/x86_64/openwrt-22.03.2-x86-64.manifest
22.03.3,ath79/generic,base-files,1498-r20028-43d71ad93e,research-os/data/openwrt-v2-snapshots/releases/22.03.3/ath79_generic/openwrt-22.03.3-ath79-generic.manifest
22.03.3,ath79/generic,busybox,1.35.0-5,research-os/data/openwrt-v2-snapshots/releases/22.03.3/ath79_generic/openwrt-22.03.3-ath79-generic.manifest
22.03.3,ath79/generic,ca-bundle,20211016-1,research-os/data/openwrt-v2-snapshots/releases/22.03.3/ath79_generic/openwrt-22.03.3-ath79-generic.manifest
22.03.3,ath79/generic,cgi-io,2022-08-10-901b0f04-21,research-os/data/openwrt-v2-snapshots/releases/22.03.3/ath79_generic/openwrt-22.03.3-ath79-generic.manifest
22.03.3,ath79/generic,dnsmasq,2.86-15,research-os/data/openwrt-v2-snapshots/releases/22.03.3/ath79_generic/openwrt-22.03.3-ath79-generic.manifest
22.03.3,ath79/generic,dropbear,2022.82-2,research-os/data/openwrt-v2-snapshots/releases/22.03.3/ath79_generic/openwrt-22.03.3-ath79-generic.manifest
22.03.3,ath79/generic,firewall4,2022-10-18-7ae5e14b-1,research-os/data/openwrt-v2-snapshots/releases/22.03.3/ath79_generic/openwrt-22.03.3-ath79-generic.manifest
22.03.3,ath79/generic,fstools,2022-06-02-93369be0-2,research-os/data/openwrt-v2-snapshots/releases/22.03.3/ath79_generic/openwrt-22.03.3-ath79-generic.manifest
22.03.3,ath79/generic,fwtool,2019-11-12-8f7fe925-1,research-os/data/openwrt-v2-snapshots/releases/22.03.3/ath79_generic/openwrt-22.03.3-ath79-generic.manifest
22.03.3,ath79/generic,getrandom,2021-08-03-205defb5-2,research-os/data/openwrt-v2-snapshots/releases/22.03.3/ath79_generic/openwrt-22.03.3-ath79-generic.manifest
22.03.3,ath79/generic,hostapd-common,2022-01-16-cff80b4f-15.2,research-os/data/openwrt-v2-snapshots/releases/22.03.3/ath79_generic/openwrt-22.03.3-ath79-generic.manifest
22.03.3,ath79/generic,iw,5.16-1,research-os/data/openwrt-v2-snapshots/releases/22.03.3/ath79_generic/openwrt-22.03.3-ath79-generic.manifest
22.03.3,ath79/generic,iwinfo,2022-12-15-8d158096-1,research-os/data/openwrt-v2-snapshots/releases/22.03.3/ath79_generic/openwrt-22.03.3-ath79-generic.manifest
22.03.3,ath79/generic,jansson4,2.13.1-2,research-os/data/openwrt-v2-snapshots/releases/22.03.3/ath79_generic/openwrt-22.03.3-ath79-generic.manifest
22.03.3,ath79/generic,jshn,2022-05-15-d2223ef9-1,research-os/data/openwrt-v2-snapshots/releases/22.03.3/ath79_generic/openwrt-22.03.3-ath79-generic.manifest
22.03.3,ath79/generic,jsonfilter,2018-02-04-c7e938d6-1,research-os/data/openwrt-v2-snapshots/releases/22.03.3/ath79_generic/openwrt-22.03.3-ath79-generic.manifest
22.03.3,ath79/generic,kernel,5.10.161-1-597dfd90b9cbdd7e9f0f4cbf4279a279,research-os/data/openwrt-v2-snapshots/releases/22.03.3/ath79_generic/openwrt-22.03.3-ath79-generic.manifest
22.03.3,ath79/generic,kmod-ath,5.10.161+5.15.81-1-1,research-os/data/openwrt-v2-snapshots/releases/22.03.3/ath79_generic/openwrt-22.03.3-ath79-generic.manifest
22.03.3,ath79/generic,kmod-ath9k,5.10.161+5.15.81-1-1,research-os/data/openwrt-v2-snapshots/releases/22.03.3/ath79_generic/openwrt-22.03.3-ath79-generic.manifest
22.03.3,ath79/generic,kmod-ath9k-common,5.10.161+5.15.81-1-1,research-os/data/openwrt-v2-snapshots/releases/22.03.3/ath79_generic/openwrt-22.03.3-ath79-generic.manifest
22.03.3,ath79/generic,kmod-cfg80211,5.10.161+5.15.81-1-1,research-os/data/openwrt-v2-snapshots/releases/22.03.3/ath79_generic/openwrt-22.03.3-ath79-generic.manifest
22.03.3,ath79/generic,kmod-crypto-aead,5.10.161-1,research-os/data/openwrt-v2-snapshots/releases/22.03.3/ath79_generic/openwrt-22.03.3-ath79-generic.manifest
22.03.3,ath79/generic,kmod-crypto-ccm,5.10.161-1,research-os/data/openwrt-v2-snapshots/releases/22.03.3/ath79_generic/openwrt-22.03.3-ath79-generic.manifest
22.03.3,ath79/generic,kmod-crypto-cmac,5.10.161-1,research-os/data/openwrt-v2-snapshots/releases/22.03.3/ath79_generic/openwrt-22.03.3-ath79-generic.manifest
22.03.3,ath79/generic,kmod-crypto-crc32c,5.10.161-1,research-os/data/openwrt-v2-snapshots/releases/22.03.3/ath79_generic/openwrt-22.03.3-ath79-generic.manifest
22.03.3,ath79/generic,kmod-crypto-ctr,5.10.161-1,research-os/data/openwrt-v2-snapshots/releases/22.03.3/ath79_generic/openwrt-22.03.3-ath79-generic.manifest
22.03.3,ath79/generic,kmod-crypto-gcm,5.10.161-1,research-os/data/openwrt-v2-snapshots/releases/22.03.3/ath79_generic/openwrt-22.03.3-ath79-generic.manifest
22.03.3,ath79/generic,kmod-crypto-gf128,5.10.161-1,research-os/data/openwrt-v2-snapshots/releases/22.03.3/ath79_generic/openwrt-22.03.3-ath79-generic.manifest
22.03.3,ath79/generic,kmod-crypto-ghash,5.10.161-1,research-os/data/openwrt-v2-snapshots/releases/22.03.3/ath79_generic/openwrt-22.03.3-ath79-generic.manifest
22.03.3,ath79/generic,kmod-crypto-hash,5.10.161-1,research-os/data/openwrt-v2-snapshots/releases/22.03.3/ath79_generic/openwrt-22.03.3-ath79-generic.manifest
22.03.3,ath79/generic,kmod-crypto-hmac,5.10.161-1,research-os/data/openwrt-v2-snapshots/releases/22.03.3/ath79_generic/openwrt-22.03.3-ath79-generic.manifest
22.03.3,ath79/generic,kmod-crypto-manager,5.10.161-1,research-os/data/openwrt-v2-snapshots/releases/22.03.3/ath79_generic/openwrt-22.03.3-ath79-generic.manifest
22.03.3,ath79/generic,kmod-crypto-null,5.10.161-1,research-os/data/openwrt-v2-snapshots/releases/22.03.3/ath79_generic/openwrt-22.03.3-ath79-generic.manifest
22.03.3,ath79/generic,kmod-crypto-rng,5.10.161-1,research-os/data/openwrt-v2-snapshots/releases/22.03.3/ath79_generic/openwrt-22.03.3-ath79-generic.manifest
22.03.3,ath79/generic,kmod-crypto-seqiv,5.10.161-1,research-os/data/openwrt-v2-snapshots/releases/22.03.3/ath79_generic/openwrt-22.03.3-ath79-generic.manifest
22.03.3,ath79/generic,kmod-crypto-sha256,5.10.161-1,research-os/data/openwrt-v2-snapshots/releases/22.03.3/ath79_generic/openwrt-22.03.3-ath79-generic.manifest
22.03.3,ath79/generic,kmod-gpio-button-hotplug,5.10.161-3,research-os/data/openwrt-v2-snapshots/releases/22.03.3/ath79_generic/openwrt-22.03.3-ath79-generic.manifest
22.03.3,ath79/generic,kmod-lib-crc-ccitt,5.10.161-1,research-os/data/openwrt-v2-snapshots/releases/22.03.3/ath79_generic/openwrt-22.03.3-ath79-generic.manifest
22.03.3,ath79/generic,kmod-lib-crc32c,5.10.161-1,research-os/data/openwrt-v2-snapshots/releases/22.03.3/ath79_generic/openwrt-22.03.3-ath79-generic.manifest
22.03.3,ath79/generic,kmod-mac80211,5.10.161+5.15.81-1-1,research-os/data/openwrt-v2-snapshots/releases/22.03.3/ath79_generic/openwrt-22.03.3-ath79-generic.manifest
22.03.3,ath79/generic,kmod-nf-conntrack,5.10.161-1,research-os/data/openwrt-v2-snapshots/releases/22.03.3/ath79_generic/openwrt-22.03.3-ath79-generic.manifest
22.03.3,ath79/generic,kmod-nf-conntrack6,5.10.161-1,research-os/data/openwrt-v2-snapshots/releases/22.03.3/ath79_generic/openwrt-22.03.3-ath79-generic.manifest
22.03.3,ath79/generic,kmod-nf-flow,5.10.161-1,research-os/data/openwrt-v2-snapshots/releases/22.03.3/ath79_generic/openwrt-22.03.3-ath79-generic.manifest
22.03.3,ath79/generic,kmod-nf-log,5.10.161-1,research-os/data/openwrt-v2-snapshots/releases/22.03.3/ath79_generic/openwrt-22.03.3-ath79-generic.manifest
22.03.3,ath79/generic,kmod-nf-log6,5.10.161-1,research-os/data/openwrt-v2-snapshots/releases/22.03.3/ath79_generic/openwrt-22.03.3-ath79-generic.manifest
22.03.3,ath79/generic,kmod-nf-nat,5.10.161-1,research-os/data/openwrt-v2-snapshots/releases/22.03.3/ath79_generic/openwrt-22.03.3-ath79-generic.manifest
22.03.3,ath79/generic,kmod-nf-reject,5.10.161-1,research-os/data/openwrt-v2-snapshots/releases/22.03.3/ath79_generic/openwrt-22.03.3-ath79-generic.manifest
22.03.3,ath79/generic,kmod-nf-reject6,5.10.161-1,research-os/data/openwrt-v2-snapshots/releases/22.03.3/ath79_generic/openwrt-22.03.3-ath79-generic.manifest
22.03.3,ath79/generic,kmod-nfnetlink,5.10.161-1,research-os/data/openwrt-v2-snapshots/releases/22.03.3/ath79_generic/openwrt-22.03.3-ath79-generic.manifest
22.03.3,ath79/generic,kmod-nft-core,5.10.161-1,research-os/data/openwrt-v2-snapshots/releases/22.03.3/ath79_generic/openwrt-22.03.3-ath79-generic.manifest
22.03.3,ath79/generic,kmod-nft-fib,5.10.161-1,research-os/data/openwrt-v2-snapshots/releases/22.03.3/ath79_generic/openwrt-22.03.3-ath79-generic.manifest
22.03.3,ath79/generic,kmod-nft-nat,5.10.161-1,research-os/data/openwrt-v2-snapshots/releases/22.03.3/ath79_generic/openwrt-22.03.3-ath79-generic.manifest
22.03.3,ath79/generic,kmod-nft-offload,5.10.161-1,research-os/data/openwrt-v2-snapshots/releases/22.03.3/ath79_generic/openwrt-22.03.3-ath79-generic.manifest
22.03.3,ath79/generic,kmod-ppp,5.10.161-1,research-os/data/openwrt-v2-snapshots/releases/22.03.3/ath79_generic/openwrt-22.03.3-ath79-generic.manifest
22.03.3,ath79/generic,kmod-pppoe,5.10.161-1,research-os/data/openwrt-v2-snapshots/releases/22.03.3/ath79_generic/openwrt-22.03.3-ath79-generic.manifest
22.03.3,ath79/generic,kmod-pppox,5.10.161-1,research-os/data/openwrt-v2-snapshots/releases/22.03.3/ath79_generic/openwrt-22.03.3-ath79-generic.manifest
22.03.3,ath79/generic,kmod-slhc,5.10.161-1,research-os/data/openwrt-v2-snapshots/releases/22.03.3/ath79_generic/openwrt-22.03.3-ath79-generic.manifest
22.03.3,ath79/generic,libblobmsg-json20220515,2022-05-15-d2223ef9-1,research-os/data/openwrt-v2-snapshots/releases/22.03.3/ath79_generic/openwrt-22.03.3-ath79-generic.manifest
22.03.3,ath79/generic,libc,1.2.3-4,research-os/data/openwrt-v2-snapshots/releases/22.03.3/ath79_generic/openwrt-22.03.3-ath79-generic.manifest
22.03.3,ath79/generic,libgcc1,11.2.0-4,research-os/data/openwrt-v2-snapshots/releases/22.03.3/ath79_generic/openwrt-22.03.3-ath79-generic.manifest
22.03.3,ath79/generic,libiwinfo-data,2022-12-15-8d158096-1,research-os/data/openwrt-v2-snapshots/releases/22.03.3/ath79_generic/openwrt-22.03.3-ath79-generic.manifest
22.03.3,ath79/generic,libiwinfo-lua,2022-12-15-8d158096-1,research-os/data/openwrt-v2-snapshots/releases/22.03.3/ath79_generic/openwrt-22.03.3-ath79-generic.manifest
22.03.3,ath79/generic,libiwinfo20210430,2022-12-15-8d158096-1,research-os/data/openwrt-v2-snapshots/releases/22.03.3/ath79_generic/openwrt-22.03.3-ath79-generic.manifest
22.03.3,ath79/generic,libjson-c5,0.15-2,research-os/data/openwrt-v2-snapshots/releases/22.03.3/ath79_generic/openwrt-22.03.3-ath79-generic.manifest
22.03.3,ath79/generic,libjson-script20220515,2022-05-15-d2223ef9-1,research-os/data/openwrt-v2-snapshots/releases/22.03.3/ath79_generic/openwrt-22.03.3-ath79-generic.manifest
22.03.3,ath79/generic,liblua5.1.5,5.1.5-10,research-os/data/openwrt-v2-snapshots/releases/22.03.3/ath79_generic/openwrt-22.03.3-ath79-generic.manifest
22.03.3,ath79/generic,liblucihttp-lua,2022-07-08-6e68a106-1,research-os/data/openwrt-v2-snapshots/releases/22.03.3/ath79_generic/openwrt-22.03.3-ath79-generic.manifest
22.03.3,ath79/generic,liblucihttp0,2022-07-08-6e68a106-1,research-os/data/openwrt-v2-snapshots/releases/22.03.3/ath79_generic/openwrt-22.03.3-ath79-generic.manifest
22.03.3,ath79/generic,libmnl0,1.0.5-1,research-os/data/openwrt-v2-snapshots/releases/22.03.3/ath79_generic/openwrt-22.03.3-ath79-generic.manifest
22.03.3,ath79/generic,libnftnl11,1.2.1-2,research-os/data/openwrt-v2-snapshots/releases/22.03.3/ath79_generic/openwrt-22.03.3-ath79-generic.manifest
22.03.3,ath79/generic,libnl-tiny1,2021-11-21-8e0555fb-1,research-os/data/openwrt-v2-snapshots/releases/22.03.3/ath79_generic/openwrt-22.03.3-ath79-generic.manifest
22.03.3,ath79/generic,libpthread,1.2.3-4,research-os/data/openwrt-v2-snapshots/releases/22.03.3/ath79_generic/openwrt-22.03.3-ath79-generic.manifest
22.03.3,ath79/generic,libubox20220515,2022-05-15-d2223ef9-1,research-os/data/openwrt-v2-snapshots/releases/22.03.3/ath79_generic/openwrt-22.03.3-ath79-generic.manifest
22.03.3,ath79/generic,libubus-lua,2022-06-01-2bebf93c-1,research-os/data/openwrt-v2-snapshots/releases/22.03.3/ath79_generic/openwrt-22.03.3-ath79-generic.manifest
22.03.3,ath79/generic,libubus20220601,2022-06-01-2bebf93c-1,research-os/data/openwrt-v2-snapshots/releases/22.03.3/ath79_generic/openwrt-22.03.3-ath79-generic.manifest
22.03.3,ath79/generic,libuci20130104,2021-10-22-f84f49f0-6,research-os/data/openwrt-v2-snapshots/releases/22.03.3/ath79_generic/openwrt-22.03.3-ath79-generic.manifest
22.03.3,ath79/generic,libuclient20201210,2021-05-14-6a6011df-1,research-os/data/openwrt-v2-snapshots/releases/22.03.3/ath79_generic/openwrt-22.03.3-ath79-generic.manifest
22.03.3,ath79/generic,libucode20220812,2022-12-02-46d93c9c-1,research-os/data/openwrt-v2-snapshots/releases/22.03.3/ath79_generic/openwrt-22.03.3-ath79-generic.manifest
22.03.3,ath79/generic,libustream-wolfssl20201210,2022-12-08-9217ab46-2,research-os/data/openwrt-v2-snapshots/releases/22.03.3/ath79_generic/openwrt-22.03.3-ath79-generic.manifest
22.03.3,ath79/generic,libwolfssl5.5.4.ee39414e,5.5.4-stable-1,research-os/data/openwrt-v2-snapshots/releases/22.03.3/ath79_generic/openwrt-22.03.3-ath79-generic.manifest
22.03.3,ath79/generic,logd,2021-08-03-205defb5-2,research-os/data/openwrt-v2-snapshots/releases/22.03.3/ath79_generic/openwrt-22.03.3-ath79-generic.manifest
22.03.3,ath79/generic,lua,5.1.5-10,research-os/data/openwrt-v2-snapshots/releases/22.03.3/ath79_generic/openwrt-22.03.3-ath79-generic.manifest
22.03.3,ath79/generic,luci,git-20.074.84698-ead5e81,research-os/data/openwrt-v2-snapshots/releases/22.03.3/ath79_generic/openwrt-22.03.3-ath79-generic.manifest
22.03.3,ath79/generic,luci-app-firewall,git-22.089.67563-7e3c1b4,research-os/data/openwrt-v2-snapshots/releases/22.03.3/ath79_generic/openwrt-22.03.3-ath79-generic.manifest
22.03.3,ath79/generic,luci-app-opkg,git-22.273.29004-9f6876b,research-os/data/openwrt-v2-snapshots/releases/22.03.3/ath79_generic/openwrt-22.03.3-ath79-generic.manifest
22.03.3,ath79/generic,luci-base,git-22.361.69894-438c598,research-os/data/openwrt-v2-snapshots/releases/22.03.3/ath79_generic/openwrt-22.03.3-ath79-generic.manifest
22.03.3,ath79/generic,luci-lib-base,git-20.232.39649-1f6dc29,research-os/data/openwrt-v2-snapshots/releases/22.03.3/ath79_generic/openwrt-22.03.3-ath79-generic.manifest
22.03.3,ath79/generic,luci-lib-ip,git-20.250.76529-62505bd,research-os/data/openwrt-v2-snapshots/releases/22.03.3/ath79_generic/openwrt-22.03.3-ath79-generic.manifest
22.03.3,ath79/generic,luci-lib-jsonc,git-22.097.61921-7513345,research-os/data/openwrt-v2-snapshots/releases/22.03.3/ath79_generic/openwrt-22.03.3-ath79-generic.manifest
22.03.3,ath79/generic,luci-lib-nixio,git-20.234.06894-c4a4e43,research-os/data/openwrt-v2-snapshots/releases/22.03.3/ath79_generic/openwrt-22.03.3-ath79-generic.manifest
22.03.3,ath79/generic,luci-mod-admin-full,git-19.253.48496-3f93650,research-os/data/openwrt-v2-snapshots/releases/22.03.3/ath79_generic/openwrt-22.03.3-ath79-generic.manifest
22.03.3,ath79/generic,luci-mod-network,git-22.345.48602-4853e7b,research-os/data/openwrt-v2-snapshots/releases/22.03.3/ath79_generic/openwrt-22.03.3-ath79-generic.manifest
22.03.3,ath79/generic,luci-mod-status,git-22.302.42268-2878b35,research-os/data/openwrt-v2-snapshots/releases/22.03.3/ath79_generic/openwrt-22.03.3-ath79-generic.manifest
22.03.3,ath79/generic,luci-mod-system,git-22.339.34970-004e47c,research-os/data/openwrt-v2-snapshots/releases/22.03.3/ath79_generic/openwrt-22.03.3-ath79-generic.manifest
22.03.3,ath79/generic,luci-proto-ipv6,git-21.148.48881-79947af,research-os/data/openwrt-v2-snapshots/releases/22.03.3/ath79_generic/openwrt-22.03.3-ath79-generic.manifest
22.03.3,ath79/generic,luci-proto-ppp,git-21.158.38888-88b9d84,research-os/data/openwrt-v2-snapshots/releases/22.03.3/ath79_generic/openwrt-22.03.3-ath79-generic.manifest
22.03.3,ath79/generic,luci-ssl,git-20.244.36115-e10f954,research-os/data/openwrt-v2-snapshots/releases/22.03.3/ath79_generic/openwrt-22.03.3-ath79-generic.manifest
22.03.3,ath79/generic,luci-theme-bootstrap,git-22.288.45147-96ec0cd,research-os/data/openwrt-v2-snapshots/releases/22.03.3/ath79_generic/openwrt-22.03.3-ath79-generic.manifest
22.03.3,ath79/generic,mtd,26,research-os/data/openwrt-v2-snapshots/releases/22.03.3/ath79_generic/openwrt-22.03.3-ath79-generic.manifest
22.03.3,ath79/generic,netifd,2022-08-25-76d2d41b-1,research-os/data/openwrt-v2-snapshots/releases/22.03.3/ath79_generic/openwrt-22.03.3-ath79-generic.manifest
22.03.3,ath79/generic,nftables-json,1.0.2-2.1,research-os/data/openwrt-v2-snapshots/releases/22.03.3/ath79_generic/openwrt-22.03.3-ath79-generic.manifest
22.03.3,ath79/generic,odhcp6c,2022-08-05-7d21e8d8-18,research-os/data/openwrt-v2-snapshots/releases/22.03.3/ath79_generic/openwrt-22.03.3-ath79-generic.manifest
22.03.3,ath79/generic,odhcpd-ipv6only,2023-01-02-4a673e1c-2,research-os/data/openwrt-v2-snapshots/releases/22.03.3/ath79_generic/openwrt-22.03.3-ath79-generic.manifest
22.03.3,ath79/generic,openwrt-keyring,2022-03-25-62471e69-3,research-os/data/openwrt-v2-snapshots/releases/22.03.3/ath79_generic/openwrt-22.03.3-ath79-generic.manifest
22.03.3,ath79/generic,opkg,2022-02-24-d038e5b6-1,research-os/data/openwrt-v2-snapshots/releases/22.03.3/ath79_generic/openwrt-22.03.3-ath79-generic.manifest
22.03.3,ath79/generic,ppp,2.4.9.git-2021-01-04-3,research-os/data/openwrt-v2-snapshots/releases/22.03.3/ath79_generic/openwrt-22.03.3-ath79-generic.manifest
22.03.3,ath79/generic,ppp-mod-pppoe,2.4.9.git-2021-01-04-3,research-os/data/openwrt-v2-snapshots/releases/22.03.3/ath79_generic/openwrt-22.03.3-ath79-generic.manifest
22.03.3,ath79/generic,procd,2022-06-01-7a009685-2,research-os/data/openwrt-v2-snapshots/releases/22.03.3/ath79_generic/openwrt-22.03.3-ath79-generic.manifest
22.03.3,ath79/generic,procd-seccomp,2022-06-01-7a009685-2,research-os/data/openwrt-v2-snapshots/releases/22.03.3/ath79_generic/openwrt-22.03.3-ath79-generic.manifest
22.03.3,ath79/generic,procd-ujail,2022-06-01-7a009685-2,research-os/data/openwrt-v2-snapshots/releases/22.03.3/ath79_generic/openwrt-22.03.3-ath79-generic.manifest
22.03.3,ath79/generic,px5g-wolfssl,6.2,research-os/data/openwrt-v2-snapshots/releases/22.03.3/ath79_generic/openwrt-22.03.3-ath79-generic.manifest
22.03.3,ath79/generic,rpcd,2022-12-15-7de4820c-1,research-os/data/openwrt-v2-snapshots/releases/22.03.3/ath79_generic/openwrt-22.03.3-ath79-generic.manifest
22.03.3,ath79/generic,rpcd-mod-file,2022-12-15-7de4820c-1,research-os/data/openwrt-v2-snapshots/releases/22.03.3/ath79_generic/openwrt-22.03.3-ath79-generic.manifest
22.03.3,ath79/generic,rpcd-mod-iwinfo,2022-12-15-7de4820c-1,research-os/data/openwrt-v2-snapshots/releases/22.03.3/ath79_generic/openwrt-22.03.3-ath79-generic.manifest
22.03.3,ath79/generic,rpcd-mod-luci,20210614,research-os/data/openwrt-v2-snapshots/releases/22.03.3/ath79_generic/openwrt-22.03.3-ath79-generic.manifest
22.03.3,ath79/generic,rpcd-mod-rrdns,20170710,research-os/data/openwrt-v2-snapshots/releases/22.03.3/ath79_generic/openwrt-22.03.3-ath79-generic.manifest
22.03.3,ath79/generic,swconfig,12,research-os/data/openwrt-v2-snapshots/releases/22.03.3/ath79_generic/openwrt-22.03.3-ath79-generic.manifest
22.03.3,ath79/generic,uboot-envtools,2022.01-36,research-os/data/openwrt-v2-snapshots/releases/22.03.3/ath79_generic/openwrt-22.03.3-ath79-generic.manifest
22.03.3,ath79/generic,ubox,2021-08-03-205defb5-2,research-os/data/openwrt-v2-snapshots/releases/22.03.3/ath79_generic/openwrt-22.03.3-ath79-generic.manifest
22.03.3,ath79/generic,ubus,2022-06-01-2bebf93c-1,research-os/data/openwrt-v2-snapshots/releases/22.03.3/ath79_generic/openwrt-22.03.3-ath79-generic.manifest
22.03.3,ath79/generic,ubusd,2022-06-01-2bebf93c-1,research-os/data/openwrt-v2-snapshots/releases/22.03.3/ath79_generic/openwrt-22.03.3-ath79-generic.manifest
22.03.3,ath79/generic,uci,2021-10-22-f84f49f0-6,research-os/data/openwrt-v2-snapshots/releases/22.03.3/ath79_generic/openwrt-22.03.3-ath79-generic.manifest
22.03.3,ath79/generic,uclient-fetch,2021-05-14-6a6011df-1,research-os/data/openwrt-v2-snapshots/releases/22.03.3/ath79_generic/openwrt-22.03.3-ath79-generic.manifest
22.03.3,ath79/generic,ucode,2022-12-02-46d93c9c-1,research-os/data/openwrt-v2-snapshots/releases/22.03.3/ath79_generic/openwrt-22.03.3-ath79-generic.manifest
22.03.3,ath79/generic,ucode-mod-fs,2022-12-02-46d93c9c-1,research-os/data/openwrt-v2-snapshots/releases/22.03.3/ath79_generic/openwrt-22.03.3-ath79-generic.manifest
22.03.3,ath79/generic,ucode-mod-ubus,2022-12-02-46d93c9c-1,research-os/data/openwrt-v2-snapshots/releases/22.03.3/ath79_generic/openwrt-22.03.3-ath79-generic.manifest
22.03.3,ath79/generic,ucode-mod-uci,2022-12-02-46d93c9c-1,research-os/data/openwrt-v2-snapshots/releases/22.03.3/ath79_generic/openwrt-22.03.3-ath79-generic.manifest
22.03.3,ath79/generic,uhttpd,2022-10-31-23977554-1,research-os/data/openwrt-v2-snapshots/releases/22.03.3/ath79_generic/openwrt-22.03.3-ath79-generic.manifest
22.03.3,ath79/generic,uhttpd-mod-ubus,2022-10-31-23977554-1,research-os/data/openwrt-v2-snapshots/releases/22.03.3/ath79_generic/openwrt-22.03.3-ath79-generic.manifest
22.03.3,ath79/generic,urandom-seed,3,research-os/data/openwrt-v2-snapshots/releases/22.03.3/ath79_generic/openwrt-22.03.3-ath79-generic.manifest
22.03.3,ath79/generic,urngd,2020-01-21-c7f7b6b6-1,research-os/data/openwrt-v2-snapshots/releases/22.03.3/ath79_generic/openwrt-22.03.3-ath79-generic.manifest
22.03.3,ath79/generic,usign,2020-05-23-f1f65026-1,research-os/data/openwrt-v2-snapshots/releases/22.03.3/ath79_generic/openwrt-22.03.3-ath79-generic.manifest
22.03.3,ath79/generic,wireless-regdb,2022.08.12-1,research-os/data/openwrt-v2-snapshots/releases/22.03.3/ath79_generic/openwrt-22.03.3-ath79-generic.manifest
22.03.3,ath79/generic,wpad-basic-wolfssl,2022-01-16-cff80b4f-15.2,research-os/data/openwrt-v2-snapshots/releases/22.03.3/ath79_generic/openwrt-22.03.3-ath79-generic.manifest
22.03.3,x86/64,base-files,1498-r20028-43d71ad93e,research-os/data/openwrt-v2-snapshots/releases/22.03.3/x86_64/openwrt-22.03.3-x86-64.manifest
22.03.3,x86/64,busybox,1.35.0-5,research-os/data/openwrt-v2-snapshots/releases/22.03.3/x86_64/openwrt-22.03.3-x86-64.manifest
22.03.3,x86/64,ca-bundle,20211016-1,research-os/data/openwrt-v2-snapshots/releases/22.03.3/x86_64/openwrt-22.03.3-x86-64.manifest
22.03.3,x86/64,cgi-io,2022-08-10-901b0f04-21,research-os/data/openwrt-v2-snapshots/releases/22.03.3/x86_64/openwrt-22.03.3-x86-64.manifest
22.03.3,x86/64,dnsmasq,2.86-15,research-os/data/openwrt-v2-snapshots/releases/22.03.3/x86_64/openwrt-22.03.3-x86-64.manifest
22.03.3,x86/64,dropbear,2022.82-2,research-os/data/openwrt-v2-snapshots/releases/22.03.3/x86_64/openwrt-22.03.3-x86-64.manifest
22.03.3,x86/64,e2fsprogs,1.46.5-2,research-os/data/openwrt-v2-snapshots/releases/22.03.3/x86_64/openwrt-22.03.3-x86-64.manifest
22.03.3,x86/64,firewall4,2022-10-18-7ae5e14b-1,research-os/data/openwrt-v2-snapshots/releases/22.03.3/x86_64/openwrt-22.03.3-x86-64.manifest
22.03.3,x86/64,fstools,2022-06-02-93369be0-2,research-os/data/openwrt-v2-snapshots/releases/22.03.3/x86_64/openwrt-22.03.3-x86-64.manifest
22.03.3,x86/64,fwtool,2019-11-12-8f7fe925-1,research-os/data/openwrt-v2-snapshots/releases/22.03.3/x86_64/openwrt-22.03.3-x86-64.manifest
22.03.3,x86/64,getrandom,2021-08-03-205defb5-2,research-os/data/openwrt-v2-snapshots/releases/22.03.3/x86_64/openwrt-22.03.3-x86-64.manifest
22.03.3,x86/64,grub2,2.06-3,research-os/data/openwrt-v2-snapshots/releases/22.03.3/x86_64/openwrt-22.03.3-x86-64.manifest
22.03.3,x86/64,grub2-bios-setup,2.06-3,research-os/data/openwrt-v2-snapshots/releases/22.03.3/x86_64/openwrt-22.03.3-x86-64.manifest
22.03.3,x86/64,grub2-efi,2.06-3,research-os/data/openwrt-v2-snapshots/releases/22.03.3/x86_64/openwrt-22.03.3-x86-64.manifest
22.03.3,x86/64,jansson4,2.13.1-2,research-os/data/openwrt-v2-snapshots/releases/22.03.3/x86_64/openwrt-22.03.3-x86-64.manifest
22.03.3,x86/64,jshn,2022-05-15-d2223ef9-1,research-os/data/openwrt-v2-snapshots/releases/22.03.3/x86_64/openwrt-22.03.3-x86-64.manifest
22.03.3,x86/64,jsonfilter,2018-02-04-c7e938d6-1,research-os/data/openwrt-v2-snapshots/releases/22.03.3/x86_64/openwrt-22.03.3-x86-64.manifest
22.03.3,x86/64,kernel,5.10.161-1-9309db0b721b9fb3fe826181264a78c4,research-os/data/openwrt-v2-snapshots/releases/22.03.3/x86_64/openwrt-22.03.3-x86-64.manifest
22.03.3,x86/64,kmod-button-hotplug,5.10.161-3,research-os/data/openwrt-v2-snapshots/releases/22.03.3/x86_64/openwrt-22.03.3-x86-64.manifest
22.03.3,x86/64,kmod-crypto-crc32c,5.10.161-1,research-os/data/openwrt-v2-snapshots/releases/22.03.3/x86_64/openwrt-22.03.3-x86-64.manifest
22.03.3,x86/64,kmod-crypto-hash,5.10.161-1,research-os/data/openwrt-v2-snapshots/releases/22.03.3/x86_64/openwrt-22.03.3-x86-64.manifest
22.03.3,x86/64,kmod-fs-vfat,5.10.161-1,research-os/data/openwrt-v2-snapshots/releases/22.03.3/x86_64/openwrt-22.03.3-x86-64.manifest
22.03.3,x86/64,kmod-input-core,5.10.161-1,research-os/data/openwrt-v2-snapshots/releases/22.03.3/x86_64/openwrt-22.03.3-x86-64.manifest
22.03.3,x86/64,kmod-lib-crc-ccitt,5.10.161-1,research-os/data/openwrt-v2-snapshots/releases/22.03.3/x86_64/openwrt-22.03.3-x86-64.manifest
22.03.3,x86/64,kmod-lib-crc32c,5.10.161-1,research-os/data/openwrt-v2-snapshots/releases/22.03.3/x86_64/openwrt-22.03.3-x86-64.manifest
22.03.3,x86/64,kmod-nf-conntrack,5.10.161-1,research-os/data/openwrt-v2-snapshots/releases/22.03.3/x86_64/openwrt-22.03.3-x86-64.manifest
22.03.3,x86/64,kmod-nf-conntrack6,5.10.161-1,research-os/data/openwrt-v2-snapshots/releases/22.03.3/x86_64/openwrt-22.03.3-x86-64.manifest
22.03.3,x86/64,kmod-nf-flow,5.10.161-1,research-os/data/openwrt-v2-snapshots/releases/22.03.3/x86_64/openwrt-22.03.3-x86-64.manifest
22.03.3,x86/64,kmod-nf-log,5.10.161-1,research-os/data/openwrt-v2-snapshots/releases/22.03.3/x86_64/openwrt-22.03.3-x86-64.manifest
22.03.3,x86/64,kmod-nf-log6,5.10.161-1,research-os/data/openwrt-v2-snapshots/releases/22.03.3/x86_64/openwrt-22.03.3-x86-64.manifest
22.03.3,x86/64,kmod-nf-nat,5.10.161-1,research-os/data/openwrt-v2-snapshots/releases/22.03.3/x86_64/openwrt-22.03.3-x86-64.manifest
22.03.3,x86/64,kmod-nf-reject,5.10.161-1,research-os/data/openwrt-v2-snapshots/releases/22.03.3/x86_64/openwrt-22.03.3-x86-64.manifest
22.03.3,x86/64,kmod-nf-reject6,5.10.161-1,research-os/data/openwrt-v2-snapshots/releases/22.03.3/x86_64/openwrt-22.03.3-x86-64.manifest
22.03.3,x86/64,kmod-nfnetlink,5.10.161-1,research-os/data/openwrt-v2-snapshots/releases/22.03.3/x86_64/openwrt-22.03.3-x86-64.manifest
22.03.3,x86/64,kmod-nft-core,5.10.161-1,research-os/data/openwrt-v2-snapshots/releases/22.03.3/x86_64/openwrt-22.03.3-x86-64.manifest
22.03.3,x86/64,kmod-nft-fib,5.10.161-1,research-os/data/openwrt-v2-snapshots/releases/22.03.3/x86_64/openwrt-22.03.3-x86-64.manifest
22.03.3,x86/64,kmod-nft-nat,5.10.161-1,research-os/data/openwrt-v2-snapshots/releases/22.03.3/x86_64/openwrt-22.03.3-x86-64.manifest
22.03.3,x86/64,kmod-nft-offload,5.10.161-1,research-os/data/openwrt-v2-snapshots/releases/22.03.3/x86_64/openwrt-22.03.3-x86-64.manifest
22.03.3,x86/64,kmod-nls-base,5.10.161-1,research-os/data/openwrt-v2-snapshots/releases/22.03.3/x86_64/openwrt-22.03.3-x86-64.manifest
22.03.3,x86/64,kmod-nls-cp437,5.10.161-1,research-os/data/openwrt-v2-snapshots/releases/22.03.3/x86_64/openwrt-22.03.3-x86-64.manifest
22.03.3,x86/64,kmod-nls-iso8859-1,5.10.161-1,research-os/data/openwrt-v2-snapshots/releases/22.03.3/x86_64/openwrt-22.03.3-x86-64.manifest
22.03.3,x86/64,kmod-nls-utf8,5.10.161-1,research-os/data/openwrt-v2-snapshots/releases/22.03.3/x86_64/openwrt-22.03.3-x86-64.manifest
22.03.3,x86/64,kmod-ppp,5.10.161-1,research-os/data/openwrt-v2-snapshots/releases/22.03.3/x86_64/openwrt-22.03.3-x86-64.manifest
22.03.3,x86/64,kmod-pppoe,5.10.161-1,research-os/data/openwrt-v2-snapshots/releases/22.03.3/x86_64/openwrt-22.03.3-x86-64.manifest
22.03.3,x86/64,kmod-pppox,5.10.161-1,research-os/data/openwrt-v2-snapshots/releases/22.03.3/x86_64/openwrt-22.03.3-x86-64.manifest
22.03.3,x86/64,kmod-slhc,5.10.161-1,research-os/data/openwrt-v2-snapshots/releases/22.03.3/x86_64/openwrt-22.03.3-x86-64.manifest
22.03.3,x86/64,libblkid1,2.37.4-1,research-os/data/openwrt-v2-snapshots/releases/22.03.3/x86_64/openwrt-22.03.3-x86-64.manifest
22.03.3,x86/64,libblobmsg-json20220515,2022-05-15-d2223ef9-1,research-os/data/openwrt-v2-snapshots/releases/22.03.3/x86_64/openwrt-22.03.3-x86-64.manifest
22.03.3,x86/64,libc,1.2.3-4,research-os/data/openwrt-v2-snapshots/releases/22.03.3/x86_64/openwrt-22.03.3-x86-64.manifest
22.03.3,x86/64,libcomerr0,1.46.5-2,research-os/data/openwrt-v2-snapshots/releases/22.03.3/x86_64/openwrt-22.03.3-x86-64.manifest
22.03.3,x86/64,libext2fs2,1.46.5-2,research-os/data/openwrt-v2-snapshots/releases/22.03.3/x86_64/openwrt-22.03.3-x86-64.manifest
22.03.3,x86/64,libf2fs6,1.14.0-3,research-os/data/openwrt-v2-snapshots/releases/22.03.3/x86_64/openwrt-22.03.3-x86-64.manifest
22.03.3,x86/64,libgcc1,11.2.0-4,research-os/data/openwrt-v2-snapshots/releases/22.03.3/x86_64/openwrt-22.03.3-x86-64.manifest
22.03.3,x86/64,libiwinfo-data,2022-12-15-8d158096-1,research-os/data/openwrt-v2-snapshots/releases/22.03.3/x86_64/openwrt-22.03.3-x86-64.manifest
22.03.3,x86/64,libiwinfo-lua,2022-12-15-8d158096-1,research-os/data/openwrt-v2-snapshots/releases/22.03.3/x86_64/openwrt-22.03.3-x86-64.manifest
22.03.3,x86/64,libiwinfo20210430,2022-12-15-8d158096-1,research-os/data/openwrt-v2-snapshots/releases/22.03.3/x86_64/openwrt-22.03.3-x86-64.manifest
22.03.3,x86/64,libjson-c5,0.15-2,research-os/data/openwrt-v2-snapshots/releases/22.03.3/x86_64/openwrt-22.03.3-x86-64.manifest
22.03.3,x86/64,libjson-script20220515,2022-05-15-d2223ef9-1,research-os/data/openwrt-v2-snapshots/releases/22.03.3/x86_64/openwrt-22.03.3-x86-64.manifest
22.03.3,x86/64,liblua5.1.5,5.1.5-10,research-os/data/openwrt-v2-snapshots/releases/22.03.3/x86_64/openwrt-22.03.3-x86-64.manifest
22.03.3,x86/64,liblucihttp-lua,2022-07-08-6e68a106-1,research-os/data/openwrt-v2-snapshots/releases/22.03.3/x86_64/openwrt-22.03.3-x86-64.manifest
22.03.3,x86/64,liblucihttp0,2022-07-08-6e68a106-1,research-os/data/openwrt-v2-snapshots/releases/22.03.3/x86_64/openwrt-22.03.3-x86-64.manifest
22.03.3,x86/64,libmnl0,1.0.5-1,research-os/data/openwrt-v2-snapshots/releases/22.03.3/x86_64/openwrt-22.03.3-x86-64.manifest
22.03.3,x86/64,libnftnl11,1.2.1-2,research-os/data/openwrt-v2-snapshots/releases/22.03.3/x86_64/openwrt-22.03.3-x86-64.manifest
22.03.3,x86/64,libnl-tiny1,2021-11-21-8e0555fb-1,research-os/data/openwrt-v2-snapshots/releases/22.03.3/x86_64/openwrt-22.03.3-x86-64.manifest
22.03.3,x86/64,libpthread,1.2.3-4,research-os/data/openwrt-v2-snapshots/releases/22.03.3/x86_64/openwrt-22.03.3-x86-64.manifest
22.03.3,x86/64,librt,1.2.3-4,research-os/data/openwrt-v2-snapshots/releases/22.03.3/x86_64/openwrt-22.03.3-x86-64.manifest
22.03.3,x86/64,libsmartcols1,2.37.4-1,research-os/data/openwrt-v2-snapshots/releases/22.03.3/x86_64/openwrt-22.03.3-x86-64.manifest
22.03.3,x86/64,libss2,1.46.5-2,research-os/data/openwrt-v2-snapshots/releases/22.03.3/x86_64/openwrt-22.03.3-x86-64.manifest
22.03.3,x86/64,libubox20220515,2022-05-15-d2223ef9-1,research-os/data/openwrt-v2-snapshots/releases/22.03.3/x86_64/openwrt-22.03.3-x86-64.manifest
22.03.3,x86/64,libubus-lua,2022-06-01-2bebf93c-1,research-os/data/openwrt-v2-snapshots/releases/22.03.3/x86_64/openwrt-22.03.3-x86-64.manifest
22.03.3,x86/64,libubus20220601,2022-06-01-2bebf93c-1,research-os/data/openwrt-v2-snapshots/releases/22.03.3/x86_64/openwrt-22.03.3-x86-64.manifest
22.03.3,x86/64,libuci20130104,2021-10-22-f84f49f0-6,research-os/data/openwrt-v2-snapshots/releases/22.03.3/x86_64/openwrt-22.03.3-x86-64.manifest
22.03.3,x86/64,libuclient20201210,2021-05-14-6a6011df-1,research-os/data/openwrt-v2-snapshots/releases/22.03.3/x86_64/openwrt-22.03.3-x86-64.manifest
22.03.3,x86/64,libucode20220812,2022-12-02-46d93c9c-1,research-os/data/openwrt-v2-snapshots/releases/22.03.3/x86_64/openwrt-22.03.3-x86-64.manifest
22.03.3,x86/64,libustream-wolfssl20201210,2022-12-08-9217ab46-2,research-os/data/openwrt-v2-snapshots/releases/22.03.3/x86_64/openwrt-22.03.3-x86-64.manifest
22.03.3,x86/64,libuuid1,2.37.4-1,research-os/data/openwrt-v2-snapshots/releases/22.03.3/x86_64/openwrt-22.03.3-x86-64.manifest
22.03.3,x86/64,libwolfssl5.5.4.ee39414e,5.5.4-stable-1,research-os/data/openwrt-v2-snapshots/releases/22.03.3/x86_64/openwrt-22.03.3-x86-64.manifest
22.03.3,x86/64,logd,2021-08-03-205defb5-2,research-os/data/openwrt-v2-snapshots/releases/22.03.3/x86_64/openwrt-22.03.3-x86-64.manifest
22.03.3,x86/64,lua,5.1.5-10,research-os/data/openwrt-v2-snapshots/releases/22.03.3/x86_64/openwrt-22.03.3-x86-64.manifest
22.03.3,x86/64,luci,git-20.074.84698-ead5e81,research-os/data/openwrt-v2-snapshots/releases/22.03.3/x86_64/openwrt-22.03.3-x86-64.manifest
22.03.3,x86/64,luci-app-firewall,git-22.089.67563-7e3c1b4,research-os/data/openwrt-v2-snapshots/releases/22.03.3/x86_64/openwrt-22.03.3-x86-64.manifest
22.03.3,x86/64,luci-app-opkg,git-22.273.29004-9f6876b,research-os/data/openwrt-v2-snapshots/releases/22.03.3/x86_64/openwrt-22.03.3-x86-64.manifest
22.03.3,x86/64,luci-base,git-22.361.69894-438c598,research-os/data/openwrt-v2-snapshots/releases/22.03.3/x86_64/openwrt-22.03.3-x86-64.manifest
22.03.3,x86/64,luci-lib-base,git-20.232.39649-1f6dc29,research-os/data/openwrt-v2-snapshots/releases/22.03.3/x86_64/openwrt-22.03.3-x86-64.manifest
22.03.3,x86/64,luci-lib-ip,git-20.250.76529-62505bd,research-os/data/openwrt-v2-snapshots/releases/22.03.3/x86_64/openwrt-22.03.3-x86-64.manifest
22.03.3,x86/64,luci-lib-jsonc,git-22.097.61921-7513345,research-os/data/openwrt-v2-snapshots/releases/22.03.3/x86_64/openwrt-22.03.3-x86-64.manifest
22.03.3,x86/64,luci-lib-nixio,git-20.234.06894-c4a4e43,research-os/data/openwrt-v2-snapshots/releases/22.03.3/x86_64/openwrt-22.03.3-x86-64.manifest
22.03.3,x86/64,luci-mod-admin-full,git-19.253.48496-3f93650,research-os/data/openwrt-v2-snapshots/releases/22.03.3/x86_64/openwrt-22.03.3-x86-64.manifest
22.03.3,x86/64,luci-mod-network,git-22.345.48602-4853e7b,research-os/data/openwrt-v2-snapshots/releases/22.03.3/x86_64/openwrt-22.03.3-x86-64.manifest
22.03.3,x86/64,luci-mod-status,git-22.302.42268-2878b35,research-os/data/openwrt-v2-snapshots/releases/22.03.3/x86_64/openwrt-22.03.3-x86-64.manifest
22.03.3,x86/64,luci-mod-system,git-22.339.34970-004e47c,research-os/data/openwrt-v2-snapshots/releases/22.03.3/x86_64/openwrt-22.03.3-x86-64.manifest
22.03.3,x86/64,luci-proto-ipv6,git-21.148.48881-79947af,research-os/data/openwrt-v2-snapshots/releases/22.03.3/x86_64/openwrt-22.03.3-x86-64.manifest
22.03.3,x86/64,luci-proto-ppp,git-21.158.38888-88b9d84,research-os/data/openwrt-v2-snapshots/releases/22.03.3/x86_64/openwrt-22.03.3-x86-64.manifest
22.03.3,x86/64,luci-ssl,git-20.244.36115-e10f954,research-os/data/openwrt-v2-snapshots/releases/22.03.3/x86_64/openwrt-22.03.3-x86-64.manifest
22.03.3,x86/64,luci-theme-bootstrap,git-22.288.45147-96ec0cd,research-os/data/openwrt-v2-snapshots/releases/22.03.3/x86_64/openwrt-22.03.3-x86-64.manifest
22.03.3,x86/64,mkf2fs,1.14.0-3,research-os/data/openwrt-v2-snapshots/releases/22.03.3/x86_64/openwrt-22.03.3-x86-64.manifest
22.03.3,x86/64,mtd,26,research-os/data/openwrt-v2-snapshots/releases/22.03.3/x86_64/openwrt-22.03.3-x86-64.manifest
22.03.3,x86/64,netifd,2022-08-25-76d2d41b-1,research-os/data/openwrt-v2-snapshots/releases/22.03.3/x86_64/openwrt-22.03.3-x86-64.manifest
22.03.3,x86/64,nftables-json,1.0.2-2.1,research-os/data/openwrt-v2-snapshots/releases/22.03.3/x86_64/openwrt-22.03.3-x86-64.manifest
22.03.3,x86/64,odhcp6c,2022-08-05-7d21e8d8-18,research-os/data/openwrt-v2-snapshots/releases/22.03.3/x86_64/openwrt-22.03.3-x86-64.manifest
22.03.3,x86/64,odhcpd-ipv6only,2023-01-02-4a673e1c-2,research-os/data/openwrt-v2-snapshots/releases/22.03.3/x86_64/openwrt-22.03.3-x86-64.manifest
22.03.3,x86/64,openwrt-keyring,2022-03-25-62471e69-3,research-os/data/openwrt-v2-snapshots/releases/22.03.3/x86_64/openwrt-22.03.3-x86-64.manifest
22.03.3,x86/64,opkg,2022-02-24-d038e5b6-1,research-os/data/openwrt-v2-snapshots/releases/22.03.3/x86_64/openwrt-22.03.3-x86-64.manifest
22.03.3,x86/64,partx-utils,2.37.4-1,research-os/data/openwrt-v2-snapshots/releases/22.03.3/x86_64/openwrt-22.03.3-x86-64.manifest
22.03.3,x86/64,ppp,2.4.9.git-2021-01-04-3,research-os/data/openwrt-v2-snapshots/releases/22.03.3/x86_64/openwrt-22.03.3-x86-64.manifest
22.03.3,x86/64,ppp-mod-pppoe,2.4.9.git-2021-01-04-3,research-os/data/openwrt-v2-snapshots/releases/22.03.3/x86_64/openwrt-22.03.3-x86-64.manifest
22.03.3,x86/64,procd,2022-06-01-7a009685-2,research-os/data/openwrt-v2-snapshots/releases/22.03.3/x86_64/openwrt-22.03.3-x86-64.manifest
22.03.3,x86/64,procd-seccomp,2022-06-01-7a009685-2,research-os/data/openwrt-v2-snapshots/releases/22.03.3/x86_64/openwrt-22.03.3-x86-64.manifest
22.03.3,x86/64,procd-ujail,2022-06-01-7a009685-2,research-os/data/openwrt-v2-snapshots/releases/22.03.3/x86_64/openwrt-22.03.3-x86-64.manifest
22.03.3,x86/64,px5g-wolfssl,6.2,research-os/data/openwrt-v2-snapshots/releases/22.03.3/x86_64/openwrt-22.03.3-x86-64.manifest
22.03.3,x86/64,rpcd,2022-12-15-7de4820c-1,research-os/data/openwrt-v2-snapshots/releases/22.03.3/x86_64/openwrt-22.03.3-x86-64.manifest
22.03.3,x86/64,rpcd-mod-file,2022-12-15-7de4820c-1,research-os/data/openwrt-v2-snapshots/releases/22.03.3/x86_64/openwrt-22.03.3-x86-64.manifest
22.03.3,x86/64,rpcd-mod-iwinfo,2022-12-15-7de4820c-1,research-os/data/openwrt-v2-snapshots/releases/22.03.3/x86_64/openwrt-22.03.3-x86-64.manifest
22.03.3,x86/64,rpcd-mod-luci,20210614,research-os/data/openwrt-v2-snapshots/releases/22.03.3/x86_64/openwrt-22.03.3-x86-64.manifest
22.03.3,x86/64,rpcd-mod-rrdns,20170710,research-os/data/openwrt-v2-snapshots/releases/22.03.3/x86_64/openwrt-22.03.3-x86-64.manifest
22.03.3,x86/64,ubox,2021-08-03-205defb5-2,research-os/data/openwrt-v2-snapshots/releases/22.03.3/x86_64/openwrt-22.03.3-x86-64.manifest
22.03.3,x86/64,ubus,2022-06-01-2bebf93c-1,research-os/data/openwrt-v2-snapshots/releases/22.03.3/x86_64/openwrt-22.03.3-x86-64.manifest
22.03.3,x86/64,ubusd,2022-06-01-2bebf93c-1,research-os/data/openwrt-v2-snapshots/releases/22.03.3/x86_64/openwrt-22.03.3-x86-64.manifest
22.03.3,x86/64,uci,2021-10-22-f84f49f0-6,research-os/data/openwrt-v2-snapshots/releases/22.03.3/x86_64/openwrt-22.03.3-x86-64.manifest
22.03.3,x86/64,uclient-fetch,2021-05-14-6a6011df-1,research-os/data/openwrt-v2-snapshots/releases/22.03.3/x86_64/openwrt-22.03.3-x86-64.manifest
22.03.3,x86/64,ucode,2022-12-02-46d93c9c-1,research-os/data/openwrt-v2-snapshots/releases/22.03.3/x86_64/openwrt-22.03.3-x86-64.manifest
22.03.3,x86/64,ucode-mod-fs,2022-12-02-46d93c9c-1,research-os/data/openwrt-v2-snapshots/releases/22.03.3/x86_64/openwrt-22.03.3-x86-64.manifest
22.03.3,x86/64,ucode-mod-ubus,2022-12-02-46d93c9c-1,research-os/data/openwrt-v2-snapshots/releases/22.03.3/x86_64/openwrt-22.03.3-x86-64.manifest
22.03.3,x86/64,ucode-mod-uci,2022-12-02-46d93c9c-1,research-os/data/openwrt-v2-snapshots/releases/22.03.3/x86_64/openwrt-22.03.3-x86-64.manifest
22.03.3,x86/64,uhttpd,2022-10-31-23977554-1,research-os/data/openwrt-v2-snapshots/releases/22.03.3/x86_64/openwrt-22.03.3-x86-64.manifest
22.03.3,x86/64,uhttpd-mod-ubus,2022-10-31-23977554-1,research-os/data/openwrt-v2-snapshots/releases/22.03.3/x86_64/openwrt-22.03.3-x86-64.manifest
22.03.3,x86/64,urandom-seed,3,research-os/data/openwrt-v2-snapshots/releases/22.03.3/x86_64/openwrt-22.03.3-x86-64.manifest
22.03.3,x86/64,urngd,2020-01-21-c7f7b6b6-1,research-os/data/openwrt-v2-snapshots/releases/22.03.3/x86_64/openwrt-22.03.3-x86-64.manifest
22.03.3,x86/64,usign,2020-05-23-f1f65026-1,research-os/data/openwrt-v2-snapshots/releases/22.03.3/x86_64/openwrt-22.03.3-x86-64.manifest
22.03.4,ath79/generic,base-files,1500-r20123-38ccc47687,research-os/data/openwrt-v2-snapshots/releases/22.03.4/ath79_generic/openwrt-22.03.4-ath79-generic.manifest
22.03.4,ath79/generic,busybox,1.35.0-5,research-os/data/openwrt-v2-snapshots/releases/22.03.4/ath79_generic/openwrt-22.03.4-ath79-generic.manifest
22.03.4,ath79/generic,ca-bundle,20211016-1,research-os/data/openwrt-v2-snapshots/releases/22.03.4/ath79_generic/openwrt-22.03.4-ath79-generic.manifest
22.03.4,ath79/generic,cgi-io,2022-08-10-901b0f04-21,research-os/data/openwrt-v2-snapshots/releases/22.03.4/ath79_generic/openwrt-22.03.4-ath79-generic.manifest
22.03.4,ath79/generic,dnsmasq,2.86-16,research-os/data/openwrt-v2-snapshots/releases/22.03.4/ath79_generic/openwrt-22.03.4-ath79-generic.manifest
22.03.4,ath79/generic,dropbear,2022.82-2,research-os/data/openwrt-v2-snapshots/releases/22.03.4/ath79_generic/openwrt-22.03.4-ath79-generic.manifest
22.03.4,ath79/generic,firewall4,2022-10-18-7ae5e14b-1,research-os/data/openwrt-v2-snapshots/releases/22.03.4/ath79_generic/openwrt-22.03.4-ath79-generic.manifest
22.03.4,ath79/generic,fstools,2022-06-02-93369be0-2,research-os/data/openwrt-v2-snapshots/releases/22.03.4/ath79_generic/openwrt-22.03.4-ath79-generic.manifest
22.03.4,ath79/generic,fwtool,2019-11-12-8f7fe925-1,research-os/data/openwrt-v2-snapshots/releases/22.03.4/ath79_generic/openwrt-22.03.4-ath79-generic.manifest
22.03.4,ath79/generic,getrandom,2021-08-03-205defb5-2,research-os/data/openwrt-v2-snapshots/releases/22.03.4/ath79_generic/openwrt-22.03.4-ath79-generic.manifest
22.03.4,ath79/generic,hostapd-common,2022-01-16-cff80b4f-16.2,research-os/data/openwrt-v2-snapshots/releases/22.03.4/ath79_generic/openwrt-22.03.4-ath79-generic.manifest
22.03.4,ath79/generic,iw,5.16-1,research-os/data/openwrt-v2-snapshots/releases/22.03.4/ath79_generic/openwrt-22.03.4-ath79-generic.manifest
22.03.4,ath79/generic,iwinfo,2022-12-15-8d158096-1,research-os/data/openwrt-v2-snapshots/releases/22.03.4/ath79_generic/openwrt-22.03.4-ath79-generic.manifest
22.03.4,ath79/generic,jansson4,2.13.1-2,research-os/data/openwrt-v2-snapshots/releases/22.03.4/ath79_generic/openwrt-22.03.4-ath79-generic.manifest
22.03.4,ath79/generic,jshn,2022-05-15-d2223ef9-1,research-os/data/openwrt-v2-snapshots/releases/22.03.4/ath79_generic/openwrt-22.03.4-ath79-generic.manifest
22.03.4,ath79/generic,jsonfilter,2018-02-04-c7e938d6-1,research-os/data/openwrt-v2-snapshots/releases/22.03.4/ath79_generic/openwrt-22.03.4-ath79-generic.manifest
22.03.4,ath79/generic,kernel,5.10.176-1-85703b998fa54b6f2c1131f83b0a7d11,research-os/data/openwrt-v2-snapshots/releases/22.03.4/ath79_generic/openwrt-22.03.4-ath79-generic.manifest
22.03.4,ath79/generic,kmod-ath,5.10.176+5.15.92-1-1,research-os/data/openwrt-v2-snapshots/releases/22.03.4/ath79_generic/openwrt-22.03.4-ath79-generic.manifest
22.03.4,ath79/generic,kmod-ath9k,5.10.176+5.15.92-1-1,research-os/data/openwrt-v2-snapshots/releases/22.03.4/ath79_generic/openwrt-22.03.4-ath79-generic.manifest
22.03.4,ath79/generic,kmod-ath9k-common,5.10.176+5.15.92-1-1,research-os/data/openwrt-v2-snapshots/releases/22.03.4/ath79_generic/openwrt-22.03.4-ath79-generic.manifest
22.03.4,ath79/generic,kmod-cfg80211,5.10.176+5.15.92-1-1,research-os/data/openwrt-v2-snapshots/releases/22.03.4/ath79_generic/openwrt-22.03.4-ath79-generic.manifest
22.03.4,ath79/generic,kmod-crypto-aead,5.10.176-1,research-os/data/openwrt-v2-snapshots/releases/22.03.4/ath79_generic/openwrt-22.03.4-ath79-generic.manifest
22.03.4,ath79/generic,kmod-crypto-ccm,5.10.176-1,research-os/data/openwrt-v2-snapshots/releases/22.03.4/ath79_generic/openwrt-22.03.4-ath79-generic.manifest
22.03.4,ath79/generic,kmod-crypto-cmac,5.10.176-1,research-os/data/openwrt-v2-snapshots/releases/22.03.4/ath79_generic/openwrt-22.03.4-ath79-generic.manifest
22.03.4,ath79/generic,kmod-crypto-crc32c,5.10.176-1,research-os/data/openwrt-v2-snapshots/releases/22.03.4/ath79_generic/openwrt-22.03.4-ath79-generic.manifest
22.03.4,ath79/generic,kmod-crypto-ctr,5.10.176-1,research-os/data/openwrt-v2-snapshots/releases/22.03.4/ath79_generic/openwrt-22.03.4-ath79-generic.manifest
22.03.4,ath79/generic,kmod-crypto-gcm,5.10.176-1,research-os/data/openwrt-v2-snapshots/releases/22.03.4/ath79_generic/openwrt-22.03.4-ath79-generic.manifest
22.03.4,ath79/generic,kmod-crypto-gf128,5.10.176-1,research-os/data/openwrt-v2-snapshots/releases/22.03.4/ath79_generic/openwrt-22.03.4-ath79-generic.manifest
22.03.4,ath79/generic,kmod-crypto-ghash,5.10.176-1,research-os/data/openwrt-v2-snapshots/releases/22.03.4/ath79_generic/openwrt-22.03.4-ath79-generic.manifest
22.03.4,ath79/generic,kmod-crypto-hash,5.10.176-1,research-os/data/openwrt-v2-snapshots/releases/22.03.4/ath79_generic/openwrt-22.03.4-ath79-generic.manifest
22.03.4,ath79/generic,kmod-crypto-hmac,5.10.176-1,research-os/data/openwrt-v2-snapshots/releases/22.03.4/ath79_generic/openwrt-22.03.4-ath79-generic.manifest
22.03.4,ath79/generic,kmod-crypto-manager,5.10.176-1,research-os/data/openwrt-v2-snapshots/releases/22.03.4/ath79_generic/openwrt-22.03.4-ath79-generic.manifest
22.03.4,ath79/generic,kmod-crypto-null,5.10.176-1,research-os/data/openwrt-v2-snapshots/releases/22.03.4/ath79_generic/openwrt-22.03.4-ath79-generic.manifest
22.03.4,ath79/generic,kmod-crypto-rng,5.10.176-1,research-os/data/openwrt-v2-snapshots/releases/22.03.4/ath79_generic/openwrt-22.03.4-ath79-generic.manifest
22.03.4,ath79/generic,kmod-crypto-seqiv,5.10.176-1,research-os/data/openwrt-v2-snapshots/releases/22.03.4/ath79_generic/openwrt-22.03.4-ath79-generic.manifest
22.03.4,ath79/generic,kmod-crypto-sha256,5.10.176-1,research-os/data/openwrt-v2-snapshots/releases/22.03.4/ath79_generic/openwrt-22.03.4-ath79-generic.manifest
22.03.4,ath79/generic,kmod-gpio-button-hotplug,5.10.176-3,research-os/data/openwrt-v2-snapshots/releases/22.03.4/ath79_generic/openwrt-22.03.4-ath79-generic.manifest
22.03.4,ath79/generic,kmod-lib-crc-ccitt,5.10.176-1,research-os/data/openwrt-v2-snapshots/releases/22.03.4/ath79_generic/openwrt-22.03.4-ath79-generic.manifest
22.03.4,ath79/generic,kmod-lib-crc32c,5.10.176-1,research-os/data/openwrt-v2-snapshots/releases/22.03.4/ath79_generic/openwrt-22.03.4-ath79-generic.manifest
22.03.4,ath79/generic,kmod-mac80211,5.10.176+5.15.92-1-1,research-os/data/openwrt-v2-snapshots/releases/22.03.4/ath79_generic/openwrt-22.03.4-ath79-generic.manifest
22.03.4,ath79/generic,kmod-nf-conntrack,5.10.176-1,research-os/data/openwrt-v2-snapshots/releases/22.03.4/ath79_generic/openwrt-22.03.4-ath79-generic.manifest
22.03.4,ath79/generic,kmod-nf-conntrack6,5.10.176-1,research-os/data/openwrt-v2-snapshots/releases/22.03.4/ath79_generic/openwrt-22.03.4-ath79-generic.manifest
22.03.4,ath79/generic,kmod-nf-flow,5.10.176-1,research-os/data/openwrt-v2-snapshots/releases/22.03.4/ath79_generic/openwrt-22.03.4-ath79-generic.manifest
22.03.4,ath79/generic,kmod-nf-log,5.10.176-1,research-os/data/openwrt-v2-snapshots/releases/22.03.4/ath79_generic/openwrt-22.03.4-ath79-generic.manifest
22.03.4,ath79/generic,kmod-nf-log6,5.10.176-1,research-os/data/openwrt-v2-snapshots/releases/22.03.4/ath79_generic/openwrt-22.03.4-ath79-generic.manifest
22.03.4,ath79/generic,kmod-nf-nat,5.10.176-1,research-os/data/openwrt-v2-snapshots/releases/22.03.4/ath79_generic/openwrt-22.03.4-ath79-generic.manifest
22.03.4,ath79/generic,kmod-nf-reject,5.10.176-1,research-os/data/openwrt-v2-snapshots/releases/22.03.4/ath79_generic/openwrt-22.03.4-ath79-generic.manifest
22.03.4,ath79/generic,kmod-nf-reject6,5.10.176-1,research-os/data/openwrt-v2-snapshots/releases/22.03.4/ath79_generic/openwrt-22.03.4-ath79-generic.manifest
22.03.4,ath79/generic,kmod-nfnetlink,5.10.176-1,research-os/data/openwrt-v2-snapshots/releases/22.03.4/ath79_generic/openwrt-22.03.4-ath79-generic.manifest
22.03.4,ath79/generic,kmod-nft-core,5.10.176-1,research-os/data/openwrt-v2-snapshots/releases/22.03.4/ath79_generic/openwrt-22.03.4-ath79-generic.manifest
22.03.4,ath79/generic,kmod-nft-fib,5.10.176-1,research-os/data/openwrt-v2-snapshots/releases/22.03.4/ath79_generic/openwrt-22.03.4-ath79-generic.manifest
22.03.4,ath79/generic,kmod-nft-nat,5.10.176-1,research-os/data/openwrt-v2-snapshots/releases/22.03.4/ath79_generic/openwrt-22.03.4-ath79-generic.manifest
22.03.4,ath79/generic,kmod-nft-offload,5.10.176-1,research-os/data/openwrt-v2-snapshots/releases/22.03.4/ath79_generic/openwrt-22.03.4-ath79-generic.manifest
22.03.4,ath79/generic,kmod-ppp,5.10.176-1,research-os/data/openwrt-v2-snapshots/releases/22.03.4/ath79_generic/openwrt-22.03.4-ath79-generic.manifest
22.03.4,ath79/generic,kmod-pppoe,5.10.176-1,research-os/data/openwrt-v2-snapshots/releases/22.03.4/ath79_generic/openwrt-22.03.4-ath79-generic.manifest
22.03.4,ath79/generic,kmod-pppox,5.10.176-1,research-os/data/openwrt-v2-snapshots/releases/22.03.4/ath79_generic/openwrt-22.03.4-ath79-generic.manifest
22.03.4,ath79/generic,kmod-slhc,5.10.176-1,research-os/data/openwrt-v2-snapshots/releases/22.03.4/ath79_generic/openwrt-22.03.4-ath79-generic.manifest
22.03.4,ath79/generic,libblobmsg-json20220515,2022-05-15-d2223ef9-1,research-os/data/openwrt-v2-snapshots/releases/22.03.4/ath79_generic/openwrt-22.03.4-ath79-generic.manifest
22.03.4,ath79/generic,libc,1.2.3-4,research-os/data/openwrt-v2-snapshots/releases/22.03.4/ath79_generic/openwrt-22.03.4-ath79-generic.manifest
22.03.4,ath79/generic,libgcc1,11.2.0-4,research-os/data/openwrt-v2-snapshots/releases/22.03.4/ath79_generic/openwrt-22.03.4-ath79-generic.manifest
22.03.4,ath79/generic,libiwinfo-data,2022-12-15-8d158096-1,research-os/data/openwrt-v2-snapshots/releases/22.03.4/ath79_generic/openwrt-22.03.4-ath79-generic.manifest
22.03.4,ath79/generic,libiwinfo-lua,2022-12-15-8d158096-1,research-os/data/openwrt-v2-snapshots/releases/22.03.4/ath79_generic/openwrt-22.03.4-ath79-generic.manifest
22.03.4,ath79/generic,libiwinfo20210430,2022-12-15-8d158096-1,research-os/data/openwrt-v2-snapshots/releases/22.03.4/ath79_generic/openwrt-22.03.4-ath79-generic.manifest
22.03.4,ath79/generic,libjson-c5,0.15-2,research-os/data/openwrt-v2-snapshots/releases/22.03.4/ath79_generic/openwrt-22.03.4-ath79-generic.manifest
22.03.4,ath79/generic,libjson-script20220515,2022-05-15-d2223ef9-1,research-os/data/openwrt-v2-snapshots/releases/22.03.4/ath79_generic/openwrt-22.03.4-ath79-generic.manifest
22.03.4,ath79/generic,liblua5.1.5,5.1.5-10,research-os/data/openwrt-v2-snapshots/releases/22.03.4/ath79_generic/openwrt-22.03.4-ath79-generic.manifest
22.03.4,ath79/generic,liblucihttp-lua,2023-03-15-9b5b683f-1,research-os/data/openwrt-v2-snapshots/releases/22.03.4/ath79_generic/openwrt-22.03.4-ath79-generic.manifest
22.03.4,ath79/generic,liblucihttp0,2023-03-15-9b5b683f-1,research-os/data/openwrt-v2-snapshots/releases/22.03.4/ath79_generic/openwrt-22.03.4-ath79-generic.manifest
22.03.4,ath79/generic,libmnl0,1.0.5-1,research-os/data/openwrt-v2-snapshots/releases/22.03.4/ath79_generic/openwrt-22.03.4-ath79-generic.manifest
22.03.4,ath79/generic,libnftnl11,1.2.1-2,research-os/data/openwrt-v2-snapshots/releases/22.03.4/ath79_generic/openwrt-22.03.4-ath79-generic.manifest
22.03.4,ath79/generic,libnl-tiny1,2021-11-21-8e0555fb-1,research-os/data/openwrt-v2-snapshots/releases/22.03.4/ath79_generic/openwrt-22.03.4-ath79-generic.manifest
22.03.4,ath79/generic,libpthread,1.2.3-4,research-os/data/openwrt-v2-snapshots/releases/22.03.4/ath79_generic/openwrt-22.03.4-ath79-generic.manifest
22.03.4,ath79/generic,libubox20220515,2022-05-15-d2223ef9-1,research-os/data/openwrt-v2-snapshots/releases/22.03.4/ath79_generic/openwrt-22.03.4-ath79-generic.manifest
22.03.4,ath79/generic,libubus-lua,2022-06-01-2bebf93c-1,research-os/data/openwrt-v2-snapshots/releases/22.03.4/ath79_generic/openwrt-22.03.4-ath79-generic.manifest
22.03.4,ath79/generic,libubus20220601,2022-06-01-2bebf93c-1,research-os/data/openwrt-v2-snapshots/releases/22.03.4/ath79_generic/openwrt-22.03.4-ath79-generic.manifest
22.03.4,ath79/generic,libuci20130104,2021-10-22-f84f49f0-6,research-os/data/openwrt-v2-snapshots/releases/22.03.4/ath79_generic/openwrt-22.03.4-ath79-generic.manifest
22.03.4,ath79/generic,libuclient20201210,2021-05-14-6a6011df-1,research-os/data/openwrt-v2-snapshots/releases/22.03.4/ath79_generic/openwrt-22.03.4-ath79-generic.manifest
22.03.4,ath79/generic,libucode20220812,2022-12-02-46d93c9c-1,research-os/data/openwrt-v2-snapshots/releases/22.03.4/ath79_generic/openwrt-22.03.4-ath79-generic.manifest
22.03.4,ath79/generic,libustream-wolfssl20201210,2022-12-08-9217ab46-2,research-os/data/openwrt-v2-snapshots/releases/22.03.4/ath79_generic/openwrt-22.03.4-ath79-generic.manifest
22.03.4,ath79/generic,libwolfssl5.5.4.ee39414e,5.5.4-stable-1,research-os/data/openwrt-v2-snapshots/releases/22.03.4/ath79_generic/openwrt-22.03.4-ath79-generic.manifest
22.03.4,ath79/generic,logd,2021-08-03-205defb5-2,research-os/data/openwrt-v2-snapshots/releases/22.03.4/ath79_generic/openwrt-22.03.4-ath79-generic.manifest
22.03.4,ath79/generic,lua,5.1.5-10,research-os/data/openwrt-v2-snapshots/releases/22.03.4/ath79_generic/openwrt-22.03.4-ath79-generic.manifest
22.03.4,ath79/generic,luci,git-23.093.42303-d58cd69,research-os/data/openwrt-v2-snapshots/releases/22.03.4/ath79_generic/openwrt-22.03.4-ath79-generic.manifest
22.03.4,ath79/generic,luci-app-firewall,git-23.093.42704-1c01c64,research-os/data/openwrt-v2-snapshots/releases/22.03.4/ath79_generic/openwrt-22.03.4-ath79-generic.manifest
22.03.4,ath79/generic,luci-app-opkg,git-23.093.42303-e16f620,research-os/data/openwrt-v2-snapshots/releases/22.03.4/ath79_generic/openwrt-22.03.4-ath79-generic.manifest
22.03.4,ath79/generic,luci-base,git-23.093.57104-ce20b4a,research-os/data/openwrt-v2-snapshots/releases/22.03.4/ath79_generic/openwrt-22.03.4-ath79-generic.manifest
22.03.4,ath79/generic,luci-lib-base,git-20.232.39649-1f6dc29,research-os/data/openwrt-v2-snapshots/releases/22.03.4/ath79_generic/openwrt-22.03.4-ath79-generic.manifest
22.03.4,ath79/generic,luci-lib-ip,git-20.250.76529-62505bd,research-os/data/openwrt-v2-snapshots/releases/22.03.4/ath79_generic/openwrt-22.03.4-ath79-generic.manifest
22.03.4,ath79/generic,luci-lib-jsonc,git-22.097.61921-7513345,research-os/data/openwrt-v2-snapshots/releases/22.03.4/ath79_generic/openwrt-22.03.4-ath79-generic.manifest
22.03.4,ath79/generic,luci-lib-nixio,git-20.234.06894-c4a4e43,research-os/data/openwrt-v2-snapshots/releases/22.03.4/ath79_generic/openwrt-22.03.4-ath79-generic.manifest
22.03.4,ath79/generic,luci-mod-admin-full,git-19.253.48496-3f93650,research-os/data/openwrt-v2-snapshots/releases/22.03.4/ath79_generic/openwrt-22.03.4-ath79-generic.manifest
22.03.4,ath79/generic,luci-mod-network,git-23.093.42704-52965f4,research-os/data/openwrt-v2-snapshots/releases/22.03.4/ath79_generic/openwrt-22.03.4-ath79-generic.manifest
22.03.4,ath79/generic,luci-mod-status,git-23.093.42411-713f701,research-os/data/openwrt-v2-snapshots/releases/22.03.4/ath79_generic/openwrt-22.03.4-ath79-generic.manifest
22.03.4,ath79/generic,luci-mod-system,git-23.013.73113-588381e,research-os/data/openwrt-v2-snapshots/releases/22.03.4/ath79_generic/openwrt-22.03.4-ath79-generic.manifest
22.03.4,ath79/generic,luci-proto-ipv6,git-21.148.48881-79947af,research-os/data/openwrt-v2-snapshots/releases/22.03.4/ath79_generic/openwrt-22.03.4-ath79-generic.manifest
22.03.4,ath79/generic,luci-proto-ppp,git-21.158.38888-88b9d84,research-os/data/openwrt-v2-snapshots/releases/22.03.4/ath79_generic/openwrt-22.03.4-ath79-generic.manifest
22.03.4,ath79/generic,luci-ssl,git-20.244.36115-e10f954,research-os/data/openwrt-v2-snapshots/releases/22.03.4/ath79_generic/openwrt-22.03.4-ath79-generic.manifest
22.03.4,ath79/generic,luci-theme-bootstrap,git-23.093.42704-b47268a,research-os/data/openwrt-v2-snapshots/releases/22.03.4/ath79_generic/openwrt-22.03.4-ath79-generic.manifest
22.03.4,ath79/generic,mtd,26,research-os/data/openwrt-v2-snapshots/releases/22.03.4/ath79_generic/openwrt-22.03.4-ath79-generic.manifest
22.03.4,ath79/generic,netifd,2022-08-25-76d2d41b-1,research-os/data/openwrt-v2-snapshots/releases/22.03.4/ath79_generic/openwrt-22.03.4-ath79-generic.manifest
22.03.4,ath79/generic,nftables-json,1.0.2-2.1,research-os/data/openwrt-v2-snapshots/releases/22.03.4/ath79_generic/openwrt-22.03.4-ath79-generic.manifest
22.03.4,ath79/generic,odhcp6c,2022-08-05-7d21e8d8-18,research-os/data/openwrt-v2-snapshots/releases/22.03.4/ath79_generic/openwrt-22.03.4-ath79-generic.manifest
22.03.4,ath79/generic,odhcpd-ipv6only,2023-01-02-4a673e1c-2,research-os/data/openwrt-v2-snapshots/releases/22.03.4/ath79_generic/openwrt-22.03.4-ath79-generic.manifest
22.03.4,ath79/generic,openwrt-keyring,2022-03-25-62471e69-3,research-os/data/openwrt-v2-snapshots/releases/22.03.4/ath79_generic/openwrt-22.03.4-ath79-generic.manifest
22.03.4,ath79/generic,opkg,2022-02-24-d038e5b6-1,research-os/data/openwrt-v2-snapshots/releases/22.03.4/ath79_generic/openwrt-22.03.4-ath79-generic.manifest
22.03.4,ath79/generic,ppp,2.4.9.git-2021-01-04-3,research-os/data/openwrt-v2-snapshots/releases/22.03.4/ath79_generic/openwrt-22.03.4-ath79-generic.manifest
22.03.4,ath79/generic,ppp-mod-pppoe,2.4.9.git-2021-01-04-3,research-os/data/openwrt-v2-snapshots/releases/22.03.4/ath79_generic/openwrt-22.03.4-ath79-generic.manifest
22.03.4,ath79/generic,procd,2022-06-01-7a009685-2,research-os/data/openwrt-v2-snapshots/releases/22.03.4/ath79_generic/openwrt-22.03.4-ath79-generic.manifest
22.03.4,ath79/generic,procd-seccomp,2022-06-01-7a009685-2,research-os/data/openwrt-v2-snapshots/releases/22.03.4/ath79_generic/openwrt-22.03.4-ath79-generic.manifest
22.03.4,ath79/generic,procd-ujail,2022-06-01-7a009685-2,research-os/data/openwrt-v2-snapshots/releases/22.03.4/ath79_generic/openwrt-22.03.4-ath79-generic.manifest
22.03.4,ath79/generic,px5g-wolfssl,6.2,research-os/data/openwrt-v2-snapshots/releases/22.03.4/ath79_generic/openwrt-22.03.4-ath79-generic.manifest
22.03.4,ath79/generic,rpcd,2022-12-15-7de4820c-1,research-os/data/openwrt-v2-snapshots/releases/22.03.4/ath79_generic/openwrt-22.03.4-ath79-generic.manifest
22.03.4,ath79/generic,rpcd-mod-file,2022-12-15-7de4820c-1,research-os/data/openwrt-v2-snapshots/releases/22.03.4/ath79_generic/openwrt-22.03.4-ath79-generic.manifest
22.03.4,ath79/generic,rpcd-mod-iwinfo,2022-12-15-7de4820c-1,research-os/data/openwrt-v2-snapshots/releases/22.03.4/ath79_generic/openwrt-22.03.4-ath79-generic.manifest
22.03.4,ath79/generic,rpcd-mod-luci,20210614,research-os/data/openwrt-v2-snapshots/releases/22.03.4/ath79_generic/openwrt-22.03.4-ath79-generic.manifest
22.03.4,ath79/generic,rpcd-mod-rrdns,20170710,research-os/data/openwrt-v2-snapshots/releases/22.03.4/ath79_generic/openwrt-22.03.4-ath79-generic.manifest
22.03.4,ath79/generic,swconfig,12,research-os/data/openwrt-v2-snapshots/releases/22.03.4/ath79_generic/openwrt-22.03.4-ath79-generic.manifest
22.03.4,ath79/generic,uboot-envtools,2022.01-38,research-os/data/openwrt-v2-snapshots/releases/22.03.4/ath79_generic/openwrt-22.03.4-ath79-generic.manifest
22.03.4,ath79/generic,ubox,2021-08-03-205defb5-2,research-os/data/openwrt-v2-snapshots/releases/22.03.4/ath79_generic/openwrt-22.03.4-ath79-generic.manifest
22.03.4,ath79/generic,ubus,2022-06-01-2bebf93c-1,research-os/data/openwrt-v2-snapshots/releases/22.03.4/ath79_generic/openwrt-22.03.4-ath79-generic.manifest
22.03.4,ath79/generic,ubusd,2022-06-01-2bebf93c-1,research-os/data/openwrt-v2-snapshots/releases/22.03.4/ath79_generic/openwrt-22.03.4-ath79-generic.manifest
22.03.4,ath79/generic,uci,2021-10-22-f84f49f0-6,research-os/data/openwrt-v2-snapshots/releases/22.03.4/ath79_generic/openwrt-22.03.4-ath79-generic.manifest
22.03.4,ath79/generic,uclient-fetch,2021-05-14-6a6011df-1,research-os/data/openwrt-v2-snapshots/releases/22.03.4/ath79_generic/openwrt-22.03.4-ath79-generic.manifest
22.03.4,ath79/generic,ucode,2022-12-02-46d93c9c-1,research-os/data/openwrt-v2-snapshots/releases/22.03.4/ath79_generic/openwrt-22.03.4-ath79-generic.manifest
22.03.4,ath79/generic,ucode-mod-fs,2022-12-02-46d93c9c-1,research-os/data/openwrt-v2-snapshots/releases/22.03.4/ath79_generic/openwrt-22.03.4-ath79-generic.manifest
22.03.4,ath79/generic,ucode-mod-ubus,2022-12-02-46d93c9c-1,research-os/data/openwrt-v2-snapshots/releases/22.03.4/ath79_generic/openwrt-22.03.4-ath79-generic.manifest
22.03.4,ath79/generic,ucode-mod-uci,2022-12-02-46d93c9c-1,research-os/data/openwrt-v2-snapshots/releases/22.03.4/ath79_generic/openwrt-22.03.4-ath79-generic.manifest
22.03.4,ath79/generic,uhttpd,2022-10-31-23977554-1,research-os/data/openwrt-v2-snapshots/releases/22.03.4/ath79_generic/openwrt-22.03.4-ath79-generic.manifest
22.03.4,ath79/generic,uhttpd-mod-ubus,2022-10-31-23977554-1,research-os/data/openwrt-v2-snapshots/releases/22.03.4/ath79_generic/openwrt-22.03.4-ath79-generic.manifest
22.03.4,ath79/generic,urandom-seed,3,research-os/data/openwrt-v2-snapshots/releases/22.03.4/ath79_generic/openwrt-22.03.4-ath79-generic.manifest
22.03.4,ath79/generic,urngd,2020-01-21-c7f7b6b6-1,research-os/data/openwrt-v2-snapshots/releases/22.03.4/ath79_generic/openwrt-22.03.4-ath79-generic.manifest
22.03.4,ath79/generic,usign,2020-05-23-f1f65026-1,research-os/data/openwrt-v2-snapshots/releases/22.03.4/ath79_generic/openwrt-22.03.4-ath79-generic.manifest
22.03.4,ath79/generic,wireless-regdb,2023.02.13-1,research-os/data/openwrt-v2-snapshots/releases/22.03.4/ath79_generic/openwrt-22.03.4-ath79-generic.manifest
22.03.4,ath79/generic,wpad-basic-wolfssl,2022-01-16-cff80b4f-16.2,research-os/data/openwrt-v2-snapshots/releases/22.03.4/ath79_generic/openwrt-22.03.4-ath79-generic.manifest
22.03.4,x86/64,base-files,1500-r20123-38ccc47687,research-os/data/openwrt-v2-snapshots/releases/22.03.4/x86_64/openwrt-22.03.4-x86-64.manifest
22.03.4,x86/64,busybox,1.35.0-5,research-os/data/openwrt-v2-snapshots/releases/22.03.4/x86_64/openwrt-22.03.4-x86-64.manifest
22.03.4,x86/64,ca-bundle,20211016-1,research-os/data/openwrt-v2-snapshots/releases/22.03.4/x86_64/openwrt-22.03.4-x86-64.manifest
22.03.4,x86/64,cgi-io,2022-08-10-901b0f04-21,research-os/data/openwrt-v2-snapshots/releases/22.03.4/x86_64/openwrt-22.03.4-x86-64.manifest
22.03.4,x86/64,dnsmasq,2.86-16,research-os/data/openwrt-v2-snapshots/releases/22.03.4/x86_64/openwrt-22.03.4-x86-64.manifest
22.03.4,x86/64,dropbear,2022.82-2,research-os/data/openwrt-v2-snapshots/releases/22.03.4/x86_64/openwrt-22.03.4-x86-64.manifest
22.03.4,x86/64,e2fsprogs,1.46.5-2,research-os/data/openwrt-v2-snapshots/releases/22.03.4/x86_64/openwrt-22.03.4-x86-64.manifest
22.03.4,x86/64,firewall4,2022-10-18-7ae5e14b-1,research-os/data/openwrt-v2-snapshots/releases/22.03.4/x86_64/openwrt-22.03.4-x86-64.manifest
22.03.4,x86/64,fstools,2022-06-02-93369be0-2,research-os/data/openwrt-v2-snapshots/releases/22.03.4/x86_64/openwrt-22.03.4-x86-64.manifest
22.03.4,x86/64,fwtool,2019-11-12-8f7fe925-1,research-os/data/openwrt-v2-snapshots/releases/22.03.4/x86_64/openwrt-22.03.4-x86-64.manifest
22.03.4,x86/64,getrandom,2021-08-03-205defb5-2,research-os/data/openwrt-v2-snapshots/releases/22.03.4/x86_64/openwrt-22.03.4-x86-64.manifest
22.03.4,x86/64,grub2,2.06-3,research-os/data/openwrt-v2-snapshots/releases/22.03.4/x86_64/openwrt-22.03.4-x86-64.manifest
22.03.4,x86/64,grub2-bios-setup,2.06-3,research-os/data/openwrt-v2-snapshots/releases/22.03.4/x86_64/openwrt-22.03.4-x86-64.manifest
22.03.4,x86/64,grub2-efi,2.06-3,research-os/data/openwrt-v2-snapshots/releases/22.03.4/x86_64/openwrt-22.03.4-x86-64.manifest
22.03.4,x86/64,jansson4,2.13.1-2,research-os/data/openwrt-v2-snapshots/releases/22.03.4/x86_64/openwrt-22.03.4-x86-64.manifest
22.03.4,x86/64,jshn,2022-05-15-d2223ef9-1,research-os/data/openwrt-v2-snapshots/releases/22.03.4/x86_64/openwrt-22.03.4-x86-64.manifest
22.03.4,x86/64,jsonfilter,2018-02-04-c7e938d6-1,research-os/data/openwrt-v2-snapshots/releases/22.03.4/x86_64/openwrt-22.03.4-x86-64.manifest
22.03.4,x86/64,kernel,5.10.176-1-c90b8cdeba326c5459f96b8e3bd16c5a,research-os/data/openwrt-v2-snapshots/releases/22.03.4/x86_64/openwrt-22.03.4-x86-64.manifest
22.03.4,x86/64,kmod-button-hotplug,5.10.176-3,research-os/data/openwrt-v2-snapshots/releases/22.03.4/x86_64/openwrt-22.03.4-x86-64.manifest
22.03.4,x86/64,kmod-crypto-crc32c,5.10.176-1,research-os/data/openwrt-v2-snapshots/releases/22.03.4/x86_64/openwrt-22.03.4-x86-64.manifest
22.03.4,x86/64,kmod-crypto-hash,5.10.176-1,research-os/data/openwrt-v2-snapshots/releases/22.03.4/x86_64/openwrt-22.03.4-x86-64.manifest
22.03.4,x86/64,kmod-fs-vfat,5.10.176-1,research-os/data/openwrt-v2-snapshots/releases/22.03.4/x86_64/openwrt-22.03.4-x86-64.manifest
22.03.4,x86/64,kmod-input-core,5.10.176-1,research-os/data/openwrt-v2-snapshots/releases/22.03.4/x86_64/openwrt-22.03.4-x86-64.manifest
22.03.4,x86/64,kmod-lib-crc-ccitt,5.10.176-1,research-os/data/openwrt-v2-snapshots/releases/22.03.4/x86_64/openwrt-22.03.4-x86-64.manifest
22.03.4,x86/64,kmod-lib-crc32c,5.10.176-1,research-os/data/openwrt-v2-snapshots/releases/22.03.4/x86_64/openwrt-22.03.4-x86-64.manifest
22.03.4,x86/64,kmod-nf-conntrack,5.10.176-1,research-os/data/openwrt-v2-snapshots/releases/22.03.4/x86_64/openwrt-22.03.4-x86-64.manifest
22.03.4,x86/64,kmod-nf-conntrack6,5.10.176-1,research-os/data/openwrt-v2-snapshots/releases/22.03.4/x86_64/openwrt-22.03.4-x86-64.manifest
22.03.4,x86/64,kmod-nf-flow,5.10.176-1,research-os/data/openwrt-v2-snapshots/releases/22.03.4/x86_64/openwrt-22.03.4-x86-64.manifest
22.03.4,x86/64,kmod-nf-log,5.10.176-1,research-os/data/openwrt-v2-snapshots/releases/22.03.4/x86_64/openwrt-22.03.4-x86-64.manifest
22.03.4,x86/64,kmod-nf-log6,5.10.176-1,research-os/data/openwrt-v2-snapshots/releases/22.03.4/x86_64/openwrt-22.03.4-x86-64.manifest
22.03.4,x86/64,kmod-nf-nat,5.10.176-1,research-os/data/openwrt-v2-snapshots/releases/22.03.4/x86_64/openwrt-22.03.4-x86-64.manifest
22.03.4,x86/64,kmod-nf-reject,5.10.176-1,research-os/data/openwrt-v2-snapshots/releases/22.03.4/x86_64/openwrt-22.03.4-x86-64.manifest
22.03.4,x86/64,kmod-nf-reject6,5.10.176-1,research-os/data/openwrt-v2-snapshots/releases/22.03.4/x86_64/openwrt-22.03.4-x86-64.manifest
22.03.4,x86/64,kmod-nfnetlink,5.10.176-1,research-os/data/openwrt-v2-snapshots/releases/22.03.4/x86_64/openwrt-22.03.4-x86-64.manifest
22.03.4,x86/64,kmod-nft-core,5.10.176-1,research-os/data/openwrt-v2-snapshots/releases/22.03.4/x86_64/openwrt-22.03.4-x86-64.manifest
22.03.4,x86/64,kmod-nft-fib,5.10.176-1,research-os/data/openwrt-v2-snapshots/releases/22.03.4/x86_64/openwrt-22.03.4-x86-64.manifest
22.03.4,x86/64,kmod-nft-nat,5.10.176-1,research-os/data/openwrt-v2-snapshots/releases/22.03.4/x86_64/openwrt-22.03.4-x86-64.manifest
22.03.4,x86/64,kmod-nft-offload,5.10.176-1,research-os/data/openwrt-v2-snapshots/releases/22.03.4/x86_64/openwrt-22.03.4-x86-64.manifest
22.03.4,x86/64,kmod-nls-base,5.10.176-1,research-os/data/openwrt-v2-snapshots/releases/22.03.4/x86_64/openwrt-22.03.4-x86-64.manifest
22.03.4,x86/64,kmod-nls-cp437,5.10.176-1,research-os/data/openwrt-v2-snapshots/releases/22.03.4/x86_64/openwrt-22.03.4-x86-64.manifest
22.03.4,x86/64,kmod-nls-iso8859-1,5.10.176-1,research-os/data/openwrt-v2-snapshots/releases/22.03.4/x86_64/openwrt-22.03.4-x86-64.manifest
22.03.4,x86/64,kmod-nls-utf8,5.10.176-1,research-os/data/openwrt-v2-snapshots/releases/22.03.4/x86_64/openwrt-22.03.4-x86-64.manifest
22.03.4,x86/64,kmod-ppp,5.10.176-1,research-os/data/openwrt-v2-snapshots/releases/22.03.4/x86_64/openwrt-22.03.4-x86-64.manifest
22.03.4,x86/64,kmod-pppoe,5.10.176-1,research-os/data/openwrt-v2-snapshots/releases/22.03.4/x86_64/openwrt-22.03.4-x86-64.manifest
22.03.4,x86/64,kmod-pppox,5.10.176-1,research-os/data/openwrt-v2-snapshots/releases/22.03.4/x86_64/openwrt-22.03.4-x86-64.manifest
22.03.4,x86/64,kmod-slhc,5.10.176-1,research-os/data/openwrt-v2-snapshots/releases/22.03.4/x86_64/openwrt-22.03.4-x86-64.manifest
22.03.4,x86/64,libblkid1,2.37.4-1,research-os/data/openwrt-v2-snapshots/releases/22.03.4/x86_64/openwrt-22.03.4-x86-64.manifest
22.03.4,x86/64,libblobmsg-json20220515,2022-05-15-d2223ef9-1,research-os/data/openwrt-v2-snapshots/releases/22.03.4/x86_64/openwrt-22.03.4-x86-64.manifest
22.03.4,x86/64,libc,1.2.3-4,research-os/data/openwrt-v2-snapshots/releases/22.03.4/x86_64/openwrt-22.03.4-x86-64.manifest
22.03.4,x86/64,libcomerr0,1.46.5-2,research-os/data/openwrt-v2-snapshots/releases/22.03.4/x86_64/openwrt-22.03.4-x86-64.manifest
22.03.4,x86/64,libext2fs2,1.46.5-2,research-os/data/openwrt-v2-snapshots/releases/22.03.4/x86_64/openwrt-22.03.4-x86-64.manifest
22.03.4,x86/64,libf2fs6,1.14.0-3,research-os/data/openwrt-v2-snapshots/releases/22.03.4/x86_64/openwrt-22.03.4-x86-64.manifest
22.03.4,x86/64,libgcc1,11.2.0-4,research-os/data/openwrt-v2-snapshots/releases/22.03.4/x86_64/openwrt-22.03.4-x86-64.manifest
22.03.4,x86/64,libiwinfo-data,2022-12-15-8d158096-1,research-os/data/openwrt-v2-snapshots/releases/22.03.4/x86_64/openwrt-22.03.4-x86-64.manifest
22.03.4,x86/64,libiwinfo-lua,2022-12-15-8d158096-1,research-os/data/openwrt-v2-snapshots/releases/22.03.4/x86_64/openwrt-22.03.4-x86-64.manifest
22.03.4,x86/64,libiwinfo20210430,2022-12-15-8d158096-1,research-os/data/openwrt-v2-snapshots/releases/22.03.4/x86_64/openwrt-22.03.4-x86-64.manifest
22.03.4,x86/64,libjson-c5,0.15-2,research-os/data/openwrt-v2-snapshots/releases/22.03.4/x86_64/openwrt-22.03.4-x86-64.manifest
22.03.4,x86/64,libjson-script20220515,2022-05-15-d2223ef9-1,research-os/data/openwrt-v2-snapshots/releases/22.03.4/x86_64/openwrt-22.03.4-x86-64.manifest
22.03.4,x86/64,liblua5.1.5,5.1.5-10,research-os/data/openwrt-v2-snapshots/releases/22.03.4/x86_64/openwrt-22.03.4-x86-64.manifest
22.03.4,x86/64,liblucihttp-lua,2023-03-15-9b5b683f-1,research-os/data/openwrt-v2-snapshots/releases/22.03.4/x86_64/openwrt-22.03.4-x86-64.manifest
22.03.4,x86/64,liblucihttp0,2023-03-15-9b5b683f-1,research-os/data/openwrt-v2-snapshots/releases/22.03.4/x86_64/openwrt-22.03.4-x86-64.manifest
22.03.4,x86/64,libmnl0,1.0.5-1,research-os/data/openwrt-v2-snapshots/releases/22.03.4/x86_64/openwrt-22.03.4-x86-64.manifest
22.03.4,x86/64,libnftnl11,1.2.1-2,research-os/data/openwrt-v2-snapshots/releases/22.03.4/x86_64/openwrt-22.03.4-x86-64.manifest
22.03.4,x86/64,libnl-tiny1,2021-11-21-8e0555fb-1,research-os/data/openwrt-v2-snapshots/releases/22.03.4/x86_64/openwrt-22.03.4-x86-64.manifest
22.03.4,x86/64,libpthread,1.2.3-4,research-os/data/openwrt-v2-snapshots/releases/22.03.4/x86_64/openwrt-22.03.4-x86-64.manifest
22.03.4,x86/64,librt,1.2.3-4,research-os/data/openwrt-v2-snapshots/releases/22.03.4/x86_64/openwrt-22.03.4-x86-64.manifest
22.03.4,x86/64,libsmartcols1,2.37.4-1,research-os/data/openwrt-v2-snapshots/releases/22.03.4/x86_64/openwrt-22.03.4-x86-64.manifest
22.03.4,x86/64,libss2,1.46.5-2,research-os/data/openwrt-v2-snapshots/releases/22.03.4/x86_64/openwrt-22.03.4-x86-64.manifest
22.03.4,x86/64,libubox20220515,2022-05-15-d2223ef9-1,research-os/data/openwrt-v2-snapshots/releases/22.03.4/x86_64/openwrt-22.03.4-x86-64.manifest
22.03.4,x86/64,libubus-lua,2022-06-01-2bebf93c-1,research-os/data/openwrt-v2-snapshots/releases/22.03.4/x86_64/openwrt-22.03.4-x86-64.manifest
22.03.4,x86/64,libubus20220601,2022-06-01-2bebf93c-1,research-os/data/openwrt-v2-snapshots/releases/22.03.4/x86_64/openwrt-22.03.4-x86-64.manifest
22.03.4,x86/64,libuci20130104,2021-10-22-f84f49f0-6,research-os/data/openwrt-v2-snapshots/releases/22.03.4/x86_64/openwrt-22.03.4-x86-64.manifest
22.03.4,x86/64,libuclient20201210,2021-05-14-6a6011df-1,research-os/data/openwrt-v2-snapshots/releases/22.03.4/x86_64/openwrt-22.03.4-x86-64.manifest
22.03.4,x86/64,libucode20220812,2022-12-02-46d93c9c-1,research-os/data/openwrt-v2-snapshots/releases/22.03.4/x86_64/openwrt-22.03.4-x86-64.manifest
22.03.4,x86/64,libustream-wolfssl20201210,2022-12-08-9217ab46-2,research-os/data/openwrt-v2-snapshots/releases/22.03.4/x86_64/openwrt-22.03.4-x86-64.manifest
22.03.4,x86/64,libuuid1,2.37.4-1,research-os/data/openwrt-v2-snapshots/releases/22.03.4/x86_64/openwrt-22.03.4-x86-64.manifest
22.03.4,x86/64,libwolfssl5.5.4.ee39414e,5.5.4-stable-1,research-os/data/openwrt-v2-snapshots/releases/22.03.4/x86_64/openwrt-22.03.4-x86-64.manifest
22.03.4,x86/64,logd,2021-08-03-205defb5-2,research-os/data/openwrt-v2-snapshots/releases/22.03.4/x86_64/openwrt-22.03.4-x86-64.manifest
22.03.4,x86/64,lua,5.1.5-10,research-os/data/openwrt-v2-snapshots/releases/22.03.4/x86_64/openwrt-22.03.4-x86-64.manifest
22.03.4,x86/64,luci,git-23.093.42303-d58cd69,research-os/data/openwrt-v2-snapshots/releases/22.03.4/x86_64/openwrt-22.03.4-x86-64.manifest
22.03.4,x86/64,luci-app-firewall,git-23.093.42704-1c01c64,research-os/data/openwrt-v2-snapshots/releases/22.03.4/x86_64/openwrt-22.03.4-x86-64.manifest
22.03.4,x86/64,luci-app-opkg,git-23.093.42303-e16f620,research-os/data/openwrt-v2-snapshots/releases/22.03.4/x86_64/openwrt-22.03.4-x86-64.manifest
22.03.4,x86/64,luci-base,git-23.093.57104-ce20b4a,research-os/data/openwrt-v2-snapshots/releases/22.03.4/x86_64/openwrt-22.03.4-x86-64.manifest
22.03.4,x86/64,luci-lib-base,git-20.232.39649-1f6dc29,research-os/data/openwrt-v2-snapshots/releases/22.03.4/x86_64/openwrt-22.03.4-x86-64.manifest
22.03.4,x86/64,luci-lib-ip,git-20.250.76529-62505bd,research-os/data/openwrt-v2-snapshots/releases/22.03.4/x86_64/openwrt-22.03.4-x86-64.manifest
22.03.4,x86/64,luci-lib-jsonc,git-22.097.61921-7513345,research-os/data/openwrt-v2-snapshots/releases/22.03.4/x86_64/openwrt-22.03.4-x86-64.manifest
22.03.4,x86/64,luci-lib-nixio,git-20.234.06894-c4a4e43,research-os/data/openwrt-v2-snapshots/releases/22.03.4/x86_64/openwrt-22.03.4-x86-64.manifest
22.03.4,x86/64,luci-mod-admin-full,git-19.253.48496-3f93650,research-os/data/openwrt-v2-snapshots/releases/22.03.4/x86_64/openwrt-22.03.4-x86-64.manifest
22.03.4,x86/64,luci-mod-network,git-23.093.42704-52965f4,research-os/data/openwrt-v2-snapshots/releases/22.03.4/x86_64/openwrt-22.03.4-x86-64.manifest
22.03.4,x86/64,luci-mod-status,git-23.093.42411-713f701,research-os/data/openwrt-v2-snapshots/releases/22.03.4/x86_64/openwrt-22.03.4-x86-64.manifest
22.03.4,x86/64,luci-mod-system,git-23.013.73113-588381e,research-os/data/openwrt-v2-snapshots/releases/22.03.4/x86_64/openwrt-22.03.4-x86-64.manifest
22.03.4,x86/64,luci-proto-ipv6,git-21.148.48881-79947af,research-os/data/openwrt-v2-snapshots/releases/22.03.4/x86_64/openwrt-22.03.4-x86-64.manifest
22.03.4,x86/64,luci-proto-ppp,git-21.158.38888-88b9d84,research-os/data/openwrt-v2-snapshots/releases/22.03.4/x86_64/openwrt-22.03.4-x86-64.manifest
22.03.4,x86/64,luci-ssl,git-20.244.36115-e10f954,research-os/data/openwrt-v2-snapshots/releases/22.03.4/x86_64/openwrt-22.03.4-x86-64.manifest
22.03.4,x86/64,luci-theme-bootstrap,git-23.093.42704-b47268a,research-os/data/openwrt-v2-snapshots/releases/22.03.4/x86_64/openwrt-22.03.4-x86-64.manifest
22.03.4,x86/64,mkf2fs,1.14.0-3,research-os/data/openwrt-v2-snapshots/releases/22.03.4/x86_64/openwrt-22.03.4-x86-64.manifest
22.03.4,x86/64,mtd,26,research-os/data/openwrt-v2-snapshots/releases/22.03.4/x86_64/openwrt-22.03.4-x86-64.manifest
22.03.4,x86/64,netifd,2022-08-25-76d2d41b-1,research-os/data/openwrt-v2-snapshots/releases/22.03.4/x86_64/openwrt-22.03.4-x86-64.manifest
22.03.4,x86/64,nftables-json,1.0.2-2.1,research-os/data/openwrt-v2-snapshots/releases/22.03.4/x86_64/openwrt-22.03.4-x86-64.manifest
22.03.4,x86/64,odhcp6c,2022-08-05-7d21e8d8-18,research-os/data/openwrt-v2-snapshots/releases/22.03.4/x86_64/openwrt-22.03.4-x86-64.manifest
22.03.4,x86/64,odhcpd-ipv6only,2023-01-02-4a673e1c-2,research-os/data/openwrt-v2-snapshots/releases/22.03.4/x86_64/openwrt-22.03.4-x86-64.manifest
22.03.4,x86/64,openwrt-keyring,2022-03-25-62471e69-3,research-os/data/openwrt-v2-snapshots/releases/22.03.4/x86_64/openwrt-22.03.4-x86-64.manifest
22.03.4,x86/64,opkg,2022-02-24-d038e5b6-1,research-os/data/openwrt-v2-snapshots/releases/22.03.4/x86_64/openwrt-22.03.4-x86-64.manifest
22.03.4,x86/64,partx-utils,2.37.4-1,research-os/data/openwrt-v2-snapshots/releases/22.03.4/x86_64/openwrt-22.03.4-x86-64.manifest
22.03.4,x86/64,ppp,2.4.9.git-2021-01-04-3,research-os/data/openwrt-v2-snapshots/releases/22.03.4/x86_64/openwrt-22.03.4-x86-64.manifest
22.03.4,x86/64,ppp-mod-pppoe,2.4.9.git-2021-01-04-3,research-os/data/openwrt-v2-snapshots/releases/22.03.4/x86_64/openwrt-22.03.4-x86-64.manifest
22.03.4,x86/64,procd,2022-06-01-7a009685-2,research-os/data/openwrt-v2-snapshots/releases/22.03.4/x86_64/openwrt-22.03.4-x86-64.manifest
22.03.4,x86/64,procd-seccomp,2022-06-01-7a009685-2,research-os/data/openwrt-v2-snapshots/releases/22.03.4/x86_64/openwrt-22.03.4-x86-64.manifest
22.03.4,x86/64,procd-ujail,2022-06-01-7a009685-2,research-os/data/openwrt-v2-snapshots/releases/22.03.4/x86_64/openwrt-22.03.4-x86-64.manifest
22.03.4,x86/64,px5g-wolfssl,6.2,research-os/data/openwrt-v2-snapshots/releases/22.03.4/x86_64/openwrt-22.03.4-x86-64.manifest
22.03.4,x86/64,rpcd,2022-12-15-7de4820c-1,research-os/data/openwrt-v2-snapshots/releases/22.03.4/x86_64/openwrt-22.03.4-x86-64.manifest
22.03.4,x86/64,rpcd-mod-file,2022-12-15-7de4820c-1,research-os/data/openwrt-v2-snapshots/releases/22.03.4/x86_64/openwrt-22.03.4-x86-64.manifest
22.03.4,x86/64,rpcd-mod-iwinfo,2022-12-15-7de4820c-1,research-os/data/openwrt-v2-snapshots/releases/22.03.4/x86_64/openwrt-22.03.4-x86-64.manifest
22.03.4,x86/64,rpcd-mod-luci,20210614,research-os/data/openwrt-v2-snapshots/releases/22.03.4/x86_64/openwrt-22.03.4-x86-64.manifest
22.03.4,x86/64,rpcd-mod-rrdns,20170710,research-os/data/openwrt-v2-snapshots/releases/22.03.4/x86_64/openwrt-22.03.4-x86-64.manifest
22.03.4,x86/64,ubox,2021-08-03-205defb5-2,research-os/data/openwrt-v2-snapshots/releases/22.03.4/x86_64/openwrt-22.03.4-x86-64.manifest
22.03.4,x86/64,ubus,2022-06-01-2bebf93c-1,research-os/data/openwrt-v2-snapshots/releases/22.03.4/x86_64/openwrt-22.03.4-x86-64.manifest
22.03.4,x86/64,ubusd,2022-06-01-2bebf93c-1,research-os/data/openwrt-v2-snapshots/releases/22.03.4/x86_64/openwrt-22.03.4-x86-64.manifest
22.03.4,x86/64,uci,2021-10-22-f84f49f0-6,research-os/data/openwrt-v2-snapshots/releases/22.03.4/x86_64/openwrt-22.03.4-x86-64.manifest
22.03.4,x86/64,uclient-fetch,2021-05-14-6a6011df-1,research-os/data/openwrt-v2-snapshots/releases/22.03.4/x86_64/openwrt-22.03.4-x86-64.manifest
22.03.4,x86/64,ucode,2022-12-02-46d93c9c-1,research-os/data/openwrt-v2-snapshots/releases/22.03.4/x86_64/openwrt-22.03.4-x86-64.manifest
22.03.4,x86/64,ucode-mod-fs,2022-12-02-46d93c9c-1,research-os/data/openwrt-v2-snapshots/releases/22.03.4/x86_64/openwrt-22.03.4-x86-64.manifest
22.03.4,x86/64,ucode-mod-ubus,2022-12-02-46d93c9c-1,research-os/data/openwrt-v2-snapshots/releases/22.03.4/x86_64/openwrt-22.03.4-x86-64.manifest
22.03.4,x86/64,ucode-mod-uci,2022-12-02-46d93c9c-1,research-os/data/openwrt-v2-snapshots/releases/22.03.4/x86_64/openwrt-22.03.4-x86-64.manifest
22.03.4,x86/64,uhttpd,2022-10-31-23977554-1,research-os/data/openwrt-v2-snapshots/releases/22.03.4/x86_64/openwrt-22.03.4-x86-64.manifest
22.03.4,x86/64,uhttpd-mod-ubus,2022-10-31-23977554-1,research-os/data/openwrt-v2-snapshots/releases/22.03.4/x86_64/openwrt-22.03.4-x86-64.manifest
22.03.4,x86/64,urandom-seed,3,research-os/data/openwrt-v2-snapshots/releases/22.03.4/x86_64/openwrt-22.03.4-x86-64.manifest
22.03.4,x86/64,urngd,2020-01-21-c7f7b6b6-1,research-os/data/openwrt-v2-snapshots/releases/22.03.4/x86_64/openwrt-22.03.4-x86-64.manifest
22.03.4,x86/64,usign,2020-05-23-f1f65026-1,research-os/data/openwrt-v2-snapshots/releases/22.03.4/x86_64/openwrt-22.03.4-x86-64.manifest
22.03.5,ath79/generic,base-files,1502-r20134-5f15225c1e,research-os/data/openwrt-v2-snapshots/releases/22.03.5/ath79_generic/openwrt-22.03.5-ath79-generic.manifest
22.03.5,ath79/generic,busybox,1.35.0-5,research-os/data/openwrt-v2-snapshots/releases/22.03.5/ath79_generic/openwrt-22.03.5-ath79-generic.manifest
22.03.5,ath79/generic,ca-bundle,20211016-1,research-os/data/openwrt-v2-snapshots/releases/22.03.5/ath79_generic/openwrt-22.03.5-ath79-generic.manifest
22.03.5,ath79/generic,cgi-io,2022-08-10-901b0f04-21,research-os/data/openwrt-v2-snapshots/releases/22.03.5/ath79_generic/openwrt-22.03.5-ath79-generic.manifest
22.03.5,ath79/generic,dnsmasq,2.86-16,research-os/data/openwrt-v2-snapshots/releases/22.03.5/ath79_generic/openwrt-22.03.5-ath79-generic.manifest
22.03.5,ath79/generic,dropbear,2022.82-2,research-os/data/openwrt-v2-snapshots/releases/22.03.5/ath79_generic/openwrt-22.03.5-ath79-generic.manifest
22.03.5,ath79/generic,firewall4,2022-10-18-7ae5e14b-1,research-os/data/openwrt-v2-snapshots/releases/22.03.5/ath79_generic/openwrt-22.03.5-ath79-generic.manifest
22.03.5,ath79/generic,fstools,2022-06-02-93369be0-2,research-os/data/openwrt-v2-snapshots/releases/22.03.5/ath79_generic/openwrt-22.03.5-ath79-generic.manifest
22.03.5,ath79/generic,fwtool,2019-11-12-8f7fe925-1,research-os/data/openwrt-v2-snapshots/releases/22.03.5/ath79_generic/openwrt-22.03.5-ath79-generic.manifest
22.03.5,ath79/generic,getrandom,2021-08-03-205defb5-2,research-os/data/openwrt-v2-snapshots/releases/22.03.5/ath79_generic/openwrt-22.03.5-ath79-generic.manifest
22.03.5,ath79/generic,hostapd-common,2022-01-16-cff80b4f-16.2,research-os/data/openwrt-v2-snapshots/releases/22.03.5/ath79_generic/openwrt-22.03.5-ath79-generic.manifest
22.03.5,ath79/generic,iw,5.16-1,research-os/data/openwrt-v2-snapshots/releases/22.03.5/ath79_generic/openwrt-22.03.5-ath79-generic.manifest
22.03.5,ath79/generic,iwinfo,2022-12-15-8d158096-1,research-os/data/openwrt-v2-snapshots/releases/22.03.5/ath79_generic/openwrt-22.03.5-ath79-generic.manifest
22.03.5,ath79/generic,jansson4,2.13.1-2,research-os/data/openwrt-v2-snapshots/releases/22.03.5/ath79_generic/openwrt-22.03.5-ath79-generic.manifest
22.03.5,ath79/generic,jshn,2022-05-15-d2223ef9-1,research-os/data/openwrt-v2-snapshots/releases/22.03.5/ath79_generic/openwrt-22.03.5-ath79-generic.manifest
22.03.5,ath79/generic,jsonfilter,2018-02-04-c7e938d6-1,research-os/data/openwrt-v2-snapshots/releases/22.03.5/ath79_generic/openwrt-22.03.5-ath79-generic.manifest
22.03.5,ath79/generic,kernel,5.10.176-1-85703b998fa54b6f2c1131f83b0a7d11,research-os/data/openwrt-v2-snapshots/releases/22.03.5/ath79_generic/openwrt-22.03.5-ath79-generic.manifest
22.03.5,ath79/generic,kmod-ath,5.10.176+5.15.92-1-1,research-os/data/openwrt-v2-snapshots/releases/22.03.5/ath79_generic/openwrt-22.03.5-ath79-generic.manifest
22.03.5,ath79/generic,kmod-ath9k,5.10.176+5.15.92-1-1,research-os/data/openwrt-v2-snapshots/releases/22.03.5/ath79_generic/openwrt-22.03.5-ath79-generic.manifest
22.03.5,ath79/generic,kmod-ath9k-common,5.10.176+5.15.92-1-1,research-os/data/openwrt-v2-snapshots/releases/22.03.5/ath79_generic/openwrt-22.03.5-ath79-generic.manifest
22.03.5,ath79/generic,kmod-cfg80211,5.10.176+5.15.92-1-1,research-os/data/openwrt-v2-snapshots/releases/22.03.5/ath79_generic/openwrt-22.03.5-ath79-generic.manifest
22.03.5,ath79/generic,kmod-crypto-aead,5.10.176-1,research-os/data/openwrt-v2-snapshots/releases/22.03.5/ath79_generic/openwrt-22.03.5-ath79-generic.manifest
22.03.5,ath79/generic,kmod-crypto-ccm,5.10.176-1,research-os/data/openwrt-v2-snapshots/releases/22.03.5/ath79_generic/openwrt-22.03.5-ath79-generic.manifest
22.03.5,ath79/generic,kmod-crypto-cmac,5.10.176-1,research-os/data/openwrt-v2-snapshots/releases/22.03.5/ath79_generic/openwrt-22.03.5-ath79-generic.manifest
22.03.5,ath79/generic,kmod-crypto-crc32c,5.10.176-1,research-os/data/openwrt-v2-snapshots/releases/22.03.5/ath79_generic/openwrt-22.03.5-ath79-generic.manifest
22.03.5,ath79/generic,kmod-crypto-ctr,5.10.176-1,research-os/data/openwrt-v2-snapshots/releases/22.03.5/ath79_generic/openwrt-22.03.5-ath79-generic.manifest
22.03.5,ath79/generic,kmod-crypto-gcm,5.10.176-1,research-os/data/openwrt-v2-snapshots/releases/22.03.5/ath79_generic/openwrt-22.03.5-ath79-generic.manifest
22.03.5,ath79/generic,kmod-crypto-gf128,5.10.176-1,research-os/data/openwrt-v2-snapshots/releases/22.03.5/ath79_generic/openwrt-22.03.5-ath79-generic.manifest
22.03.5,ath79/generic,kmod-crypto-ghash,5.10.176-1,research-os/data/openwrt-v2-snapshots/releases/22.03.5/ath79_generic/openwrt-22.03.5-ath79-generic.manifest
22.03.5,ath79/generic,kmod-crypto-hash,5.10.176-1,research-os/data/openwrt-v2-snapshots/releases/22.03.5/ath79_generic/openwrt-22.03.5-ath79-generic.manifest
22.03.5,ath79/generic,kmod-crypto-hmac,5.10.176-1,research-os/data/openwrt-v2-snapshots/releases/22.03.5/ath79_generic/openwrt-22.03.5-ath79-generic.manifest
22.03.5,ath79/generic,kmod-crypto-manager,5.10.176-1,research-os/data/openwrt-v2-snapshots/releases/22.03.5/ath79_generic/openwrt-22.03.5-ath79-generic.manifest
22.03.5,ath79/generic,kmod-crypto-null,5.10.176-1,research-os/data/openwrt-v2-snapshots/releases/22.03.5/ath79_generic/openwrt-22.03.5-ath79-generic.manifest
22.03.5,ath79/generic,kmod-crypto-rng,5.10.176-1,research-os/data/openwrt-v2-snapshots/releases/22.03.5/ath79_generic/openwrt-22.03.5-ath79-generic.manifest
22.03.5,ath79/generic,kmod-crypto-seqiv,5.10.176-1,research-os/data/openwrt-v2-snapshots/releases/22.03.5/ath79_generic/openwrt-22.03.5-ath79-generic.manifest
22.03.5,ath79/generic,kmod-crypto-sha256,5.10.176-1,research-os/data/openwrt-v2-snapshots/releases/22.03.5/ath79_generic/openwrt-22.03.5-ath79-generic.manifest
22.03.5,ath79/generic,kmod-gpio-button-hotplug,5.10.176-3,research-os/data/openwrt-v2-snapshots/releases/22.03.5/ath79_generic/openwrt-22.03.5-ath79-generic.manifest
22.03.5,ath79/generic,kmod-lib-crc-ccitt,5.10.176-1,research-os/data/openwrt-v2-snapshots/releases/22.03.5/ath79_generic/openwrt-22.03.5-ath79-generic.manifest
22.03.5,ath79/generic,kmod-lib-crc32c,5.10.176-1,research-os/data/openwrt-v2-snapshots/releases/22.03.5/ath79_generic/openwrt-22.03.5-ath79-generic.manifest
22.03.5,ath79/generic,kmod-mac80211,5.10.176+5.15.92-1-1,research-os/data/openwrt-v2-snapshots/releases/22.03.5/ath79_generic/openwrt-22.03.5-ath79-generic.manifest
22.03.5,ath79/generic,kmod-nf-conntrack,5.10.176-1,research-os/data/openwrt-v2-snapshots/releases/22.03.5/ath79_generic/openwrt-22.03.5-ath79-generic.manifest
22.03.5,ath79/generic,kmod-nf-conntrack6,5.10.176-1,research-os/data/openwrt-v2-snapshots/releases/22.03.5/ath79_generic/openwrt-22.03.5-ath79-generic.manifest
22.03.5,ath79/generic,kmod-nf-flow,5.10.176-1,research-os/data/openwrt-v2-snapshots/releases/22.03.5/ath79_generic/openwrt-22.03.5-ath79-generic.manifest
22.03.5,ath79/generic,kmod-nf-log,5.10.176-1,research-os/data/openwrt-v2-snapshots/releases/22.03.5/ath79_generic/openwrt-22.03.5-ath79-generic.manifest
22.03.5,ath79/generic,kmod-nf-log6,5.10.176-1,research-os/data/openwrt-v2-snapshots/releases/22.03.5/ath79_generic/openwrt-22.03.5-ath79-generic.manifest
22.03.5,ath79/generic,kmod-nf-nat,5.10.176-1,research-os/data/openwrt-v2-snapshots/releases/22.03.5/ath79_generic/openwrt-22.03.5-ath79-generic.manifest
22.03.5,ath79/generic,kmod-nf-reject,5.10.176-1,research-os/data/openwrt-v2-snapshots/releases/22.03.5/ath79_generic/openwrt-22.03.5-ath79-generic.manifest
22.03.5,ath79/generic,kmod-nf-reject6,5.10.176-1,research-os/data/openwrt-v2-snapshots/releases/22.03.5/ath79_generic/openwrt-22.03.5-ath79-generic.manifest
22.03.5,ath79/generic,kmod-nfnetlink,5.10.176-1,research-os/data/openwrt-v2-snapshots/releases/22.03.5/ath79_generic/openwrt-22.03.5-ath79-generic.manifest
22.03.5,ath79/generic,kmod-nft-core,5.10.176-1,research-os/data/openwrt-v2-snapshots/releases/22.03.5/ath79_generic/openwrt-22.03.5-ath79-generic.manifest
22.03.5,ath79/generic,kmod-nft-fib,5.10.176-1,research-os/data/openwrt-v2-snapshots/releases/22.03.5/ath79_generic/openwrt-22.03.5-ath79-generic.manifest
22.03.5,ath79/generic,kmod-nft-nat,5.10.176-1,research-os/data/openwrt-v2-snapshots/releases/22.03.5/ath79_generic/openwrt-22.03.5-ath79-generic.manifest
22.03.5,ath79/generic,kmod-nft-offload,5.10.176-1,research-os/data/openwrt-v2-snapshots/releases/22.03.5/ath79_generic/openwrt-22.03.5-ath79-generic.manifest
22.03.5,ath79/generic,kmod-ppp,5.10.176-1,research-os/data/openwrt-v2-snapshots/releases/22.03.5/ath79_generic/openwrt-22.03.5-ath79-generic.manifest
22.03.5,ath79/generic,kmod-pppoe,5.10.176-1,research-os/data/openwrt-v2-snapshots/releases/22.03.5/ath79_generic/openwrt-22.03.5-ath79-generic.manifest
22.03.5,ath79/generic,kmod-pppox,5.10.176-1,research-os/data/openwrt-v2-snapshots/releases/22.03.5/ath79_generic/openwrt-22.03.5-ath79-generic.manifest
22.03.5,ath79/generic,kmod-slhc,5.10.176-1,research-os/data/openwrt-v2-snapshots/releases/22.03.5/ath79_generic/openwrt-22.03.5-ath79-generic.manifest
22.03.5,ath79/generic,libblobmsg-json20220515,2022-05-15-d2223ef9-1,research-os/data/openwrt-v2-snapshots/releases/22.03.5/ath79_generic/openwrt-22.03.5-ath79-generic.manifest
22.03.5,ath79/generic,libc,1.2.3-4,research-os/data/openwrt-v2-snapshots/releases/22.03.5/ath79_generic/openwrt-22.03.5-ath79-generic.manifest
22.03.5,ath79/generic,libgcc1,11.2.0-4,research-os/data/openwrt-v2-snapshots/releases/22.03.5/ath79_generic/openwrt-22.03.5-ath79-generic.manifest
22.03.5,ath79/generic,libiwinfo-data,2022-12-15-8d158096-1,research-os/data/openwrt-v2-snapshots/releases/22.03.5/ath79_generic/openwrt-22.03.5-ath79-generic.manifest
22.03.5,ath79/generic,libiwinfo-lua,2022-12-15-8d158096-1,research-os/data/openwrt-v2-snapshots/releases/22.03.5/ath79_generic/openwrt-22.03.5-ath79-generic.manifest
22.03.5,ath79/generic,libiwinfo20210430,2022-12-15-8d158096-1,research-os/data/openwrt-v2-snapshots/releases/22.03.5/ath79_generic/openwrt-22.03.5-ath79-generic.manifest
22.03.5,ath79/generic,libjson-c5,0.15-2,research-os/data/openwrt-v2-snapshots/releases/22.03.5/ath79_generic/openwrt-22.03.5-ath79-generic.manifest
22.03.5,ath79/generic,libjson-script20220515,2022-05-15-d2223ef9-1,research-os/data/openwrt-v2-snapshots/releases/22.03.5/ath79_generic/openwrt-22.03.5-ath79-generic.manifest
22.03.5,ath79/generic,liblua5.1.5,5.1.5-10,research-os/data/openwrt-v2-snapshots/releases/22.03.5/ath79_generic/openwrt-22.03.5-ath79-generic.manifest
22.03.5,ath79/generic,liblucihttp-lua,2023-03-15-9b5b683f-1,research-os/data/openwrt-v2-snapshots/releases/22.03.5/ath79_generic/openwrt-22.03.5-ath79-generic.manifest
22.03.5,ath79/generic,liblucihttp0,2023-03-15-9b5b683f-1,research-os/data/openwrt-v2-snapshots/releases/22.03.5/ath79_generic/openwrt-22.03.5-ath79-generic.manifest
22.03.5,ath79/generic,libmnl0,1.0.5-1,research-os/data/openwrt-v2-snapshots/releases/22.03.5/ath79_generic/openwrt-22.03.5-ath79-generic.manifest
22.03.5,ath79/generic,libnftnl11,1.2.1-2,research-os/data/openwrt-v2-snapshots/releases/22.03.5/ath79_generic/openwrt-22.03.5-ath79-generic.manifest
22.03.5,ath79/generic,libnl-tiny1,2021-11-21-8e0555fb-1,research-os/data/openwrt-v2-snapshots/releases/22.03.5/ath79_generic/openwrt-22.03.5-ath79-generic.manifest
22.03.5,ath79/generic,libpthread,1.2.3-4,research-os/data/openwrt-v2-snapshots/releases/22.03.5/ath79_generic/openwrt-22.03.5-ath79-generic.manifest
22.03.5,ath79/generic,libubox20220515,2022-05-15-d2223ef9-1,research-os/data/openwrt-v2-snapshots/releases/22.03.5/ath79_generic/openwrt-22.03.5-ath79-generic.manifest
22.03.5,ath79/generic,libubus-lua,2022-06-01-2bebf93c-1,research-os/data/openwrt-v2-snapshots/releases/22.03.5/ath79_generic/openwrt-22.03.5-ath79-generic.manifest
22.03.5,ath79/generic,libubus20220601,2022-06-01-2bebf93c-1,research-os/data/openwrt-v2-snapshots/releases/22.03.5/ath79_generic/openwrt-22.03.5-ath79-generic.manifest
22.03.5,ath79/generic,libuci20130104,2021-10-22-f84f49f0-6,research-os/data/openwrt-v2-snapshots/releases/22.03.5/ath79_generic/openwrt-22.03.5-ath79-generic.manifest
22.03.5,ath79/generic,libuclient20201210,2023-04-13-007d9454-1,research-os/data/openwrt-v2-snapshots/releases/22.03.5/ath79_generic/openwrt-22.03.5-ath79-generic.manifest
22.03.5,ath79/generic,libucode20220812,2022-12-02-46d93c9c-1,research-os/data/openwrt-v2-snapshots/releases/22.03.5/ath79_generic/openwrt-22.03.5-ath79-generic.manifest
22.03.5,ath79/generic,libustream-wolfssl20201210,2022-12-08-9217ab46-2,research-os/data/openwrt-v2-snapshots/releases/22.03.5/ath79_generic/openwrt-22.03.5-ath79-generic.manifest
22.03.5,ath79/generic,libwolfssl5.5.4.ee39414e,5.5.4-stable-1,research-os/data/openwrt-v2-snapshots/releases/22.03.5/ath79_generic/openwrt-22.03.5-ath79-generic.manifest
22.03.5,ath79/generic,logd,2021-08-03-205defb5-2,research-os/data/openwrt-v2-snapshots/releases/22.03.5/ath79_generic/openwrt-22.03.5-ath79-generic.manifest
22.03.5,ath79/generic,lua,5.1.5-10,research-os/data/openwrt-v2-snapshots/releases/22.03.5/ath79_generic/openwrt-22.03.5-ath79-generic.manifest
22.03.5,ath79/generic,luci,git-23.093.42303-d58cd69,research-os/data/openwrt-v2-snapshots/releases/22.03.5/ath79_generic/openwrt-22.03.5-ath79-generic.manifest
22.03.5,ath79/generic,luci-app-firewall,git-23.093.42704-1c01c64,research-os/data/openwrt-v2-snapshots/releases/22.03.5/ath79_generic/openwrt-22.03.5-ath79-generic.manifest
22.03.5,ath79/generic,luci-app-opkg,git-23.093.42303-e16f620,research-os/data/openwrt-v2-snapshots/releases/22.03.5/ath79_generic/openwrt-22.03.5-ath79-generic.manifest
22.03.5,ath79/generic,luci-base,git-23.093.57104-ce20b4a,research-os/data/openwrt-v2-snapshots/releases/22.03.5/ath79_generic/openwrt-22.03.5-ath79-generic.manifest
22.03.5,ath79/generic,luci-lib-base,git-20.232.39649-1f6dc29,research-os/data/openwrt-v2-snapshots/releases/22.03.5/ath79_generic/openwrt-22.03.5-ath79-generic.manifest
22.03.5,ath79/generic,luci-lib-ip,git-20.250.76529-62505bd,research-os/data/openwrt-v2-snapshots/releases/22.03.5/ath79_generic/openwrt-22.03.5-ath79-generic.manifest
22.03.5,ath79/generic,luci-lib-jsonc,git-22.097.61921-7513345,research-os/data/openwrt-v2-snapshots/releases/22.03.5/ath79_generic/openwrt-22.03.5-ath79-generic.manifest
22.03.5,ath79/generic,luci-lib-nixio,git-20.234.06894-c4a4e43,research-os/data/openwrt-v2-snapshots/releases/22.03.5/ath79_generic/openwrt-22.03.5-ath79-generic.manifest
22.03.5,ath79/generic,luci-mod-admin-full,git-19.253.48496-3f93650,research-os/data/openwrt-v2-snapshots/releases/22.03.5/ath79_generic/openwrt-22.03.5-ath79-generic.manifest
22.03.5,ath79/generic,luci-mod-network,git-23.093.42704-52965f4,research-os/data/openwrt-v2-snapshots/releases/22.03.5/ath79_generic/openwrt-22.03.5-ath79-generic.manifest
22.03.5,ath79/generic,luci-mod-status,git-23.093.42411-713f701,research-os/data/openwrt-v2-snapshots/releases/22.03.5/ath79_generic/openwrt-22.03.5-ath79-generic.manifest
22.03.5,ath79/generic,luci-mod-system,git-23.013.73113-588381e,research-os/data/openwrt-v2-snapshots/releases/22.03.5/ath79_generic/openwrt-22.03.5-ath79-generic.manifest
22.03.5,ath79/generic,luci-proto-ipv6,git-21.148.48881-79947af,research-os/data/openwrt-v2-snapshots/releases/22.03.5/ath79_generic/openwrt-22.03.5-ath79-generic.manifest
22.03.5,ath79/generic,luci-proto-ppp,git-21.158.38888-88b9d84,research-os/data/openwrt-v2-snapshots/releases/22.03.5/ath79_generic/openwrt-22.03.5-ath79-generic.manifest
22.03.5,ath79/generic,luci-ssl,git-20.244.36115-e10f954,research-os/data/openwrt-v2-snapshots/releases/22.03.5/ath79_generic/openwrt-22.03.5-ath79-generic.manifest
22.03.5,ath79/generic,luci-theme-bootstrap,git-23.093.42704-b47268a,research-os/data/openwrt-v2-snapshots/releases/22.03.5/ath79_generic/openwrt-22.03.5-ath79-generic.manifest
22.03.5,ath79/generic,mtd,26,research-os/data/openwrt-v2-snapshots/releases/22.03.5/ath79_generic/openwrt-22.03.5-ath79-generic.manifest
22.03.5,ath79/generic,netifd,2022-08-25-76d2d41b-1,research-os/data/openwrt-v2-snapshots/releases/22.03.5/ath79_generic/openwrt-22.03.5-ath79-generic.manifest
22.03.5,ath79/generic,nftables-json,1.0.2-2.1,research-os/data/openwrt-v2-snapshots/releases/22.03.5/ath79_generic/openwrt-22.03.5-ath79-generic.manifest
22.03.5,ath79/generic,odhcp6c,2022-08-05-7d21e8d8-18,research-os/data/openwrt-v2-snapshots/releases/22.03.5/ath79_generic/openwrt-22.03.5-ath79-generic.manifest
22.03.5,ath79/generic,odhcpd-ipv6only,2023-01-02-4a673e1c-2,research-os/data/openwrt-v2-snapshots/releases/22.03.5/ath79_generic/openwrt-22.03.5-ath79-generic.manifest
22.03.5,ath79/generic,openwrt-keyring,2022-03-25-62471e69-3,research-os/data/openwrt-v2-snapshots/releases/22.03.5/ath79_generic/openwrt-22.03.5-ath79-generic.manifest
22.03.5,ath79/generic,opkg,2022-02-24-d038e5b6-1,research-os/data/openwrt-v2-snapshots/releases/22.03.5/ath79_generic/openwrt-22.03.5-ath79-generic.manifest
22.03.5,ath79/generic,ppp,2.4.9.git-2021-01-04-3,research-os/data/openwrt-v2-snapshots/releases/22.03.5/ath79_generic/openwrt-22.03.5-ath79-generic.manifest
22.03.5,ath79/generic,ppp-mod-pppoe,2.4.9.git-2021-01-04-3,research-os/data/openwrt-v2-snapshots/releases/22.03.5/ath79_generic/openwrt-22.03.5-ath79-generic.manifest
22.03.5,ath79/generic,procd,2022-06-01-7a009685-2,research-os/data/openwrt-v2-snapshots/releases/22.03.5/ath79_generic/openwrt-22.03.5-ath79-generic.manifest
22.03.5,ath79/generic,procd-seccomp,2022-06-01-7a009685-2,research-os/data/openwrt-v2-snapshots/releases/22.03.5/ath79_generic/openwrt-22.03.5-ath79-generic.manifest
22.03.5,ath79/generic,procd-ujail,2022-06-01-7a009685-2,research-os/data/openwrt-v2-snapshots/releases/22.03.5/ath79_generic/openwrt-22.03.5-ath79-generic.manifest
22.03.5,ath79/generic,px5g-wolfssl,6.2,research-os/data/openwrt-v2-snapshots/releases/22.03.5/ath79_generic/openwrt-22.03.5-ath79-generic.manifest
22.03.5,ath79/generic,rpcd,2022-12-15-7de4820c-1,research-os/data/openwrt-v2-snapshots/releases/22.03.5/ath79_generic/openwrt-22.03.5-ath79-generic.manifest
22.03.5,ath79/generic,rpcd-mod-file,2022-12-15-7de4820c-1,research-os/data/openwrt-v2-snapshots/releases/22.03.5/ath79_generic/openwrt-22.03.5-ath79-generic.manifest
22.03.5,ath79/generic,rpcd-mod-iwinfo,2022-12-15-7de4820c-1,research-os/data/openwrt-v2-snapshots/releases/22.03.5/ath79_generic/openwrt-22.03.5-ath79-generic.manifest
22.03.5,ath79/generic,rpcd-mod-luci,20210614,research-os/data/openwrt-v2-snapshots/releases/22.03.5/ath79_generic/openwrt-22.03.5-ath79-generic.manifest
22.03.5,ath79/generic,rpcd-mod-rrdns,20170710,research-os/data/openwrt-v2-snapshots/releases/22.03.5/ath79_generic/openwrt-22.03.5-ath79-generic.manifest
22.03.5,ath79/generic,swconfig,12,research-os/data/openwrt-v2-snapshots/releases/22.03.5/ath79_generic/openwrt-22.03.5-ath79-generic.manifest
22.03.5,ath79/generic,uboot-envtools,2022.01-38,research-os/data/openwrt-v2-snapshots/releases/22.03.5/ath79_generic/openwrt-22.03.5-ath79-generic.manifest
22.03.5,ath79/generic,ubox,2021-08-03-205defb5-2,research-os/data/openwrt-v2-snapshots/releases/22.03.5/ath79_generic/openwrt-22.03.5-ath79-generic.manifest
22.03.5,ath79/generic,ubus,2022-06-01-2bebf93c-1,research-os/data/openwrt-v2-snapshots/releases/22.03.5/ath79_generic/openwrt-22.03.5-ath79-generic.manifest
22.03.5,ath79/generic,ubusd,2022-06-01-2bebf93c-1,research-os/data/openwrt-v2-snapshots/releases/22.03.5/ath79_generic/openwrt-22.03.5-ath79-generic.manifest
22.03.5,ath79/generic,uci,2021-10-22-f84f49f0-6,research-os/data/openwrt-v2-snapshots/releases/22.03.5/ath79_generic/openwrt-22.03.5-ath79-generic.manifest
22.03.5,ath79/generic,uclient-fetch,2023-04-13-007d9454-1,research-os/data/openwrt-v2-snapshots/releases/22.03.5/ath79_generic/openwrt-22.03.5-ath79-generic.manifest
22.03.5,ath79/generic,ucode,2022-12-02-46d93c9c-1,research-os/data/openwrt-v2-snapshots/releases/22.03.5/ath79_generic/openwrt-22.03.5-ath79-generic.manifest
22.03.5,ath79/generic,ucode-mod-fs,2022-12-02-46d93c9c-1,research-os/data/openwrt-v2-snapshots/releases/22.03.5/ath79_generic/openwrt-22.03.5-ath79-generic.manifest
22.03.5,ath79/generic,ucode-mod-ubus,2022-12-02-46d93c9c-1,research-os/data/openwrt-v2-snapshots/releases/22.03.5/ath79_generic/openwrt-22.03.5-ath79-generic.manifest
22.03.5,ath79/generic,ucode-mod-uci,2022-12-02-46d93c9c-1,research-os/data/openwrt-v2-snapshots/releases/22.03.5/ath79_generic/openwrt-22.03.5-ath79-generic.manifest
22.03.5,ath79/generic,uhttpd,2022-10-31-23977554-1,research-os/data/openwrt-v2-snapshots/releases/22.03.5/ath79_generic/openwrt-22.03.5-ath79-generic.manifest
22.03.5,ath79/generic,uhttpd-mod-ubus,2022-10-31-23977554-1,research-os/data/openwrt-v2-snapshots/releases/22.03.5/ath79_generic/openwrt-22.03.5-ath79-generic.manifest
22.03.5,ath79/generic,urandom-seed,3,research-os/data/openwrt-v2-snapshots/releases/22.03.5/ath79_generic/openwrt-22.03.5-ath79-generic.manifest
22.03.5,ath79/generic,urngd,2020-01-21-c7f7b6b6-1,research-os/data/openwrt-v2-snapshots/releases/22.03.5/ath79_generic/openwrt-22.03.5-ath79-generic.manifest
22.03.5,ath79/generic,usign,2020-05-23-f1f65026-1,research-os/data/openwrt-v2-snapshots/releases/22.03.5/ath79_generic/openwrt-22.03.5-ath79-generic.manifest
22.03.5,ath79/generic,wireless-regdb,2023.02.13-1,research-os/data/openwrt-v2-snapshots/releases/22.03.5/ath79_generic/openwrt-22.03.5-ath79-generic.manifest
22.03.5,ath79/generic,wpad-basic-wolfssl,2022-01-16-cff80b4f-16.2,research-os/data/openwrt-v2-snapshots/releases/22.03.5/ath79_generic/openwrt-22.03.5-ath79-generic.manifest
22.03.5,x86/64,base-files,1502-r20134-5f15225c1e,research-os/data/openwrt-v2-snapshots/releases/22.03.5/x86_64/openwrt-22.03.5-x86-64.manifest
22.03.5,x86/64,busybox,1.35.0-5,research-os/data/openwrt-v2-snapshots/releases/22.03.5/x86_64/openwrt-22.03.5-x86-64.manifest
22.03.5,x86/64,ca-bundle,20211016-1,research-os/data/openwrt-v2-snapshots/releases/22.03.5/x86_64/openwrt-22.03.5-x86-64.manifest
22.03.5,x86/64,cgi-io,2022-08-10-901b0f04-21,research-os/data/openwrt-v2-snapshots/releases/22.03.5/x86_64/openwrt-22.03.5-x86-64.manifest
22.03.5,x86/64,dnsmasq,2.86-16,research-os/data/openwrt-v2-snapshots/releases/22.03.5/x86_64/openwrt-22.03.5-x86-64.manifest
22.03.5,x86/64,dropbear,2022.82-2,research-os/data/openwrt-v2-snapshots/releases/22.03.5/x86_64/openwrt-22.03.5-x86-64.manifest
22.03.5,x86/64,e2fsprogs,1.46.5-2,research-os/data/openwrt-v2-snapshots/releases/22.03.5/x86_64/openwrt-22.03.5-x86-64.manifest
22.03.5,x86/64,firewall4,2022-10-18-7ae5e14b-1,research-os/data/openwrt-v2-snapshots/releases/22.03.5/x86_64/openwrt-22.03.5-x86-64.manifest
22.03.5,x86/64,fstools,2022-06-02-93369be0-2,research-os/data/openwrt-v2-snapshots/releases/22.03.5/x86_64/openwrt-22.03.5-x86-64.manifest
22.03.5,x86/64,fwtool,2019-11-12-8f7fe925-1,research-os/data/openwrt-v2-snapshots/releases/22.03.5/x86_64/openwrt-22.03.5-x86-64.manifest
22.03.5,x86/64,getrandom,2021-08-03-205defb5-2,research-os/data/openwrt-v2-snapshots/releases/22.03.5/x86_64/openwrt-22.03.5-x86-64.manifest
22.03.5,x86/64,grub2,2.06-3,research-os/data/openwrt-v2-snapshots/releases/22.03.5/x86_64/openwrt-22.03.5-x86-64.manifest
22.03.5,x86/64,grub2-bios-setup,2.06-3,research-os/data/openwrt-v2-snapshots/releases/22.03.5/x86_64/openwrt-22.03.5-x86-64.manifest
22.03.5,x86/64,grub2-efi,2.06-3,research-os/data/openwrt-v2-snapshots/releases/22.03.5/x86_64/openwrt-22.03.5-x86-64.manifest
22.03.5,x86/64,jansson4,2.13.1-2,research-os/data/openwrt-v2-snapshots/releases/22.03.5/x86_64/openwrt-22.03.5-x86-64.manifest
22.03.5,x86/64,jshn,2022-05-15-d2223ef9-1,research-os/data/openwrt-v2-snapshots/releases/22.03.5/x86_64/openwrt-22.03.5-x86-64.manifest
22.03.5,x86/64,jsonfilter,2018-02-04-c7e938d6-1,research-os/data/openwrt-v2-snapshots/releases/22.03.5/x86_64/openwrt-22.03.5-x86-64.manifest
22.03.5,x86/64,kernel,5.10.176-1-c90b8cdeba326c5459f96b8e3bd16c5a,research-os/data/openwrt-v2-snapshots/releases/22.03.5/x86_64/openwrt-22.03.5-x86-64.manifest
22.03.5,x86/64,kmod-button-hotplug,5.10.176-3,research-os/data/openwrt-v2-snapshots/releases/22.03.5/x86_64/openwrt-22.03.5-x86-64.manifest
22.03.5,x86/64,kmod-crypto-crc32c,5.10.176-1,research-os/data/openwrt-v2-snapshots/releases/22.03.5/x86_64/openwrt-22.03.5-x86-64.manifest
22.03.5,x86/64,kmod-crypto-hash,5.10.176-1,research-os/data/openwrt-v2-snapshots/releases/22.03.5/x86_64/openwrt-22.03.5-x86-64.manifest
22.03.5,x86/64,kmod-fs-vfat,5.10.176-1,research-os/data/openwrt-v2-snapshots/releases/22.03.5/x86_64/openwrt-22.03.5-x86-64.manifest
22.03.5,x86/64,kmod-input-core,5.10.176-1,research-os/data/openwrt-v2-snapshots/releases/22.03.5/x86_64/openwrt-22.03.5-x86-64.manifest
22.03.5,x86/64,kmod-lib-crc-ccitt,5.10.176-1,research-os/data/openwrt-v2-snapshots/releases/22.03.5/x86_64/openwrt-22.03.5-x86-64.manifest
22.03.5,x86/64,kmod-lib-crc32c,5.10.176-1,research-os/data/openwrt-v2-snapshots/releases/22.03.5/x86_64/openwrt-22.03.5-x86-64.manifest
22.03.5,x86/64,kmod-nf-conntrack,5.10.176-1,research-os/data/openwrt-v2-snapshots/releases/22.03.5/x86_64/openwrt-22.03.5-x86-64.manifest
22.03.5,x86/64,kmod-nf-conntrack6,5.10.176-1,research-os/data/openwrt-v2-snapshots/releases/22.03.5/x86_64/openwrt-22.03.5-x86-64.manifest
22.03.5,x86/64,kmod-nf-flow,5.10.176-1,research-os/data/openwrt-v2-snapshots/releases/22.03.5/x86_64/openwrt-22.03.5-x86-64.manifest
22.03.5,x86/64,kmod-nf-log,5.10.176-1,research-os/data/openwrt-v2-snapshots/releases/22.03.5/x86_64/openwrt-22.03.5-x86-64.manifest
22.03.5,x86/64,kmod-nf-log6,5.10.176-1,research-os/data/openwrt-v2-snapshots/releases/22.03.5/x86_64/openwrt-22.03.5-x86-64.manifest
22.03.5,x86/64,kmod-nf-nat,5.10.176-1,research-os/data/openwrt-v2-snapshots/releases/22.03.5/x86_64/openwrt-22.03.5-x86-64.manifest
22.03.5,x86/64,kmod-nf-reject,5.10.176-1,research-os/data/openwrt-v2-snapshots/releases/22.03.5/x86_64/openwrt-22.03.5-x86-64.manifest
22.03.5,x86/64,kmod-nf-reject6,5.10.176-1,research-os/data/openwrt-v2-snapshots/releases/22.03.5/x86_64/openwrt-22.03.5-x86-64.manifest
22.03.5,x86/64,kmod-nfnetlink,5.10.176-1,research-os/data/openwrt-v2-snapshots/releases/22.03.5/x86_64/openwrt-22.03.5-x86-64.manifest
22.03.5,x86/64,kmod-nft-core,5.10.176-1,research-os/data/openwrt-v2-snapshots/releases/22.03.5/x86_64/openwrt-22.03.5-x86-64.manifest
22.03.5,x86/64,kmod-nft-fib,5.10.176-1,research-os/data/openwrt-v2-snapshots/releases/22.03.5/x86_64/openwrt-22.03.5-x86-64.manifest
22.03.5,x86/64,kmod-nft-nat,5.10.176-1,research-os/data/openwrt-v2-snapshots/releases/22.03.5/x86_64/openwrt-22.03.5-x86-64.manifest
22.03.5,x86/64,kmod-nft-offload,5.10.176-1,research-os/data/openwrt-v2-snapshots/releases/22.03.5/x86_64/openwrt-22.03.5-x86-64.manifest
22.03.5,x86/64,kmod-nls-base,5.10.176-1,research-os/data/openwrt-v2-snapshots/releases/22.03.5/x86_64/openwrt-22.03.5-x86-64.manifest
22.03.5,x86/64,kmod-nls-cp437,5.10.176-1,research-os/data/openwrt-v2-snapshots/releases/22.03.5/x86_64/openwrt-22.03.5-x86-64.manifest
22.03.5,x86/64,kmod-nls-iso8859-1,5.10.176-1,research-os/data/openwrt-v2-snapshots/releases/22.03.5/x86_64/openwrt-22.03.5-x86-64.manifest
22.03.5,x86/64,kmod-nls-utf8,5.10.176-1,research-os/data/openwrt-v2-snapshots/releases/22.03.5/x86_64/openwrt-22.03.5-x86-64.manifest
22.03.5,x86/64,kmod-ppp,5.10.176-1,research-os/data/openwrt-v2-snapshots/releases/22.03.5/x86_64/openwrt-22.03.5-x86-64.manifest
22.03.5,x86/64,kmod-pppoe,5.10.176-1,research-os/data/openwrt-v2-snapshots/releases/22.03.5/x86_64/openwrt-22.03.5-x86-64.manifest
22.03.5,x86/64,kmod-pppox,5.10.176-1,research-os/data/openwrt-v2-snapshots/releases/22.03.5/x86_64/openwrt-22.03.5-x86-64.manifest
22.03.5,x86/64,kmod-slhc,5.10.176-1,research-os/data/openwrt-v2-snapshots/releases/22.03.5/x86_64/openwrt-22.03.5-x86-64.manifest
22.03.5,x86/64,libblkid1,2.37.4-1,research-os/data/openwrt-v2-snapshots/releases/22.03.5/x86_64/openwrt-22.03.5-x86-64.manifest
22.03.5,x86/64,libblobmsg-json20220515,2022-05-15-d2223ef9-1,research-os/data/openwrt-v2-snapshots/releases/22.03.5/x86_64/openwrt-22.03.5-x86-64.manifest
22.03.5,x86/64,libc,1.2.3-4,research-os/data/openwrt-v2-snapshots/releases/22.03.5/x86_64/openwrt-22.03.5-x86-64.manifest
22.03.5,x86/64,libcomerr0,1.46.5-2,research-os/data/openwrt-v2-snapshots/releases/22.03.5/x86_64/openwrt-22.03.5-x86-64.manifest
22.03.5,x86/64,libext2fs2,1.46.5-2,research-os/data/openwrt-v2-snapshots/releases/22.03.5/x86_64/openwrt-22.03.5-x86-64.manifest
22.03.5,x86/64,libf2fs6,1.14.0-3,research-os/data/openwrt-v2-snapshots/releases/22.03.5/x86_64/openwrt-22.03.5-x86-64.manifest
22.03.5,x86/64,libgcc1,11.2.0-4,research-os/data/openwrt-v2-snapshots/releases/22.03.5/x86_64/openwrt-22.03.5-x86-64.manifest
22.03.5,x86/64,libiwinfo-data,2022-12-15-8d158096-1,research-os/data/openwrt-v2-snapshots/releases/22.03.5/x86_64/openwrt-22.03.5-x86-64.manifest
22.03.5,x86/64,libiwinfo-lua,2022-12-15-8d158096-1,research-os/data/openwrt-v2-snapshots/releases/22.03.5/x86_64/openwrt-22.03.5-x86-64.manifest
22.03.5,x86/64,libiwinfo20210430,2022-12-15-8d158096-1,research-os/data/openwrt-v2-snapshots/releases/22.03.5/x86_64/openwrt-22.03.5-x86-64.manifest
22.03.5,x86/64,libjson-c5,0.15-2,research-os/data/openwrt-v2-snapshots/releases/22.03.5/x86_64/openwrt-22.03.5-x86-64.manifest
22.03.5,x86/64,libjson-script20220515,2022-05-15-d2223ef9-1,research-os/data/openwrt-v2-snapshots/releases/22.03.5/x86_64/openwrt-22.03.5-x86-64.manifest
22.03.5,x86/64,liblua5.1.5,5.1.5-10,research-os/data/openwrt-v2-snapshots/releases/22.03.5/x86_64/openwrt-22.03.5-x86-64.manifest
22.03.5,x86/64,liblucihttp-lua,2023-03-15-9b5b683f-1,research-os/data/openwrt-v2-snapshots/releases/22.03.5/x86_64/openwrt-22.03.5-x86-64.manifest
22.03.5,x86/64,liblucihttp0,2023-03-15-9b5b683f-1,research-os/data/openwrt-v2-snapshots/releases/22.03.5/x86_64/openwrt-22.03.5-x86-64.manifest
22.03.5,x86/64,libmnl0,1.0.5-1,research-os/data/openwrt-v2-snapshots/releases/22.03.5/x86_64/openwrt-22.03.5-x86-64.manifest
22.03.5,x86/64,libnftnl11,1.2.1-2,research-os/data/openwrt-v2-snapshots/releases/22.03.5/x86_64/openwrt-22.03.5-x86-64.manifest
22.03.5,x86/64,libnl-tiny1,2021-11-21-8e0555fb-1,research-os/data/openwrt-v2-snapshots/releases/22.03.5/x86_64/openwrt-22.03.5-x86-64.manifest
22.03.5,x86/64,libpthread,1.2.3-4,research-os/data/openwrt-v2-snapshots/releases/22.03.5/x86_64/openwrt-22.03.5-x86-64.manifest
22.03.5,x86/64,librt,1.2.3-4,research-os/data/openwrt-v2-snapshots/releases/22.03.5/x86_64/openwrt-22.03.5-x86-64.manifest
22.03.5,x86/64,libsmartcols1,2.37.4-1,research-os/data/openwrt-v2-snapshots/releases/22.03.5/x86_64/openwrt-22.03.5-x86-64.manifest
22.03.5,x86/64,libss2,1.46.5-2,research-os/data/openwrt-v2-snapshots/releases/22.03.5/x86_64/openwrt-22.03.5-x86-64.manifest
22.03.5,x86/64,libubox20220515,2022-05-15-d2223ef9-1,research-os/data/openwrt-v2-snapshots/releases/22.03.5/x86_64/openwrt-22.03.5-x86-64.manifest
22.03.5,x86/64,libubus-lua,2022-06-01-2bebf93c-1,research-os/data/openwrt-v2-snapshots/releases/22.03.5/x86_64/openwrt-22.03.5-x86-64.manifest
22.03.5,x86/64,libubus20220601,2022-06-01-2bebf93c-1,research-os/data/openwrt-v2-snapshots/releases/22.03.5/x86_64/openwrt-22.03.5-x86-64.manifest
22.03.5,x86/64,libuci20130104,2021-10-22-f84f49f0-6,research-os/data/openwrt-v2-snapshots/releases/22.03.5/x86_64/openwrt-22.03.5-x86-64.manifest
22.03.5,x86/64,libuclient20201210,2023-04-13-007d9454-1,research-os/data/openwrt-v2-snapshots/releases/22.03.5/x86_64/openwrt-22.03.5-x86-64.manifest
22.03.5,x86/64,libucode20220812,2022-12-02-46d93c9c-1,research-os/data/openwrt-v2-snapshots/releases/22.03.5/x86_64/openwrt-22.03.5-x86-64.manifest
22.03.5,x86/64,libustream-wolfssl20201210,2022-12-08-9217ab46-2,research-os/data/openwrt-v2-snapshots/releases/22.03.5/x86_64/openwrt-22.03.5-x86-64.manifest
22.03.5,x86/64,libuuid1,2.37.4-1,research-os/data/openwrt-v2-snapshots/releases/22.03.5/x86_64/openwrt-22.03.5-x86-64.manifest
22.03.5,x86/64,libwolfssl5.5.4.ee39414e,5.5.4-stable-1,research-os/data/openwrt-v2-snapshots/releases/22.03.5/x86_64/openwrt-22.03.5-x86-64.manifest
22.03.5,x86/64,logd,2021-08-03-205defb5-2,research-os/data/openwrt-v2-snapshots/releases/22.03.5/x86_64/openwrt-22.03.5-x86-64.manifest
22.03.5,x86/64,lua,5.1.5-10,research-os/data/openwrt-v2-snapshots/releases/22.03.5/x86_64/openwrt-22.03.5-x86-64.manifest
22.03.5,x86/64,luci,git-23.093.42303-d58cd69,research-os/data/openwrt-v2-snapshots/releases/22.03.5/x86_64/openwrt-22.03.5-x86-64.manifest
22.03.5,x86/64,luci-app-firewall,git-23.093.42704-1c01c64,research-os/data/openwrt-v2-snapshots/releases/22.03.5/x86_64/openwrt-22.03.5-x86-64.manifest
22.03.5,x86/64,luci-app-opkg,git-23.093.42303-e16f620,research-os/data/openwrt-v2-snapshots/releases/22.03.5/x86_64/openwrt-22.03.5-x86-64.manifest
22.03.5,x86/64,luci-base,git-23.093.57104-ce20b4a,research-os/data/openwrt-v2-snapshots/releases/22.03.5/x86_64/openwrt-22.03.5-x86-64.manifest
22.03.5,x86/64,luci-lib-base,git-20.232.39649-1f6dc29,research-os/data/openwrt-v2-snapshots/releases/22.03.5/x86_64/openwrt-22.03.5-x86-64.manifest
22.03.5,x86/64,luci-lib-ip,git-20.250.76529-62505bd,research-os/data/openwrt-v2-snapshots/releases/22.03.5/x86_64/openwrt-22.03.5-x86-64.manifest
22.03.5,x86/64,luci-lib-jsonc,git-22.097.61921-7513345,research-os/data/openwrt-v2-snapshots/releases/22.03.5/x86_64/openwrt-22.03.5-x86-64.manifest
22.03.5,x86/64,luci-lib-nixio,git-20.234.06894-c4a4e43,research-os/data/openwrt-v2-snapshots/releases/22.03.5/x86_64/openwrt-22.03.5-x86-64.manifest
22.03.5,x86/64,luci-mod-admin-full,git-19.253.48496-3f93650,research-os/data/openwrt-v2-snapshots/releases/22.03.5/x86_64/openwrt-22.03.5-x86-64.manifest
22.03.5,x86/64,luci-mod-network,git-23.093.42704-52965f4,research-os/data/openwrt-v2-snapshots/releases/22.03.5/x86_64/openwrt-22.03.5-x86-64.manifest
22.03.5,x86/64,luci-mod-status,git-23.093.42411-713f701,research-os/data/openwrt-v2-snapshots/releases/22.03.5/x86_64/openwrt-22.03.5-x86-64.manifest
22.03.5,x86/64,luci-mod-system,git-23.013.73113-588381e,research-os/data/openwrt-v2-snapshots/releases/22.03.5/x86_64/openwrt-22.03.5-x86-64.manifest
22.03.5,x86/64,luci-proto-ipv6,git-21.148.48881-79947af,research-os/data/openwrt-v2-snapshots/releases/22.03.5/x86_64/openwrt-22.03.5-x86-64.manifest
22.03.5,x86/64,luci-proto-ppp,git-21.158.38888-88b9d84,research-os/data/openwrt-v2-snapshots/releases/22.03.5/x86_64/openwrt-22.03.5-x86-64.manifest
22.03.5,x86/64,luci-ssl,git-20.244.36115-e10f954,research-os/data/openwrt-v2-snapshots/releases/22.03.5/x86_64/openwrt-22.03.5-x86-64.manifest
22.03.5,x86/64,luci-theme-bootstrap,git-23.093.42704-b47268a,research-os/data/openwrt-v2-snapshots/releases/22.03.5/x86_64/openwrt-22.03.5-x86-64.manifest
22.03.5,x86/64,mkf2fs,1.14.0-3,research-os/data/openwrt-v2-snapshots/releases/22.03.5/x86_64/openwrt-22.03.5-x86-64.manifest
22.03.5,x86/64,mtd,26,research-os/data/openwrt-v2-snapshots/releases/22.03.5/x86_64/openwrt-22.03.5-x86-64.manifest
22.03.5,x86/64,netifd,2022-08-25-76d2d41b-1,research-os/data/openwrt-v2-snapshots/releases/22.03.5/x86_64/openwrt-22.03.5-x86-64.manifest
22.03.5,x86/64,nftables-json,1.0.2-2.1,research-os/data/openwrt-v2-snapshots/releases/22.03.5/x86_64/openwrt-22.03.5-x86-64.manifest
22.03.5,x86/64,odhcp6c,2022-08-05-7d21e8d8-18,research-os/data/openwrt-v2-snapshots/releases/22.03.5/x86_64/openwrt-22.03.5-x86-64.manifest
22.03.5,x86/64,odhcpd-ipv6only,2023-01-02-4a673e1c-2,research-os/data/openwrt-v2-snapshots/releases/22.03.5/x86_64/openwrt-22.03.5-x86-64.manifest
22.03.5,x86/64,openwrt-keyring,2022-03-25-62471e69-3,research-os/data/openwrt-v2-snapshots/releases/22.03.5/x86_64/openwrt-22.03.5-x86-64.manifest
22.03.5,x86/64,opkg,2022-02-24-d038e5b6-1,research-os/data/openwrt-v2-snapshots/releases/22.03.5/x86_64/openwrt-22.03.5-x86-64.manifest
22.03.5,x86/64,partx-utils,2.37.4-1,research-os/data/openwrt-v2-snapshots/releases/22.03.5/x86_64/openwrt-22.03.5-x86-64.manifest
22.03.5,x86/64,ppp,2.4.9.git-2021-01-04-3,research-os/data/openwrt-v2-snapshots/releases/22.03.5/x86_64/openwrt-22.03.5-x86-64.manifest
22.03.5,x86/64,ppp-mod-pppoe,2.4.9.git-2021-01-04-3,research-os/data/openwrt-v2-snapshots/releases/22.03.5/x86_64/openwrt-22.03.5-x86-64.manifest
22.03.5,x86/64,procd,2022-06-01-7a009685-2,research-os/data/openwrt-v2-snapshots/releases/22.03.5/x86_64/openwrt-22.03.5-x86-64.manifest
22.03.5,x86/64,procd-seccomp,2022-06-01-7a009685-2,research-os/data/openwrt-v2-snapshots/releases/22.03.5/x86_64/openwrt-22.03.5-x86-64.manifest
22.03.5,x86/64,procd-ujail,2022-06-01-7a009685-2,research-os/data/openwrt-v2-snapshots/releases/22.03.5/x86_64/openwrt-22.03.5-x86-64.manifest
22.03.5,x86/64,px5g-wolfssl,6.2,research-os/data/openwrt-v2-snapshots/releases/22.03.5/x86_64/openwrt-22.03.5-x86-64.manifest
22.03.5,x86/64,rpcd,2022-12-15-7de4820c-1,research-os/data/openwrt-v2-snapshots/releases/22.03.5/x86_64/openwrt-22.03.5-x86-64.manifest
22.03.5,x86/64,rpcd-mod-file,2022-12-15-7de4820c-1,research-os/data/openwrt-v2-snapshots/releases/22.03.5/x86_64/openwrt-22.03.5-x86-64.manifest
22.03.5,x86/64,rpcd-mod-iwinfo,2022-12-15-7de4820c-1,research-os/data/openwrt-v2-snapshots/releases/22.03.5/x86_64/openwrt-22.03.5-x86-64.manifest
22.03.5,x86/64,rpcd-mod-luci,20210614,research-os/data/openwrt-v2-snapshots/releases/22.03.5/x86_64/openwrt-22.03.5-x86-64.manifest
22.03.5,x86/64,rpcd-mod-rrdns,20170710,research-os/data/openwrt-v2-snapshots/releases/22.03.5/x86_64/openwrt-22.03.5-x86-64.manifest
22.03.5,x86/64,ubox,2021-08-03-205defb5-2,research-os/data/openwrt-v2-snapshots/releases/22.03.5/x86_64/openwrt-22.03.5-x86-64.manifest
22.03.5,x86/64,ubus,2022-06-01-2bebf93c-1,research-os/data/openwrt-v2-snapshots/releases/22.03.5/x86_64/openwrt-22.03.5-x86-64.manifest
22.03.5,x86/64,ubusd,2022-06-01-2bebf93c-1,research-os/data/openwrt-v2-snapshots/releases/22.03.5/x86_64/openwrt-22.03.5-x86-64.manifest
22.03.5,x86/64,uci,2021-10-22-f84f49f0-6,research-os/data/openwrt-v2-snapshots/releases/22.03.5/x86_64/openwrt-22.03.5-x86-64.manifest
22.03.5,x86/64,uclient-fetch,2023-04-13-007d9454-1,research-os/data/openwrt-v2-snapshots/releases/22.03.5/x86_64/openwrt-22.03.5-x86-64.manifest
22.03.5,x86/64,ucode,2022-12-02-46d93c9c-1,research-os/data/openwrt-v2-snapshots/releases/22.03.5/x86_64/openwrt-22.03.5-x86-64.manifest
22.03.5,x86/64,ucode-mod-fs,2022-12-02-46d93c9c-1,research-os/data/openwrt-v2-snapshots/releases/22.03.5/x86_64/openwrt-22.03.5-x86-64.manifest
22.03.5,x86/64,ucode-mod-ubus,2022-12-02-46d93c9c-1,research-os/data/openwrt-v2-snapshots/releases/22.03.5/x86_64/openwrt-22.03.5-x86-64.manifest
22.03.5,x86/64,ucode-mod-uci,2022-12-02-46d93c9c-1,research-os/data/openwrt-v2-snapshots/releases/22.03.5/x86_64/openwrt-22.03.5-x86-64.manifest
22.03.5,x86/64,uhttpd,2022-10-31-23977554-1,research-os/data/openwrt-v2-snapshots/releases/22.03.5/x86_64/openwrt-22.03.5-x86-64.manifest
22.03.5,x86/64,uhttpd-mod-ubus,2022-10-31-23977554-1,research-os/data/openwrt-v2-snapshots/releases/22.03.5/x86_64/openwrt-22.03.5-x86-64.manifest
22.03.5,x86/64,urandom-seed,3,research-os/data/openwrt-v2-snapshots/releases/22.03.5/x86_64/openwrt-22.03.5-x86-64.manifest
22.03.5,x86/64,urngd,2020-01-21-c7f7b6b6-1,research-os/data/openwrt-v2-snapshots/releases/22.03.5/x86_64/openwrt-22.03.5-x86-64.manifest
22.03.5,x86/64,usign,2020-05-23-f1f65026-1,research-os/data/openwrt-v2-snapshots/releases/22.03.5/x86_64/openwrt-22.03.5-x86-64.manifest
22.03.6,ath79/generic,base-files,1504-r20265-f85a79bcb4,research-os/data/openwrt-v2-snapshots/releases/22.03.6/ath79_generic/openwrt-22.03.6-ath79-generic.manifest
22.03.6,ath79/generic,busybox,1.35.0-5,research-os/data/openwrt-v2-snapshots/releases/22.03.6/ath79_generic/openwrt-22.03.6-ath79-generic.manifest
22.03.6,ath79/generic,ca-bundle,20230311-1,research-os/data/openwrt-v2-snapshots/releases/22.03.6/ath79_generic/openwrt-22.03.6-ath79-generic.manifest
22.03.6,ath79/generic,cgi-io,2022-08-10-901b0f04-21,research-os/data/openwrt-v2-snapshots/releases/22.03.6/ath79_generic/openwrt-22.03.6-ath79-generic.manifest
22.03.6,ath79/generic,dnsmasq,2.86-16,research-os/data/openwrt-v2-snapshots/releases/22.03.6/ath79_generic/openwrt-22.03.6-ath79-generic.manifest
22.03.6,ath79/generic,dropbear,2022.82-3,research-os/data/openwrt-v2-snapshots/releases/22.03.6/ath79_generic/openwrt-22.03.6-ath79-generic.manifest
22.03.6,ath79/generic,firewall4,2022-10-18-7ae5e14b-1,research-os/data/openwrt-v2-snapshots/releases/22.03.6/ath79_generic/openwrt-22.03.6-ath79-generic.manifest
22.03.6,ath79/generic,fstools,2022-06-02-93369be0-2,research-os/data/openwrt-v2-snapshots/releases/22.03.6/ath79_generic/openwrt-22.03.6-ath79-generic.manifest
22.03.6,ath79/generic,fwtool,2019-11-12-8f7fe925-1,research-os/data/openwrt-v2-snapshots/releases/22.03.6/ath79_generic/openwrt-22.03.6-ath79-generic.manifest
22.03.6,ath79/generic,getrandom,2021-08-03-205defb5-2,research-os/data/openwrt-v2-snapshots/releases/22.03.6/ath79_generic/openwrt-22.03.6-ath79-generic.manifest
22.03.6,ath79/generic,hostapd-common,2022-01-16-cff80b4f-18.3,research-os/data/openwrt-v2-snapshots/releases/22.03.6/ath79_generic/openwrt-22.03.6-ath79-generic.manifest
22.03.6,ath79/generic,iw,5.16-1,research-os/data/openwrt-v2-snapshots/releases/22.03.6/ath79_generic/openwrt-22.03.6-ath79-generic.manifest
22.03.6,ath79/generic,iwinfo,2022-12-15-8d158096-1,research-os/data/openwrt-v2-snapshots/releases/22.03.6/ath79_generic/openwrt-22.03.6-ath79-generic.manifest
22.03.6,ath79/generic,jansson4,2.13.1-2,research-os/data/openwrt-v2-snapshots/releases/22.03.6/ath79_generic/openwrt-22.03.6-ath79-generic.manifest
22.03.6,ath79/generic,jshn,2022-05-15-d2223ef9-1,research-os/data/openwrt-v2-snapshots/releases/22.03.6/ath79_generic/openwrt-22.03.6-ath79-generic.manifest
22.03.6,ath79/generic,jsonfilter,2018-02-04-c7e938d6-1,research-os/data/openwrt-v2-snapshots/releases/22.03.6/ath79_generic/openwrt-22.03.6-ath79-generic.manifest
22.03.6,ath79/generic,kernel,5.10.201-1-a2488ad2f618ab4caaf6f4fe672ace7a,research-os/data/openwrt-v2-snapshots/releases/22.03.6/ath79_generic/openwrt-22.03.6-ath79-generic.manifest
22.03.6,ath79/generic,kmod-ath,5.10.201+5.15.92-1-1,research-os/data/openwrt-v2-snapshots/releases/22.03.6/ath79_generic/openwrt-22.03.6-ath79-generic.manifest
22.03.6,ath79/generic,kmod-ath9k,5.10.201+5.15.92-1-1,research-os/data/openwrt-v2-snapshots/releases/22.03.6/ath79_generic/openwrt-22.03.6-ath79-generic.manifest
22.03.6,ath79/generic,kmod-ath9k-common,5.10.201+5.15.92-1-1,research-os/data/openwrt-v2-snapshots/releases/22.03.6/ath79_generic/openwrt-22.03.6-ath79-generic.manifest
22.03.6,ath79/generic,kmod-cfg80211,5.10.201+5.15.92-1-1,research-os/data/openwrt-v2-snapshots/releases/22.03.6/ath79_generic/openwrt-22.03.6-ath79-generic.manifest
22.03.6,ath79/generic,kmod-crypto-aead,5.10.201-1,research-os/data/openwrt-v2-snapshots/releases/22.03.6/ath79_generic/openwrt-22.03.6-ath79-generic.manifest
22.03.6,ath79/generic,kmod-crypto-ccm,5.10.201-1,research-os/data/openwrt-v2-snapshots/releases/22.03.6/ath79_generic/openwrt-22.03.6-ath79-generic.manifest
22.03.6,ath79/generic,kmod-crypto-cmac,5.10.201-1,research-os/data/openwrt-v2-snapshots/releases/22.03.6/ath79_generic/openwrt-22.03.6-ath79-generic.manifest
22.03.6,ath79/generic,kmod-crypto-crc32c,5.10.201-1,research-os/data/openwrt-v2-snapshots/releases/22.03.6/ath79_generic/openwrt-22.03.6-ath79-generic.manifest
22.03.6,ath79/generic,kmod-crypto-ctr,5.10.201-1,research-os/data/openwrt-v2-snapshots/releases/22.03.6/ath79_generic/openwrt-22.03.6-ath79-generic.manifest
22.03.6,ath79/generic,kmod-crypto-gcm,5.10.201-1,research-os/data/openwrt-v2-snapshots/releases/22.03.6/ath79_generic/openwrt-22.03.6-ath79-generic.manifest
22.03.6,ath79/generic,kmod-crypto-gf128,5.10.201-1,research-os/data/openwrt-v2-snapshots/releases/22.03.6/ath79_generic/openwrt-22.03.6-ath79-generic.manifest
22.03.6,ath79/generic,kmod-crypto-ghash,5.10.201-1,research-os/data/openwrt-v2-snapshots/releases/22.03.6/ath79_generic/openwrt-22.03.6-ath79-generic.manifest
22.03.6,ath79/generic,kmod-crypto-hash,5.10.201-1,research-os/data/openwrt-v2-snapshots/releases/22.03.6/ath79_generic/openwrt-22.03.6-ath79-generic.manifest
22.03.6,ath79/generic,kmod-crypto-hmac,5.10.201-1,research-os/data/openwrt-v2-snapshots/releases/22.03.6/ath79_generic/openwrt-22.03.6-ath79-generic.manifest
22.03.6,ath79/generic,kmod-crypto-manager,5.10.201-1,research-os/data/openwrt-v2-snapshots/releases/22.03.6/ath79_generic/openwrt-22.03.6-ath79-generic.manifest
22.03.6,ath79/generic,kmod-crypto-null,5.10.201-1,research-os/data/openwrt-v2-snapshots/releases/22.03.6/ath79_generic/openwrt-22.03.6-ath79-generic.manifest
22.03.6,ath79/generic,kmod-crypto-rng,5.10.201-1,research-os/data/openwrt-v2-snapshots/releases/22.03.6/ath79_generic/openwrt-22.03.6-ath79-generic.manifest
22.03.6,ath79/generic,kmod-crypto-seqiv,5.10.201-1,research-os/data/openwrt-v2-snapshots/releases/22.03.6/ath79_generic/openwrt-22.03.6-ath79-generic.manifest
22.03.6,ath79/generic,kmod-crypto-sha256,5.10.201-1,research-os/data/openwrt-v2-snapshots/releases/22.03.6/ath79_generic/openwrt-22.03.6-ath79-generic.manifest
22.03.6,ath79/generic,kmod-gpio-button-hotplug,5.10.201-3,research-os/data/openwrt-v2-snapshots/releases/22.03.6/ath79_generic/openwrt-22.03.6-ath79-generic.manifest
22.03.6,ath79/generic,kmod-lib-crc-ccitt,5.10.201-1,research-os/data/openwrt-v2-snapshots/releases/22.03.6/ath79_generic/openwrt-22.03.6-ath79-generic.manifest
22.03.6,ath79/generic,kmod-lib-crc32c,5.10.201-1,research-os/data/openwrt-v2-snapshots/releases/22.03.6/ath79_generic/openwrt-22.03.6-ath79-generic.manifest
22.03.6,ath79/generic,kmod-mac80211,5.10.201+5.15.92-1-1,research-os/data/openwrt-v2-snapshots/releases/22.03.6/ath79_generic/openwrt-22.03.6-ath79-generic.manifest
22.03.6,ath79/generic,kmod-nf-conntrack,5.10.201-1,research-os/data/openwrt-v2-snapshots/releases/22.03.6/ath79_generic/openwrt-22.03.6-ath79-generic.manifest
22.03.6,ath79/generic,kmod-nf-conntrack6,5.10.201-1,research-os/data/openwrt-v2-snapshots/releases/22.03.6/ath79_generic/openwrt-22.03.6-ath79-generic.manifest
22.03.6,ath79/generic,kmod-nf-flow,5.10.201-1,research-os/data/openwrt-v2-snapshots/releases/22.03.6/ath79_generic/openwrt-22.03.6-ath79-generic.manifest
22.03.6,ath79/generic,kmod-nf-log,5.10.201-1,research-os/data/openwrt-v2-snapshots/releases/22.03.6/ath79_generic/openwrt-22.03.6-ath79-generic.manifest
22.03.6,ath79/generic,kmod-nf-log6,5.10.201-1,research-os/data/openwrt-v2-snapshots/releases/22.03.6/ath79_generic/openwrt-22.03.6-ath79-generic.manifest
22.03.6,ath79/generic,kmod-nf-nat,5.10.201-1,research-os/data/openwrt-v2-snapshots/releases/22.03.6/ath79_generic/openwrt-22.03.6-ath79-generic.manifest
22.03.6,ath79/generic,kmod-nf-reject,5.10.201-1,research-os/data/openwrt-v2-snapshots/releases/22.03.6/ath79_generic/openwrt-22.03.6-ath79-generic.manifest
22.03.6,ath79/generic,kmod-nf-reject6,5.10.201-1,research-os/data/openwrt-v2-snapshots/releases/22.03.6/ath79_generic/openwrt-22.03.6-ath79-generic.manifest
22.03.6,ath79/generic,kmod-nfnetlink,5.10.201-1,research-os/data/openwrt-v2-snapshots/releases/22.03.6/ath79_generic/openwrt-22.03.6-ath79-generic.manifest
22.03.6,ath79/generic,kmod-nft-core,5.10.201-1,research-os/data/openwrt-v2-snapshots/releases/22.03.6/ath79_generic/openwrt-22.03.6-ath79-generic.manifest
22.03.6,ath79/generic,kmod-nft-fib,5.10.201-1,research-os/data/openwrt-v2-snapshots/releases/22.03.6/ath79_generic/openwrt-22.03.6-ath79-generic.manifest
22.03.6,ath79/generic,kmod-nft-nat,5.10.201-1,research-os/data/openwrt-v2-snapshots/releases/22.03.6/ath79_generic/openwrt-22.03.6-ath79-generic.manifest
22.03.6,ath79/generic,kmod-nft-offload,5.10.201-1,research-os/data/openwrt-v2-snapshots/releases/22.03.6/ath79_generic/openwrt-22.03.6-ath79-generic.manifest
22.03.6,ath79/generic,kmod-ppp,5.10.201-1,research-os/data/openwrt-v2-snapshots/releases/22.03.6/ath79_generic/openwrt-22.03.6-ath79-generic.manifest
22.03.6,ath79/generic,kmod-pppoe,5.10.201-1,research-os/data/openwrt-v2-snapshots/releases/22.03.6/ath79_generic/openwrt-22.03.6-ath79-generic.manifest
22.03.6,ath79/generic,kmod-pppox,5.10.201-1,research-os/data/openwrt-v2-snapshots/releases/22.03.6/ath79_generic/openwrt-22.03.6-ath79-generic.manifest
22.03.6,ath79/generic,kmod-slhc,5.10.201-1,research-os/data/openwrt-v2-snapshots/releases/22.03.6/ath79_generic/openwrt-22.03.6-ath79-generic.manifest
22.03.6,ath79/generic,libblobmsg-json20220515,2022-05-15-d2223ef9-1,research-os/data/openwrt-v2-snapshots/releases/22.03.6/ath79_generic/openwrt-22.03.6-ath79-generic.manifest
22.03.6,ath79/generic,libc,1.2.3-4,research-os/data/openwrt-v2-snapshots/releases/22.03.6/ath79_generic/openwrt-22.03.6-ath79-generic.manifest
22.03.6,ath79/generic,libgcc1,11.2.0-4,research-os/data/openwrt-v2-snapshots/releases/22.03.6/ath79_generic/openwrt-22.03.6-ath79-generic.manifest
22.03.6,ath79/generic,libiwinfo-data,2022-12-15-8d158096-1,research-os/data/openwrt-v2-snapshots/releases/22.03.6/ath79_generic/openwrt-22.03.6-ath79-generic.manifest
22.03.6,ath79/generic,libiwinfo-lua,2022-12-15-8d158096-1,research-os/data/openwrt-v2-snapshots/releases/22.03.6/ath79_generic/openwrt-22.03.6-ath79-generic.manifest
22.03.6,ath79/generic,libiwinfo20210430,2022-12-15-8d158096-1,research-os/data/openwrt-v2-snapshots/releases/22.03.6/ath79_generic/openwrt-22.03.6-ath79-generic.manifest
22.03.6,ath79/generic,libjson-c5,0.15-2,research-os/data/openwrt-v2-snapshots/releases/22.03.6/ath79_generic/openwrt-22.03.6-ath79-generic.manifest
22.03.6,ath79/generic,libjson-script20220515,2022-05-15-d2223ef9-1,research-os/data/openwrt-v2-snapshots/releases/22.03.6/ath79_generic/openwrt-22.03.6-ath79-generic.manifest
22.03.6,ath79/generic,liblua5.1.5,5.1.5-10,research-os/data/openwrt-v2-snapshots/releases/22.03.6/ath79_generic/openwrt-22.03.6-ath79-generic.manifest
22.03.6,ath79/generic,liblucihttp-lua,2023-03-15-9b5b683f-1,research-os/data/openwrt-v2-snapshots/releases/22.03.6/ath79_generic/openwrt-22.03.6-ath79-generic.manifest
22.03.6,ath79/generic,liblucihttp0,2023-03-15-9b5b683f-1,research-os/data/openwrt-v2-snapshots/releases/22.03.6/ath79_generic/openwrt-22.03.6-ath79-generic.manifest
22.03.6,ath79/generic,libmnl0,1.0.5-1,research-os/data/openwrt-v2-snapshots/releases/22.03.6/ath79_generic/openwrt-22.03.6-ath79-generic.manifest
22.03.6,ath79/generic,libnftnl11,1.2.1-2,research-os/data/openwrt-v2-snapshots/releases/22.03.6/ath79_generic/openwrt-22.03.6-ath79-generic.manifest
22.03.6,ath79/generic,libnl-tiny1,2021-11-21-8e0555fb-1,research-os/data/openwrt-v2-snapshots/releases/22.03.6/ath79_generic/openwrt-22.03.6-ath79-generic.manifest
22.03.6,ath79/generic,libpthread,1.2.3-4,research-os/data/openwrt-v2-snapshots/releases/22.03.6/ath79_generic/openwrt-22.03.6-ath79-generic.manifest
22.03.6,ath79/generic,libubox20220515,2022-05-15-d2223ef9-1,research-os/data/openwrt-v2-snapshots/releases/22.03.6/ath79_generic/openwrt-22.03.6-ath79-generic.manifest
22.03.6,ath79/generic,libubus-lua,2022-06-01-2bebf93c-1,research-os/data/openwrt-v2-snapshots/releases/22.03.6/ath79_generic/openwrt-22.03.6-ath79-generic.manifest
22.03.6,ath79/generic,libubus20220601,2022-06-01-2bebf93c-1,research-os/data/openwrt-v2-snapshots/releases/22.03.6/ath79_generic/openwrt-22.03.6-ath79-generic.manifest
22.03.6,ath79/generic,libuci20130104,2021-10-22-f84f49f0-6,research-os/data/openwrt-v2-snapshots/releases/22.03.6/ath79_generic/openwrt-22.03.6-ath79-generic.manifest
22.03.6,ath79/generic,libuclient20201210,2023-04-13-007d9454-1,research-os/data/openwrt-v2-snapshots/releases/22.03.6/ath79_generic/openwrt-22.03.6-ath79-generic.manifest
22.03.6,ath79/generic,libucode20220812,2022-12-02-46d93c9c-1,research-os/data/openwrt-v2-snapshots/releases/22.03.6/ath79_generic/openwrt-22.03.6-ath79-generic.manifest
22.03.6,ath79/generic,libustream-wolfssl20201210,2022-12-08-9217ab46-2,research-os/data/openwrt-v2-snapshots/releases/22.03.6/ath79_generic/openwrt-22.03.6-ath79-generic.manifest
22.03.6,ath79/generic,libwolfssl5.6.4.ee39414e,5.6.4-stable-1,research-os/data/openwrt-v2-snapshots/releases/22.03.6/ath79_generic/openwrt-22.03.6-ath79-generic.manifest
22.03.6,ath79/generic,logd,2021-08-03-205defb5-2,research-os/data/openwrt-v2-snapshots/releases/22.03.6/ath79_generic/openwrt-22.03.6-ath79-generic.manifest
22.03.6,ath79/generic,lua,5.1.5-10,research-os/data/openwrt-v2-snapshots/releases/22.03.6/ath79_generic/openwrt-22.03.6-ath79-generic.manifest
22.03.6,ath79/generic,luci,git-23.093.42303-d58cd69,research-os/data/openwrt-v2-snapshots/releases/22.03.6/ath79_generic/openwrt-22.03.6-ath79-generic.manifest
22.03.6,ath79/generic,luci-app-firewall,git-23.093.42704-1c01c64,research-os/data/openwrt-v2-snapshots/releases/22.03.6/ath79_generic/openwrt-22.03.6-ath79-generic.manifest
22.03.6,ath79/generic,luci-app-opkg,git-23.093.42303-e16f620,research-os/data/openwrt-v2-snapshots/releases/22.03.6/ath79_generic/openwrt-22.03.6-ath79-generic.manifest
22.03.6,ath79/generic,luci-base,git-23.292.78392-9f66674,research-os/data/openwrt-v2-snapshots/releases/22.03.6/ath79_generic/openwrt-22.03.6-ath79-generic.manifest
22.03.6,ath79/generic,luci-lib-base,git-20.232.39649-1f6dc29,research-os/data/openwrt-v2-snapshots/releases/22.03.6/ath79_generic/openwrt-22.03.6-ath79-generic.manifest
22.03.6,ath79/generic,luci-lib-ip,git-23.311.79310-704a335,research-os/data/openwrt-v2-snapshots/releases/22.03.6/ath79_generic/openwrt-22.03.6-ath79-generic.manifest
22.03.6,ath79/generic,luci-lib-jsonc,git-23.298.74581-7dfbbca,research-os/data/openwrt-v2-snapshots/releases/22.03.6/ath79_generic/openwrt-22.03.6-ath79-generic.manifest
22.03.6,ath79/generic,luci-lib-nixio,git-20.234.06894-c4a4e43,research-os/data/openwrt-v2-snapshots/releases/22.03.6/ath79_generic/openwrt-22.03.6-ath79-generic.manifest
22.03.6,ath79/generic,luci-mod-admin-full,git-19.253.48496-3f93650,research-os/data/openwrt-v2-snapshots/releases/22.03.6/ath79_generic/openwrt-22.03.6-ath79-generic.manifest
22.03.6,ath79/generic,luci-mod-network,git-23.170.81153-99d3815,research-os/data/openwrt-v2-snapshots/releases/22.03.6/ath79_generic/openwrt-22.03.6-ath79-generic.manifest
22.03.6,ath79/generic,luci-mod-status,git-23.292.78392-20daafc,research-os/data/openwrt-v2-snapshots/releases/22.03.6/ath79_generic/openwrt-22.03.6-ath79-generic.manifest
22.03.6,ath79/generic,luci-mod-system,git-23.118.78821-0c02883,research-os/data/openwrt-v2-snapshots/releases/22.03.6/ath79_generic/openwrt-22.03.6-ath79-generic.manifest
22.03.6,ath79/generic,luci-proto-ipv6,git-21.148.48881-79947af,research-os/data/openwrt-v2-snapshots/releases/22.03.6/ath79_generic/openwrt-22.03.6-ath79-generic.manifest
22.03.6,ath79/generic,luci-proto-ppp,git-21.158.38888-88b9d84,research-os/data/openwrt-v2-snapshots/releases/22.03.6/ath79_generic/openwrt-22.03.6-ath79-generic.manifest
22.03.6,ath79/generic,luci-ssl,git-20.244.36115-e10f954,research-os/data/openwrt-v2-snapshots/releases/22.03.6/ath79_generic/openwrt-22.03.6-ath79-generic.manifest
22.03.6,ath79/generic,luci-theme-bootstrap,git-23.093.42704-b47268a,research-os/data/openwrt-v2-snapshots/releases/22.03.6/ath79_generic/openwrt-22.03.6-ath79-generic.manifest
22.03.6,ath79/generic,mtd,26,research-os/data/openwrt-v2-snapshots/releases/22.03.6/ath79_generic/openwrt-22.03.6-ath79-generic.manifest
22.03.6,ath79/generic,netifd,2022-08-25-76d2d41b-1,research-os/data/openwrt-v2-snapshots/releases/22.03.6/ath79_generic/openwrt-22.03.6-ath79-generic.manifest
22.03.6,ath79/generic,nftables-json,1.0.2-2.1,research-os/data/openwrt-v2-snapshots/releases/22.03.6/ath79_generic/openwrt-22.03.6-ath79-generic.manifest
22.03.6,ath79/generic,odhcp6c,2022-08-05-7d21e8d8-18,research-os/data/openwrt-v2-snapshots/releases/22.03.6/ath79_generic/openwrt-22.03.6-ath79-generic.manifest
22.03.6,ath79/generic,odhcpd-ipv6only,2023-01-02-4a673e1c-2,research-os/data/openwrt-v2-snapshots/releases/22.03.6/ath79_generic/openwrt-22.03.6-ath79-generic.manifest
22.03.6,ath79/generic,openwrt-keyring,2022-03-25-62471e69-3,research-os/data/openwrt-v2-snapshots/releases/22.03.6/ath79_generic/openwrt-22.03.6-ath79-generic.manifest
22.03.6,ath79/generic,opkg,2022-02-24-d038e5b6-1,research-os/data/openwrt-v2-snapshots/releases/22.03.6/ath79_generic/openwrt-22.03.6-ath79-generic.manifest
22.03.6,ath79/generic,ppp,2.4.9.git-2021-01-04-3,research-os/data/openwrt-v2-snapshots/releases/22.03.6/ath79_generic/openwrt-22.03.6-ath79-generic.manifest
22.03.6,ath79/generic,ppp-mod-pppoe,2.4.9.git-2021-01-04-3,research-os/data/openwrt-v2-snapshots/releases/22.03.6/ath79_generic/openwrt-22.03.6-ath79-generic.manifest
22.03.6,ath79/generic,procd,2022-06-01-7a009685-2,research-os/data/openwrt-v2-snapshots/releases/22.03.6/ath79_generic/openwrt-22.03.6-ath79-generic.manifest
22.03.6,ath79/generic,procd-seccomp,2022-06-01-7a009685-2,research-os/data/openwrt-v2-snapshots/releases/22.03.6/ath79_generic/openwrt-22.03.6-ath79-generic.manifest
22.03.6,ath79/generic,procd-ujail,2022-06-01-7a009685-2,research-os/data/openwrt-v2-snapshots/releases/22.03.6/ath79_generic/openwrt-22.03.6-ath79-generic.manifest
22.03.6,ath79/generic,px5g-wolfssl,6.2,research-os/data/openwrt-v2-snapshots/releases/22.03.6/ath79_generic/openwrt-22.03.6-ath79-generic.manifest
22.03.6,ath79/generic,rpcd,2022-12-15-7de4820c-1,research-os/data/openwrt-v2-snapshots/releases/22.03.6/ath79_generic/openwrt-22.03.6-ath79-generic.manifest
22.03.6,ath79/generic,rpcd-mod-file,2022-12-15-7de4820c-1,research-os/data/openwrt-v2-snapshots/releases/22.03.6/ath79_generic/openwrt-22.03.6-ath79-generic.manifest
22.03.6,ath79/generic,rpcd-mod-iwinfo,2022-12-15-7de4820c-1,research-os/data/openwrt-v2-snapshots/releases/22.03.6/ath79_generic/openwrt-22.03.6-ath79-generic.manifest
22.03.6,ath79/generic,rpcd-mod-luci,20210614,research-os/data/openwrt-v2-snapshots/releases/22.03.6/ath79_generic/openwrt-22.03.6-ath79-generic.manifest
22.03.6,ath79/generic,rpcd-mod-rrdns,20170710,research-os/data/openwrt-v2-snapshots/releases/22.03.6/ath79_generic/openwrt-22.03.6-ath79-generic.manifest
22.03.6,ath79/generic,swconfig,12,research-os/data/openwrt-v2-snapshots/releases/22.03.6/ath79_generic/openwrt-22.03.6-ath79-generic.manifest
22.03.6,ath79/generic,uboot-envtools,2022.01-40,research-os/data/openwrt-v2-snapshots/releases/22.03.6/ath79_generic/openwrt-22.03.6-ath79-generic.manifest
22.03.6,ath79/generic,ubox,2021-08-03-205defb5-2,research-os/data/openwrt-v2-snapshots/releases/22.03.6/ath79_generic/openwrt-22.03.6-ath79-generic.manifest
22.03.6,ath79/generic,ubus,2022-06-01-2bebf93c-1,research-os/data/openwrt-v2-snapshots/releases/22.03.6/ath79_generic/openwrt-22.03.6-ath79-generic.manifest
22.03.6,ath79/generic,ubusd,2022-06-01-2bebf93c-1,research-os/data/openwrt-v2-snapshots/releases/22.03.6/ath79_generic/openwrt-22.03.6-ath79-generic.manifest
22.03.6,ath79/generic,uci,2021-10-22-f84f49f0-6,research-os/data/openwrt-v2-snapshots/releases/22.03.6/ath79_generic/openwrt-22.03.6-ath79-generic.manifest
22.03.6,ath79/generic,uclient-fetch,2023-04-13-007d9454-1,research-os/data/openwrt-v2-snapshots/releases/22.03.6/ath79_generic/openwrt-22.03.6-ath79-generic.manifest
22.03.6,ath79/generic,ucode,2022-12-02-46d93c9c-1,research-os/data/openwrt-v2-snapshots/releases/22.03.6/ath79_generic/openwrt-22.03.6-ath79-generic.manifest
22.03.6,ath79/generic,ucode-mod-fs,2022-12-02-46d93c9c-1,research-os/data/openwrt-v2-snapshots/releases/22.03.6/ath79_generic/openwrt-22.03.6-ath79-generic.manifest
22.03.6,ath79/generic,ucode-mod-ubus,2022-12-02-46d93c9c-1,research-os/data/openwrt-v2-snapshots/releases/22.03.6/ath79_generic/openwrt-22.03.6-ath79-generic.manifest
22.03.6,ath79/generic,ucode-mod-uci,2022-12-02-46d93c9c-1,research-os/data/openwrt-v2-snapshots/releases/22.03.6/ath79_generic/openwrt-22.03.6-ath79-generic.manifest
22.03.6,ath79/generic,uhttpd,2023-06-25-34a8a74d-1,research-os/data/openwrt-v2-snapshots/releases/22.03.6/ath79_generic/openwrt-22.03.6-ath79-generic.manifest
22.03.6,ath79/generic,uhttpd-mod-ubus,2023-06-25-34a8a74d-1,research-os/data/openwrt-v2-snapshots/releases/22.03.6/ath79_generic/openwrt-22.03.6-ath79-generic.manifest
22.03.6,ath79/generic,urandom-seed,3,research-os/data/openwrt-v2-snapshots/releases/22.03.6/ath79_generic/openwrt-22.03.6-ath79-generic.manifest
22.03.6,ath79/generic,urngd,2023-11-01-44365eb1-1,research-os/data/openwrt-v2-snapshots/releases/22.03.6/ath79_generic/openwrt-22.03.6-ath79-generic.manifest
22.03.6,ath79/generic,usign,2020-05-23-f1f65026-1,research-os/data/openwrt-v2-snapshots/releases/22.03.6/ath79_generic/openwrt-22.03.6-ath79-generic.manifest
22.03.6,ath79/generic,wireless-regdb,2023.09.01-1,research-os/data/openwrt-v2-snapshots/releases/22.03.6/ath79_generic/openwrt-22.03.6-ath79-generic.manifest
22.03.6,ath79/generic,wpad-basic-wolfssl,2022-01-16-cff80b4f-18.3,research-os/data/openwrt-v2-snapshots/releases/22.03.6/ath79_generic/openwrt-22.03.6-ath79-generic.manifest
22.03.6,x86/64,base-files,1504-r20265-f85a79bcb4,research-os/data/openwrt-v2-snapshots/releases/22.03.6/x86_64/openwrt-22.03.6-x86-64.manifest
22.03.6,x86/64,busybox,1.35.0-5,research-os/data/openwrt-v2-snapshots/releases/22.03.6/x86_64/openwrt-22.03.6-x86-64.manifest
22.03.6,x86/64,ca-bundle,20230311-1,research-os/data/openwrt-v2-snapshots/releases/22.03.6/x86_64/openwrt-22.03.6-x86-64.manifest
22.03.6,x86/64,cgi-io,2022-08-10-901b0f04-21,research-os/data/openwrt-v2-snapshots/releases/22.03.6/x86_64/openwrt-22.03.6-x86-64.manifest
22.03.6,x86/64,dnsmasq,2.86-16,research-os/data/openwrt-v2-snapshots/releases/22.03.6/x86_64/openwrt-22.03.6-x86-64.manifest
22.03.6,x86/64,dropbear,2022.82-3,research-os/data/openwrt-v2-snapshots/releases/22.03.6/x86_64/openwrt-22.03.6-x86-64.manifest
22.03.6,x86/64,e2fsprogs,1.46.5-2,research-os/data/openwrt-v2-snapshots/releases/22.03.6/x86_64/openwrt-22.03.6-x86-64.manifest
22.03.6,x86/64,firewall4,2022-10-18-7ae5e14b-1,research-os/data/openwrt-v2-snapshots/releases/22.03.6/x86_64/openwrt-22.03.6-x86-64.manifest
22.03.6,x86/64,fstools,2022-06-02-93369be0-2,research-os/data/openwrt-v2-snapshots/releases/22.03.6/x86_64/openwrt-22.03.6-x86-64.manifest
22.03.6,x86/64,fwtool,2019-11-12-8f7fe925-1,research-os/data/openwrt-v2-snapshots/releases/22.03.6/x86_64/openwrt-22.03.6-x86-64.manifest
22.03.6,x86/64,getrandom,2021-08-03-205defb5-2,research-os/data/openwrt-v2-snapshots/releases/22.03.6/x86_64/openwrt-22.03.6-x86-64.manifest
22.03.6,x86/64,grub2,2.06-3,research-os/data/openwrt-v2-snapshots/releases/22.03.6/x86_64/openwrt-22.03.6-x86-64.manifest
22.03.6,x86/64,grub2-bios-setup,2.06-3,research-os/data/openwrt-v2-snapshots/releases/22.03.6/x86_64/openwrt-22.03.6-x86-64.manifest
22.03.6,x86/64,grub2-efi,2.06-3,research-os/data/openwrt-v2-snapshots/releases/22.03.6/x86_64/openwrt-22.03.6-x86-64.manifest
22.03.6,x86/64,jansson4,2.13.1-2,research-os/data/openwrt-v2-snapshots/releases/22.03.6/x86_64/openwrt-22.03.6-x86-64.manifest
22.03.6,x86/64,jshn,2022-05-15-d2223ef9-1,research-os/data/openwrt-v2-snapshots/releases/22.03.6/x86_64/openwrt-22.03.6-x86-64.manifest
22.03.6,x86/64,jsonfilter,2018-02-04-c7e938d6-1,research-os/data/openwrt-v2-snapshots/releases/22.03.6/x86_64/openwrt-22.03.6-x86-64.manifest
22.03.6,x86/64,kernel,5.10.201-1-7865481e154fa056bd3b6ca1ae9b5f74,research-os/data/openwrt-v2-snapshots/releases/22.03.6/x86_64/openwrt-22.03.6-x86-64.manifest
22.03.6,x86/64,kmod-button-hotplug,5.10.201-3,research-os/data/openwrt-v2-snapshots/releases/22.03.6/x86_64/openwrt-22.03.6-x86-64.manifest
22.03.6,x86/64,kmod-crypto-crc32c,5.10.201-1,research-os/data/openwrt-v2-snapshots/releases/22.03.6/x86_64/openwrt-22.03.6-x86-64.manifest
22.03.6,x86/64,kmod-crypto-hash,5.10.201-1,research-os/data/openwrt-v2-snapshots/releases/22.03.6/x86_64/openwrt-22.03.6-x86-64.manifest
22.03.6,x86/64,kmod-fs-vfat,5.10.201-1,research-os/data/openwrt-v2-snapshots/releases/22.03.6/x86_64/openwrt-22.03.6-x86-64.manifest
22.03.6,x86/64,kmod-input-core,5.10.201-1,research-os/data/openwrt-v2-snapshots/releases/22.03.6/x86_64/openwrt-22.03.6-x86-64.manifest
22.03.6,x86/64,kmod-lib-crc-ccitt,5.10.201-1,research-os/data/openwrt-v2-snapshots/releases/22.03.6/x86_64/openwrt-22.03.6-x86-64.manifest
22.03.6,x86/64,kmod-lib-crc32c,5.10.201-1,research-os/data/openwrt-v2-snapshots/releases/22.03.6/x86_64/openwrt-22.03.6-x86-64.manifest
22.03.6,x86/64,kmod-nf-conntrack,5.10.201-1,research-os/data/openwrt-v2-snapshots/releases/22.03.6/x86_64/openwrt-22.03.6-x86-64.manifest
22.03.6,x86/64,kmod-nf-conntrack6,5.10.201-1,research-os/data/openwrt-v2-snapshots/releases/22.03.6/x86_64/openwrt-22.03.6-x86-64.manifest
22.03.6,x86/64,kmod-nf-flow,5.10.201-1,research-os/data/openwrt-v2-snapshots/releases/22.03.6/x86_64/openwrt-22.03.6-x86-64.manifest
22.03.6,x86/64,kmod-nf-log,5.10.201-1,research-os/data/openwrt-v2-snapshots/releases/22.03.6/x86_64/openwrt-22.03.6-x86-64.manifest
22.03.6,x86/64,kmod-nf-log6,5.10.201-1,research-os/data/openwrt-v2-snapshots/releases/22.03.6/x86_64/openwrt-22.03.6-x86-64.manifest
22.03.6,x86/64,kmod-nf-nat,5.10.201-1,research-os/data/openwrt-v2-snapshots/releases/22.03.6/x86_64/openwrt-22.03.6-x86-64.manifest
22.03.6,x86/64,kmod-nf-reject,5.10.201-1,research-os/data/openwrt-v2-snapshots/releases/22.03.6/x86_64/openwrt-22.03.6-x86-64.manifest
22.03.6,x86/64,kmod-nf-reject6,5.10.201-1,research-os/data/openwrt-v2-snapshots/releases/22.03.6/x86_64/openwrt-22.03.6-x86-64.manifest
22.03.6,x86/64,kmod-nfnetlink,5.10.201-1,research-os/data/openwrt-v2-snapshots/releases/22.03.6/x86_64/openwrt-22.03.6-x86-64.manifest
22.03.6,x86/64,kmod-nft-core,5.10.201-1,research-os/data/openwrt-v2-snapshots/releases/22.03.6/x86_64/openwrt-22.03.6-x86-64.manifest
22.03.6,x86/64,kmod-nft-fib,5.10.201-1,research-os/data/openwrt-v2-snapshots/releases/22.03.6/x86_64/openwrt-22.03.6-x86-64.manifest
22.03.6,x86/64,kmod-nft-nat,5.10.201-1,research-os/data/openwrt-v2-snapshots/releases/22.03.6/x86_64/openwrt-22.03.6-x86-64.manifest
22.03.6,x86/64,kmod-nft-offload,5.10.201-1,research-os/data/openwrt-v2-snapshots/releases/22.03.6/x86_64/openwrt-22.03.6-x86-64.manifest
22.03.6,x86/64,kmod-nls-base,5.10.201-1,research-os/data/openwrt-v2-snapshots/releases/22.03.6/x86_64/openwrt-22.03.6-x86-64.manifest
22.03.6,x86/64,kmod-nls-cp437,5.10.201-1,research-os/data/openwrt-v2-snapshots/releases/22.03.6/x86_64/openwrt-22.03.6-x86-64.manifest
22.03.6,x86/64,kmod-nls-iso8859-1,5.10.201-1,research-os/data/openwrt-v2-snapshots/releases/22.03.6/x86_64/openwrt-22.03.6-x86-64.manifest
22.03.6,x86/64,kmod-nls-utf8,5.10.201-1,research-os/data/openwrt-v2-snapshots/releases/22.03.6/x86_64/openwrt-22.03.6-x86-64.manifest
22.03.6,x86/64,kmod-ppp,5.10.201-1,research-os/data/openwrt-v2-snapshots/releases/22.03.6/x86_64/openwrt-22.03.6-x86-64.manifest
22.03.6,x86/64,kmod-pppoe,5.10.201-1,research-os/data/openwrt-v2-snapshots/releases/22.03.6/x86_64/openwrt-22.03.6-x86-64.manifest
22.03.6,x86/64,kmod-pppox,5.10.201-1,research-os/data/openwrt-v2-snapshots/releases/22.03.6/x86_64/openwrt-22.03.6-x86-64.manifest
22.03.6,x86/64,kmod-slhc,5.10.201-1,research-os/data/openwrt-v2-snapshots/releases/22.03.6/x86_64/openwrt-22.03.6-x86-64.manifest
22.03.6,x86/64,libblkid1,2.37.4-1,research-os/data/openwrt-v2-snapshots/releases/22.03.6/x86_64/openwrt-22.03.6-x86-64.manifest
22.03.6,x86/64,libblobmsg-json20220515,2022-05-15-d2223ef9-1,research-os/data/openwrt-v2-snapshots/releases/22.03.6/x86_64/openwrt-22.03.6-x86-64.manifest
22.03.6,x86/64,libc,1.2.3-4,research-os/data/openwrt-v2-snapshots/releases/22.03.6/x86_64/openwrt-22.03.6-x86-64.manifest
22.03.6,x86/64,libcomerr0,1.46.5-2,research-os/data/openwrt-v2-snapshots/releases/22.03.6/x86_64/openwrt-22.03.6-x86-64.manifest
22.03.6,x86/64,libext2fs2,1.46.5-2,research-os/data/openwrt-v2-snapshots/releases/22.03.6/x86_64/openwrt-22.03.6-x86-64.manifest
22.03.6,x86/64,libf2fs6,1.14.0-3,research-os/data/openwrt-v2-snapshots/releases/22.03.6/x86_64/openwrt-22.03.6-x86-64.manifest
22.03.6,x86/64,libgcc1,11.2.0-4,research-os/data/openwrt-v2-snapshots/releases/22.03.6/x86_64/openwrt-22.03.6-x86-64.manifest
22.03.6,x86/64,libiwinfo-data,2022-12-15-8d158096-1,research-os/data/openwrt-v2-snapshots/releases/22.03.6/x86_64/openwrt-22.03.6-x86-64.manifest
22.03.6,x86/64,libiwinfo-lua,2022-12-15-8d158096-1,research-os/data/openwrt-v2-snapshots/releases/22.03.6/x86_64/openwrt-22.03.6-x86-64.manifest
22.03.6,x86/64,libiwinfo20210430,2022-12-15-8d158096-1,research-os/data/openwrt-v2-snapshots/releases/22.03.6/x86_64/openwrt-22.03.6-x86-64.manifest
22.03.6,x86/64,libjson-c5,0.15-2,research-os/data/openwrt-v2-snapshots/releases/22.03.6/x86_64/openwrt-22.03.6-x86-64.manifest
22.03.6,x86/64,libjson-script20220515,2022-05-15-d2223ef9-1,research-os/data/openwrt-v2-snapshots/releases/22.03.6/x86_64/openwrt-22.03.6-x86-64.manifest
22.03.6,x86/64,liblua5.1.5,5.1.5-10,research-os/data/openwrt-v2-snapshots/releases/22.03.6/x86_64/openwrt-22.03.6-x86-64.manifest
22.03.6,x86/64,liblucihttp-lua,2023-03-15-9b5b683f-1,research-os/data/openwrt-v2-snapshots/releases/22.03.6/x86_64/openwrt-22.03.6-x86-64.manifest
22.03.6,x86/64,liblucihttp0,2023-03-15-9b5b683f-1,research-os/data/openwrt-v2-snapshots/releases/22.03.6/x86_64/openwrt-22.03.6-x86-64.manifest
22.03.6,x86/64,libmnl0,1.0.5-1,research-os/data/openwrt-v2-snapshots/releases/22.03.6/x86_64/openwrt-22.03.6-x86-64.manifest
22.03.6,x86/64,libnftnl11,1.2.1-2,research-os/data/openwrt-v2-snapshots/releases/22.03.6/x86_64/openwrt-22.03.6-x86-64.manifest
22.03.6,x86/64,libnl-tiny1,2021-11-21-8e0555fb-1,research-os/data/openwrt-v2-snapshots/releases/22.03.6/x86_64/openwrt-22.03.6-x86-64.manifest
22.03.6,x86/64,libpthread,1.2.3-4,research-os/data/openwrt-v2-snapshots/releases/22.03.6/x86_64/openwrt-22.03.6-x86-64.manifest
22.03.6,x86/64,librt,1.2.3-4,research-os/data/openwrt-v2-snapshots/releases/22.03.6/x86_64/openwrt-22.03.6-x86-64.manifest
22.03.6,x86/64,libsmartcols1,2.37.4-1,research-os/data/openwrt-v2-snapshots/releases/22.03.6/x86_64/openwrt-22.03.6-x86-64.manifest
22.03.6,x86/64,libss2,1.46.5-2,research-os/data/openwrt-v2-snapshots/releases/22.03.6/x86_64/openwrt-22.03.6-x86-64.manifest
22.03.6,x86/64,libubox20220515,2022-05-15-d2223ef9-1,research-os/data/openwrt-v2-snapshots/releases/22.03.6/x86_64/openwrt-22.03.6-x86-64.manifest
22.03.6,x86/64,libubus-lua,2022-06-01-2bebf93c-1,research-os/data/openwrt-v2-snapshots/releases/22.03.6/x86_64/openwrt-22.03.6-x86-64.manifest
22.03.6,x86/64,libubus20220601,2022-06-01-2bebf93c-1,research-os/data/openwrt-v2-snapshots/releases/22.03.6/x86_64/openwrt-22.03.6-x86-64.manifest
22.03.6,x86/64,libuci20130104,2021-10-22-f84f49f0-6,research-os/data/openwrt-v2-snapshots/releases/22.03.6/x86_64/openwrt-22.03.6-x86-64.manifest
22.03.6,x86/64,libuclient20201210,2023-04-13-007d9454-1,research-os/data/openwrt-v2-snapshots/releases/22.03.6/x86_64/openwrt-22.03.6-x86-64.manifest
22.03.6,x86/64,libucode20220812,2022-12-02-46d93c9c-1,research-os/data/openwrt-v2-snapshots/releases/22.03.6/x86_64/openwrt-22.03.6-x86-64.manifest
22.03.6,x86/64,libustream-wolfssl20201210,2022-12-08-9217ab46-2,research-os/data/openwrt-v2-snapshots/releases/22.03.6/x86_64/openwrt-22.03.6-x86-64.manifest
22.03.6,x86/64,libuuid1,2.37.4-1,research-os/data/openwrt-v2-snapshots/releases/22.03.6/x86_64/openwrt-22.03.6-x86-64.manifest
22.03.6,x86/64,libwolfssl5.6.4.ee39414e,5.6.4-stable-1,research-os/data/openwrt-v2-snapshots/releases/22.03.6/x86_64/openwrt-22.03.6-x86-64.manifest
22.03.6,x86/64,logd,2021-08-03-205defb5-2,research-os/data/openwrt-v2-snapshots/releases/22.03.6/x86_64/openwrt-22.03.6-x86-64.manifest
22.03.6,x86/64,lua,5.1.5-10,research-os/data/openwrt-v2-snapshots/releases/22.03.6/x86_64/openwrt-22.03.6-x86-64.manifest
22.03.6,x86/64,luci,git-23.093.42303-d58cd69,research-os/data/openwrt-v2-snapshots/releases/22.03.6/x86_64/openwrt-22.03.6-x86-64.manifest
22.03.6,x86/64,luci-app-firewall,git-23.093.42704-1c01c64,research-os/data/openwrt-v2-snapshots/releases/22.03.6/x86_64/openwrt-22.03.6-x86-64.manifest
22.03.6,x86/64,luci-app-opkg,git-23.093.42303-e16f620,research-os/data/openwrt-v2-snapshots/releases/22.03.6/x86_64/openwrt-22.03.6-x86-64.manifest
22.03.6,x86/64,luci-base,git-23.292.78392-9f66674,research-os/data/openwrt-v2-snapshots/releases/22.03.6/x86_64/openwrt-22.03.6-x86-64.manifest
22.03.6,x86/64,luci-lib-base,git-20.232.39649-1f6dc29,research-os/data/openwrt-v2-snapshots/releases/22.03.6/x86_64/openwrt-22.03.6-x86-64.manifest
22.03.6,x86/64,luci-lib-ip,git-23.311.79310-704a335,research-os/data/openwrt-v2-snapshots/releases/22.03.6/x86_64/openwrt-22.03.6-x86-64.manifest
22.03.6,x86/64,luci-lib-jsonc,git-23.298.74581-7dfbbca,research-os/data/openwrt-v2-snapshots/releases/22.03.6/x86_64/openwrt-22.03.6-x86-64.manifest
22.03.6,x86/64,luci-lib-nixio,git-20.234.06894-c4a4e43,research-os/data/openwrt-v2-snapshots/releases/22.03.6/x86_64/openwrt-22.03.6-x86-64.manifest
22.03.6,x86/64,luci-mod-admin-full,git-19.253.48496-3f93650,research-os/data/openwrt-v2-snapshots/releases/22.03.6/x86_64/openwrt-22.03.6-x86-64.manifest
22.03.6,x86/64,luci-mod-network,git-23.170.81153-99d3815,research-os/data/openwrt-v2-snapshots/releases/22.03.6/x86_64/openwrt-22.03.6-x86-64.manifest
22.03.6,x86/64,luci-mod-status,git-23.292.78392-20daafc,research-os/data/openwrt-v2-snapshots/releases/22.03.6/x86_64/openwrt-22.03.6-x86-64.manifest
22.03.6,x86/64,luci-mod-system,git-23.118.78821-0c02883,research-os/data/openwrt-v2-snapshots/releases/22.03.6/x86_64/openwrt-22.03.6-x86-64.manifest
22.03.6,x86/64,luci-proto-ipv6,git-21.148.48881-79947af,research-os/data/openwrt-v2-snapshots/releases/22.03.6/x86_64/openwrt-22.03.6-x86-64.manifest
22.03.6,x86/64,luci-proto-ppp,git-21.158.38888-88b9d84,research-os/data/openwrt-v2-snapshots/releases/22.03.6/x86_64/openwrt-22.03.6-x86-64.manifest
22.03.6,x86/64,luci-ssl,git-20.244.36115-e10f954,research-os/data/openwrt-v2-snapshots/releases/22.03.6/x86_64/openwrt-22.03.6-x86-64.manifest
22.03.6,x86/64,luci-theme-bootstrap,git-23.093.42704-b47268a,research-os/data/openwrt-v2-snapshots/releases/22.03.6/x86_64/openwrt-22.03.6-x86-64.manifest
22.03.6,x86/64,mkf2fs,1.14.0-3,research-os/data/openwrt-v2-snapshots/releases/22.03.6/x86_64/openwrt-22.03.6-x86-64.manifest
22.03.6,x86/64,mtd,26,research-os/data/openwrt-v2-snapshots/releases/22.03.6/x86_64/openwrt-22.03.6-x86-64.manifest
22.03.6,x86/64,netifd,2022-08-25-76d2d41b-1,research-os/data/openwrt-v2-snapshots/releases/22.03.6/x86_64/openwrt-22.03.6-x86-64.manifest
22.03.6,x86/64,nftables-json,1.0.2-2.1,research-os/data/openwrt-v2-snapshots/releases/22.03.6/x86_64/openwrt-22.03.6-x86-64.manifest
22.03.6,x86/64,odhcp6c,2022-08-05-7d21e8d8-18,research-os/data/openwrt-v2-snapshots/releases/22.03.6/x86_64/openwrt-22.03.6-x86-64.manifest
22.03.6,x86/64,odhcpd-ipv6only,2023-01-02-4a673e1c-2,research-os/data/openwrt-v2-snapshots/releases/22.03.6/x86_64/openwrt-22.03.6-x86-64.manifest
22.03.6,x86/64,openwrt-keyring,2022-03-25-62471e69-3,research-os/data/openwrt-v2-snapshots/releases/22.03.6/x86_64/openwrt-22.03.6-x86-64.manifest
22.03.6,x86/64,opkg,2022-02-24-d038e5b6-1,research-os/data/openwrt-v2-snapshots/releases/22.03.6/x86_64/openwrt-22.03.6-x86-64.manifest
22.03.6,x86/64,partx-utils,2.37.4-1,research-os/data/openwrt-v2-snapshots/releases/22.03.6/x86_64/openwrt-22.03.6-x86-64.manifest
22.03.6,x86/64,ppp,2.4.9.git-2021-01-04-3,research-os/data/openwrt-v2-snapshots/releases/22.03.6/x86_64/openwrt-22.03.6-x86-64.manifest
22.03.6,x86/64,ppp-mod-pppoe,2.4.9.git-2021-01-04-3,research-os/data/openwrt-v2-snapshots/releases/22.03.6/x86_64/openwrt-22.03.6-x86-64.manifest
22.03.6,x86/64,procd,2022-06-01-7a009685-2,research-os/data/openwrt-v2-snapshots/releases/22.03.6/x86_64/openwrt-22.03.6-x86-64.manifest
22.03.6,x86/64,procd-seccomp,2022-06-01-7a009685-2,research-os/data/openwrt-v2-snapshots/releases/22.03.6/x86_64/openwrt-22.03.6-x86-64.manifest
22.03.6,x86/64,procd-ujail,2022-06-01-7a009685-2,research-os/data/openwrt-v2-snapshots/releases/22.03.6/x86_64/openwrt-22.03.6-x86-64.manifest
22.03.6,x86/64,px5g-wolfssl,6.2,research-os/data/openwrt-v2-snapshots/releases/22.03.6/x86_64/openwrt-22.03.6-x86-64.manifest
22.03.6,x86/64,rpcd,2022-12-15-7de4820c-1,research-os/data/openwrt-v2-snapshots/releases/22.03.6/x86_64/openwrt-22.03.6-x86-64.manifest
22.03.6,x86/64,rpcd-mod-file,2022-12-15-7de4820c-1,research-os/data/openwrt-v2-snapshots/releases/22.03.6/x86_64/openwrt-22.03.6-x86-64.manifest
22.03.6,x86/64,rpcd-mod-iwinfo,2022-12-15-7de4820c-1,research-os/data/openwrt-v2-snapshots/releases/22.03.6/x86_64/openwrt-22.03.6-x86-64.manifest
22.03.6,x86/64,rpcd-mod-luci,20210614,research-os/data/openwrt-v2-snapshots/releases/22.03.6/x86_64/openwrt-22.03.6-x86-64.manifest
22.03.6,x86/64,rpcd-mod-rrdns,20170710,research-os/data/openwrt-v2-snapshots/releases/22.03.6/x86_64/openwrt-22.03.6-x86-64.manifest
22.03.6,x86/64,ubox,2021-08-03-205defb5-2,research-os/data/openwrt-v2-snapshots/releases/22.03.6/x86_64/openwrt-22.03.6-x86-64.manifest
22.03.6,x86/64,ubus,2022-06-01-2bebf93c-1,research-os/data/openwrt-v2-snapshots/releases/22.03.6/x86_64/openwrt-22.03.6-x86-64.manifest
22.03.6,x86/64,ubusd,2022-06-01-2bebf93c-1,research-os/data/openwrt-v2-snapshots/releases/22.03.6/x86_64/openwrt-22.03.6-x86-64.manifest
22.03.6,x86/64,uci,2021-10-22-f84f49f0-6,research-os/data/openwrt-v2-snapshots/releases/22.03.6/x86_64/openwrt-22.03.6-x86-64.manifest
22.03.6,x86/64,uclient-fetch,2023-04-13-007d9454-1,research-os/data/openwrt-v2-snapshots/releases/22.03.6/x86_64/openwrt-22.03.6-x86-64.manifest
22.03.6,x86/64,ucode,2022-12-02-46d93c9c-1,research-os/data/openwrt-v2-snapshots/releases/22.03.6/x86_64/openwrt-22.03.6-x86-64.manifest
22.03.6,x86/64,ucode-mod-fs,2022-12-02-46d93c9c-1,research-os/data/openwrt-v2-snapshots/releases/22.03.6/x86_64/openwrt-22.03.6-x86-64.manifest
22.03.6,x86/64,ucode-mod-ubus,2022-12-02-46d93c9c-1,research-os/data/openwrt-v2-snapshots/releases/22.03.6/x86_64/openwrt-22.03.6-x86-64.manifest
22.03.6,x86/64,ucode-mod-uci,2022-12-02-46d93c9c-1,research-os/data/openwrt-v2-snapshots/releases/22.03.6/x86_64/openwrt-22.03.6-x86-64.manifest
22.03.6,x86/64,uhttpd,2023-06-25-34a8a74d-1,research-os/data/openwrt-v2-snapshots/releases/22.03.6/x86_64/openwrt-22.03.6-x86-64.manifest
22.03.6,x86/64,uhttpd-mod-ubus,2023-06-25-34a8a74d-1,research-os/data/openwrt-v2-snapshots/releases/22.03.6/x86_64/openwrt-22.03.6-x86-64.manifest
22.03.6,x86/64,urandom-seed,3,research-os/data/openwrt-v2-snapshots/releases/22.03.6/x86_64/openwrt-22.03.6-x86-64.manifest
22.03.6,x86/64,urngd,2023-11-01-44365eb1-1,research-os/data/openwrt-v2-snapshots/releases/22.03.6/x86_64/openwrt-22.03.6-x86-64.manifest
22.03.6,x86/64,usign,2020-05-23-f1f65026-1,research-os/data/openwrt-v2-snapshots/releases/22.03.6/x86_64/openwrt-22.03.6-x86-64.manifest
22.03.7,ath79/generic,base-files,1506-r20341-591b7e93d3,research-os/data/openwrt-v2-snapshots/releases/22.03.7/ath79_generic/openwrt-22.03.7-ath79-generic.manifest
22.03.7,ath79/generic,busybox,1.35.0-5,research-os/data/openwrt-v2-snapshots/releases/22.03.7/ath79_generic/openwrt-22.03.7-ath79-generic.manifest
22.03.7,ath79/generic,ca-bundle,20230311-1,research-os/data/openwrt-v2-snapshots/releases/22.03.7/ath79_generic/openwrt-22.03.7-ath79-generic.manifest
22.03.7,ath79/generic,cgi-io,2022-08-10-901b0f04-21,research-os/data/openwrt-v2-snapshots/releases/22.03.7/ath79_generic/openwrt-22.03.7-ath79-generic.manifest
22.03.7,ath79/generic,dnsmasq,2.86-16,research-os/data/openwrt-v2-snapshots/releases/22.03.7/ath79_generic/openwrt-22.03.7-ath79-generic.manifest
22.03.7,ath79/generic,dropbear,2022.82-4,research-os/data/openwrt-v2-snapshots/releases/22.03.7/ath79_generic/openwrt-22.03.7-ath79-generic.manifest
22.03.7,ath79/generic,firewall4,2022-10-18-7ae5e14b-1,research-os/data/openwrt-v2-snapshots/releases/22.03.7/ath79_generic/openwrt-22.03.7-ath79-generic.manifest
22.03.7,ath79/generic,fstools,2022-06-02-93369be0-2,research-os/data/openwrt-v2-snapshots/releases/22.03.7/ath79_generic/openwrt-22.03.7-ath79-generic.manifest
22.03.7,ath79/generic,fwtool,2019-11-12-8f7fe925-1,research-os/data/openwrt-v2-snapshots/releases/22.03.7/ath79_generic/openwrt-22.03.7-ath79-generic.manifest
22.03.7,ath79/generic,getrandom,2021-08-03-205defb5-2,research-os/data/openwrt-v2-snapshots/releases/22.03.7/ath79_generic/openwrt-22.03.7-ath79-generic.manifest
22.03.7,ath79/generic,hostapd-common,2022-01-16-cff80b4f-21.3,research-os/data/openwrt-v2-snapshots/releases/22.03.7/ath79_generic/openwrt-22.03.7-ath79-generic.manifest
22.03.7,ath79/generic,iw,5.16-1,research-os/data/openwrt-v2-snapshots/releases/22.03.7/ath79_generic/openwrt-22.03.7-ath79-generic.manifest
22.03.7,ath79/generic,iwinfo,2022-12-15-8d158096-1,research-os/data/openwrt-v2-snapshots/releases/22.03.7/ath79_generic/openwrt-22.03.7-ath79-generic.manifest
22.03.7,ath79/generic,jansson4,2.13.1-2,research-os/data/openwrt-v2-snapshots/releases/22.03.7/ath79_generic/openwrt-22.03.7-ath79-generic.manifest
22.03.7,ath79/generic,jshn,2022-05-15-d2223ef9-1,research-os/data/openwrt-v2-snapshots/releases/22.03.7/ath79_generic/openwrt-22.03.7-ath79-generic.manifest
22.03.7,ath79/generic,jsonfilter,2024-01-23-594cfa86-1,research-os/data/openwrt-v2-snapshots/releases/22.03.7/ath79_generic/openwrt-22.03.7-ath79-generic.manifest
22.03.7,ath79/generic,kernel,5.10.221-1-2183c0da82cf7f227aeb28af12597c52,research-os/data/openwrt-v2-snapshots/releases/22.03.7/ath79_generic/openwrt-22.03.7-ath79-generic.manifest
22.03.7,ath79/generic,kmod-ath,5.10.221+5.15.162-1-1,research-os/data/openwrt-v2-snapshots/releases/22.03.7/ath79_generic/openwrt-22.03.7-ath79-generic.manifest
22.03.7,ath79/generic,kmod-ath9k,5.10.221+5.15.162-1-1,research-os/data/openwrt-v2-snapshots/releases/22.03.7/ath79_generic/openwrt-22.03.7-ath79-generic.manifest
22.03.7,ath79/generic,kmod-ath9k-common,5.10.221+5.15.162-1-1,research-os/data/openwrt-v2-snapshots/releases/22.03.7/ath79_generic/openwrt-22.03.7-ath79-generic.manifest
22.03.7,ath79/generic,kmod-cfg80211,5.10.221+5.15.162-1-1,research-os/data/openwrt-v2-snapshots/releases/22.03.7/ath79_generic/openwrt-22.03.7-ath79-generic.manifest
22.03.7,ath79/generic,kmod-crypto-aead,5.10.221-1,research-os/data/openwrt-v2-snapshots/releases/22.03.7/ath79_generic/openwrt-22.03.7-ath79-generic.manifest
22.03.7,ath79/generic,kmod-crypto-ccm,5.10.221-1,research-os/data/openwrt-v2-snapshots/releases/22.03.7/ath79_generic/openwrt-22.03.7-ath79-generic.manifest
22.03.7,ath79/generic,kmod-crypto-cmac,5.10.221-1,research-os/data/openwrt-v2-snapshots/releases/22.03.7/ath79_generic/openwrt-22.03.7-ath79-generic.manifest
22.03.7,ath79/generic,kmod-crypto-crc32c,5.10.221-1,research-os/data/openwrt-v2-snapshots/releases/22.03.7/ath79_generic/openwrt-22.03.7-ath79-generic.manifest
22.03.7,ath79/generic,kmod-crypto-ctr,5.10.221-1,research-os/data/openwrt-v2-snapshots/releases/22.03.7/ath79_generic/openwrt-22.03.7-ath79-generic.manifest
22.03.7,ath79/generic,kmod-crypto-gcm,5.10.221-1,research-os/data/openwrt-v2-snapshots/releases/22.03.7/ath79_generic/openwrt-22.03.7-ath79-generic.manifest
22.03.7,ath79/generic,kmod-crypto-gf128,5.10.221-1,research-os/data/openwrt-v2-snapshots/releases/22.03.7/ath79_generic/openwrt-22.03.7-ath79-generic.manifest
22.03.7,ath79/generic,kmod-crypto-ghash,5.10.221-1,research-os/data/openwrt-v2-snapshots/releases/22.03.7/ath79_generic/openwrt-22.03.7-ath79-generic.manifest
22.03.7,ath79/generic,kmod-crypto-hash,5.10.221-1,research-os/data/openwrt-v2-snapshots/releases/22.03.7/ath79_generic/openwrt-22.03.7-ath79-generic.manifest
22.03.7,ath79/generic,kmod-crypto-hmac,5.10.221-1,research-os/data/openwrt-v2-snapshots/releases/22.03.7/ath79_generic/openwrt-22.03.7-ath79-generic.manifest
22.03.7,ath79/generic,kmod-crypto-manager,5.10.221-1,research-os/data/openwrt-v2-snapshots/releases/22.03.7/ath79_generic/openwrt-22.03.7-ath79-generic.manifest
22.03.7,ath79/generic,kmod-crypto-null,5.10.221-1,research-os/data/openwrt-v2-snapshots/releases/22.03.7/ath79_generic/openwrt-22.03.7-ath79-generic.manifest
22.03.7,ath79/generic,kmod-crypto-rng,5.10.221-1,research-os/data/openwrt-v2-snapshots/releases/22.03.7/ath79_generic/openwrt-22.03.7-ath79-generic.manifest
22.03.7,ath79/generic,kmod-crypto-seqiv,5.10.221-1,research-os/data/openwrt-v2-snapshots/releases/22.03.7/ath79_generic/openwrt-22.03.7-ath79-generic.manifest
22.03.7,ath79/generic,kmod-crypto-sha256,5.10.221-1,research-os/data/openwrt-v2-snapshots/releases/22.03.7/ath79_generic/openwrt-22.03.7-ath79-generic.manifest
22.03.7,ath79/generic,kmod-gpio-button-hotplug,5.10.221-3,research-os/data/openwrt-v2-snapshots/releases/22.03.7/ath79_generic/openwrt-22.03.7-ath79-generic.manifest
22.03.7,ath79/generic,kmod-lib-crc-ccitt,5.10.221-1,research-os/data/openwrt-v2-snapshots/releases/22.03.7/ath79_generic/openwrt-22.03.7-ath79-generic.manifest
22.03.7,ath79/generic,kmod-lib-crc32c,5.10.221-1,research-os/data/openwrt-v2-snapshots/releases/22.03.7/ath79_generic/openwrt-22.03.7-ath79-generic.manifest
22.03.7,ath79/generic,kmod-mac80211,5.10.221+5.15.162-1-1,research-os/data/openwrt-v2-snapshots/releases/22.03.7/ath79_generic/openwrt-22.03.7-ath79-generic.manifest
22.03.7,ath79/generic,kmod-nf-conntrack,5.10.221-1,research-os/data/openwrt-v2-snapshots/releases/22.03.7/ath79_generic/openwrt-22.03.7-ath79-generic.manifest
22.03.7,ath79/generic,kmod-nf-conntrack6,5.10.221-1,research-os/data/openwrt-v2-snapshots/releases/22.03.7/ath79_generic/openwrt-22.03.7-ath79-generic.manifest
22.03.7,ath79/generic,kmod-nf-flow,5.10.221-1,research-os/data/openwrt-v2-snapshots/releases/22.03.7/ath79_generic/openwrt-22.03.7-ath79-generic.manifest
22.03.7,ath79/generic,kmod-nf-log,5.10.221-1,research-os/data/openwrt-v2-snapshots/releases/22.03.7/ath79_generic/openwrt-22.03.7-ath79-generic.manifest
22.03.7,ath79/generic,kmod-nf-log6,5.10.221-1,research-os/data/openwrt-v2-snapshots/releases/22.03.7/ath79_generic/openwrt-22.03.7-ath79-generic.manifest
22.03.7,ath79/generic,kmod-nf-nat,5.10.221-1,research-os/data/openwrt-v2-snapshots/releases/22.03.7/ath79_generic/openwrt-22.03.7-ath79-generic.manifest
22.03.7,ath79/generic,kmod-nf-reject,5.10.221-1,research-os/data/openwrt-v2-snapshots/releases/22.03.7/ath79_generic/openwrt-22.03.7-ath79-generic.manifest
22.03.7,ath79/generic,kmod-nf-reject6,5.10.221-1,research-os/data/openwrt-v2-snapshots/releases/22.03.7/ath79_generic/openwrt-22.03.7-ath79-generic.manifest
22.03.7,ath79/generic,kmod-nfnetlink,5.10.221-1,research-os/data/openwrt-v2-snapshots/releases/22.03.7/ath79_generic/openwrt-22.03.7-ath79-generic.manifest
22.03.7,ath79/generic,kmod-nft-core,5.10.221-1,research-os/data/openwrt-v2-snapshots/releases/22.03.7/ath79_generic/openwrt-22.03.7-ath79-generic.manifest
22.03.7,ath79/generic,kmod-nft-fib,5.10.221-1,research-os/data/openwrt-v2-snapshots/releases/22.03.7/ath79_generic/openwrt-22.03.7-ath79-generic.manifest
22.03.7,ath79/generic,kmod-nft-nat,5.10.221-1,research-os/data/openwrt-v2-snapshots/releases/22.03.7/ath79_generic/openwrt-22.03.7-ath79-generic.manifest
22.03.7,ath79/generic,kmod-nft-offload,5.10.221-1,research-os/data/openwrt-v2-snapshots/releases/22.03.7/ath79_generic/openwrt-22.03.7-ath79-generic.manifest
22.03.7,ath79/generic,kmod-ppp,5.10.221-1,research-os/data/openwrt-v2-snapshots/releases/22.03.7/ath79_generic/openwrt-22.03.7-ath79-generic.manifest
22.03.7,ath79/generic,kmod-pppoe,5.10.221-1,research-os/data/openwrt-v2-snapshots/releases/22.03.7/ath79_generic/openwrt-22.03.7-ath79-generic.manifest
22.03.7,ath79/generic,kmod-pppox,5.10.221-1,research-os/data/openwrt-v2-snapshots/releases/22.03.7/ath79_generic/openwrt-22.03.7-ath79-generic.manifest
22.03.7,ath79/generic,kmod-slhc,5.10.221-1,research-os/data/openwrt-v2-snapshots/releases/22.03.7/ath79_generic/openwrt-22.03.7-ath79-generic.manifest
22.03.7,ath79/generic,libblobmsg-json20220515,2022-05-15-d2223ef9-1,research-os/data/openwrt-v2-snapshots/releases/22.03.7/ath79_generic/openwrt-22.03.7-ath79-generic.manifest
22.03.7,ath79/generic,libc,1.2.3-4,research-os/data/openwrt-v2-snapshots/releases/22.03.7/ath79_generic/openwrt-22.03.7-ath79-generic.manifest
22.03.7,ath79/generic,libgcc1,11.2.0-4,research-os/data/openwrt-v2-snapshots/releases/22.03.7/ath79_generic/openwrt-22.03.7-ath79-generic.manifest
22.03.7,ath79/generic,libiwinfo-data,2022-12-15-8d158096-1,research-os/data/openwrt-v2-snapshots/releases/22.03.7/ath79_generic/openwrt-22.03.7-ath79-generic.manifest
22.03.7,ath79/generic,libiwinfo-lua,2022-12-15-8d158096-1,research-os/data/openwrt-v2-snapshots/releases/22.03.7/ath79_generic/openwrt-22.03.7-ath79-generic.manifest
22.03.7,ath79/generic,libiwinfo20210430,2022-12-15-8d158096-1,research-os/data/openwrt-v2-snapshots/releases/22.03.7/ath79_generic/openwrt-22.03.7-ath79-generic.manifest
22.03.7,ath79/generic,libjson-c5,0.15-2,research-os/data/openwrt-v2-snapshots/releases/22.03.7/ath79_generic/openwrt-22.03.7-ath79-generic.manifest
22.03.7,ath79/generic,libjson-script20220515,2022-05-15-d2223ef9-1,research-os/data/openwrt-v2-snapshots/releases/22.03.7/ath79_generic/openwrt-22.03.7-ath79-generic.manifest
22.03.7,ath79/generic,liblua5.1.5,5.1.5-11,research-os/data/openwrt-v2-snapshots/releases/22.03.7/ath79_generic/openwrt-22.03.7-ath79-generic.manifest
22.03.7,ath79/generic,liblucihttp-lua,2023-03-15-9b5b683f-1,research-os/data/openwrt-v2-snapshots/releases/22.03.7/ath79_generic/openwrt-22.03.7-ath79-generic.manifest
22.03.7,ath79/generic,liblucihttp0,2023-03-15-9b5b683f-1,research-os/data/openwrt-v2-snapshots/releases/22.03.7/ath79_generic/openwrt-22.03.7-ath79-generic.manifest
22.03.7,ath79/generic,libmnl0,1.0.5-1,research-os/data/openwrt-v2-snapshots/releases/22.03.7/ath79_generic/openwrt-22.03.7-ath79-generic.manifest
22.03.7,ath79/generic,libnftnl11,1.2.1-2,research-os/data/openwrt-v2-snapshots/releases/22.03.7/ath79_generic/openwrt-22.03.7-ath79-generic.manifest
22.03.7,ath79/generic,libnl-tiny1,2021-11-21-8e0555fb-1,research-os/data/openwrt-v2-snapshots/releases/22.03.7/ath79_generic/openwrt-22.03.7-ath79-generic.manifest
22.03.7,ath79/generic,libpthread,1.2.3-4,research-os/data/openwrt-v2-snapshots/releases/22.03.7/ath79_generic/openwrt-22.03.7-ath79-generic.manifest
22.03.7,ath79/generic,libubox20220515,2022-05-15-d2223ef9-1,research-os/data/openwrt-v2-snapshots/releases/22.03.7/ath79_generic/openwrt-22.03.7-ath79-generic.manifest
22.03.7,ath79/generic,libubus-lua,2022-06-01-2bebf93c-1,research-os/data/openwrt-v2-snapshots/releases/22.03.7/ath79_generic/openwrt-22.03.7-ath79-generic.manifest
22.03.7,ath79/generic,libubus20220601,2022-06-01-2bebf93c-1,research-os/data/openwrt-v2-snapshots/releases/22.03.7/ath79_generic/openwrt-22.03.7-ath79-generic.manifest
22.03.7,ath79/generic,libuci20130104,2021-10-22-f84f49f0-6,research-os/data/openwrt-v2-snapshots/releases/22.03.7/ath79_generic/openwrt-22.03.7-ath79-generic.manifest
22.03.7,ath79/generic,libuclient20201210,2023-04-13-007d9454-1,research-os/data/openwrt-v2-snapshots/releases/22.03.7/ath79_generic/openwrt-22.03.7-ath79-generic.manifest
22.03.7,ath79/generic,libucode20220812,2022-12-02-46d93c9c-1,research-os/data/openwrt-v2-snapshots/releases/22.03.7/ath79_generic/openwrt-22.03.7-ath79-generic.manifest
22.03.7,ath79/generic,libustream-wolfssl20201210,2022-12-08-9217ab46-2,research-os/data/openwrt-v2-snapshots/releases/22.03.7/ath79_generic/openwrt-22.03.7-ath79-generic.manifest
22.03.7,ath79/generic,libwolfssl5.7.2.ee39414e,5.7.2-stable-1,research-os/data/openwrt-v2-snapshots/releases/22.03.7/ath79_generic/openwrt-22.03.7-ath79-generic.manifest
22.03.7,ath79/generic,logd,2021-08-03-205defb5-2,research-os/data/openwrt-v2-snapshots/releases/22.03.7/ath79_generic/openwrt-22.03.7-ath79-generic.manifest
22.03.7,ath79/generic,lua,5.1.5-11,research-os/data/openwrt-v2-snapshots/releases/22.03.7/ath79_generic/openwrt-22.03.7-ath79-generic.manifest
22.03.7,ath79/generic,luci,git-23.093.42303-d58cd69,research-os/data/openwrt-v2-snapshots/releases/22.03.7/ath79_generic/openwrt-22.03.7-ath79-generic.manifest
22.03.7,ath79/generic,luci-app-firewall,git-24.067.02332-0337416,research-os/data/openwrt-v2-snapshots/releases/22.03.7/ath79_generic/openwrt-22.03.7-ath79-generic.manifest
22.03.7,ath79/generic,luci-app-opkg,git-24.045.79537-9f5b5dd,research-os/data/openwrt-v2-snapshots/releases/22.03.7/ath79_generic/openwrt-22.03.7-ath79-generic.manifest
22.03.7,ath79/generic,luci-base,git-24.067.02332-4c1ddfb,research-os/data/openwrt-v2-snapshots/releases/22.03.7/ath79_generic/openwrt-22.03.7-ath79-generic.manifest
22.03.7,ath79/generic,luci-lib-base,git-20.232.39649-1f6dc29,research-os/data/openwrt-v2-snapshots/releases/22.03.7/ath79_generic/openwrt-22.03.7-ath79-generic.manifest
22.03.7,ath79/generic,luci-lib-ip,git-23.311.79310-704a335,research-os/data/openwrt-v2-snapshots/releases/22.03.7/ath79_generic/openwrt-22.03.7-ath79-generic.manifest
22.03.7,ath79/generic,luci-lib-jsonc,git-23.298.74581-7dfbbca,research-os/data/openwrt-v2-snapshots/releases/22.03.7/ath79_generic/openwrt-22.03.7-ath79-generic.manifest
22.03.7,ath79/generic,luci-lib-nixio,git-24.034.55122-b50146c,research-os/data/openwrt-v2-snapshots/releases/22.03.7/ath79_generic/openwrt-22.03.7-ath79-generic.manifest
22.03.7,ath79/generic,luci-mod-admin-full,git-19.253.48496-3f93650,research-os/data/openwrt-v2-snapshots/releases/22.03.7/ath79_generic/openwrt-22.03.7-ath79-generic.manifest
22.03.7,ath79/generic,luci-mod-network,git-24.075.44908-000d7e5,research-os/data/openwrt-v2-snapshots/releases/22.03.7/ath79_generic/openwrt-22.03.7-ath79-generic.manifest
22.03.7,ath79/generic,luci-mod-status,git-24.087.58505-279cf19,research-os/data/openwrt-v2-snapshots/releases/22.03.7/ath79_generic/openwrt-22.03.7-ath79-generic.manifest
22.03.7,ath79/generic,luci-mod-system,git-24.067.02339-de5734b,research-os/data/openwrt-v2-snapshots/releases/22.03.7/ath79_generic/openwrt-22.03.7-ath79-generic.manifest
22.03.7,ath79/generic,luci-proto-ipv6,git-23.355.78888-e047387,research-os/data/openwrt-v2-snapshots/releases/22.03.7/ath79_generic/openwrt-22.03.7-ath79-generic.manifest
22.03.7,ath79/generic,luci-proto-ppp,git-24.135.45225-e7a8d09,research-os/data/openwrt-v2-snapshots/releases/22.03.7/ath79_generic/openwrt-22.03.7-ath79-generic.manifest
22.03.7,ath79/generic,luci-ssl,git-20.244.36115-e10f954,research-os/data/openwrt-v2-snapshots/releases/22.03.7/ath79_generic/openwrt-22.03.7-ath79-generic.manifest
22.03.7,ath79/generic,luci-theme-bootstrap,git-24.072.69887-4219a92,research-os/data/openwrt-v2-snapshots/releases/22.03.7/ath79_generic/openwrt-22.03.7-ath79-generic.manifest
22.03.7,ath79/generic,mtd,26,research-os/data/openwrt-v2-snapshots/releases/22.03.7/ath79_generic/openwrt-22.03.7-ath79-generic.manifest
22.03.7,ath79/generic,netifd,2022-08-25-76d2d41b-1,research-os/data/openwrt-v2-snapshots/releases/22.03.7/ath79_generic/openwrt-22.03.7-ath79-generic.manifest
22.03.7,ath79/generic,nftables-json,1.0.2-2.1,research-os/data/openwrt-v2-snapshots/releases/22.03.7/ath79_generic/openwrt-22.03.7-ath79-generic.manifest
22.03.7,ath79/generic,odhcp6c,2022-08-05-7d21e8d8-18,research-os/data/openwrt-v2-snapshots/releases/22.03.7/ath79_generic/openwrt-22.03.7-ath79-generic.manifest
22.03.7,ath79/generic,odhcpd-ipv6only,2023-01-02-4a673e1c-2,research-os/data/openwrt-v2-snapshots/releases/22.03.7/ath79_generic/openwrt-22.03.7-ath79-generic.manifest
22.03.7,ath79/generic,openwrt-keyring,2022-03-25-62471e69-3,research-os/data/openwrt-v2-snapshots/releases/22.03.7/ath79_generic/openwrt-22.03.7-ath79-generic.manifest
22.03.7,ath79/generic,opkg,2022-02-24-d038e5b6-1,research-os/data/openwrt-v2-snapshots/releases/22.03.7/ath79_generic/openwrt-22.03.7-ath79-generic.manifest
22.03.7,ath79/generic,ppp,2.4.9.git-2021-01-04-3,research-os/data/openwrt-v2-snapshots/releases/22.03.7/ath79_generic/openwrt-22.03.7-ath79-generic.manifest
22.03.7,ath79/generic,ppp-mod-pppoe,2.4.9.git-2021-01-04-3,research-os/data/openwrt-v2-snapshots/releases/22.03.7/ath79_generic/openwrt-22.03.7-ath79-generic.manifest
22.03.7,ath79/generic,procd,2022-06-01-7a009685-3,research-os/data/openwrt-v2-snapshots/releases/22.03.7/ath79_generic/openwrt-22.03.7-ath79-generic.manifest
22.03.7,ath79/generic,procd-seccomp,2022-06-01-7a009685-3,research-os/data/openwrt-v2-snapshots/releases/22.03.7/ath79_generic/openwrt-22.03.7-ath79-generic.manifest
22.03.7,ath79/generic,procd-ujail,2022-06-01-7a009685-3,research-os/data/openwrt-v2-snapshots/releases/22.03.7/ath79_generic/openwrt-22.03.7-ath79-generic.manifest
22.03.7,ath79/generic,px5g-wolfssl,6.2,research-os/data/openwrt-v2-snapshots/releases/22.03.7/ath79_generic/openwrt-22.03.7-ath79-generic.manifest
22.03.7,ath79/generic,rpcd,2022-12-15-7de4820c-1,research-os/data/openwrt-v2-snapshots/releases/22.03.7/ath79_generic/openwrt-22.03.7-ath79-generic.manifest
22.03.7,ath79/generic,rpcd-mod-file,2022-12-15-7de4820c-1,research-os/data/openwrt-v2-snapshots/releases/22.03.7/ath79_generic/openwrt-22.03.7-ath79-generic.manifest
22.03.7,ath79/generic,rpcd-mod-iwinfo,2022-12-15-7de4820c-1,research-os/data/openwrt-v2-snapshots/releases/22.03.7/ath79_generic/openwrt-22.03.7-ath79-generic.manifest
22.03.7,ath79/generic,rpcd-mod-luci,20210614,research-os/data/openwrt-v2-snapshots/releases/22.03.7/ath79_generic/openwrt-22.03.7-ath79-generic.manifest
22.03.7,ath79/generic,rpcd-mod-rrdns,20170710,research-os/data/openwrt-v2-snapshots/releases/22.03.7/ath79_generic/openwrt-22.03.7-ath79-generic.manifest
22.03.7,ath79/generic,swconfig,12,research-os/data/openwrt-v2-snapshots/releases/22.03.7/ath79_generic/openwrt-22.03.7-ath79-generic.manifest
22.03.7,ath79/generic,uboot-envtools,2022.01-40,research-os/data/openwrt-v2-snapshots/releases/22.03.7/ath79_generic/openwrt-22.03.7-ath79-generic.manifest
22.03.7,ath79/generic,ubox,2021-08-03-205defb5-2,research-os/data/openwrt-v2-snapshots/releases/22.03.7/ath79_generic/openwrt-22.03.7-ath79-generic.manifest
22.03.7,ath79/generic,ubus,2022-06-01-2bebf93c-1,research-os/data/openwrt-v2-snapshots/releases/22.03.7/ath79_generic/openwrt-22.03.7-ath79-generic.manifest
22.03.7,ath79/generic,ubusd,2022-06-01-2bebf93c-1,research-os/data/openwrt-v2-snapshots/releases/22.03.7/ath79_generic/openwrt-22.03.7-ath79-generic.manifest
22.03.7,ath79/generic,uci,2021-10-22-f84f49f0-6,research-os/data/openwrt-v2-snapshots/releases/22.03.7/ath79_generic/openwrt-22.03.7-ath79-generic.manifest
22.03.7,ath79/generic,uclient-fetch,2023-04-13-007d9454-1,research-os/data/openwrt-v2-snapshots/releases/22.03.7/ath79_generic/openwrt-22.03.7-ath79-generic.manifest
22.03.7,ath79/generic,ucode,2022-12-02-46d93c9c-1,research-os/data/openwrt-v2-snapshots/releases/22.03.7/ath79_generic/openwrt-22.03.7-ath79-generic.manifest
22.03.7,ath79/generic,ucode-mod-fs,2022-12-02-46d93c9c-1,research-os/data/openwrt-v2-snapshots/releases/22.03.7/ath79_generic/openwrt-22.03.7-ath79-generic.manifest
22.03.7,ath79/generic,ucode-mod-ubus,2022-12-02-46d93c9c-1,research-os/data/openwrt-v2-snapshots/releases/22.03.7/ath79_generic/openwrt-22.03.7-ath79-generic.manifest
22.03.7,ath79/generic,ucode-mod-uci,2022-12-02-46d93c9c-1,research-os/data/openwrt-v2-snapshots/releases/22.03.7/ath79_generic/openwrt-22.03.7-ath79-generic.manifest
22.03.7,ath79/generic,uhttpd,2023-06-25-34a8a74d-1,research-os/data/openwrt-v2-snapshots/releases/22.03.7/ath79_generic/openwrt-22.03.7-ath79-generic.manifest
22.03.7,ath79/generic,uhttpd-mod-ubus,2023-06-25-34a8a74d-1,research-os/data/openwrt-v2-snapshots/releases/22.03.7/ath79_generic/openwrt-22.03.7-ath79-generic.manifest
22.03.7,ath79/generic,urandom-seed,3,research-os/data/openwrt-v2-snapshots/releases/22.03.7/ath79_generic/openwrt-22.03.7-ath79-generic.manifest
22.03.7,ath79/generic,urngd,2023-11-01-44365eb1-1,research-os/data/openwrt-v2-snapshots/releases/22.03.7/ath79_generic/openwrt-22.03.7-ath79-generic.manifest
22.03.7,ath79/generic,usign,2020-05-23-f1f65026-1,research-os/data/openwrt-v2-snapshots/releases/22.03.7/ath79_generic/openwrt-22.03.7-ath79-generic.manifest
22.03.7,ath79/generic,wireless-regdb,2024.07.04-1,research-os/data/openwrt-v2-snapshots/releases/22.03.7/ath79_generic/openwrt-22.03.7-ath79-generic.manifest
22.03.7,ath79/generic,wpad-basic-wolfssl,2022-01-16-cff80b4f-21.3,research-os/data/openwrt-v2-snapshots/releases/22.03.7/ath79_generic/openwrt-22.03.7-ath79-generic.manifest
22.03.7,x86/64,base-files,1506-r20341-591b7e93d3,research-os/data/openwrt-v2-snapshots/releases/22.03.7/x86_64/openwrt-22.03.7-x86-64.manifest
22.03.7,x86/64,busybox,1.35.0-5,research-os/data/openwrt-v2-snapshots/releases/22.03.7/x86_64/openwrt-22.03.7-x86-64.manifest
22.03.7,x86/64,ca-bundle,20230311-1,research-os/data/openwrt-v2-snapshots/releases/22.03.7/x86_64/openwrt-22.03.7-x86-64.manifest
22.03.7,x86/64,cgi-io,2022-08-10-901b0f04-21,research-os/data/openwrt-v2-snapshots/releases/22.03.7/x86_64/openwrt-22.03.7-x86-64.manifest
22.03.7,x86/64,dnsmasq,2.86-16,research-os/data/openwrt-v2-snapshots/releases/22.03.7/x86_64/openwrt-22.03.7-x86-64.manifest
22.03.7,x86/64,dropbear,2022.82-4,research-os/data/openwrt-v2-snapshots/releases/22.03.7/x86_64/openwrt-22.03.7-x86-64.manifest
22.03.7,x86/64,e2fsprogs,1.46.5-2,research-os/data/openwrt-v2-snapshots/releases/22.03.7/x86_64/openwrt-22.03.7-x86-64.manifest
22.03.7,x86/64,firewall4,2022-10-18-7ae5e14b-1,research-os/data/openwrt-v2-snapshots/releases/22.03.7/x86_64/openwrt-22.03.7-x86-64.manifest
22.03.7,x86/64,fstools,2022-06-02-93369be0-2,research-os/data/openwrt-v2-snapshots/releases/22.03.7/x86_64/openwrt-22.03.7-x86-64.manifest
22.03.7,x86/64,fwtool,2019-11-12-8f7fe925-1,research-os/data/openwrt-v2-snapshots/releases/22.03.7/x86_64/openwrt-22.03.7-x86-64.manifest
22.03.7,x86/64,getrandom,2021-08-03-205defb5-2,research-os/data/openwrt-v2-snapshots/releases/22.03.7/x86_64/openwrt-22.03.7-x86-64.manifest
22.03.7,x86/64,grub2,2.06-3,research-os/data/openwrt-v2-snapshots/releases/22.03.7/x86_64/openwrt-22.03.7-x86-64.manifest
22.03.7,x86/64,grub2-bios-setup,2.06-3,research-os/data/openwrt-v2-snapshots/releases/22.03.7/x86_64/openwrt-22.03.7-x86-64.manifest
22.03.7,x86/64,grub2-efi,2.06-3,research-os/data/openwrt-v2-snapshots/releases/22.03.7/x86_64/openwrt-22.03.7-x86-64.manifest
22.03.7,x86/64,jansson4,2.13.1-2,research-os/data/openwrt-v2-snapshots/releases/22.03.7/x86_64/openwrt-22.03.7-x86-64.manifest
22.03.7,x86/64,jshn,2022-05-15-d2223ef9-1,research-os/data/openwrt-v2-snapshots/releases/22.03.7/x86_64/openwrt-22.03.7-x86-64.manifest
22.03.7,x86/64,jsonfilter,2024-01-23-594cfa86-1,research-os/data/openwrt-v2-snapshots/releases/22.03.7/x86_64/openwrt-22.03.7-x86-64.manifest
22.03.7,x86/64,kernel,5.10.221-1-bb372724df40051c0f132fa20fc778d0,research-os/data/openwrt-v2-snapshots/releases/22.03.7/x86_64/openwrt-22.03.7-x86-64.manifest
22.03.7,x86/64,kmod-button-hotplug,5.10.221-3,research-os/data/openwrt-v2-snapshots/releases/22.03.7/x86_64/openwrt-22.03.7-x86-64.manifest
22.03.7,x86/64,kmod-crypto-crc32c,5.10.221-1,research-os/data/openwrt-v2-snapshots/releases/22.03.7/x86_64/openwrt-22.03.7-x86-64.manifest
22.03.7,x86/64,kmod-crypto-hash,5.10.221-1,research-os/data/openwrt-v2-snapshots/releases/22.03.7/x86_64/openwrt-22.03.7-x86-64.manifest
22.03.7,x86/64,kmod-fs-vfat,5.10.221-1,research-os/data/openwrt-v2-snapshots/releases/22.03.7/x86_64/openwrt-22.03.7-x86-64.manifest
22.03.7,x86/64,kmod-input-core,5.10.221-1,research-os/data/openwrt-v2-snapshots/releases/22.03.7/x86_64/openwrt-22.03.7-x86-64.manifest
22.03.7,x86/64,kmod-lib-crc-ccitt,5.10.221-1,research-os/data/openwrt-v2-snapshots/releases/22.03.7/x86_64/openwrt-22.03.7-x86-64.manifest
22.03.7,x86/64,kmod-lib-crc32c,5.10.221-1,research-os/data/openwrt-v2-snapshots/releases/22.03.7/x86_64/openwrt-22.03.7-x86-64.manifest
22.03.7,x86/64,kmod-nf-conntrack,5.10.221-1,research-os/data/openwrt-v2-snapshots/releases/22.03.7/x86_64/openwrt-22.03.7-x86-64.manifest
22.03.7,x86/64,kmod-nf-conntrack6,5.10.221-1,research-os/data/openwrt-v2-snapshots/releases/22.03.7/x86_64/openwrt-22.03.7-x86-64.manifest
22.03.7,x86/64,kmod-nf-flow,5.10.221-1,research-os/data/openwrt-v2-snapshots/releases/22.03.7/x86_64/openwrt-22.03.7-x86-64.manifest
22.03.7,x86/64,kmod-nf-log,5.10.221-1,research-os/data/openwrt-v2-snapshots/releases/22.03.7/x86_64/openwrt-22.03.7-x86-64.manifest
22.03.7,x86/64,kmod-nf-log6,5.10.221-1,research-os/data/openwrt-v2-snapshots/releases/22.03.7/x86_64/openwrt-22.03.7-x86-64.manifest
22.03.7,x86/64,kmod-nf-nat,5.10.221-1,research-os/data/openwrt-v2-snapshots/releases/22.03.7/x86_64/openwrt-22.03.7-x86-64.manifest
22.03.7,x86/64,kmod-nf-reject,5.10.221-1,research-os/data/openwrt-v2-snapshots/releases/22.03.7/x86_64/openwrt-22.03.7-x86-64.manifest
22.03.7,x86/64,kmod-nf-reject6,5.10.221-1,research-os/data/openwrt-v2-snapshots/releases/22.03.7/x86_64/openwrt-22.03.7-x86-64.manifest
22.03.7,x86/64,kmod-nfnetlink,5.10.221-1,research-os/data/openwrt-v2-snapshots/releases/22.03.7/x86_64/openwrt-22.03.7-x86-64.manifest
22.03.7,x86/64,kmod-nft-core,5.10.221-1,research-os/data/openwrt-v2-snapshots/releases/22.03.7/x86_64/openwrt-22.03.7-x86-64.manifest
22.03.7,x86/64,kmod-nft-fib,5.10.221-1,research-os/data/openwrt-v2-snapshots/releases/22.03.7/x86_64/openwrt-22.03.7-x86-64.manifest
22.03.7,x86/64,kmod-nft-nat,5.10.221-1,research-os/data/openwrt-v2-snapshots/releases/22.03.7/x86_64/openwrt-22.03.7-x86-64.manifest
22.03.7,x86/64,kmod-nft-offload,5.10.221-1,research-os/data/openwrt-v2-snapshots/releases/22.03.7/x86_64/openwrt-22.03.7-x86-64.manifest
22.03.7,x86/64,kmod-nls-base,5.10.221-1,research-os/data/openwrt-v2-snapshots/releases/22.03.7/x86_64/openwrt-22.03.7-x86-64.manifest
22.03.7,x86/64,kmod-nls-cp437,5.10.221-1,research-os/data/openwrt-v2-snapshots/releases/22.03.7/x86_64/openwrt-22.03.7-x86-64.manifest
22.03.7,x86/64,kmod-nls-iso8859-1,5.10.221-1,research-os/data/openwrt-v2-snapshots/releases/22.03.7/x86_64/openwrt-22.03.7-x86-64.manifest
22.03.7,x86/64,kmod-nls-utf8,5.10.221-1,research-os/data/openwrt-v2-snapshots/releases/22.03.7/x86_64/openwrt-22.03.7-x86-64.manifest
22.03.7,x86/64,kmod-ppp,5.10.221-1,research-os/data/openwrt-v2-snapshots/releases/22.03.7/x86_64/openwrt-22.03.7-x86-64.manifest
22.03.7,x86/64,kmod-pppoe,5.10.221-1,research-os/data/openwrt-v2-snapshots/releases/22.03.7/x86_64/openwrt-22.03.7-x86-64.manifest
22.03.7,x86/64,kmod-pppox,5.10.221-1,research-os/data/openwrt-v2-snapshots/releases/22.03.7/x86_64/openwrt-22.03.7-x86-64.manifest
22.03.7,x86/64,kmod-slhc,5.10.221-1,research-os/data/openwrt-v2-snapshots/releases/22.03.7/x86_64/openwrt-22.03.7-x86-64.manifest
22.03.7,x86/64,libblkid1,2.37.4-1,research-os/data/openwrt-v2-snapshots/releases/22.03.7/x86_64/openwrt-22.03.7-x86-64.manifest
22.03.7,x86/64,libblobmsg-json20220515,2022-05-15-d2223ef9-1,research-os/data/openwrt-v2-snapshots/releases/22.03.7/x86_64/openwrt-22.03.7-x86-64.manifest
22.03.7,x86/64,libc,1.2.3-4,research-os/data/openwrt-v2-snapshots/releases/22.03.7/x86_64/openwrt-22.03.7-x86-64.manifest
22.03.7,x86/64,libcomerr0,1.46.5-2,research-os/data/openwrt-v2-snapshots/releases/22.03.7/x86_64/openwrt-22.03.7-x86-64.manifest
22.03.7,x86/64,libext2fs2,1.46.5-2,research-os/data/openwrt-v2-snapshots/releases/22.03.7/x86_64/openwrt-22.03.7-x86-64.manifest
22.03.7,x86/64,libf2fs6,1.14.0-3,research-os/data/openwrt-v2-snapshots/releases/22.03.7/x86_64/openwrt-22.03.7-x86-64.manifest
22.03.7,x86/64,libgcc1,11.2.0-4,research-os/data/openwrt-v2-snapshots/releases/22.03.7/x86_64/openwrt-22.03.7-x86-64.manifest
22.03.7,x86/64,libiwinfo-data,2022-12-15-8d158096-1,research-os/data/openwrt-v2-snapshots/releases/22.03.7/x86_64/openwrt-22.03.7-x86-64.manifest
22.03.7,x86/64,libiwinfo-lua,2022-12-15-8d158096-1,research-os/data/openwrt-v2-snapshots/releases/22.03.7/x86_64/openwrt-22.03.7-x86-64.manifest
22.03.7,x86/64,libiwinfo20210430,2022-12-15-8d158096-1,research-os/data/openwrt-v2-snapshots/releases/22.03.7/x86_64/openwrt-22.03.7-x86-64.manifest
22.03.7,x86/64,libjson-c5,0.15-2,research-os/data/openwrt-v2-snapshots/releases/22.03.7/x86_64/openwrt-22.03.7-x86-64.manifest
22.03.7,x86/64,libjson-script20220515,2022-05-15-d2223ef9-1,research-os/data/openwrt-v2-snapshots/releases/22.03.7/x86_64/openwrt-22.03.7-x86-64.manifest
22.03.7,x86/64,liblua5.1.5,5.1.5-11,research-os/data/openwrt-v2-snapshots/releases/22.03.7/x86_64/openwrt-22.03.7-x86-64.manifest
22.03.7,x86/64,liblucihttp-lua,2023-03-15-9b5b683f-1,research-os/data/openwrt-v2-snapshots/releases/22.03.7/x86_64/openwrt-22.03.7-x86-64.manifest
22.03.7,x86/64,liblucihttp0,2023-03-15-9b5b683f-1,research-os/data/openwrt-v2-snapshots/releases/22.03.7/x86_64/openwrt-22.03.7-x86-64.manifest
22.03.7,x86/64,libmnl0,1.0.5-1,research-os/data/openwrt-v2-snapshots/releases/22.03.7/x86_64/openwrt-22.03.7-x86-64.manifest
22.03.7,x86/64,libnftnl11,1.2.1-2,research-os/data/openwrt-v2-snapshots/releases/22.03.7/x86_64/openwrt-22.03.7-x86-64.manifest
22.03.7,x86/64,libnl-tiny1,2021-11-21-8e0555fb-1,research-os/data/openwrt-v2-snapshots/releases/22.03.7/x86_64/openwrt-22.03.7-x86-64.manifest
22.03.7,x86/64,libpthread,1.2.3-4,research-os/data/openwrt-v2-snapshots/releases/22.03.7/x86_64/openwrt-22.03.7-x86-64.manifest
22.03.7,x86/64,librt,1.2.3-4,research-os/data/openwrt-v2-snapshots/releases/22.03.7/x86_64/openwrt-22.03.7-x86-64.manifest
22.03.7,x86/64,libsmartcols1,2.37.4-1,research-os/data/openwrt-v2-snapshots/releases/22.03.7/x86_64/openwrt-22.03.7-x86-64.manifest
22.03.7,x86/64,libss2,1.46.5-2,research-os/data/openwrt-v2-snapshots/releases/22.03.7/x86_64/openwrt-22.03.7-x86-64.manifest
22.03.7,x86/64,libubox20220515,2022-05-15-d2223ef9-1,research-os/data/openwrt-v2-snapshots/releases/22.03.7/x86_64/openwrt-22.03.7-x86-64.manifest
22.03.7,x86/64,libubus-lua,2022-06-01-2bebf93c-1,research-os/data/openwrt-v2-snapshots/releases/22.03.7/x86_64/openwrt-22.03.7-x86-64.manifest
22.03.7,x86/64,libubus20220601,2022-06-01-2bebf93c-1,research-os/data/openwrt-v2-snapshots/releases/22.03.7/x86_64/openwrt-22.03.7-x86-64.manifest
22.03.7,x86/64,libuci20130104,2021-10-22-f84f49f0-6,research-os/data/openwrt-v2-snapshots/releases/22.03.7/x86_64/openwrt-22.03.7-x86-64.manifest
22.03.7,x86/64,libuclient20201210,2023-04-13-007d9454-1,research-os/data/openwrt-v2-snapshots/releases/22.03.7/x86_64/openwrt-22.03.7-x86-64.manifest
22.03.7,x86/64,libucode20220812,2022-12-02-46d93c9c-1,research-os/data/openwrt-v2-snapshots/releases/22.03.7/x86_64/openwrt-22.03.7-x86-64.manifest
22.03.7,x86/64,libustream-wolfssl20201210,2022-12-08-9217ab46-2,research-os/data/openwrt-v2-snapshots/releases/22.03.7/x86_64/openwrt-22.03.7-x86-64.manifest
22.03.7,x86/64,libuuid1,2.37.4-1,research-os/data/openwrt-v2-snapshots/releases/22.03.7/x86_64/openwrt-22.03.7-x86-64.manifest
22.03.7,x86/64,libwolfssl5.7.2.ee39414e,5.7.2-stable-1,research-os/data/openwrt-v2-snapshots/releases/22.03.7/x86_64/openwrt-22.03.7-x86-64.manifest
22.03.7,x86/64,logd,2021-08-03-205defb5-2,research-os/data/openwrt-v2-snapshots/releases/22.03.7/x86_64/openwrt-22.03.7-x86-64.manifest
22.03.7,x86/64,lua,5.1.5-11,research-os/data/openwrt-v2-snapshots/releases/22.03.7/x86_64/openwrt-22.03.7-x86-64.manifest
22.03.7,x86/64,luci,git-23.093.42303-d58cd69,research-os/data/openwrt-v2-snapshots/releases/22.03.7/x86_64/openwrt-22.03.7-x86-64.manifest
22.03.7,x86/64,luci-app-firewall,git-24.067.02332-0337416,research-os/data/openwrt-v2-snapshots/releases/22.03.7/x86_64/openwrt-22.03.7-x86-64.manifest
22.03.7,x86/64,luci-app-opkg,git-24.045.79537-9f5b5dd,research-os/data/openwrt-v2-snapshots/releases/22.03.7/x86_64/openwrt-22.03.7-x86-64.manifest
22.03.7,x86/64,luci-base,git-24.067.02332-4c1ddfb,research-os/data/openwrt-v2-snapshots/releases/22.03.7/x86_64/openwrt-22.03.7-x86-64.manifest
22.03.7,x86/64,luci-lib-base,git-20.232.39649-1f6dc29,research-os/data/openwrt-v2-snapshots/releases/22.03.7/x86_64/openwrt-22.03.7-x86-64.manifest
22.03.7,x86/64,luci-lib-ip,git-23.311.79310-704a335,research-os/data/openwrt-v2-snapshots/releases/22.03.7/x86_64/openwrt-22.03.7-x86-64.manifest
22.03.7,x86/64,luci-lib-jsonc,git-23.298.74581-7dfbbca,research-os/data/openwrt-v2-snapshots/releases/22.03.7/x86_64/openwrt-22.03.7-x86-64.manifest
22.03.7,x86/64,luci-lib-nixio,git-24.034.55122-b50146c,research-os/data/openwrt-v2-snapshots/releases/22.03.7/x86_64/openwrt-22.03.7-x86-64.manifest
22.03.7,x86/64,luci-mod-admin-full,git-19.253.48496-3f93650,research-os/data/openwrt-v2-snapshots/releases/22.03.7/x86_64/openwrt-22.03.7-x86-64.manifest
22.03.7,x86/64,luci-mod-network,git-24.075.44908-000d7e5,research-os/data/openwrt-v2-snapshots/releases/22.03.7/x86_64/openwrt-22.03.7-x86-64.manifest
22.03.7,x86/64,luci-mod-status,git-24.087.58505-279cf19,research-os/data/openwrt-v2-snapshots/releases/22.03.7/x86_64/openwrt-22.03.7-x86-64.manifest
22.03.7,x86/64,luci-mod-system,git-24.067.02339-de5734b,research-os/data/openwrt-v2-snapshots/releases/22.03.7/x86_64/openwrt-22.03.7-x86-64.manifest
22.03.7,x86/64,luci-proto-ipv6,git-23.355.78888-e047387,research-os/data/openwrt-v2-snapshots/releases/22.03.7/x86_64/openwrt-22.03.7-x86-64.manifest
22.03.7,x86/64,luci-proto-ppp,git-24.135.45225-e7a8d09,research-os/data/openwrt-v2-snapshots/releases/22.03.7/x86_64/openwrt-22.03.7-x86-64.manifest
22.03.7,x86/64,luci-ssl,git-20.244.36115-e10f954,research-os/data/openwrt-v2-snapshots/releases/22.03.7/x86_64/openwrt-22.03.7-x86-64.manifest
22.03.7,x86/64,luci-theme-bootstrap,git-24.072.69887-4219a92,research-os/data/openwrt-v2-snapshots/releases/22.03.7/x86_64/openwrt-22.03.7-x86-64.manifest
22.03.7,x86/64,mkf2fs,1.14.0-3,research-os/data/openwrt-v2-snapshots/releases/22.03.7/x86_64/openwrt-22.03.7-x86-64.manifest
22.03.7,x86/64,mtd,26,research-os/data/openwrt-v2-snapshots/releases/22.03.7/x86_64/openwrt-22.03.7-x86-64.manifest
22.03.7,x86/64,netifd,2022-08-25-76d2d41b-1,research-os/data/openwrt-v2-snapshots/releases/22.03.7/x86_64/openwrt-22.03.7-x86-64.manifest
22.03.7,x86/64,nftables-json,1.0.2-2.1,research-os/data/openwrt-v2-snapshots/releases/22.03.7/x86_64/openwrt-22.03.7-x86-64.manifest
22.03.7,x86/64,odhcp6c,2022-08-05-7d21e8d8-18,research-os/data/openwrt-v2-snapshots/releases/22.03.7/x86_64/openwrt-22.03.7-x86-64.manifest
22.03.7,x86/64,odhcpd-ipv6only,2023-01-02-4a673e1c-2,research-os/data/openwrt-v2-snapshots/releases/22.03.7/x86_64/openwrt-22.03.7-x86-64.manifest
22.03.7,x86/64,openwrt-keyring,2022-03-25-62471e69-3,research-os/data/openwrt-v2-snapshots/releases/22.03.7/x86_64/openwrt-22.03.7-x86-64.manifest
22.03.7,x86/64,opkg,2022-02-24-d038e5b6-1,research-os/data/openwrt-v2-snapshots/releases/22.03.7/x86_64/openwrt-22.03.7-x86-64.manifest
22.03.7,x86/64,partx-utils,2.37.4-1,research-os/data/openwrt-v2-snapshots/releases/22.03.7/x86_64/openwrt-22.03.7-x86-64.manifest
22.03.7,x86/64,ppp,2.4.9.git-2021-01-04-3,research-os/data/openwrt-v2-snapshots/releases/22.03.7/x86_64/openwrt-22.03.7-x86-64.manifest
22.03.7,x86/64,ppp-mod-pppoe,2.4.9.git-2021-01-04-3,research-os/data/openwrt-v2-snapshots/releases/22.03.7/x86_64/openwrt-22.03.7-x86-64.manifest
22.03.7,x86/64,procd,2022-06-01-7a009685-3,research-os/data/openwrt-v2-snapshots/releases/22.03.7/x86_64/openwrt-22.03.7-x86-64.manifest
22.03.7,x86/64,procd-seccomp,2022-06-01-7a009685-3,research-os/data/openwrt-v2-snapshots/releases/22.03.7/x86_64/openwrt-22.03.7-x86-64.manifest
22.03.7,x86/64,procd-ujail,2022-06-01-7a009685-3,research-os/data/openwrt-v2-snapshots/releases/22.03.7/x86_64/openwrt-22.03.7-x86-64.manifest
22.03.7,x86/64,px5g-wolfssl,6.2,research-os/data/openwrt-v2-snapshots/releases/22.03.7/x86_64/openwrt-22.03.7-x86-64.manifest
22.03.7,x86/64,rpcd,2022-12-15-7de4820c-1,research-os/data/openwrt-v2-snapshots/releases/22.03.7/x86_64/openwrt-22.03.7-x86-64.manifest
22.03.7,x86/64,rpcd-mod-file,2022-12-15-7de4820c-1,research-os/data/openwrt-v2-snapshots/releases/22.03.7/x86_64/openwrt-22.03.7-x86-64.manifest
22.03.7,x86/64,rpcd-mod-iwinfo,2022-12-15-7de4820c-1,research-os/data/openwrt-v2-snapshots/releases/22.03.7/x86_64/openwrt-22.03.7-x86-64.manifest
22.03.7,x86/64,rpcd-mod-luci,20210614,research-os/data/openwrt-v2-snapshots/releases/22.03.7/x86_64/openwrt-22.03.7-x86-64.manifest
22.03.7,x86/64,rpcd-mod-rrdns,20170710,research-os/data/openwrt-v2-snapshots/releases/22.03.7/x86_64/openwrt-22.03.7-x86-64.manifest
22.03.7,x86/64,ubox,2021-08-03-205defb5-2,research-os/data/openwrt-v2-snapshots/releases/22.03.7/x86_64/openwrt-22.03.7-x86-64.manifest
22.03.7,x86/64,ubus,2022-06-01-2bebf93c-1,research-os/data/openwrt-v2-snapshots/releases/22.03.7/x86_64/openwrt-22.03.7-x86-64.manifest
22.03.7,x86/64,ubusd,2022-06-01-2bebf93c-1,research-os/data/openwrt-v2-snapshots/releases/22.03.7/x86_64/openwrt-22.03.7-x86-64.manifest
22.03.7,x86/64,uci,2021-10-22-f84f49f0-6,research-os/data/openwrt-v2-snapshots/releases/22.03.7/x86_64/openwrt-22.03.7-x86-64.manifest
22.03.7,x86/64,uclient-fetch,2023-04-13-007d9454-1,research-os/data/openwrt-v2-snapshots/releases/22.03.7/x86_64/openwrt-22.03.7-x86-64.manifest
22.03.7,x86/64,ucode,2022-12-02-46d93c9c-1,research-os/data/openwrt-v2-snapshots/releases/22.03.7/x86_64/openwrt-22.03.7-x86-64.manifest
22.03.7,x86/64,ucode-mod-fs,2022-12-02-46d93c9c-1,research-os/data/openwrt-v2-snapshots/releases/22.03.7/x86_64/openwrt-22.03.7-x86-64.manifest
22.03.7,x86/64,ucode-mod-ubus,2022-12-02-46d93c9c-1,research-os/data/openwrt-v2-snapshots/releases/22.03.7/x86_64/openwrt-22.03.7-x86-64.manifest
22.03.7,x86/64,ucode-mod-uci,2022-12-02-46d93c9c-1,research-os/data/openwrt-v2-snapshots/releases/22.03.7/x86_64/openwrt-22.03.7-x86-64.manifest
22.03.7,x86/64,uhttpd,2023-06-25-34a8a74d-1,research-os/data/openwrt-v2-snapshots/releases/22.03.7/x86_64/openwrt-22.03.7-x86-64.manifest
22.03.7,x86/64,uhttpd-mod-ubus,2023-06-25-34a8a74d-1,research-os/data/openwrt-v2-snapshots/releases/22.03.7/x86_64/openwrt-22.03.7-x86-64.manifest
22.03.7,x86/64,urandom-seed,3,research-os/data/openwrt-v2-snapshots/releases/22.03.7/x86_64/openwrt-22.03.7-x86-64.manifest
22.03.7,x86/64,urngd,2023-11-01-44365eb1-1,research-os/data/openwrt-v2-snapshots/releases/22.03.7/x86_64/openwrt-22.03.7-x86-64.manifest
22.03.7,x86/64,usign,2020-05-23-f1f65026-1,research-os/data/openwrt-v2-snapshots/releases/22.03.7/x86_64/openwrt-22.03.7-x86-64.manifest
23.05.0,ath79/generic,base-files,1545-r23497-6637af95aa,research-os/data/openwrt-v2-snapshots/releases/23.05.0/ath79_generic/openwrt-23.05.0-ath79-generic.manifest
23.05.0,ath79/generic,busybox,1.36.1-1,research-os/data/openwrt-v2-snapshots/releases/23.05.0/ath79_generic/openwrt-23.05.0-ath79-generic.manifest
23.05.0,ath79/generic,ca-bundle,20230311-1,research-os/data/openwrt-v2-snapshots/releases/23.05.0/ath79_generic/openwrt-23.05.0-ath79-generic.manifest
23.05.0,ath79/generic,cgi-io,2022-08-10-901b0f04-21,research-os/data/openwrt-v2-snapshots/releases/23.05.0/ath79_generic/openwrt-23.05.0-ath79-generic.manifest
23.05.0,ath79/generic,dnsmasq,2.89-4,research-os/data/openwrt-v2-snapshots/releases/23.05.0/ath79_generic/openwrt-23.05.0-ath79-generic.manifest
23.05.0,ath79/generic,dropbear,2022.82-5,research-os/data/openwrt-v2-snapshots/releases/23.05.0/ath79_generic/openwrt-23.05.0-ath79-generic.manifest
23.05.0,ath79/generic,firewall4,2023-03-23-04a06bd7-1,research-os/data/openwrt-v2-snapshots/releases/23.05.0/ath79_generic/openwrt-23.05.0-ath79-generic.manifest
23.05.0,ath79/generic,fstools,2023-02-28-bfe882d5-1,research-os/data/openwrt-v2-snapshots/releases/23.05.0/ath79_generic/openwrt-23.05.0-ath79-generic.manifest
23.05.0,ath79/generic,fwtool,2019-11-12-8f7fe925-1,research-os/data/openwrt-v2-snapshots/releases/23.05.0/ath79_generic/openwrt-23.05.0-ath79-generic.manifest
23.05.0,ath79/generic,getrandom,2022-08-13-4c7b720b-2,research-os/data/openwrt-v2-snapshots/releases/23.05.0/ath79_generic/openwrt-23.05.0-ath79-generic.manifest
23.05.0,ath79/generic,hostapd-common,2023-09-08-e5ccbfc6-4,research-os/data/openwrt-v2-snapshots/releases/23.05.0/ath79_generic/openwrt-23.05.0-ath79-generic.manifest
23.05.0,ath79/generic,iw,5.19-1,research-os/data/openwrt-v2-snapshots/releases/23.05.0/ath79_generic/openwrt-23.05.0-ath79-generic.manifest
23.05.0,ath79/generic,iwinfo,2023-07-01-ca79f641-1,research-os/data/openwrt-v2-snapshots/releases/23.05.0/ath79_generic/openwrt-23.05.0-ath79-generic.manifest
23.05.0,ath79/generic,jansson4,2.14-3,research-os/data/openwrt-v2-snapshots/releases/23.05.0/ath79_generic/openwrt-23.05.0-ath79-generic.manifest
23.05.0,ath79/generic,jshn,2023-05-23-75a3b870-1,research-os/data/openwrt-v2-snapshots/releases/23.05.0/ath79_generic/openwrt-23.05.0-ath79-generic.manifest
23.05.0,ath79/generic,jsonfilter,2018-02-04-c7e938d6-1,research-os/data/openwrt-v2-snapshots/releases/23.05.0/ath79_generic/openwrt-23.05.0-ath79-generic.manifest
23.05.0,ath79/generic,kernel,5.15.134-1-db5fae317c7dec03ba9a83c32ababa81,research-os/data/openwrt-v2-snapshots/releases/23.05.0/ath79_generic/openwrt-23.05.0-ath79-generic.manifest
23.05.0,ath79/generic,kmod-ath,5.15.134+6.1.24-3,research-os/data/openwrt-v2-snapshots/releases/23.05.0/ath79_generic/openwrt-23.05.0-ath79-generic.manifest
23.05.0,ath79/generic,kmod-ath9k,5.15.134+6.1.24-3,research-os/data/openwrt-v2-snapshots/releases/23.05.0/ath79_generic/openwrt-23.05.0-ath79-generic.manifest
23.05.0,ath79/generic,kmod-ath9k-common,5.15.134+6.1.24-3,research-os/data/openwrt-v2-snapshots/releases/23.05.0/ath79_generic/openwrt-23.05.0-ath79-generic.manifest
23.05.0,ath79/generic,kmod-cfg80211,5.15.134+6.1.24-3,research-os/data/openwrt-v2-snapshots/releases/23.05.0/ath79_generic/openwrt-23.05.0-ath79-generic.manifest
23.05.0,ath79/generic,kmod-crypto-acompress,5.15.134-1,research-os/data/openwrt-v2-snapshots/releases/23.05.0/ath79_generic/openwrt-23.05.0-ath79-generic.manifest
23.05.0,ath79/generic,kmod-crypto-aead,5.15.134-1,research-os/data/openwrt-v2-snapshots/releases/23.05.0/ath79_generic/openwrt-23.05.0-ath79-generic.manifest
23.05.0,ath79/generic,kmod-crypto-ccm,5.15.134-1,research-os/data/openwrt-v2-snapshots/releases/23.05.0/ath79_generic/openwrt-23.05.0-ath79-generic.manifest
23.05.0,ath79/generic,kmod-crypto-cmac,5.15.134-1,research-os/data/openwrt-v2-snapshots/releases/23.05.0/ath79_generic/openwrt-23.05.0-ath79-generic.manifest
23.05.0,ath79/generic,kmod-crypto-crc32c,5.15.134-1,research-os/data/openwrt-v2-snapshots/releases/23.05.0/ath79_generic/openwrt-23.05.0-ath79-generic.manifest
23.05.0,ath79/generic,kmod-crypto-ctr,5.15.134-1,research-os/data/openwrt-v2-snapshots/releases/23.05.0/ath79_generic/openwrt-23.05.0-ath79-generic.manifest
23.05.0,ath79/generic,kmod-crypto-gcm,5.15.134-1,research-os/data/openwrt-v2-snapshots/releases/23.05.0/ath79_generic/openwrt-23.05.0-ath79-generic.manifest
23.05.0,ath79/generic,kmod-crypto-gf128,5.15.134-1,research-os/data/openwrt-v2-snapshots/releases/23.05.0/ath79_generic/openwrt-23.05.0-ath79-generic.manifest
23.05.0,ath79/generic,kmod-crypto-ghash,5.15.134-1,research-os/data/openwrt-v2-snapshots/releases/23.05.0/ath79_generic/openwrt-23.05.0-ath79-generic.manifest
23.05.0,ath79/generic,kmod-crypto-hash,5.15.134-1,research-os/data/openwrt-v2-snapshots/releases/23.05.0/ath79_generic/openwrt-23.05.0-ath79-generic.manifest
23.05.0,ath79/generic,kmod-crypto-hmac,5.15.134-1,research-os/data/openwrt-v2-snapshots/releases/23.05.0/ath79_generic/openwrt-23.05.0-ath79-generic.manifest
23.05.0,ath79/generic,kmod-crypto-manager,5.15.134-1,research-os/data/openwrt-v2-snapshots/releases/23.05.0/ath79_generic/openwrt-23.05.0-ath79-generic.manifest
23.05.0,ath79/generic,kmod-crypto-null,5.15.134-1,research-os/data/openwrt-v2-snapshots/releases/23.05.0/ath79_generic/openwrt-23.05.0-ath79-generic.manifest
23.05.0,ath79/generic,kmod-crypto-rng,5.15.134-1,research-os/data/openwrt-v2-snapshots/releases/23.05.0/ath79_generic/openwrt-23.05.0-ath79-generic.manifest
23.05.0,ath79/generic,kmod-crypto-seqiv,5.15.134-1,research-os/data/openwrt-v2-snapshots/releases/23.05.0/ath79_generic/openwrt-23.05.0-ath79-generic.manifest
23.05.0,ath79/generic,kmod-crypto-sha512,5.15.134-1,research-os/data/openwrt-v2-snapshots/releases/23.05.0/ath79_generic/openwrt-23.05.0-ath79-generic.manifest
23.05.0,ath79/generic,kmod-gpio-button-hotplug,5.15.134-3,research-os/data/openwrt-v2-snapshots/releases/23.05.0/ath79_generic/openwrt-23.05.0-ath79-generic.manifest
23.05.0,ath79/generic,kmod-lib-crc-ccitt,5.15.134-1,research-os/data/openwrt-v2-snapshots/releases/23.05.0/ath79_generic/openwrt-23.05.0-ath79-generic.manifest
23.05.0,ath79/generic,kmod-lib-crc32c,5.15.134-1,research-os/data/openwrt-v2-snapshots/releases/23.05.0/ath79_generic/openwrt-23.05.0-ath79-generic.manifest
23.05.0,ath79/generic,kmod-lib-lzo,5.15.134-1,research-os/data/openwrt-v2-snapshots/releases/23.05.0/ath79_generic/openwrt-23.05.0-ath79-generic.manifest
23.05.0,ath79/generic,kmod-mac80211,5.15.134+6.1.24-3,research-os/data/openwrt-v2-snapshots/releases/23.05.0/ath79_generic/openwrt-23.05.0-ath79-generic.manifest
23.05.0,ath79/generic,kmod-nf-conntrack,5.15.134-1,research-os/data/openwrt-v2-snapshots/releases/23.05.0/ath79_generic/openwrt-23.05.0-ath79-generic.manifest
23.05.0,ath79/generic,kmod-nf-conntrack6,5.15.134-1,research-os/data/openwrt-v2-snapshots/releases/23.05.0/ath79_generic/openwrt-23.05.0-ath79-generic.manifest
23.05.0,ath79/generic,kmod-nf-flow,5.15.134-1,research-os/data/openwrt-v2-snapshots/releases/23.05.0/ath79_generic/openwrt-23.05.0-ath79-generic.manifest
23.05.0,ath79/generic,kmod-nf-log,5.15.134-1,research-os/data/openwrt-v2-snapshots/releases/23.05.0/ath79_generic/openwrt-23.05.0-ath79-generic.manifest
23.05.0,ath79/generic,kmod-nf-log6,5.15.134-1,research-os/data/openwrt-v2-snapshots/releases/23.05.0/ath79_generic/openwrt-23.05.0-ath79-generic.manifest
23.05.0,ath79/generic,kmod-nf-nat,5.15.134-1,research-os/data/openwrt-v2-snapshots/releases/23.05.0/ath79_generic/openwrt-23.05.0-ath79-generic.manifest
23.05.0,ath79/generic,kmod-nf-reject,5.15.134-1,research-os/data/openwrt-v2-snapshots/releases/23.05.0/ath79_generic/openwrt-23.05.0-ath79-generic.manifest
23.05.0,ath79/generic,kmod-nf-reject6,5.15.134-1,research-os/data/openwrt-v2-snapshots/releases/23.05.0/ath79_generic/openwrt-23.05.0-ath79-generic.manifest
23.05.0,ath79/generic,kmod-nfnetlink,5.15.134-1,research-os/data/openwrt-v2-snapshots/releases/23.05.0/ath79_generic/openwrt-23.05.0-ath79-generic.manifest
23.05.0,ath79/generic,kmod-nft-core,5.15.134-1,research-os/data/openwrt-v2-snapshots/releases/23.05.0/ath79_generic/openwrt-23.05.0-ath79-generic.manifest
23.05.0,ath79/generic,kmod-nft-fib,5.15.134-1,research-os/data/openwrt-v2-snapshots/releases/23.05.0/ath79_generic/openwrt-23.05.0-ath79-generic.manifest
23.05.0,ath79/generic,kmod-nft-nat,5.15.134-1,research-os/data/openwrt-v2-snapshots/releases/23.05.0/ath79_generic/openwrt-23.05.0-ath79-generic.manifest
23.05.0,ath79/generic,kmod-nft-offload,5.15.134-1,research-os/data/openwrt-v2-snapshots/releases/23.05.0/ath79_generic/openwrt-23.05.0-ath79-generic.manifest
23.05.0,ath79/generic,kmod-ppp,5.15.134-1,research-os/data/openwrt-v2-snapshots/releases/23.05.0/ath79_generic/openwrt-23.05.0-ath79-generic.manifest
23.05.0,ath79/generic,kmod-pppoe,5.15.134-1,research-os/data/openwrt-v2-snapshots/releases/23.05.0/ath79_generic/openwrt-23.05.0-ath79-generic.manifest
23.05.0,ath79/generic,kmod-pppox,5.15.134-1,research-os/data/openwrt-v2-snapshots/releases/23.05.0/ath79_generic/openwrt-23.05.0-ath79-generic.manifest
23.05.0,ath79/generic,kmod-random-core,5.15.134-1,research-os/data/openwrt-v2-snapshots/releases/23.05.0/ath79_generic/openwrt-23.05.0-ath79-generic.manifest
23.05.0,ath79/generic,kmod-slhc,5.15.134-1,research-os/data/openwrt-v2-snapshots/releases/23.05.0/ath79_generic/openwrt-23.05.0-ath79-generic.manifest
23.05.0,ath79/generic,libblobmsg-json20230523,2023-05-23-75a3b870-1,research-os/data/openwrt-v2-snapshots/releases/23.05.0/ath79_generic/openwrt-23.05.0-ath79-generic.manifest
23.05.0,ath79/generic,libc,1.2.4-4,research-os/data/openwrt-v2-snapshots/releases/23.05.0/ath79_generic/openwrt-23.05.0-ath79-generic.manifest
23.05.0,ath79/generic,libgcc1,12.3.0-4,research-os/data/openwrt-v2-snapshots/releases/23.05.0/ath79_generic/openwrt-23.05.0-ath79-generic.manifest
23.05.0,ath79/generic,libiwinfo-data,2023-07-01-ca79f641-1,research-os/data/openwrt-v2-snapshots/releases/23.05.0/ath79_generic/openwrt-23.05.0-ath79-generic.manifest
23.05.0,ath79/generic,libiwinfo20230701,2023-07-01-ca79f641-1,research-os/data/openwrt-v2-snapshots/releases/23.05.0/ath79_generic/openwrt-23.05.0-ath79-generic.manifest
23.05.0,ath79/generic,libjson-c5,0.16-3,research-os/data/openwrt-v2-snapshots/releases/23.05.0/ath79_generic/openwrt-23.05.0-ath79-generic.manifest
23.05.0,ath79/generic,libjson-script20230523,2023-05-23-75a3b870-1,research-os/data/openwrt-v2-snapshots/releases/23.05.0/ath79_generic/openwrt-23.05.0-ath79-generic.manifest
23.05.0,ath79/generic,liblucihttp-ucode,2023-03-15-9b5b683f-1,research-os/data/openwrt-v2-snapshots/releases/23.05.0/ath79_generic/openwrt-23.05.0-ath79-generic.manifest
23.05.0,ath79/generic,liblucihttp0,2023-03-15-9b5b683f-1,research-os/data/openwrt-v2-snapshots/releases/23.05.0/ath79_generic/openwrt-23.05.0-ath79-generic.manifest
23.05.0,ath79/generic,libmbedtls12,2.28.4-1,research-os/data/openwrt-v2-snapshots/releases/23.05.0/ath79_generic/openwrt-23.05.0-ath79-generic.manifest
23.05.0,ath79/generic,libmnl0,1.0.5-1,research-os/data/openwrt-v2-snapshots/releases/23.05.0/ath79_generic/openwrt-23.05.0-ath79-generic.manifest
23.05.0,ath79/generic,libnftnl11,1.2.6-1,research-os/data/openwrt-v2-snapshots/releases/23.05.0/ath79_generic/openwrt-23.05.0-ath79-generic.manifest
23.05.0,ath79/generic,libnl-tiny1,2023-07-27-bc92a280-1,research-os/data/openwrt-v2-snapshots/releases/23.05.0/ath79_generic/openwrt-23.05.0-ath79-generic.manifest
23.05.0,ath79/generic,libpthread,1.2.4-4,research-os/data/openwrt-v2-snapshots/releases/23.05.0/ath79_generic/openwrt-23.05.0-ath79-generic.manifest
23.05.0,ath79/generic,libubox20230523,2023-05-23-75a3b870-1,research-os/data/openwrt-v2-snapshots/releases/23.05.0/ath79_generic/openwrt-23.05.0-ath79-generic.manifest
23.05.0,ath79/generic,libubus20230605,2023-06-05-f787c97b-1,research-os/data/openwrt-v2-snapshots/releases/23.05.0/ath79_generic/openwrt-23.05.0-ath79-generic.manifest
23.05.0,ath79/generic,libuci20130104,2023-08-10-5781664d-1,research-os/data/openwrt-v2-snapshots/releases/23.05.0/ath79_generic/openwrt-23.05.0-ath79-generic.manifest
23.05.0,ath79/generic,libuclient20201210,2023-04-13-007d9454-1,research-os/data/openwrt-v2-snapshots/releases/23.05.0/ath79_generic/openwrt-23.05.0-ath79-generic.manifest
23.05.0,ath79/generic,libucode20220812,2023-06-06-c7d84aae-1,research-os/data/openwrt-v2-snapshots/releases/23.05.0/ath79_generic/openwrt-23.05.0-ath79-generic.manifest
23.05.0,ath79/generic,libustream-mbedtls20201210,2023-02-25-498f6e26-1,research-os/data/openwrt-v2-snapshots/releases/23.05.0/ath79_generic/openwrt-23.05.0-ath79-generic.manifest
23.05.0,ath79/generic,logd,2022-08-13-4c7b720b-2,research-os/data/openwrt-v2-snapshots/releases/23.05.0/ath79_generic/openwrt-23.05.0-ath79-generic.manifest
23.05.0,ath79/generic,luci,git-23.051.66410-a505bb1,research-os/data/openwrt-v2-snapshots/releases/23.05.0/ath79_generic/openwrt-23.05.0-ath79-generic.manifest
23.05.0,ath79/generic,luci-app-firewall,git-23.208.40260-9504081,research-os/data/openwrt-v2-snapshots/releases/23.05.0/ath79_generic/openwrt-23.05.0-ath79-generic.manifest
23.05.0,ath79/generic,luci-app-opkg,git-23.009.82915-ec3aac4,research-os/data/openwrt-v2-snapshots/releases/23.05.0/ath79_generic/openwrt-23.05.0-ath79-generic.manifest
23.05.0,ath79/generic,luci-base,git-23.236.53405-fc638c8,research-os/data/openwrt-v2-snapshots/releases/23.05.0/ath79_generic/openwrt-23.05.0-ath79-generic.manifest
23.05.0,ath79/generic,luci-light,git-23.024.33244-34dee82,research-os/data/openwrt-v2-snapshots/releases/23.05.0/ath79_generic/openwrt-23.05.0-ath79-generic.manifest
23.05.0,ath79/generic,luci-mod-admin-full,git-19.253.48496-3f93650,research-os/data/openwrt-v2-snapshots/releases/23.05.0/ath79_generic/openwrt-23.05.0-ath79-generic.manifest
23.05.0,ath79/generic,luci-mod-network,git-23.283.21598-257f54c,research-os/data/openwrt-v2-snapshots/releases/23.05.0/ath79_generic/openwrt-23.05.0-ath79-generic.manifest
23.05.0,ath79/generic,luci-mod-status,git-23.236.53405-9b3c7d3,research-os/data/openwrt-v2-snapshots/releases/23.05.0/ath79_generic/openwrt-23.05.0-ath79-generic.manifest
23.05.0,ath79/generic,luci-mod-system,git-23.118.78765-58f7b27,research-os/data/openwrt-v2-snapshots/releases/23.05.0/ath79_generic/openwrt-23.05.0-ath79-generic.manifest
23.05.0,ath79/generic,luci-proto-ipv6,git-21.148.48881-79947af,research-os/data/openwrt-v2-snapshots/releases/23.05.0/ath79_generic/openwrt-23.05.0-ath79-generic.manifest
23.05.0,ath79/generic,luci-proto-ppp,git-21.158.38888-88b9d84,research-os/data/openwrt-v2-snapshots/releases/23.05.0/ath79_generic/openwrt-23.05.0-ath79-generic.manifest
23.05.0,ath79/generic,luci-ssl,git-23.035.26083-7550ad6,research-os/data/openwrt-v2-snapshots/releases/23.05.0/ath79_generic/openwrt-23.05.0-ath79-generic.manifest
23.05.0,ath79/generic,luci-theme-bootstrap,git-23.085.34270-d94a728,research-os/data/openwrt-v2-snapshots/releases/23.05.0/ath79_generic/openwrt-23.05.0-ath79-generic.manifest
23.05.0,ath79/generic,mtd,26,research-os/data/openwrt-v2-snapshots/releases/23.05.0/ath79_generic/openwrt-23.05.0-ath79-generic.manifest
23.05.0,ath79/generic,netifd,2023-09-19-7a58b995-1,research-os/data/openwrt-v2-snapshots/releases/23.05.0/ath79_generic/openwrt-23.05.0-ath79-generic.manifest
23.05.0,ath79/generic,nftables-json,1.0.8-1,research-os/data/openwrt-v2-snapshots/releases/23.05.0/ath79_generic/openwrt-23.05.0-ath79-generic.manifest
23.05.0,ath79/generic,odhcp6c,2023-05-12-bcd28363-20,research-os/data/openwrt-v2-snapshots/releases/23.05.0/ath79_generic/openwrt-23.05.0-ath79-generic.manifest
23.05.0,ath79/generic,odhcpd-ipv6only,2023-06-24-52112643-1,research-os/data/openwrt-v2-snapshots/releases/23.05.0/ath79_generic/openwrt-23.05.0-ath79-generic.manifest
23.05.0,ath79/generic,openwrt-keyring,2022-03-25-62471e69-2,research-os/data/openwrt-v2-snapshots/releases/23.05.0/ath79_generic/openwrt-23.05.0-ath79-generic.manifest
23.05.0,ath79/generic,opkg,2022-02-24-d038e5b6-2,research-os/data/openwrt-v2-snapshots/releases/23.05.0/ath79_generic/openwrt-23.05.0-ath79-generic.manifest
23.05.0,ath79/generic,ppp,2.4.9.git-2021-01-04-4,research-os/data/openwrt-v2-snapshots/releases/23.05.0/ath79_generic/openwrt-23.05.0-ath79-generic.manifest
23.05.0,ath79/generic,ppp-mod-pppoe,2.4.9.git-2021-01-04-4,research-os/data/openwrt-v2-snapshots/releases/23.05.0/ath79_generic/openwrt-23.05.0-ath79-generic.manifest
23.05.0,ath79/generic,procd,2023-06-25-2db83655-2,research-os/data/openwrt-v2-snapshots/releases/23.05.0/ath79_generic/openwrt-23.05.0-ath79-generic.manifest
23.05.0,ath79/generic,procd-seccomp,2023-06-25-2db83655-2,research-os/data/openwrt-v2-snapshots/releases/23.05.0/ath79_generic/openwrt-23.05.0-ath79-generic.manifest
23.05.0,ath79/generic,procd-ujail,2023-06-25-2db83655-2,research-os/data/openwrt-v2-snapshots/releases/23.05.0/ath79_generic/openwrt-23.05.0-ath79-generic.manifest
23.05.0,ath79/generic,px5g-mbedtls,9,research-os/data/openwrt-v2-snapshots/releases/23.05.0/ath79_generic/openwrt-23.05.0-ath79-generic.manifest
23.05.0,ath79/generic,rpcd,2023-07-01-c07ab2f9-1,research-os/data/openwrt-v2-snapshots/releases/23.05.0/ath79_generic/openwrt-23.05.0-ath79-generic.manifest
23.05.0,ath79/generic,rpcd-mod-file,2023-07-01-c07ab2f9-1,research-os/data/openwrt-v2-snapshots/releases/23.05.0/ath79_generic/openwrt-23.05.0-ath79-generic.manifest
23.05.0,ath79/generic,rpcd-mod-iwinfo,2023-07-01-c07ab2f9-1,research-os/data/openwrt-v2-snapshots/releases/23.05.0/ath79_generic/openwrt-23.05.0-ath79-generic.manifest
23.05.0,ath79/generic,rpcd-mod-luci,20230123-1,research-os/data/openwrt-v2-snapshots/releases/23.05.0/ath79_generic/openwrt-23.05.0-ath79-generic.manifest
23.05.0,ath79/generic,rpcd-mod-rrdns,20170710,research-os/data/openwrt-v2-snapshots/releases/23.05.0/ath79_generic/openwrt-23.05.0-ath79-generic.manifest
23.05.0,ath79/generic,rpcd-mod-ucode,2023-07-01-c07ab2f9-1,research-os/data/openwrt-v2-snapshots/releases/23.05.0/ath79_generic/openwrt-23.05.0-ath79-generic.manifest
23.05.0,ath79/generic,swconfig,12,research-os/data/openwrt-v2-snapshots/releases/23.05.0/ath79_generic/openwrt-23.05.0-ath79-generic.manifest
23.05.0,ath79/generic,uboot-envtools,2023.04-1,research-os/data/openwrt-v2-snapshots/releases/23.05.0/ath79_generic/openwrt-23.05.0-ath79-generic.manifest
23.05.0,ath79/generic,ubox,2022-08-13-4c7b720b-2,research-os/data/openwrt-v2-snapshots/releases/23.05.0/ath79_generic/openwrt-23.05.0-ath79-generic.manifest
23.05.0,ath79/generic,ubus,2023-06-05-f787c97b-1,research-os/data/openwrt-v2-snapshots/releases/23.05.0/ath79_generic/openwrt-23.05.0-ath79-generic.manifest
23.05.0,ath79/generic,ubusd,2023-06-05-f787c97b-1,research-os/data/openwrt-v2-snapshots/releases/23.05.0/ath79_generic/openwrt-23.05.0-ath79-generic.manifest
23.05.0,ath79/generic,uci,2023-08-10-5781664d-1,research-os/data/openwrt-v2-snapshots/releases/23.05.0/ath79_generic/openwrt-23.05.0-ath79-generic.manifest
23.05.0,ath79/generic,uclient-fetch,2023-04-13-007d9454-1,research-os/data/openwrt-v2-snapshots/releases/23.05.0/ath79_generic/openwrt-23.05.0-ath79-generic.manifest
23.05.0,ath79/generic,ucode,2023-06-06-c7d84aae-1,research-os/data/openwrt-v2-snapshots/releases/23.05.0/ath79_generic/openwrt-23.05.0-ath79-generic.manifest
23.05.0,ath79/generic,ucode-mod-fs,2023-06-06-c7d84aae-1,research-os/data/openwrt-v2-snapshots/releases/23.05.0/ath79_generic/openwrt-23.05.0-ath79-generic.manifest
23.05.0,ath79/generic,ucode-mod-html,1,research-os/data/openwrt-v2-snapshots/releases/23.05.0/ath79_generic/openwrt-23.05.0-ath79-generic.manifest
23.05.0,ath79/generic,ucode-mod-math,2023-06-06-c7d84aae-1,research-os/data/openwrt-v2-snapshots/releases/23.05.0/ath79_generic/openwrt-23.05.0-ath79-generic.manifest
23.05.0,ath79/generic,ucode-mod-nl80211,2023-06-06-c7d84aae-1,research-os/data/openwrt-v2-snapshots/releases/23.05.0/ath79_generic/openwrt-23.05.0-ath79-generic.manifest
23.05.0,ath79/generic,ucode-mod-rtnl,2023-06-06-c7d84aae-1,research-os/data/openwrt-v2-snapshots/releases/23.05.0/ath79_generic/openwrt-23.05.0-ath79-generic.manifest
23.05.0,ath79/generic,ucode-mod-ubus,2023-06-06-c7d84aae-1,research-os/data/openwrt-v2-snapshots/releases/23.05.0/ath79_generic/openwrt-23.05.0-ath79-generic.manifest
23.05.0,ath79/generic,ucode-mod-uci,2023-06-06-c7d84aae-1,research-os/data/openwrt-v2-snapshots/releases/23.05.0/ath79_generic/openwrt-23.05.0-ath79-generic.manifest
23.05.0,ath79/generic,ucode-mod-uloop,2023-06-06-c7d84aae-1,research-os/data/openwrt-v2-snapshots/releases/23.05.0/ath79_generic/openwrt-23.05.0-ath79-generic.manifest
23.05.0,ath79/generic,uhttpd,2023-06-25-34a8a74d-1,research-os/data/openwrt-v2-snapshots/releases/23.05.0/ath79_generic/openwrt-23.05.0-ath79-generic.manifest
23.05.0,ath79/generic,uhttpd-mod-ubus,2023-06-25-34a8a74d-1,research-os/data/openwrt-v2-snapshots/releases/23.05.0/ath79_generic/openwrt-23.05.0-ath79-generic.manifest
23.05.0,ath79/generic,urandom-seed,3,research-os/data/openwrt-v2-snapshots/releases/23.05.0/ath79_generic/openwrt-23.05.0-ath79-generic.manifest
23.05.0,ath79/generic,urngd,2023-07-25-7aefb47b-1,research-os/data/openwrt-v2-snapshots/releases/23.05.0/ath79_generic/openwrt-23.05.0-ath79-generic.manifest
23.05.0,ath79/generic,usign,2020-05-23-f1f65026-1,research-os/data/openwrt-v2-snapshots/releases/23.05.0/ath79_generic/openwrt-23.05.0-ath79-generic.manifest
23.05.0,ath79/generic,wireless-regdb,2023.09.01-1,research-os/data/openwrt-v2-snapshots/releases/23.05.0/ath79_generic/openwrt-23.05.0-ath79-generic.manifest
23.05.0,ath79/generic,wpad-basic-mbedtls,2023-09-08-e5ccbfc6-4,research-os/data/openwrt-v2-snapshots/releases/23.05.0/ath79_generic/openwrt-23.05.0-ath79-generic.manifest
23.05.0,x86/64,base-files,1545-r23497-6637af95aa,research-os/data/openwrt-v2-snapshots/releases/23.05.0/x86_64/openwrt-23.05.0-x86-64.manifest
23.05.0,x86/64,busybox,1.36.1-1,research-os/data/openwrt-v2-snapshots/releases/23.05.0/x86_64/openwrt-23.05.0-x86-64.manifest
23.05.0,x86/64,ca-bundle,20230311-1,research-os/data/openwrt-v2-snapshots/releases/23.05.0/x86_64/openwrt-23.05.0-x86-64.manifest
23.05.0,x86/64,cgi-io,2022-08-10-901b0f04-21,research-os/data/openwrt-v2-snapshots/releases/23.05.0/x86_64/openwrt-23.05.0-x86-64.manifest
23.05.0,x86/64,dnsmasq,2.89-4,research-os/data/openwrt-v2-snapshots/releases/23.05.0/x86_64/openwrt-23.05.0-x86-64.manifest
23.05.0,x86/64,dropbear,2022.82-5,research-os/data/openwrt-v2-snapshots/releases/23.05.0/x86_64/openwrt-23.05.0-x86-64.manifest
23.05.0,x86/64,e2fsprogs,1.47.0-2,research-os/data/openwrt-v2-snapshots/releases/23.05.0/x86_64/openwrt-23.05.0-x86-64.manifest
23.05.0,x86/64,firewall4,2023-03-23-04a06bd7-1,research-os/data/openwrt-v2-snapshots/releases/23.05.0/x86_64/openwrt-23.05.0-x86-64.manifest
23.05.0,x86/64,fstools,2023-02-28-bfe882d5-1,research-os/data/openwrt-v2-snapshots/releases/23.05.0/x86_64/openwrt-23.05.0-x86-64.manifest
23.05.0,x86/64,fwtool,2019-11-12-8f7fe925-1,research-os/data/openwrt-v2-snapshots/releases/23.05.0/x86_64/openwrt-23.05.0-x86-64.manifest
23.05.0,x86/64,getrandom,2022-08-13-4c7b720b-2,research-os/data/openwrt-v2-snapshots/releases/23.05.0/x86_64/openwrt-23.05.0-x86-64.manifest
23.05.0,x86/64,grub2,2.06-5,research-os/data/openwrt-v2-snapshots/releases/23.05.0/x86_64/openwrt-23.05.0-x86-64.manifest
23.05.0,x86/64,grub2-bios-setup,2.06-5,research-os/data/openwrt-v2-snapshots/releases/23.05.0/x86_64/openwrt-23.05.0-x86-64.manifest
23.05.0,x86/64,grub2-efi,2.06-5,research-os/data/openwrt-v2-snapshots/releases/23.05.0/x86_64/openwrt-23.05.0-x86-64.manifest
23.05.0,x86/64,jansson4,2.14-3,research-os/data/openwrt-v2-snapshots/releases/23.05.0/x86_64/openwrt-23.05.0-x86-64.manifest
23.05.0,x86/64,jshn,2023-05-23-75a3b870-1,research-os/data/openwrt-v2-snapshots/releases/23.05.0/x86_64/openwrt-23.05.0-x86-64.manifest
23.05.0,x86/64,jsonfilter,2018-02-04-c7e938d6-1,research-os/data/openwrt-v2-snapshots/releases/23.05.0/x86_64/openwrt-23.05.0-x86-64.manifest
23.05.0,x86/64,kernel,5.15.134-1-47964456485559d992fe6f536131fc64,research-os/data/openwrt-v2-snapshots/releases/23.05.0/x86_64/openwrt-23.05.0-x86-64.manifest
23.05.0,x86/64,kmod-button-hotplug,5.15.134-3,research-os/data/openwrt-v2-snapshots/releases/23.05.0/x86_64/openwrt-23.05.0-x86-64.manifest
23.05.0,x86/64,kmod-crypto-acompress,5.15.134-1,research-os/data/openwrt-v2-snapshots/releases/23.05.0/x86_64/openwrt-23.05.0-x86-64.manifest
23.05.0,x86/64,kmod-crypto-crc32c,5.15.134-1,research-os/data/openwrt-v2-snapshots/releases/23.05.0/x86_64/openwrt-23.05.0-x86-64.manifest
23.05.0,x86/64,kmod-crypto-hash,5.15.134-1,research-os/data/openwrt-v2-snapshots/releases/23.05.0/x86_64/openwrt-23.05.0-x86-64.manifest
23.05.0,x86/64,kmod-fs-vfat,5.15.134-1,research-os/data/openwrt-v2-snapshots/releases/23.05.0/x86_64/openwrt-23.05.0-x86-64.manifest
23.05.0,x86/64,kmod-input-core,5.15.134-1,research-os/data/openwrt-v2-snapshots/releases/23.05.0/x86_64/openwrt-23.05.0-x86-64.manifest
23.05.0,x86/64,kmod-lib-crc-ccitt,5.15.134-1,research-os/data/openwrt-v2-snapshots/releases/23.05.0/x86_64/openwrt-23.05.0-x86-64.manifest
23.05.0,x86/64,kmod-lib-crc32c,5.15.134-1,research-os/data/openwrt-v2-snapshots/releases/23.05.0/x86_64/openwrt-23.05.0-x86-64.manifest
23.05.0,x86/64,kmod-lib-lzo,5.15.134-1,research-os/data/openwrt-v2-snapshots/releases/23.05.0/x86_64/openwrt-23.05.0-x86-64.manifest
23.05.0,x86/64,kmod-nf-conntrack,5.15.134-1,research-os/data/openwrt-v2-snapshots/releases/23.05.0/x86_64/openwrt-23.05.0-x86-64.manifest
23.05.0,x86/64,kmod-nf-conntrack6,5.15.134-1,research-os/data/openwrt-v2-snapshots/releases/23.05.0/x86_64/openwrt-23.05.0-x86-64.manifest
23.05.0,x86/64,kmod-nf-flow,5.15.134-1,research-os/data/openwrt-v2-snapshots/releases/23.05.0/x86_64/openwrt-23.05.0-x86-64.manifest
23.05.0,x86/64,kmod-nf-log,5.15.134-1,research-os/data/openwrt-v2-snapshots/releases/23.05.0/x86_64/openwrt-23.05.0-x86-64.manifest
23.05.0,x86/64,kmod-nf-log6,5.15.134-1,research-os/data/openwrt-v2-snapshots/releases/23.05.0/x86_64/openwrt-23.05.0-x86-64.manifest
23.05.0,x86/64,kmod-nf-nat,5.15.134-1,research-os/data/openwrt-v2-snapshots/releases/23.05.0/x86_64/openwrt-23.05.0-x86-64.manifest
23.05.0,x86/64,kmod-nf-reject,5.15.134-1,research-os/data/openwrt-v2-snapshots/releases/23.05.0/x86_64/openwrt-23.05.0-x86-64.manifest
23.05.0,x86/64,kmod-nf-reject6,5.15.134-1,research-os/data/openwrt-v2-snapshots/releases/23.05.0/x86_64/openwrt-23.05.0-x86-64.manifest
23.05.0,x86/64,kmod-nfnetlink,5.15.134-1,research-os/data/openwrt-v2-snapshots/releases/23.05.0/x86_64/openwrt-23.05.0-x86-64.manifest
23.05.0,x86/64,kmod-nft-core,5.15.134-1,research-os/data/openwrt-v2-snapshots/releases/23.05.0/x86_64/openwrt-23.05.0-x86-64.manifest
23.05.0,x86/64,kmod-nft-fib,5.15.134-1,research-os/data/openwrt-v2-snapshots/releases/23.05.0/x86_64/openwrt-23.05.0-x86-64.manifest
23.05.0,x86/64,kmod-nft-nat,5.15.134-1,research-os/data/openwrt-v2-snapshots/releases/23.05.0/x86_64/openwrt-23.05.0-x86-64.manifest
23.05.0,x86/64,kmod-nft-offload,5.15.134-1,research-os/data/openwrt-v2-snapshots/releases/23.05.0/x86_64/openwrt-23.05.0-x86-64.manifest
23.05.0,x86/64,kmod-nls-base,5.15.134-1,research-os/data/openwrt-v2-snapshots/releases/23.05.0/x86_64/openwrt-23.05.0-x86-64.manifest
23.05.0,x86/64,kmod-nls-cp437,5.15.134-1,research-os/data/openwrt-v2-snapshots/releases/23.05.0/x86_64/openwrt-23.05.0-x86-64.manifest
23.05.0,x86/64,kmod-nls-iso8859-1,5.15.134-1,research-os/data/openwrt-v2-snapshots/releases/23.05.0/x86_64/openwrt-23.05.0-x86-64.manifest
23.05.0,x86/64,kmod-nls-utf8,5.15.134-1,research-os/data/openwrt-v2-snapshots/releases/23.05.0/x86_64/openwrt-23.05.0-x86-64.manifest
23.05.0,x86/64,kmod-ppp,5.15.134-1,research-os/data/openwrt-v2-snapshots/releases/23.05.0/x86_64/openwrt-23.05.0-x86-64.manifest
23.05.0,x86/64,kmod-pppoe,5.15.134-1,research-os/data/openwrt-v2-snapshots/releases/23.05.0/x86_64/openwrt-23.05.0-x86-64.manifest
23.05.0,x86/64,kmod-pppox,5.15.134-1,research-os/data/openwrt-v2-snapshots/releases/23.05.0/x86_64/openwrt-23.05.0-x86-64.manifest
23.05.0,x86/64,kmod-slhc,5.15.134-1,research-os/data/openwrt-v2-snapshots/releases/23.05.0/x86_64/openwrt-23.05.0-x86-64.manifest
23.05.0,x86/64,libblkid1,2.39-2,research-os/data/openwrt-v2-snapshots/releases/23.05.0/x86_64/openwrt-23.05.0-x86-64.manifest
23.05.0,x86/64,libblobmsg-json20230523,2023-05-23-75a3b870-1,research-os/data/openwrt-v2-snapshots/releases/23.05.0/x86_64/openwrt-23.05.0-x86-64.manifest
23.05.0,x86/64,libc,1.2.4-4,research-os/data/openwrt-v2-snapshots/releases/23.05.0/x86_64/openwrt-23.05.0-x86-64.manifest
23.05.0,x86/64,libcomerr0,1.47.0-2,research-os/data/openwrt-v2-snapshots/releases/23.05.0/x86_64/openwrt-23.05.0-x86-64.manifest
23.05.0,x86/64,libext2fs2,1.47.0-2,research-os/data/openwrt-v2-snapshots/releases/23.05.0/x86_64/openwrt-23.05.0-x86-64.manifest
23.05.0,x86/64,libf2fs6,1.16.0-1,research-os/data/openwrt-v2-snapshots/releases/23.05.0/x86_64/openwrt-23.05.0-x86-64.manifest
23.05.0,x86/64,libgcc1,12.3.0-4,research-os/data/openwrt-v2-snapshots/releases/23.05.0/x86_64/openwrt-23.05.0-x86-64.manifest
23.05.0,x86/64,libiwinfo-data,2023-07-01-ca79f641-1,research-os/data/openwrt-v2-snapshots/releases/23.05.0/x86_64/openwrt-23.05.0-x86-64.manifest
23.05.0,x86/64,libiwinfo20230701,2023-07-01-ca79f641-1,research-os/data/openwrt-v2-snapshots/releases/23.05.0/x86_64/openwrt-23.05.0-x86-64.manifest
23.05.0,x86/64,libjson-c5,0.16-3,research-os/data/openwrt-v2-snapshots/releases/23.05.0/x86_64/openwrt-23.05.0-x86-64.manifest
23.05.0,x86/64,libjson-script20230523,2023-05-23-75a3b870-1,research-os/data/openwrt-v2-snapshots/releases/23.05.0/x86_64/openwrt-23.05.0-x86-64.manifest
23.05.0,x86/64,liblucihttp-ucode,2023-03-15-9b5b683f-1,research-os/data/openwrt-v2-snapshots/releases/23.05.0/x86_64/openwrt-23.05.0-x86-64.manifest
23.05.0,x86/64,liblucihttp0,2023-03-15-9b5b683f-1,research-os/data/openwrt-v2-snapshots/releases/23.05.0/x86_64/openwrt-23.05.0-x86-64.manifest
23.05.0,x86/64,libmbedtls12,2.28.4-1,research-os/data/openwrt-v2-snapshots/releases/23.05.0/x86_64/openwrt-23.05.0-x86-64.manifest
23.05.0,x86/64,libmnl0,1.0.5-1,research-os/data/openwrt-v2-snapshots/releases/23.05.0/x86_64/openwrt-23.05.0-x86-64.manifest
23.05.0,x86/64,libnftnl11,1.2.6-1,research-os/data/openwrt-v2-snapshots/releases/23.05.0/x86_64/openwrt-23.05.0-x86-64.manifest
23.05.0,x86/64,libnl-tiny1,2023-07-27-bc92a280-1,research-os/data/openwrt-v2-snapshots/releases/23.05.0/x86_64/openwrt-23.05.0-x86-64.manifest
23.05.0,x86/64,libpthread,1.2.4-4,research-os/data/openwrt-v2-snapshots/releases/23.05.0/x86_64/openwrt-23.05.0-x86-64.manifest
23.05.0,x86/64,librt,1.2.4-4,research-os/data/openwrt-v2-snapshots/releases/23.05.0/x86_64/openwrt-23.05.0-x86-64.manifest
23.05.0,x86/64,libsmartcols1,2.39-2,research-os/data/openwrt-v2-snapshots/releases/23.05.0/x86_64/openwrt-23.05.0-x86-64.manifest
23.05.0,x86/64,libss2,1.47.0-2,research-os/data/openwrt-v2-snapshots/releases/23.05.0/x86_64/openwrt-23.05.0-x86-64.manifest
23.05.0,x86/64,libubox20230523,2023-05-23-75a3b870-1,research-os/data/openwrt-v2-snapshots/releases/23.05.0/x86_64/openwrt-23.05.0-x86-64.manifest
23.05.0,x86/64,libubus20230605,2023-06-05-f787c97b-1,research-os/data/openwrt-v2-snapshots/releases/23.05.0/x86_64/openwrt-23.05.0-x86-64.manifest
23.05.0,x86/64,libuci20130104,2023-08-10-5781664d-1,research-os/data/openwrt-v2-snapshots/releases/23.05.0/x86_64/openwrt-23.05.0-x86-64.manifest
23.05.0,x86/64,libuclient20201210,2023-04-13-007d9454-1,research-os/data/openwrt-v2-snapshots/releases/23.05.0/x86_64/openwrt-23.05.0-x86-64.manifest
23.05.0,x86/64,libucode20220812,2023-06-06-c7d84aae-1,research-os/data/openwrt-v2-snapshots/releases/23.05.0/x86_64/openwrt-23.05.0-x86-64.manifest
23.05.0,x86/64,libustream-mbedtls20201210,2023-02-25-498f6e26-1,research-os/data/openwrt-v2-snapshots/releases/23.05.0/x86_64/openwrt-23.05.0-x86-64.manifest
23.05.0,x86/64,libuuid1,2.39-2,research-os/data/openwrt-v2-snapshots/releases/23.05.0/x86_64/openwrt-23.05.0-x86-64.manifest
23.05.0,x86/64,logd,2022-08-13-4c7b720b-2,research-os/data/openwrt-v2-snapshots/releases/23.05.0/x86_64/openwrt-23.05.0-x86-64.manifest
23.05.0,x86/64,luci,git-23.051.66410-a505bb1,research-os/data/openwrt-v2-snapshots/releases/23.05.0/x86_64/openwrt-23.05.0-x86-64.manifest
23.05.0,x86/64,luci-app-firewall,git-23.208.40260-9504081,research-os/data/openwrt-v2-snapshots/releases/23.05.0/x86_64/openwrt-23.05.0-x86-64.manifest
23.05.0,x86/64,luci-app-opkg,git-23.009.82915-ec3aac4,research-os/data/openwrt-v2-snapshots/releases/23.05.0/x86_64/openwrt-23.05.0-x86-64.manifest
23.05.0,x86/64,luci-base,git-23.236.53405-fc638c8,research-os/data/openwrt-v2-snapshots/releases/23.05.0/x86_64/openwrt-23.05.0-x86-64.manifest
23.05.0,x86/64,luci-light,git-23.024.33244-34dee82,research-os/data/openwrt-v2-snapshots/releases/23.05.0/x86_64/openwrt-23.05.0-x86-64.manifest
23.05.0,x86/64,luci-mod-admin-full,git-19.253.48496-3f93650,research-os/data/openwrt-v2-snapshots/releases/23.05.0/x86_64/openwrt-23.05.0-x86-64.manifest
23.05.0,x86/64,luci-mod-network,git-23.283.21598-257f54c,research-os/data/openwrt-v2-snapshots/releases/23.05.0/x86_64/openwrt-23.05.0-x86-64.manifest
23.05.0,x86/64,luci-mod-status,git-23.236.53405-9b3c7d3,research-os/data/openwrt-v2-snapshots/releases/23.05.0/x86_64/openwrt-23.05.0-x86-64.manifest
23.05.0,x86/64,luci-mod-system,git-23.118.78765-58f7b27,research-os/data/openwrt-v2-snapshots/releases/23.05.0/x86_64/openwrt-23.05.0-x86-64.manifest
23.05.0,x86/64,luci-proto-ipv6,git-21.148.48881-79947af,research-os/data/openwrt-v2-snapshots/releases/23.05.0/x86_64/openwrt-23.05.0-x86-64.manifest
23.05.0,x86/64,luci-proto-ppp,git-21.158.38888-88b9d84,research-os/data/openwrt-v2-snapshots/releases/23.05.0/x86_64/openwrt-23.05.0-x86-64.manifest
23.05.0,x86/64,luci-ssl,git-23.035.26083-7550ad6,research-os/data/openwrt-v2-snapshots/releases/23.05.0/x86_64/openwrt-23.05.0-x86-64.manifest
23.05.0,x86/64,luci-theme-bootstrap,git-23.085.34270-d94a728,research-os/data/openwrt-v2-snapshots/releases/23.05.0/x86_64/openwrt-23.05.0-x86-64.manifest
23.05.0,x86/64,mkf2fs,1.16.0-1,research-os/data/openwrt-v2-snapshots/releases/23.05.0/x86_64/openwrt-23.05.0-x86-64.manifest
23.05.0,x86/64,mtd,26,research-os/data/openwrt-v2-snapshots/releases/23.05.0/x86_64/openwrt-23.05.0-x86-64.manifest
23.05.0,x86/64,netifd,2023-09-19-7a58b995-1,research-os/data/openwrt-v2-snapshots/releases/23.05.0/x86_64/openwrt-23.05.0-x86-64.manifest
23.05.0,x86/64,nftables-json,1.0.8-1,research-os/data/openwrt-v2-snapshots/releases/23.05.0/x86_64/openwrt-23.05.0-x86-64.manifest
23.05.0,x86/64,odhcp6c,2023-05-12-bcd28363-20,research-os/data/openwrt-v2-snapshots/releases/23.05.0/x86_64/openwrt-23.05.0-x86-64.manifest
23.05.0,x86/64,odhcpd-ipv6only,2023-06-24-52112643-1,research-os/data/openwrt-v2-snapshots/releases/23.05.0/x86_64/openwrt-23.05.0-x86-64.manifest
23.05.0,x86/64,openwrt-keyring,2022-03-25-62471e69-2,research-os/data/openwrt-v2-snapshots/releases/23.05.0/x86_64/openwrt-23.05.0-x86-64.manifest
23.05.0,x86/64,opkg,2022-02-24-d038e5b6-2,research-os/data/openwrt-v2-snapshots/releases/23.05.0/x86_64/openwrt-23.05.0-x86-64.manifest
23.05.0,x86/64,partx-utils,2.39-2,research-os/data/openwrt-v2-snapshots/releases/23.05.0/x86_64/openwrt-23.05.0-x86-64.manifest
23.05.0,x86/64,ppp,2.4.9.git-2021-01-04-4,research-os/data/openwrt-v2-snapshots/releases/23.05.0/x86_64/openwrt-23.05.0-x86-64.manifest
23.05.0,x86/64,ppp-mod-pppoe,2.4.9.git-2021-01-04-4,research-os/data/openwrt-v2-snapshots/releases/23.05.0/x86_64/openwrt-23.05.0-x86-64.manifest
23.05.0,x86/64,procd,2023-06-25-2db83655-2,research-os/data/openwrt-v2-snapshots/releases/23.05.0/x86_64/openwrt-23.05.0-x86-64.manifest
23.05.0,x86/64,procd-seccomp,2023-06-25-2db83655-2,research-os/data/openwrt-v2-snapshots/releases/23.05.0/x86_64/openwrt-23.05.0-x86-64.manifest
23.05.0,x86/64,procd-ujail,2023-06-25-2db83655-2,research-os/data/openwrt-v2-snapshots/releases/23.05.0/x86_64/openwrt-23.05.0-x86-64.manifest
23.05.0,x86/64,px5g-mbedtls,9,research-os/data/openwrt-v2-snapshots/releases/23.05.0/x86_64/openwrt-23.05.0-x86-64.manifest
23.05.0,x86/64,rpcd,2023-07-01-c07ab2f9-1,research-os/data/openwrt-v2-snapshots/releases/23.05.0/x86_64/openwrt-23.05.0-x86-64.manifest
23.05.0,x86/64,rpcd-mod-file,2023-07-01-c07ab2f9-1,research-os/data/openwrt-v2-snapshots/releases/23.05.0/x86_64/openwrt-23.05.0-x86-64.manifest
23.05.0,x86/64,rpcd-mod-iwinfo,2023-07-01-c07ab2f9-1,research-os/data/openwrt-v2-snapshots/releases/23.05.0/x86_64/openwrt-23.05.0-x86-64.manifest
23.05.0,x86/64,rpcd-mod-luci,20230123-1,research-os/data/openwrt-v2-snapshots/releases/23.05.0/x86_64/openwrt-23.05.0-x86-64.manifest
23.05.0,x86/64,rpcd-mod-rrdns,20170710,research-os/data/openwrt-v2-snapshots/releases/23.05.0/x86_64/openwrt-23.05.0-x86-64.manifest
23.05.0,x86/64,rpcd-mod-ucode,2023-07-01-c07ab2f9-1,research-os/data/openwrt-v2-snapshots/releases/23.05.0/x86_64/openwrt-23.05.0-x86-64.manifest
23.05.0,x86/64,ubox,2022-08-13-4c7b720b-2,research-os/data/openwrt-v2-snapshots/releases/23.05.0/x86_64/openwrt-23.05.0-x86-64.manifest
23.05.0,x86/64,ubus,2023-06-05-f787c97b-1,research-os/data/openwrt-v2-snapshots/releases/23.05.0/x86_64/openwrt-23.05.0-x86-64.manifest
23.05.0,x86/64,ubusd,2023-06-05-f787c97b-1,research-os/data/openwrt-v2-snapshots/releases/23.05.0/x86_64/openwrt-23.05.0-x86-64.manifest
23.05.0,x86/64,uci,2023-08-10-5781664d-1,research-os/data/openwrt-v2-snapshots/releases/23.05.0/x86_64/openwrt-23.05.0-x86-64.manifest
23.05.0,x86/64,uclient-fetch,2023-04-13-007d9454-1,research-os/data/openwrt-v2-snapshots/releases/23.05.0/x86_64/openwrt-23.05.0-x86-64.manifest
23.05.0,x86/64,ucode,2023-06-06-c7d84aae-1,research-os/data/openwrt-v2-snapshots/releases/23.05.0/x86_64/openwrt-23.05.0-x86-64.manifest
23.05.0,x86/64,ucode-mod-fs,2023-06-06-c7d84aae-1,research-os/data/openwrt-v2-snapshots/releases/23.05.0/x86_64/openwrt-23.05.0-x86-64.manifest
23.05.0,x86/64,ucode-mod-html,1,research-os/data/openwrt-v2-snapshots/releases/23.05.0/x86_64/openwrt-23.05.0-x86-64.manifest
23.05.0,x86/64,ucode-mod-math,2023-06-06-c7d84aae-1,research-os/data/openwrt-v2-snapshots/releases/23.05.0/x86_64/openwrt-23.05.0-x86-64.manifest
23.05.0,x86/64,ucode-mod-ubus,2023-06-06-c7d84aae-1,research-os/data/openwrt-v2-snapshots/releases/23.05.0/x86_64/openwrt-23.05.0-x86-64.manifest
23.05.0,x86/64,ucode-mod-uci,2023-06-06-c7d84aae-1,research-os/data/openwrt-v2-snapshots/releases/23.05.0/x86_64/openwrt-23.05.0-x86-64.manifest
23.05.0,x86/64,uhttpd,2023-06-25-34a8a74d-1,research-os/data/openwrt-v2-snapshots/releases/23.05.0/x86_64/openwrt-23.05.0-x86-64.manifest
23.05.0,x86/64,uhttpd-mod-ubus,2023-06-25-34a8a74d-1,research-os/data/openwrt-v2-snapshots/releases/23.05.0/x86_64/openwrt-23.05.0-x86-64.manifest
23.05.0,x86/64,urandom-seed,3,research-os/data/openwrt-v2-snapshots/releases/23.05.0/x86_64/openwrt-23.05.0-x86-64.manifest
23.05.0,x86/64,urngd,2023-07-25-7aefb47b-1,research-os/data/openwrt-v2-snapshots/releases/23.05.0/x86_64/openwrt-23.05.0-x86-64.manifest
23.05.0,x86/64,usign,2020-05-23-f1f65026-1,research-os/data/openwrt-v2-snapshots/releases/23.05.0/x86_64/openwrt-23.05.0-x86-64.manifest
23.05.1,ath79/generic,base-files,1548-r23619-101988c61a,research-os/data/openwrt-v2-snapshots/releases/23.05.1/ath79_generic/openwrt-23.05.1-ath79-generic.manifest
23.05.1,ath79/generic,busybox,1.36.1-1,research-os/data/openwrt-v2-snapshots/releases/23.05.1/ath79_generic/openwrt-23.05.1-ath79-generic.manifest
23.05.1,ath79/generic,ca-bundle,20230311-1,research-os/data/openwrt-v2-snapshots/releases/23.05.1/ath79_generic/openwrt-23.05.1-ath79-generic.manifest
23.05.1,ath79/generic,cgi-io,2022-08-10-901b0f04-21,research-os/data/openwrt-v2-snapshots/releases/23.05.1/ath79_generic/openwrt-23.05.1-ath79-generic.manifest
23.05.1,ath79/generic,dnsmasq,2.89-4,research-os/data/openwrt-v2-snapshots/releases/23.05.1/ath79_generic/openwrt-23.05.1-ath79-generic.manifest
23.05.1,ath79/generic,dropbear,2022.82-5,research-os/data/openwrt-v2-snapshots/releases/23.05.1/ath79_generic/openwrt-23.05.1-ath79-generic.manifest
23.05.1,ath79/generic,firewall4,2023-09-01-598d9fbb-1,research-os/data/openwrt-v2-snapshots/releases/23.05.1/ath79_generic/openwrt-23.05.1-ath79-generic.manifest
23.05.1,ath79/generic,fstools,2023-02-28-bfe882d5-1,research-os/data/openwrt-v2-snapshots/releases/23.05.1/ath79_generic/openwrt-23.05.1-ath79-generic.manifest
23.05.1,ath79/generic,fwtool,2019-11-12-8f7fe925-1,research-os/data/openwrt-v2-snapshots/releases/23.05.1/ath79_generic/openwrt-23.05.1-ath79-generic.manifest
23.05.1,ath79/generic,getrandom,2022-08-13-4c7b720b-2,research-os/data/openwrt-v2-snapshots/releases/23.05.1/ath79_generic/openwrt-23.05.1-ath79-generic.manifest
23.05.1,ath79/generic,hostapd-common,2023-09-08-e5ccbfc6-6,research-os/data/openwrt-v2-snapshots/releases/23.05.1/ath79_generic/openwrt-23.05.1-ath79-generic.manifest
23.05.1,ath79/generic,iw,5.19-1,research-os/data/openwrt-v2-snapshots/releases/23.05.1/ath79_generic/openwrt-23.05.1-ath79-generic.manifest
23.05.1,ath79/generic,iwinfo,2023-07-01-ca79f641-1,research-os/data/openwrt-v2-snapshots/releases/23.05.1/ath79_generic/openwrt-23.05.1-ath79-generic.manifest
23.05.1,ath79/generic,jansson4,2.14-3,research-os/data/openwrt-v2-snapshots/releases/23.05.1/ath79_generic/openwrt-23.05.1-ath79-generic.manifest
23.05.1,ath79/generic,jshn,2023-05-23-75a3b870-1,research-os/data/openwrt-v2-snapshots/releases/23.05.1/ath79_generic/openwrt-23.05.1-ath79-generic.manifest
23.05.1,ath79/generic,jsonfilter,2018-02-04-c7e938d6-1,research-os/data/openwrt-v2-snapshots/releases/23.05.1/ath79_generic/openwrt-23.05.1-ath79-generic.manifest
23.05.1,ath79/generic,kernel,5.15.137-1-db5fae317c7dec03ba9a83c32ababa81,research-os/data/openwrt-v2-snapshots/releases/23.05.1/ath79_generic/openwrt-23.05.1-ath79-generic.manifest
23.05.1,ath79/generic,kmod-ath,5.15.137+6.1.24-3,research-os/data/openwrt-v2-snapshots/releases/23.05.1/ath79_generic/openwrt-23.05.1-ath79-generic.manifest
23.05.1,ath79/generic,kmod-ath9k,5.15.137+6.1.24-3,research-os/data/openwrt-v2-snapshots/releases/23.05.1/ath79_generic/openwrt-23.05.1-ath79-generic.manifest
23.05.1,ath79/generic,kmod-ath9k-common,5.15.137+6.1.24-3,research-os/data/openwrt-v2-snapshots/releases/23.05.1/ath79_generic/openwrt-23.05.1-ath79-generic.manifest
23.05.1,ath79/generic,kmod-cfg80211,5.15.137+6.1.24-3,research-os/data/openwrt-v2-snapshots/releases/23.05.1/ath79_generic/openwrt-23.05.1-ath79-generic.manifest
23.05.1,ath79/generic,kmod-crypto-acompress,5.15.137-1,research-os/data/openwrt-v2-snapshots/releases/23.05.1/ath79_generic/openwrt-23.05.1-ath79-generic.manifest
23.05.1,ath79/generic,kmod-crypto-aead,5.15.137-1,research-os/data/openwrt-v2-snapshots/releases/23.05.1/ath79_generic/openwrt-23.05.1-ath79-generic.manifest
23.05.1,ath79/generic,kmod-crypto-ccm,5.15.137-1,research-os/data/openwrt-v2-snapshots/releases/23.05.1/ath79_generic/openwrt-23.05.1-ath79-generic.manifest
23.05.1,ath79/generic,kmod-crypto-cmac,5.15.137-1,research-os/data/openwrt-v2-snapshots/releases/23.05.1/ath79_generic/openwrt-23.05.1-ath79-generic.manifest
23.05.1,ath79/generic,kmod-crypto-crc32c,5.15.137-1,research-os/data/openwrt-v2-snapshots/releases/23.05.1/ath79_generic/openwrt-23.05.1-ath79-generic.manifest
23.05.1,ath79/generic,kmod-crypto-ctr,5.15.137-1,research-os/data/openwrt-v2-snapshots/releases/23.05.1/ath79_generic/openwrt-23.05.1-ath79-generic.manifest
23.05.1,ath79/generic,kmod-crypto-gcm,5.15.137-1,research-os/data/openwrt-v2-snapshots/releases/23.05.1/ath79_generic/openwrt-23.05.1-ath79-generic.manifest
23.05.1,ath79/generic,kmod-crypto-gf128,5.15.137-1,research-os/data/openwrt-v2-snapshots/releases/23.05.1/ath79_generic/openwrt-23.05.1-ath79-generic.manifest
23.05.1,ath79/generic,kmod-crypto-ghash,5.15.137-1,research-os/data/openwrt-v2-snapshots/releases/23.05.1/ath79_generic/openwrt-23.05.1-ath79-generic.manifest
23.05.1,ath79/generic,kmod-crypto-hash,5.15.137-1,research-os/data/openwrt-v2-snapshots/releases/23.05.1/ath79_generic/openwrt-23.05.1-ath79-generic.manifest
23.05.1,ath79/generic,kmod-crypto-hmac,5.15.137-1,research-os/data/openwrt-v2-snapshots/releases/23.05.1/ath79_generic/openwrt-23.05.1-ath79-generic.manifest
23.05.1,ath79/generic,kmod-crypto-manager,5.15.137-1,research-os/data/openwrt-v2-snapshots/releases/23.05.1/ath79_generic/openwrt-23.05.1-ath79-generic.manifest
23.05.1,ath79/generic,kmod-crypto-null,5.15.137-1,research-os/data/openwrt-v2-snapshots/releases/23.05.1/ath79_generic/openwrt-23.05.1-ath79-generic.manifest
23.05.1,ath79/generic,kmod-crypto-rng,5.15.137-1,research-os/data/openwrt-v2-snapshots/releases/23.05.1/ath79_generic/openwrt-23.05.1-ath79-generic.manifest
23.05.1,ath79/generic,kmod-crypto-seqiv,5.15.137-1,research-os/data/openwrt-v2-snapshots/releases/23.05.1/ath79_generic/openwrt-23.05.1-ath79-generic.manifest
23.05.1,ath79/generic,kmod-crypto-sha512,5.15.137-1,research-os/data/openwrt-v2-snapshots/releases/23.05.1/ath79_generic/openwrt-23.05.1-ath79-generic.manifest
23.05.1,ath79/generic,kmod-gpio-button-hotplug,5.15.137-3,research-os/data/openwrt-v2-snapshots/releases/23.05.1/ath79_generic/openwrt-23.05.1-ath79-generic.manifest
23.05.1,ath79/generic,kmod-lib-crc-ccitt,5.15.137-1,research-os/data/openwrt-v2-snapshots/releases/23.05.1/ath79_generic/openwrt-23.05.1-ath79-generic.manifest
23.05.1,ath79/generic,kmod-lib-crc32c,5.15.137-1,research-os/data/openwrt-v2-snapshots/releases/23.05.1/ath79_generic/openwrt-23.05.1-ath79-generic.manifest
23.05.1,ath79/generic,kmod-lib-lzo,5.15.137-1,research-os/data/openwrt-v2-snapshots/releases/23.05.1/ath79_generic/openwrt-23.05.1-ath79-generic.manifest
23.05.1,ath79/generic,kmod-mac80211,5.15.137+6.1.24-3,research-os/data/openwrt-v2-snapshots/releases/23.05.1/ath79_generic/openwrt-23.05.1-ath79-generic.manifest
23.05.1,ath79/generic,kmod-nf-conntrack,5.15.137-1,research-os/data/openwrt-v2-snapshots/releases/23.05.1/ath79_generic/openwrt-23.05.1-ath79-generic.manifest
23.05.1,ath79/generic,kmod-nf-conntrack6,5.15.137-1,research-os/data/openwrt-v2-snapshots/releases/23.05.1/ath79_generic/openwrt-23.05.1-ath79-generic.manifest
23.05.1,ath79/generic,kmod-nf-flow,5.15.137-1,research-os/data/openwrt-v2-snapshots/releases/23.05.1/ath79_generic/openwrt-23.05.1-ath79-generic.manifest
23.05.1,ath79/generic,kmod-nf-log,5.15.137-1,research-os/data/openwrt-v2-snapshots/releases/23.05.1/ath79_generic/openwrt-23.05.1-ath79-generic.manifest
23.05.1,ath79/generic,kmod-nf-log6,5.15.137-1,research-os/data/openwrt-v2-snapshots/releases/23.05.1/ath79_generic/openwrt-23.05.1-ath79-generic.manifest
23.05.1,ath79/generic,kmod-nf-nat,5.15.137-1,research-os/data/openwrt-v2-snapshots/releases/23.05.1/ath79_generic/openwrt-23.05.1-ath79-generic.manifest
23.05.1,ath79/generic,kmod-nf-reject,5.15.137-1,research-os/data/openwrt-v2-snapshots/releases/23.05.1/ath79_generic/openwrt-23.05.1-ath79-generic.manifest
23.05.1,ath79/generic,kmod-nf-reject6,5.15.137-1,research-os/data/openwrt-v2-snapshots/releases/23.05.1/ath79_generic/openwrt-23.05.1-ath79-generic.manifest
23.05.1,ath79/generic,kmod-nfnetlink,5.15.137-1,research-os/data/openwrt-v2-snapshots/releases/23.05.1/ath79_generic/openwrt-23.05.1-ath79-generic.manifest
23.05.1,ath79/generic,kmod-nft-core,5.15.137-1,research-os/data/openwrt-v2-snapshots/releases/23.05.1/ath79_generic/openwrt-23.05.1-ath79-generic.manifest
23.05.1,ath79/generic,kmod-nft-fib,5.15.137-1,research-os/data/openwrt-v2-snapshots/releases/23.05.1/ath79_generic/openwrt-23.05.1-ath79-generic.manifest
23.05.1,ath79/generic,kmod-nft-nat,5.15.137-1,research-os/data/openwrt-v2-snapshots/releases/23.05.1/ath79_generic/openwrt-23.05.1-ath79-generic.manifest
23.05.1,ath79/generic,kmod-nft-offload,5.15.137-1,research-os/data/openwrt-v2-snapshots/releases/23.05.1/ath79_generic/openwrt-23.05.1-ath79-generic.manifest
23.05.1,ath79/generic,kmod-ppp,5.15.137-1,research-os/data/openwrt-v2-snapshots/releases/23.05.1/ath79_generic/openwrt-23.05.1-ath79-generic.manifest
23.05.1,ath79/generic,kmod-pppoe,5.15.137-1,research-os/data/openwrt-v2-snapshots/releases/23.05.1/ath79_generic/openwrt-23.05.1-ath79-generic.manifest
23.05.1,ath79/generic,kmod-pppox,5.15.137-1,research-os/data/openwrt-v2-snapshots/releases/23.05.1/ath79_generic/openwrt-23.05.1-ath79-generic.manifest
23.05.1,ath79/generic,kmod-random-core,5.15.137-1,research-os/data/openwrt-v2-snapshots/releases/23.05.1/ath79_generic/openwrt-23.05.1-ath79-generic.manifest
23.05.1,ath79/generic,kmod-slhc,5.15.137-1,research-os/data/openwrt-v2-snapshots/releases/23.05.1/ath79_generic/openwrt-23.05.1-ath79-generic.manifest
23.05.1,ath79/generic,libblobmsg-json20230523,2023-05-23-75a3b870-1,research-os/data/openwrt-v2-snapshots/releases/23.05.1/ath79_generic/openwrt-23.05.1-ath79-generic.manifest
23.05.1,ath79/generic,libc,1.2.4-4,research-os/data/openwrt-v2-snapshots/releases/23.05.1/ath79_generic/openwrt-23.05.1-ath79-generic.manifest
23.05.1,ath79/generic,libgcc1,12.3.0-4,research-os/data/openwrt-v2-snapshots/releases/23.05.1/ath79_generic/openwrt-23.05.1-ath79-generic.manifest
23.05.1,ath79/generic,libiwinfo-data,2023-07-01-ca79f641-1,research-os/data/openwrt-v2-snapshots/releases/23.05.1/ath79_generic/openwrt-23.05.1-ath79-generic.manifest
23.05.1,ath79/generic,libiwinfo20230701,2023-07-01-ca79f641-1,research-os/data/openwrt-v2-snapshots/releases/23.05.1/ath79_generic/openwrt-23.05.1-ath79-generic.manifest
23.05.1,ath79/generic,libjson-c5,0.16-3,research-os/data/openwrt-v2-snapshots/releases/23.05.1/ath79_generic/openwrt-23.05.1-ath79-generic.manifest
23.05.1,ath79/generic,libjson-script20230523,2023-05-23-75a3b870-1,research-os/data/openwrt-v2-snapshots/releases/23.05.1/ath79_generic/openwrt-23.05.1-ath79-generic.manifest
23.05.1,ath79/generic,liblucihttp-ucode,2023-03-15-9b5b683f-1,research-os/data/openwrt-v2-snapshots/releases/23.05.1/ath79_generic/openwrt-23.05.1-ath79-generic.manifest
23.05.1,ath79/generic,liblucihttp0,2023-03-15-9b5b683f-1,research-os/data/openwrt-v2-snapshots/releases/23.05.1/ath79_generic/openwrt-23.05.1-ath79-generic.manifest
23.05.1,ath79/generic,libmbedtls12,2.28.5-2,research-os/data/openwrt-v2-snapshots/releases/23.05.1/ath79_generic/openwrt-23.05.1-ath79-generic.manifest
23.05.1,ath79/generic,libmnl0,1.0.5-1,research-os/data/openwrt-v2-snapshots/releases/23.05.1/ath79_generic/openwrt-23.05.1-ath79-generic.manifest
23.05.1,ath79/generic,libnftnl11,1.2.6-1,research-os/data/openwrt-v2-snapshots/releases/23.05.1/ath79_generic/openwrt-23.05.1-ath79-generic.manifest
23.05.1,ath79/generic,libnl-tiny1,2023-07-27-bc92a280-1,research-os/data/openwrt-v2-snapshots/releases/23.05.1/ath79_generic/openwrt-23.05.1-ath79-generic.manifest
23.05.1,ath79/generic,libpthread,1.2.4-4,research-os/data/openwrt-v2-snapshots/releases/23.05.1/ath79_generic/openwrt-23.05.1-ath79-generic.manifest
23.05.1,ath79/generic,libubox20230523,2023-05-23-75a3b870-1,research-os/data/openwrt-v2-snapshots/releases/23.05.1/ath79_generic/openwrt-23.05.1-ath79-generic.manifest
23.05.1,ath79/generic,libubus20230605,2023-06-05-f787c97b-1,research-os/data/openwrt-v2-snapshots/releases/23.05.1/ath79_generic/openwrt-23.05.1-ath79-generic.manifest
23.05.1,ath79/generic,libuci20130104,2023-08-10-5781664d-1,research-os/data/openwrt-v2-snapshots/releases/23.05.1/ath79_generic/openwrt-23.05.1-ath79-generic.manifest
23.05.1,ath79/generic,libuclient20201210,2023-04-13-007d9454-1,research-os/data/openwrt-v2-snapshots/releases/23.05.1/ath79_generic/openwrt-23.05.1-ath79-generic.manifest
23.05.1,ath79/generic,libucode20230711,2023-11-07-a6e75e02-1,research-os/data/openwrt-v2-snapshots/releases/23.05.1/ath79_generic/openwrt-23.05.1-ath79-generic.manifest
23.05.1,ath79/generic,libustream-mbedtls20201210,2023-02-25-498f6e26-1,research-os/data/openwrt-v2-snapshots/releases/23.05.1/ath79_generic/openwrt-23.05.1-ath79-generic.manifest
23.05.1,ath79/generic,logd,2022-08-13-4c7b720b-2,research-os/data/openwrt-v2-snapshots/releases/23.05.1/ath79_generic/openwrt-23.05.1-ath79-generic.manifest
23.05.1,ath79/generic,luci,git-23.051.66410-a505bb1,research-os/data/openwrt-v2-snapshots/releases/23.05.1/ath79_generic/openwrt-23.05.1-ath79-generic.manifest
23.05.1,ath79/generic,luci-app-firewall,git-23.306.38853-a0466cd,research-os/data/openwrt-v2-snapshots/releases/23.05.1/ath79_generic/openwrt-23.05.1-ath79-generic.manifest
23.05.1,ath79/generic,luci-app-opkg,git-23.311.75635-769b30c,research-os/data/openwrt-v2-snapshots/releases/23.05.1/ath79_generic/openwrt-23.05.1-ath79-generic.manifest
23.05.1,ath79/generic,luci-base,git-23.306.39416-c86c256,research-os/data/openwrt-v2-snapshots/releases/23.05.1/ath79_generic/openwrt-23.05.1-ath79-generic.manifest
23.05.1,ath79/generic,luci-light,git-23.024.33244-34dee82,research-os/data/openwrt-v2-snapshots/releases/23.05.1/ath79_generic/openwrt-23.05.1-ath79-generic.manifest
23.05.1,ath79/generic,luci-mod-admin-full,git-19.253.48496-3f93650,research-os/data/openwrt-v2-snapshots/releases/23.05.1/ath79_generic/openwrt-23.05.1-ath79-generic.manifest
23.05.1,ath79/generic,luci-mod-network,git-23.313.56166-6da284d,research-os/data/openwrt-v2-snapshots/releases/23.05.1/ath79_generic/openwrt-23.05.1-ath79-generic.manifest
23.05.1,ath79/generic,luci-mod-status,git-23.306.52197-bdcd3e0,research-os/data/openwrt-v2-snapshots/releases/23.05.1/ath79_generic/openwrt-23.05.1-ath79-generic.manifest
23.05.1,ath79/generic,luci-mod-system,git-23.306.39416-7d3abf8,research-os/data/openwrt-v2-snapshots/releases/23.05.1/ath79_generic/openwrt-23.05.1-ath79-generic.manifest
23.05.1,ath79/generic,luci-proto-ipv6,git-21.148.48881-79947af,research-os/data/openwrt-v2-snapshots/releases/23.05.1/ath79_generic/openwrt-23.05.1-ath79-generic.manifest
23.05.1,ath79/generic,luci-proto-ppp,git-21.158.38888-88b9d84,research-os/data/openwrt-v2-snapshots/releases/23.05.1/ath79_generic/openwrt-23.05.1-ath79-generic.manifest
23.05.1,ath79/generic,luci-ssl,git-23.035.26083-7550ad6,research-os/data/openwrt-v2-snapshots/releases/23.05.1/ath79_generic/openwrt-23.05.1-ath79-generic.manifest
23.05.1,ath79/generic,luci-theme-bootstrap,git-23.306.39416-c86c256,research-os/data/openwrt-v2-snapshots/releases/23.05.1/ath79_generic/openwrt-23.05.1-ath79-generic.manifest
23.05.1,ath79/generic,mtd,26,research-os/data/openwrt-v2-snapshots/releases/23.05.1/ath79_generic/openwrt-23.05.1-ath79-generic.manifest
23.05.1,ath79/generic,netifd,2023-11-10-35facc83-1,research-os/data/openwrt-v2-snapshots/releases/23.05.1/ath79_generic/openwrt-23.05.1-ath79-generic.manifest
23.05.1,ath79/generic,nftables-json,1.0.8-1,research-os/data/openwrt-v2-snapshots/releases/23.05.1/ath79_generic/openwrt-23.05.1-ath79-generic.manifest
23.05.1,ath79/generic,odhcp6c,2023-05-12-bcd28363-20,research-os/data/openwrt-v2-snapshots/releases/23.05.1/ath79_generic/openwrt-23.05.1-ath79-generic.manifest
23.05.1,ath79/generic,odhcpd-ipv6only,2023-10-24-d8118f6e-1,research-os/data/openwrt-v2-snapshots/releases/23.05.1/ath79_generic/openwrt-23.05.1-ath79-generic.manifest
23.05.1,ath79/generic,openwrt-keyring,2022-03-25-62471e69-2,research-os/data/openwrt-v2-snapshots/releases/23.05.1/ath79_generic/openwrt-23.05.1-ath79-generic.manifest
23.05.1,ath79/generic,opkg,2022-02-24-d038e5b6-2,research-os/data/openwrt-v2-snapshots/releases/23.05.1/ath79_generic/openwrt-23.05.1-ath79-generic.manifest
23.05.1,ath79/generic,ppp,2.4.9.git-2021-01-04-4,research-os/data/openwrt-v2-snapshots/releases/23.05.1/ath79_generic/openwrt-23.05.1-ath79-generic.manifest
23.05.1,ath79/generic,ppp-mod-pppoe,2.4.9.git-2021-01-04-4,research-os/data/openwrt-v2-snapshots/releases/23.05.1/ath79_generic/openwrt-23.05.1-ath79-generic.manifest
23.05.1,ath79/generic,procd,2023-06-25-2db83655-2,research-os/data/openwrt-v2-snapshots/releases/23.05.1/ath79_generic/openwrt-23.05.1-ath79-generic.manifest
23.05.1,ath79/generic,procd-seccomp,2023-06-25-2db83655-2,research-os/data/openwrt-v2-snapshots/releases/23.05.1/ath79_generic/openwrt-23.05.1-ath79-generic.manifest
23.05.1,ath79/generic,procd-ujail,2023-06-25-2db83655-2,research-os/data/openwrt-v2-snapshots/releases/23.05.1/ath79_generic/openwrt-23.05.1-ath79-generic.manifest
23.05.1,ath79/generic,px5g-mbedtls,10,research-os/data/openwrt-v2-snapshots/releases/23.05.1/ath79_generic/openwrt-23.05.1-ath79-generic.manifest
23.05.1,ath79/generic,rpcd,2023-07-01-c07ab2f9-1,research-os/data/openwrt-v2-snapshots/releases/23.05.1/ath79_generic/openwrt-23.05.1-ath79-generic.manifest
23.05.1,ath79/generic,rpcd-mod-file,2023-07-01-c07ab2f9-1,research-os/data/openwrt-v2-snapshots/releases/23.05.1/ath79_generic/openwrt-23.05.1-ath79-generic.manifest
23.05.1,ath79/generic,rpcd-mod-iwinfo,2023-07-01-c07ab2f9-1,research-os/data/openwrt-v2-snapshots/releases/23.05.1/ath79_generic/openwrt-23.05.1-ath79-generic.manifest
23.05.1,ath79/generic,rpcd-mod-luci,20230123-1,research-os/data/openwrt-v2-snapshots/releases/23.05.1/ath79_generic/openwrt-23.05.1-ath79-generic.manifest
23.05.1,ath79/generic,rpcd-mod-rrdns,20170710,research-os/data/openwrt-v2-snapshots/releases/23.05.1/ath79_generic/openwrt-23.05.1-ath79-generic.manifest
23.05.1,ath79/generic,rpcd-mod-ucode,2023-07-01-c07ab2f9-1,research-os/data/openwrt-v2-snapshots/releases/23.05.1/ath79_generic/openwrt-23.05.1-ath79-generic.manifest
23.05.1,ath79/generic,swconfig,12,research-os/data/openwrt-v2-snapshots/releases/23.05.1/ath79_generic/openwrt-23.05.1-ath79-generic.manifest
23.05.1,ath79/generic,uboot-envtools,2023.04-1,research-os/data/openwrt-v2-snapshots/releases/23.05.1/ath79_generic/openwrt-23.05.1-ath79-generic.manifest
23.05.1,ath79/generic,ubox,2022-08-13-4c7b720b-2,research-os/data/openwrt-v2-snapshots/releases/23.05.1/ath79_generic/openwrt-23.05.1-ath79-generic.manifest
23.05.1,ath79/generic,ubus,2023-06-05-f787c97b-1,research-os/data/openwrt-v2-snapshots/releases/23.05.1/ath79_generic/openwrt-23.05.1-ath79-generic.manifest
23.05.1,ath79/generic,ubusd,2023-06-05-f787c97b-1,research-os/data/openwrt-v2-snapshots/releases/23.05.1/ath79_generic/openwrt-23.05.1-ath79-generic.manifest
23.05.1,ath79/generic,uci,2023-08-10-5781664d-1,research-os/data/openwrt-v2-snapshots/releases/23.05.1/ath79_generic/openwrt-23.05.1-ath79-generic.manifest
23.05.1,ath79/generic,uclient-fetch,2023-04-13-007d9454-1,research-os/data/openwrt-v2-snapshots/releases/23.05.1/ath79_generic/openwrt-23.05.1-ath79-generic.manifest
23.05.1,ath79/generic,ucode,2023-11-07-a6e75e02-1,research-os/data/openwrt-v2-snapshots/releases/23.05.1/ath79_generic/openwrt-23.05.1-ath79-generic.manifest
23.05.1,ath79/generic,ucode-mod-fs,2023-11-07-a6e75e02-1,research-os/data/openwrt-v2-snapshots/releases/23.05.1/ath79_generic/openwrt-23.05.1-ath79-generic.manifest
23.05.1,ath79/generic,ucode-mod-html,1,research-os/data/openwrt-v2-snapshots/releases/23.05.1/ath79_generic/openwrt-23.05.1-ath79-generic.manifest
23.05.1,ath79/generic,ucode-mod-math,2023-11-07-a6e75e02-1,research-os/data/openwrt-v2-snapshots/releases/23.05.1/ath79_generic/openwrt-23.05.1-ath79-generic.manifest
23.05.1,ath79/generic,ucode-mod-nl80211,2023-11-07-a6e75e02-1,research-os/data/openwrt-v2-snapshots/releases/23.05.1/ath79_generic/openwrt-23.05.1-ath79-generic.manifest
23.05.1,ath79/generic,ucode-mod-rtnl,2023-11-07-a6e75e02-1,research-os/data/openwrt-v2-snapshots/releases/23.05.1/ath79_generic/openwrt-23.05.1-ath79-generic.manifest
23.05.1,ath79/generic,ucode-mod-ubus,2023-11-07-a6e75e02-1,research-os/data/openwrt-v2-snapshots/releases/23.05.1/ath79_generic/openwrt-23.05.1-ath79-generic.manifest
23.05.1,ath79/generic,ucode-mod-uci,2023-11-07-a6e75e02-1,research-os/data/openwrt-v2-snapshots/releases/23.05.1/ath79_generic/openwrt-23.05.1-ath79-generic.manifest
23.05.1,ath79/generic,ucode-mod-uloop,2023-11-07-a6e75e02-1,research-os/data/openwrt-v2-snapshots/releases/23.05.1/ath79_generic/openwrt-23.05.1-ath79-generic.manifest
23.05.1,ath79/generic,uhttpd,2023-06-25-34a8a74d-1,research-os/data/openwrt-v2-snapshots/releases/23.05.1/ath79_generic/openwrt-23.05.1-ath79-generic.manifest
23.05.1,ath79/generic,uhttpd-mod-ubus,2023-06-25-34a8a74d-1,research-os/data/openwrt-v2-snapshots/releases/23.05.1/ath79_generic/openwrt-23.05.1-ath79-generic.manifest
23.05.1,ath79/generic,urandom-seed,3,research-os/data/openwrt-v2-snapshots/releases/23.05.1/ath79_generic/openwrt-23.05.1-ath79-generic.manifest
23.05.1,ath79/generic,urngd,2023-11-01-44365eb1-1,research-os/data/openwrt-v2-snapshots/releases/23.05.1/ath79_generic/openwrt-23.05.1-ath79-generic.manifest
23.05.1,ath79/generic,usign,2020-05-23-f1f65026-1,research-os/data/openwrt-v2-snapshots/releases/23.05.1/ath79_generic/openwrt-23.05.1-ath79-generic.manifest
23.05.1,ath79/generic,wireless-regdb,2023.09.01-1,research-os/data/openwrt-v2-snapshots/releases/23.05.1/ath79_generic/openwrt-23.05.1-ath79-generic.manifest
23.05.1,ath79/generic,wpad-basic-mbedtls,2023-09-08-e5ccbfc6-6,research-os/data/openwrt-v2-snapshots/releases/23.05.1/ath79_generic/openwrt-23.05.1-ath79-generic.manifest
23.05.1,x86/64,base-files,1548-r23619-101988c61a,research-os/data/openwrt-v2-snapshots/releases/23.05.1/x86_64/openwrt-23.05.1-x86-64.manifest
23.05.1,x86/64,busybox,1.36.1-1,research-os/data/openwrt-v2-snapshots/releases/23.05.1/x86_64/openwrt-23.05.1-x86-64.manifest
23.05.1,x86/64,ca-bundle,20230311-1,research-os/data/openwrt-v2-snapshots/releases/23.05.1/x86_64/openwrt-23.05.1-x86-64.manifest
23.05.1,x86/64,cgi-io,2022-08-10-901b0f04-21,research-os/data/openwrt-v2-snapshots/releases/23.05.1/x86_64/openwrt-23.05.1-x86-64.manifest
23.05.1,x86/64,dnsmasq,2.89-4,research-os/data/openwrt-v2-snapshots/releases/23.05.1/x86_64/openwrt-23.05.1-x86-64.manifest
23.05.1,x86/64,dropbear,2022.82-5,research-os/data/openwrt-v2-snapshots/releases/23.05.1/x86_64/openwrt-23.05.1-x86-64.manifest
23.05.1,x86/64,e2fsprogs,1.47.0-2,research-os/data/openwrt-v2-snapshots/releases/23.05.1/x86_64/openwrt-23.05.1-x86-64.manifest
23.05.1,x86/64,firewall4,2023-09-01-598d9fbb-1,research-os/data/openwrt-v2-snapshots/releases/23.05.1/x86_64/openwrt-23.05.1-x86-64.manifest
23.05.1,x86/64,fstools,2023-02-28-bfe882d5-1,research-os/data/openwrt-v2-snapshots/releases/23.05.1/x86_64/openwrt-23.05.1-x86-64.manifest
23.05.1,x86/64,fwtool,2019-11-12-8f7fe925-1,research-os/data/openwrt-v2-snapshots/releases/23.05.1/x86_64/openwrt-23.05.1-x86-64.manifest
23.05.1,x86/64,getrandom,2022-08-13-4c7b720b-2,research-os/data/openwrt-v2-snapshots/releases/23.05.1/x86_64/openwrt-23.05.1-x86-64.manifest
23.05.1,x86/64,grub2,2.06-5,research-os/data/openwrt-v2-snapshots/releases/23.05.1/x86_64/openwrt-23.05.1-x86-64.manifest
23.05.1,x86/64,grub2-bios-setup,2.06-5,research-os/data/openwrt-v2-snapshots/releases/23.05.1/x86_64/openwrt-23.05.1-x86-64.manifest
23.05.1,x86/64,grub2-efi,2.06-5,research-os/data/openwrt-v2-snapshots/releases/23.05.1/x86_64/openwrt-23.05.1-x86-64.manifest
23.05.1,x86/64,jansson4,2.14-3,research-os/data/openwrt-v2-snapshots/releases/23.05.1/x86_64/openwrt-23.05.1-x86-64.manifest
23.05.1,x86/64,jshn,2023-05-23-75a3b870-1,research-os/data/openwrt-v2-snapshots/releases/23.05.1/x86_64/openwrt-23.05.1-x86-64.manifest
23.05.1,x86/64,jsonfilter,2018-02-04-c7e938d6-1,research-os/data/openwrt-v2-snapshots/releases/23.05.1/x86_64/openwrt-23.05.1-x86-64.manifest
23.05.1,x86/64,kernel,5.15.137-1-47964456485559d992fe6f536131fc64,research-os/data/openwrt-v2-snapshots/releases/23.05.1/x86_64/openwrt-23.05.1-x86-64.manifest
23.05.1,x86/64,kmod-button-hotplug,5.15.137-3,research-os/data/openwrt-v2-snapshots/releases/23.05.1/x86_64/openwrt-23.05.1-x86-64.manifest
23.05.1,x86/64,kmod-crypto-acompress,5.15.137-1,research-os/data/openwrt-v2-snapshots/releases/23.05.1/x86_64/openwrt-23.05.1-x86-64.manifest
23.05.1,x86/64,kmod-crypto-crc32c,5.15.137-1,research-os/data/openwrt-v2-snapshots/releases/23.05.1/x86_64/openwrt-23.05.1-x86-64.manifest
23.05.1,x86/64,kmod-crypto-hash,5.15.137-1,research-os/data/openwrt-v2-snapshots/releases/23.05.1/x86_64/openwrt-23.05.1-x86-64.manifest
23.05.1,x86/64,kmod-fs-vfat,5.15.137-1,research-os/data/openwrt-v2-snapshots/releases/23.05.1/x86_64/openwrt-23.05.1-x86-64.manifest
23.05.1,x86/64,kmod-input-core,5.15.137-1,research-os/data/openwrt-v2-snapshots/releases/23.05.1/x86_64/openwrt-23.05.1-x86-64.manifest
23.05.1,x86/64,kmod-lib-crc-ccitt,5.15.137-1,research-os/data/openwrt-v2-snapshots/releases/23.05.1/x86_64/openwrt-23.05.1-x86-64.manifest
23.05.1,x86/64,kmod-lib-crc32c,5.15.137-1,research-os/data/openwrt-v2-snapshots/releases/23.05.1/x86_64/openwrt-23.05.1-x86-64.manifest
23.05.1,x86/64,kmod-lib-lzo,5.15.137-1,research-os/data/openwrt-v2-snapshots/releases/23.05.1/x86_64/openwrt-23.05.1-x86-64.manifest
23.05.1,x86/64,kmod-nf-conntrack,5.15.137-1,research-os/data/openwrt-v2-snapshots/releases/23.05.1/x86_64/openwrt-23.05.1-x86-64.manifest
23.05.1,x86/64,kmod-nf-conntrack6,5.15.137-1,research-os/data/openwrt-v2-snapshots/releases/23.05.1/x86_64/openwrt-23.05.1-x86-64.manifest
23.05.1,x86/64,kmod-nf-flow,5.15.137-1,research-os/data/openwrt-v2-snapshots/releases/23.05.1/x86_64/openwrt-23.05.1-x86-64.manifest
23.05.1,x86/64,kmod-nf-log,5.15.137-1,research-os/data/openwrt-v2-snapshots/releases/23.05.1/x86_64/openwrt-23.05.1-x86-64.manifest
23.05.1,x86/64,kmod-nf-log6,5.15.137-1,research-os/data/openwrt-v2-snapshots/releases/23.05.1/x86_64/openwrt-23.05.1-x86-64.manifest
23.05.1,x86/64,kmod-nf-nat,5.15.137-1,research-os/data/openwrt-v2-snapshots/releases/23.05.1/x86_64/openwrt-23.05.1-x86-64.manifest
23.05.1,x86/64,kmod-nf-reject,5.15.137-1,research-os/data/openwrt-v2-snapshots/releases/23.05.1/x86_64/openwrt-23.05.1-x86-64.manifest
23.05.1,x86/64,kmod-nf-reject6,5.15.137-1,research-os/data/openwrt-v2-snapshots/releases/23.05.1/x86_64/openwrt-23.05.1-x86-64.manifest
23.05.1,x86/64,kmod-nfnetlink,5.15.137-1,research-os/data/openwrt-v2-snapshots/releases/23.05.1/x86_64/openwrt-23.05.1-x86-64.manifest
23.05.1,x86/64,kmod-nft-core,5.15.137-1,research-os/data/openwrt-v2-snapshots/releases/23.05.1/x86_64/openwrt-23.05.1-x86-64.manifest
23.05.1,x86/64,kmod-nft-fib,5.15.137-1,research-os/data/openwrt-v2-snapshots/releases/23.05.1/x86_64/openwrt-23.05.1-x86-64.manifest
23.05.1,x86/64,kmod-nft-nat,5.15.137-1,research-os/data/openwrt-v2-snapshots/releases/23.05.1/x86_64/openwrt-23.05.1-x86-64.manifest
23.05.1,x86/64,kmod-nft-offload,5.15.137-1,research-os/data/openwrt-v2-snapshots/releases/23.05.1/x86_64/openwrt-23.05.1-x86-64.manifest
23.05.1,x86/64,kmod-nls-base,5.15.137-1,research-os/data/openwrt-v2-snapshots/releases/23.05.1/x86_64/openwrt-23.05.1-x86-64.manifest
23.05.1,x86/64,kmod-nls-cp437,5.15.137-1,research-os/data/openwrt-v2-snapshots/releases/23.05.1/x86_64/openwrt-23.05.1-x86-64.manifest
23.05.1,x86/64,kmod-nls-iso8859-1,5.15.137-1,research-os/data/openwrt-v2-snapshots/releases/23.05.1/x86_64/openwrt-23.05.1-x86-64.manifest
23.05.1,x86/64,kmod-nls-utf8,5.15.137-1,research-os/data/openwrt-v2-snapshots/releases/23.05.1/x86_64/openwrt-23.05.1-x86-64.manifest
23.05.1,x86/64,kmod-ppp,5.15.137-1,research-os/data/openwrt-v2-snapshots/releases/23.05.1/x86_64/openwrt-23.05.1-x86-64.manifest
23.05.1,x86/64,kmod-pppoe,5.15.137-1,research-os/data/openwrt-v2-snapshots/releases/23.05.1/x86_64/openwrt-23.05.1-x86-64.manifest
23.05.1,x86/64,kmod-pppox,5.15.137-1,research-os/data/openwrt-v2-snapshots/releases/23.05.1/x86_64/openwrt-23.05.1-x86-64.manifest
23.05.1,x86/64,kmod-slhc,5.15.137-1,research-os/data/openwrt-v2-snapshots/releases/23.05.1/x86_64/openwrt-23.05.1-x86-64.manifest
23.05.1,x86/64,libblkid1,2.39-2,research-os/data/openwrt-v2-snapshots/releases/23.05.1/x86_64/openwrt-23.05.1-x86-64.manifest
23.05.1,x86/64,libblobmsg-json20230523,2023-05-23-75a3b870-1,research-os/data/openwrt-v2-snapshots/releases/23.05.1/x86_64/openwrt-23.05.1-x86-64.manifest
23.05.1,x86/64,libc,1.2.4-4,research-os/data/openwrt-v2-snapshots/releases/23.05.1/x86_64/openwrt-23.05.1-x86-64.manifest
23.05.1,x86/64,libcomerr0,1.47.0-2,research-os/data/openwrt-v2-snapshots/releases/23.05.1/x86_64/openwrt-23.05.1-x86-64.manifest
23.05.1,x86/64,libext2fs2,1.47.0-2,research-os/data/openwrt-v2-snapshots/releases/23.05.1/x86_64/openwrt-23.05.1-x86-64.manifest
23.05.1,x86/64,libf2fs6,1.16.0-1,research-os/data/openwrt-v2-snapshots/releases/23.05.1/x86_64/openwrt-23.05.1-x86-64.manifest
23.05.1,x86/64,libgcc1,12.3.0-4,research-os/data/openwrt-v2-snapshots/releases/23.05.1/x86_64/openwrt-23.05.1-x86-64.manifest
23.05.1,x86/64,libiwinfo-data,2023-07-01-ca79f641-1,research-os/data/openwrt-v2-snapshots/releases/23.05.1/x86_64/openwrt-23.05.1-x86-64.manifest
23.05.1,x86/64,libiwinfo20230701,2023-07-01-ca79f641-1,research-os/data/openwrt-v2-snapshots/releases/23.05.1/x86_64/openwrt-23.05.1-x86-64.manifest
23.05.1,x86/64,libjson-c5,0.16-3,research-os/data/openwrt-v2-snapshots/releases/23.05.1/x86_64/openwrt-23.05.1-x86-64.manifest
23.05.1,x86/64,libjson-script20230523,2023-05-23-75a3b870-1,research-os/data/openwrt-v2-snapshots/releases/23.05.1/x86_64/openwrt-23.05.1-x86-64.manifest
23.05.1,x86/64,liblucihttp-ucode,2023-03-15-9b5b683f-1,research-os/data/openwrt-v2-snapshots/releases/23.05.1/x86_64/openwrt-23.05.1-x86-64.manifest
23.05.1,x86/64,liblucihttp0,2023-03-15-9b5b683f-1,research-os/data/openwrt-v2-snapshots/releases/23.05.1/x86_64/openwrt-23.05.1-x86-64.manifest
23.05.1,x86/64,libmbedtls12,2.28.5-2,research-os/data/openwrt-v2-snapshots/releases/23.05.1/x86_64/openwrt-23.05.1-x86-64.manifest
23.05.1,x86/64,libmnl0,1.0.5-1,research-os/data/openwrt-v2-snapshots/releases/23.05.1/x86_64/openwrt-23.05.1-x86-64.manifest
23.05.1,x86/64,libnftnl11,1.2.6-1,research-os/data/openwrt-v2-snapshots/releases/23.05.1/x86_64/openwrt-23.05.1-x86-64.manifest
23.05.1,x86/64,libnl-tiny1,2023-07-27-bc92a280-1,research-os/data/openwrt-v2-snapshots/releases/23.05.1/x86_64/openwrt-23.05.1-x86-64.manifest
23.05.1,x86/64,libpthread,1.2.4-4,research-os/data/openwrt-v2-snapshots/releases/23.05.1/x86_64/openwrt-23.05.1-x86-64.manifest
23.05.1,x86/64,librt,1.2.4-4,research-os/data/openwrt-v2-snapshots/releases/23.05.1/x86_64/openwrt-23.05.1-x86-64.manifest
23.05.1,x86/64,libsmartcols1,2.39-2,research-os/data/openwrt-v2-snapshots/releases/23.05.1/x86_64/openwrt-23.05.1-x86-64.manifest
23.05.1,x86/64,libss2,1.47.0-2,research-os/data/openwrt-v2-snapshots/releases/23.05.1/x86_64/openwrt-23.05.1-x86-64.manifest
23.05.1,x86/64,libubox20230523,2023-05-23-75a3b870-1,research-os/data/openwrt-v2-snapshots/releases/23.05.1/x86_64/openwrt-23.05.1-x86-64.manifest
23.05.1,x86/64,libubus20230605,2023-06-05-f787c97b-1,research-os/data/openwrt-v2-snapshots/releases/23.05.1/x86_64/openwrt-23.05.1-x86-64.manifest
23.05.1,x86/64,libuci20130104,2023-08-10-5781664d-1,research-os/data/openwrt-v2-snapshots/releases/23.05.1/x86_64/openwrt-23.05.1-x86-64.manifest
23.05.1,x86/64,libuclient20201210,2023-04-13-007d9454-1,research-os/data/openwrt-v2-snapshots/releases/23.05.1/x86_64/openwrt-23.05.1-x86-64.manifest
23.05.1,x86/64,libucode20230711,2023-11-07-a6e75e02-1,research-os/data/openwrt-v2-snapshots/releases/23.05.1/x86_64/openwrt-23.05.1-x86-64.manifest
23.05.1,x86/64,libustream-mbedtls20201210,2023-02-25-498f6e26-1,research-os/data/openwrt-v2-snapshots/releases/23.05.1/x86_64/openwrt-23.05.1-x86-64.manifest
23.05.1,x86/64,libuuid1,2.39-2,research-os/data/openwrt-v2-snapshots/releases/23.05.1/x86_64/openwrt-23.05.1-x86-64.manifest
23.05.1,x86/64,logd,2022-08-13-4c7b720b-2,research-os/data/openwrt-v2-snapshots/releases/23.05.1/x86_64/openwrt-23.05.1-x86-64.manifest
23.05.1,x86/64,luci,git-23.051.66410-a505bb1,research-os/data/openwrt-v2-snapshots/releases/23.05.1/x86_64/openwrt-23.05.1-x86-64.manifest
23.05.1,x86/64,luci-app-firewall,git-23.306.38853-a0466cd,research-os/data/openwrt-v2-snapshots/releases/23.05.1/x86_64/openwrt-23.05.1-x86-64.manifest
23.05.1,x86/64,luci-app-opkg,git-23.311.75635-769b30c,research-os/data/openwrt-v2-snapshots/releases/23.05.1/x86_64/openwrt-23.05.1-x86-64.manifest
23.05.1,x86/64,luci-base,git-23.306.39416-c86c256,research-os/data/openwrt-v2-snapshots/releases/23.05.1/x86_64/openwrt-23.05.1-x86-64.manifest
23.05.1,x86/64,luci-light,git-23.024.33244-34dee82,research-os/data/openwrt-v2-snapshots/releases/23.05.1/x86_64/openwrt-23.05.1-x86-64.manifest
23.05.1,x86/64,luci-mod-admin-full,git-19.253.48496-3f93650,research-os/data/openwrt-v2-snapshots/releases/23.05.1/x86_64/openwrt-23.05.1-x86-64.manifest
23.05.1,x86/64,luci-mod-network,git-23.313.56166-6da284d,research-os/data/openwrt-v2-snapshots/releases/23.05.1/x86_64/openwrt-23.05.1-x86-64.manifest
23.05.1,x86/64,luci-mod-status,git-23.306.52197-bdcd3e0,research-os/data/openwrt-v2-snapshots/releases/23.05.1/x86_64/openwrt-23.05.1-x86-64.manifest
23.05.1,x86/64,luci-mod-system,git-23.306.39416-7d3abf8,research-os/data/openwrt-v2-snapshots/releases/23.05.1/x86_64/openwrt-23.05.1-x86-64.manifest
23.05.1,x86/64,luci-proto-ipv6,git-21.148.48881-79947af,research-os/data/openwrt-v2-snapshots/releases/23.05.1/x86_64/openwrt-23.05.1-x86-64.manifest
23.05.1,x86/64,luci-proto-ppp,git-21.158.38888-88b9d84,research-os/data/openwrt-v2-snapshots/releases/23.05.1/x86_64/openwrt-23.05.1-x86-64.manifest
23.05.1,x86/64,luci-ssl,git-23.035.26083-7550ad6,research-os/data/openwrt-v2-snapshots/releases/23.05.1/x86_64/openwrt-23.05.1-x86-64.manifest
23.05.1,x86/64,luci-theme-bootstrap,git-23.306.39416-c86c256,research-os/data/openwrt-v2-snapshots/releases/23.05.1/x86_64/openwrt-23.05.1-x86-64.manifest
23.05.1,x86/64,mkf2fs,1.16.0-1,research-os/data/openwrt-v2-snapshots/releases/23.05.1/x86_64/openwrt-23.05.1-x86-64.manifest
23.05.1,x86/64,mtd,26,research-os/data/openwrt-v2-snapshots/releases/23.05.1/x86_64/openwrt-23.05.1-x86-64.manifest
23.05.1,x86/64,netifd,2023-11-10-35facc83-1,research-os/data/openwrt-v2-snapshots/releases/23.05.1/x86_64/openwrt-23.05.1-x86-64.manifest
23.05.1,x86/64,nftables-json,1.0.8-1,research-os/data/openwrt-v2-snapshots/releases/23.05.1/x86_64/openwrt-23.05.1-x86-64.manifest
23.05.1,x86/64,odhcp6c,2023-05-12-bcd28363-20,research-os/data/openwrt-v2-snapshots/releases/23.05.1/x86_64/openwrt-23.05.1-x86-64.manifest
23.05.1,x86/64,odhcpd-ipv6only,2023-10-24-d8118f6e-1,research-os/data/openwrt-v2-snapshots/releases/23.05.1/x86_64/openwrt-23.05.1-x86-64.manifest
23.05.1,x86/64,openwrt-keyring,2022-03-25-62471e69-2,research-os/data/openwrt-v2-snapshots/releases/23.05.1/x86_64/openwrt-23.05.1-x86-64.manifest
23.05.1,x86/64,opkg,2022-02-24-d038e5b6-2,research-os/data/openwrt-v2-snapshots/releases/23.05.1/x86_64/openwrt-23.05.1-x86-64.manifest
23.05.1,x86/64,partx-utils,2.39-2,research-os/data/openwrt-v2-snapshots/releases/23.05.1/x86_64/openwrt-23.05.1-x86-64.manifest
23.05.1,x86/64,ppp,2.4.9.git-2021-01-04-4,research-os/data/openwrt-v2-snapshots/releases/23.05.1/x86_64/openwrt-23.05.1-x86-64.manifest
23.05.1,x86/64,ppp-mod-pppoe,2.4.9.git-2021-01-04-4,research-os/data/openwrt-v2-snapshots/releases/23.05.1/x86_64/openwrt-23.05.1-x86-64.manifest
23.05.1,x86/64,procd,2023-06-25-2db83655-2,research-os/data/openwrt-v2-snapshots/releases/23.05.1/x86_64/openwrt-23.05.1-x86-64.manifest
23.05.1,x86/64,procd-seccomp,2023-06-25-2db83655-2,research-os/data/openwrt-v2-snapshots/releases/23.05.1/x86_64/openwrt-23.05.1-x86-64.manifest
23.05.1,x86/64,procd-ujail,2023-06-25-2db83655-2,research-os/data/openwrt-v2-snapshots/releases/23.05.1/x86_64/openwrt-23.05.1-x86-64.manifest
23.05.1,x86/64,px5g-mbedtls,10,research-os/data/openwrt-v2-snapshots/releases/23.05.1/x86_64/openwrt-23.05.1-x86-64.manifest
23.05.1,x86/64,rpcd,2023-07-01-c07ab2f9-1,research-os/data/openwrt-v2-snapshots/releases/23.05.1/x86_64/openwrt-23.05.1-x86-64.manifest
23.05.1,x86/64,rpcd-mod-file,2023-07-01-c07ab2f9-1,research-os/data/openwrt-v2-snapshots/releases/23.05.1/x86_64/openwrt-23.05.1-x86-64.manifest
23.05.1,x86/64,rpcd-mod-iwinfo,2023-07-01-c07ab2f9-1,research-os/data/openwrt-v2-snapshots/releases/23.05.1/x86_64/openwrt-23.05.1-x86-64.manifest
23.05.1,x86/64,rpcd-mod-luci,20230123-1,research-os/data/openwrt-v2-snapshots/releases/23.05.1/x86_64/openwrt-23.05.1-x86-64.manifest
23.05.1,x86/64,rpcd-mod-rrdns,20170710,research-os/data/openwrt-v2-snapshots/releases/23.05.1/x86_64/openwrt-23.05.1-x86-64.manifest
23.05.1,x86/64,rpcd-mod-ucode,2023-07-01-c07ab2f9-1,research-os/data/openwrt-v2-snapshots/releases/23.05.1/x86_64/openwrt-23.05.1-x86-64.manifest
23.05.1,x86/64,ubox,2022-08-13-4c7b720b-2,research-os/data/openwrt-v2-snapshots/releases/23.05.1/x86_64/openwrt-23.05.1-x86-64.manifest
23.05.1,x86/64,ubus,2023-06-05-f787c97b-1,research-os/data/openwrt-v2-snapshots/releases/23.05.1/x86_64/openwrt-23.05.1-x86-64.manifest
23.05.1,x86/64,ubusd,2023-06-05-f787c97b-1,research-os/data/openwrt-v2-snapshots/releases/23.05.1/x86_64/openwrt-23.05.1-x86-64.manifest
23.05.1,x86/64,uci,2023-08-10-5781664d-1,research-os/data/openwrt-v2-snapshots/releases/23.05.1/x86_64/openwrt-23.05.1-x86-64.manifest
23.05.1,x86/64,uclient-fetch,2023-04-13-007d9454-1,research-os/data/openwrt-v2-snapshots/releases/23.05.1/x86_64/openwrt-23.05.1-x86-64.manifest
23.05.1,x86/64,ucode,2023-11-07-a6e75e02-1,research-os/data/openwrt-v2-snapshots/releases/23.05.1/x86_64/openwrt-23.05.1-x86-64.manifest
23.05.1,x86/64,ucode-mod-fs,2023-11-07-a6e75e02-1,research-os/data/openwrt-v2-snapshots/releases/23.05.1/x86_64/openwrt-23.05.1-x86-64.manifest
23.05.1,x86/64,ucode-mod-html,1,research-os/data/openwrt-v2-snapshots/releases/23.05.1/x86_64/openwrt-23.05.1-x86-64.manifest
23.05.1,x86/64,ucode-mod-math,2023-11-07-a6e75e02-1,research-os/data/openwrt-v2-snapshots/releases/23.05.1/x86_64/openwrt-23.05.1-x86-64.manifest
23.05.1,x86/64,ucode-mod-ubus,2023-11-07-a6e75e02-1,research-os/data/openwrt-v2-snapshots/releases/23.05.1/x86_64/openwrt-23.05.1-x86-64.manifest
23.05.1,x86/64,ucode-mod-uci,2023-11-07-a6e75e02-1,research-os/data/openwrt-v2-snapshots/releases/23.05.1/x86_64/openwrt-23.05.1-x86-64.manifest
23.05.1,x86/64,uhttpd,2023-06-25-34a8a74d-1,research-os/data/openwrt-v2-snapshots/releases/23.05.1/x86_64/openwrt-23.05.1-x86-64.manifest
23.05.1,x86/64,uhttpd-mod-ubus,2023-06-25-34a8a74d-1,research-os/data/openwrt-v2-snapshots/releases/23.05.1/x86_64/openwrt-23.05.1-x86-64.manifest
23.05.1,x86/64,urandom-seed,3,research-os/data/openwrt-v2-snapshots/releases/23.05.1/x86_64/openwrt-23.05.1-x86-64.manifest
23.05.1,x86/64,urngd,2023-11-01-44365eb1-1,research-os/data/openwrt-v2-snapshots/releases/23.05.1/x86_64/openwrt-23.05.1-x86-64.manifest
23.05.1,x86/64,usign,2020-05-23-f1f65026-1,research-os/data/openwrt-v2-snapshots/releases/23.05.1/x86_64/openwrt-23.05.1-x86-64.manifest
23.05.2,ath79/generic,base-files,1550-r23630-842932a63d,research-os/data/openwrt-v2-snapshots/releases/23.05.2/ath79_generic/openwrt-23.05.2-ath79-generic.manifest
23.05.2,ath79/generic,busybox,1.36.1-1,research-os/data/openwrt-v2-snapshots/releases/23.05.2/ath79_generic/openwrt-23.05.2-ath79-generic.manifest
23.05.2,ath79/generic,ca-bundle,20230311-1,research-os/data/openwrt-v2-snapshots/releases/23.05.2/ath79_generic/openwrt-23.05.2-ath79-generic.manifest
23.05.2,ath79/generic,cgi-io,2022-08-10-901b0f04-21,research-os/data/openwrt-v2-snapshots/releases/23.05.2/ath79_generic/openwrt-23.05.2-ath79-generic.manifest
23.05.2,ath79/generic,dnsmasq,2.89-4,research-os/data/openwrt-v2-snapshots/releases/23.05.2/ath79_generic/openwrt-23.05.2-ath79-generic.manifest
23.05.2,ath79/generic,dropbear,2022.82-5,research-os/data/openwrt-v2-snapshots/releases/23.05.2/ath79_generic/openwrt-23.05.2-ath79-generic.manifest
23.05.2,ath79/generic,firewall4,2023-09-01-598d9fbb-1,research-os/data/openwrt-v2-snapshots/releases/23.05.2/ath79_generic/openwrt-23.05.2-ath79-generic.manifest
23.05.2,ath79/generic,fstools,2023-02-28-bfe882d5-1,research-os/data/openwrt-v2-snapshots/releases/23.05.2/ath79_generic/openwrt-23.05.2-ath79-generic.manifest
23.05.2,ath79/generic,fwtool,2019-11-12-8f7fe925-1,research-os/data/openwrt-v2-snapshots/releases/23.05.2/ath79_generic/openwrt-23.05.2-ath79-generic.manifest
23.05.2,ath79/generic,getrandom,2022-08-13-4c7b720b-2,research-os/data/openwrt-v2-snapshots/releases/23.05.2/ath79_generic/openwrt-23.05.2-ath79-generic.manifest
23.05.2,ath79/generic,hostapd-common,2023-09-08-e5ccbfc6-6,research-os/data/openwrt-v2-snapshots/releases/23.05.2/ath79_generic/openwrt-23.05.2-ath79-generic.manifest
23.05.2,ath79/generic,iw,5.19-1,research-os/data/openwrt-v2-snapshots/releases/23.05.2/ath79_generic/openwrt-23.05.2-ath79-generic.manifest
23.05.2,ath79/generic,iwinfo,2023-07-01-ca79f641-1,research-os/data/openwrt-v2-snapshots/releases/23.05.2/ath79_generic/openwrt-23.05.2-ath79-generic.manifest
23.05.2,ath79/generic,jansson4,2.14-3,research-os/data/openwrt-v2-snapshots/releases/23.05.2/ath79_generic/openwrt-23.05.2-ath79-generic.manifest
23.05.2,ath79/generic,jshn,2023-05-23-75a3b870-1,research-os/data/openwrt-v2-snapshots/releases/23.05.2/ath79_generic/openwrt-23.05.2-ath79-generic.manifest
23.05.2,ath79/generic,jsonfilter,2018-02-04-c7e938d6-1,research-os/data/openwrt-v2-snapshots/releases/23.05.2/ath79_generic/openwrt-23.05.2-ath79-generic.manifest
23.05.2,ath79/generic,kernel,5.15.137-1-db5fae317c7dec03ba9a83c32ababa81,research-os/data/openwrt-v2-snapshots/releases/23.05.2/ath79_generic/openwrt-23.05.2-ath79-generic.manifest
23.05.2,ath79/generic,kmod-ath,5.15.137+6.1.24-3,research-os/data/openwrt-v2-snapshots/releases/23.05.2/ath79_generic/openwrt-23.05.2-ath79-generic.manifest
23.05.2,ath79/generic,kmod-ath9k,5.15.137+6.1.24-3,research-os/data/openwrt-v2-snapshots/releases/23.05.2/ath79_generic/openwrt-23.05.2-ath79-generic.manifest
23.05.2,ath79/generic,kmod-ath9k-common,5.15.137+6.1.24-3,research-os/data/openwrt-v2-snapshots/releases/23.05.2/ath79_generic/openwrt-23.05.2-ath79-generic.manifest
23.05.2,ath79/generic,kmod-cfg80211,5.15.137+6.1.24-3,research-os/data/openwrt-v2-snapshots/releases/23.05.2/ath79_generic/openwrt-23.05.2-ath79-generic.manifest
23.05.2,ath79/generic,kmod-crypto-acompress,5.15.137-1,research-os/data/openwrt-v2-snapshots/releases/23.05.2/ath79_generic/openwrt-23.05.2-ath79-generic.manifest
23.05.2,ath79/generic,kmod-crypto-aead,5.15.137-1,research-os/data/openwrt-v2-snapshots/releases/23.05.2/ath79_generic/openwrt-23.05.2-ath79-generic.manifest
23.05.2,ath79/generic,kmod-crypto-ccm,5.15.137-1,research-os/data/openwrt-v2-snapshots/releases/23.05.2/ath79_generic/openwrt-23.05.2-ath79-generic.manifest
23.05.2,ath79/generic,kmod-crypto-cmac,5.15.137-1,research-os/data/openwrt-v2-snapshots/releases/23.05.2/ath79_generic/openwrt-23.05.2-ath79-generic.manifest
23.05.2,ath79/generic,kmod-crypto-crc32c,5.15.137-1,research-os/data/openwrt-v2-snapshots/releases/23.05.2/ath79_generic/openwrt-23.05.2-ath79-generic.manifest
23.05.2,ath79/generic,kmod-crypto-ctr,5.15.137-1,research-os/data/openwrt-v2-snapshots/releases/23.05.2/ath79_generic/openwrt-23.05.2-ath79-generic.manifest
23.05.2,ath79/generic,kmod-crypto-gcm,5.15.137-1,research-os/data/openwrt-v2-snapshots/releases/23.05.2/ath79_generic/openwrt-23.05.2-ath79-generic.manifest
23.05.2,ath79/generic,kmod-crypto-gf128,5.15.137-1,research-os/data/openwrt-v2-snapshots/releases/23.05.2/ath79_generic/openwrt-23.05.2-ath79-generic.manifest
23.05.2,ath79/generic,kmod-crypto-ghash,5.15.137-1,research-os/data/openwrt-v2-snapshots/releases/23.05.2/ath79_generic/openwrt-23.05.2-ath79-generic.manifest
23.05.2,ath79/generic,kmod-crypto-hash,5.15.137-1,research-os/data/openwrt-v2-snapshots/releases/23.05.2/ath79_generic/openwrt-23.05.2-ath79-generic.manifest
23.05.2,ath79/generic,kmod-crypto-hmac,5.15.137-1,research-os/data/openwrt-v2-snapshots/releases/23.05.2/ath79_generic/openwrt-23.05.2-ath79-generic.manifest
23.05.2,ath79/generic,kmod-crypto-manager,5.15.137-1,research-os/data/openwrt-v2-snapshots/releases/23.05.2/ath79_generic/openwrt-23.05.2-ath79-generic.manifest
23.05.2,ath79/generic,kmod-crypto-null,5.15.137-1,research-os/data/openwrt-v2-snapshots/releases/23.05.2/ath79_generic/openwrt-23.05.2-ath79-generic.manifest
23.05.2,ath79/generic,kmod-crypto-rng,5.15.137-1,research-os/data/openwrt-v2-snapshots/releases/23.05.2/ath79_generic/openwrt-23.05.2-ath79-generic.manifest
23.05.2,ath79/generic,kmod-crypto-seqiv,5.15.137-1,research-os/data/openwrt-v2-snapshots/releases/23.05.2/ath79_generic/openwrt-23.05.2-ath79-generic.manifest
23.05.2,ath79/generic,kmod-crypto-sha512,5.15.137-1,research-os/data/openwrt-v2-snapshots/releases/23.05.2/ath79_generic/openwrt-23.05.2-ath79-generic.manifest
23.05.2,ath79/generic,kmod-gpio-button-hotplug,5.15.137-3,research-os/data/openwrt-v2-snapshots/releases/23.05.2/ath79_generic/openwrt-23.05.2-ath79-generic.manifest
23.05.2,ath79/generic,kmod-lib-crc-ccitt,5.15.137-1,research-os/data/openwrt-v2-snapshots/releases/23.05.2/ath79_generic/openwrt-23.05.2-ath79-generic.manifest
23.05.2,ath79/generic,kmod-lib-crc32c,5.15.137-1,research-os/data/openwrt-v2-snapshots/releases/23.05.2/ath79_generic/openwrt-23.05.2-ath79-generic.manifest
23.05.2,ath79/generic,kmod-lib-lzo,5.15.137-1,research-os/data/openwrt-v2-snapshots/releases/23.05.2/ath79_generic/openwrt-23.05.2-ath79-generic.manifest
23.05.2,ath79/generic,kmod-mac80211,5.15.137+6.1.24-3,research-os/data/openwrt-v2-snapshots/releases/23.05.2/ath79_generic/openwrt-23.05.2-ath79-generic.manifest
23.05.2,ath79/generic,kmod-nf-conntrack,5.15.137-1,research-os/data/openwrt-v2-snapshots/releases/23.05.2/ath79_generic/openwrt-23.05.2-ath79-generic.manifest
23.05.2,ath79/generic,kmod-nf-conntrack6,5.15.137-1,research-os/data/openwrt-v2-snapshots/releases/23.05.2/ath79_generic/openwrt-23.05.2-ath79-generic.manifest
23.05.2,ath79/generic,kmod-nf-flow,5.15.137-1,research-os/data/openwrt-v2-snapshots/releases/23.05.2/ath79_generic/openwrt-23.05.2-ath79-generic.manifest
23.05.2,ath79/generic,kmod-nf-log,5.15.137-1,research-os/data/openwrt-v2-snapshots/releases/23.05.2/ath79_generic/openwrt-23.05.2-ath79-generic.manifest
23.05.2,ath79/generic,kmod-nf-log6,5.15.137-1,research-os/data/openwrt-v2-snapshots/releases/23.05.2/ath79_generic/openwrt-23.05.2-ath79-generic.manifest
23.05.2,ath79/generic,kmod-nf-nat,5.15.137-1,research-os/data/openwrt-v2-snapshots/releases/23.05.2/ath79_generic/openwrt-23.05.2-ath79-generic.manifest
23.05.2,ath79/generic,kmod-nf-reject,5.15.137-1,research-os/data/openwrt-v2-snapshots/releases/23.05.2/ath79_generic/openwrt-23.05.2-ath79-generic.manifest
23.05.2,ath79/generic,kmod-nf-reject6,5.15.137-1,research-os/data/openwrt-v2-snapshots/releases/23.05.2/ath79_generic/openwrt-23.05.2-ath79-generic.manifest
23.05.2,ath79/generic,kmod-nfnetlink,5.15.137-1,research-os/data/openwrt-v2-snapshots/releases/23.05.2/ath79_generic/openwrt-23.05.2-ath79-generic.manifest
23.05.2,ath79/generic,kmod-nft-core,5.15.137-1,research-os/data/openwrt-v2-snapshots/releases/23.05.2/ath79_generic/openwrt-23.05.2-ath79-generic.manifest
23.05.2,ath79/generic,kmod-nft-fib,5.15.137-1,research-os/data/openwrt-v2-snapshots/releases/23.05.2/ath79_generic/openwrt-23.05.2-ath79-generic.manifest
23.05.2,ath79/generic,kmod-nft-nat,5.15.137-1,research-os/data/openwrt-v2-snapshots/releases/23.05.2/ath79_generic/openwrt-23.05.2-ath79-generic.manifest
23.05.2,ath79/generic,kmod-nft-offload,5.15.137-1,research-os/data/openwrt-v2-snapshots/releases/23.05.2/ath79_generic/openwrt-23.05.2-ath79-generic.manifest
23.05.2,ath79/generic,kmod-ppp,5.15.137-1,research-os/data/openwrt-v2-snapshots/releases/23.05.2/ath79_generic/openwrt-23.05.2-ath79-generic.manifest
23.05.2,ath79/generic,kmod-pppoe,5.15.137-1,research-os/data/openwrt-v2-snapshots/releases/23.05.2/ath79_generic/openwrt-23.05.2-ath79-generic.manifest
23.05.2,ath79/generic,kmod-pppox,5.15.137-1,research-os/data/openwrt-v2-snapshots/releases/23.05.2/ath79_generic/openwrt-23.05.2-ath79-generic.manifest
23.05.2,ath79/generic,kmod-random-core,5.15.137-1,research-os/data/openwrt-v2-snapshots/releases/23.05.2/ath79_generic/openwrt-23.05.2-ath79-generic.manifest
23.05.2,ath79/generic,kmod-slhc,5.15.137-1,research-os/data/openwrt-v2-snapshots/releases/23.05.2/ath79_generic/openwrt-23.05.2-ath79-generic.manifest
23.05.2,ath79/generic,libblobmsg-json20230523,2023-05-23-75a3b870-1,research-os/data/openwrt-v2-snapshots/releases/23.05.2/ath79_generic/openwrt-23.05.2-ath79-generic.manifest
23.05.2,ath79/generic,libc,1.2.4-4,research-os/data/openwrt-v2-snapshots/releases/23.05.2/ath79_generic/openwrt-23.05.2-ath79-generic.manifest
23.05.2,ath79/generic,libgcc1,12.3.0-4,research-os/data/openwrt-v2-snapshots/releases/23.05.2/ath79_generic/openwrt-23.05.2-ath79-generic.manifest
23.05.2,ath79/generic,libiwinfo-data,2023-07-01-ca79f641-1,research-os/data/openwrt-v2-snapshots/releases/23.05.2/ath79_generic/openwrt-23.05.2-ath79-generic.manifest
23.05.2,ath79/generic,libiwinfo20230701,2023-07-01-ca79f641-1,research-os/data/openwrt-v2-snapshots/releases/23.05.2/ath79_generic/openwrt-23.05.2-ath79-generic.manifest
23.05.2,ath79/generic,libjson-c5,0.16-3,research-os/data/openwrt-v2-snapshots/releases/23.05.2/ath79_generic/openwrt-23.05.2-ath79-generic.manifest
23.05.2,ath79/generic,libjson-script20230523,2023-05-23-75a3b870-1,research-os/data/openwrt-v2-snapshots/releases/23.05.2/ath79_generic/openwrt-23.05.2-ath79-generic.manifest
23.05.2,ath79/generic,liblucihttp-ucode,2023-03-15-9b5b683f-1,research-os/data/openwrt-v2-snapshots/releases/23.05.2/ath79_generic/openwrt-23.05.2-ath79-generic.manifest
23.05.2,ath79/generic,liblucihttp0,2023-03-15-9b5b683f-1,research-os/data/openwrt-v2-snapshots/releases/23.05.2/ath79_generic/openwrt-23.05.2-ath79-generic.manifest
23.05.2,ath79/generic,libmbedtls12,2.28.5-2,research-os/data/openwrt-v2-snapshots/releases/23.05.2/ath79_generic/openwrt-23.05.2-ath79-generic.manifest
23.05.2,ath79/generic,libmnl0,1.0.5-1,research-os/data/openwrt-v2-snapshots/releases/23.05.2/ath79_generic/openwrt-23.05.2-ath79-generic.manifest
23.05.2,ath79/generic,libnftnl11,1.2.6-1,research-os/data/openwrt-v2-snapshots/releases/23.05.2/ath79_generic/openwrt-23.05.2-ath79-generic.manifest
23.05.2,ath79/generic,libnl-tiny1,2023-07-27-bc92a280-1,research-os/data/openwrt-v2-snapshots/releases/23.05.2/ath79_generic/openwrt-23.05.2-ath79-generic.manifest
23.05.2,ath79/generic,libpthread,1.2.4-4,research-os/data/openwrt-v2-snapshots/releases/23.05.2/ath79_generic/openwrt-23.05.2-ath79-generic.manifest
23.05.2,ath79/generic,libubox20230523,2023-05-23-75a3b870-1,research-os/data/openwrt-v2-snapshots/releases/23.05.2/ath79_generic/openwrt-23.05.2-ath79-generic.manifest
23.05.2,ath79/generic,libubus20230605,2023-06-05-f787c97b-1,research-os/data/openwrt-v2-snapshots/releases/23.05.2/ath79_generic/openwrt-23.05.2-ath79-generic.manifest
23.05.2,ath79/generic,libuci20130104,2023-08-10-5781664d-1,research-os/data/openwrt-v2-snapshots/releases/23.05.2/ath79_generic/openwrt-23.05.2-ath79-generic.manifest
23.05.2,ath79/generic,libuclient20201210,2023-04-13-007d9454-1,research-os/data/openwrt-v2-snapshots/releases/23.05.2/ath79_generic/openwrt-23.05.2-ath79-generic.manifest
23.05.2,ath79/generic,libucode20230711,2023-11-07-a6e75e02-1,research-os/data/openwrt-v2-snapshots/releases/23.05.2/ath79_generic/openwrt-23.05.2-ath79-generic.manifest
23.05.2,ath79/generic,libustream-mbedtls20201210,2023-02-25-498f6e26-1,research-os/data/openwrt-v2-snapshots/releases/23.05.2/ath79_generic/openwrt-23.05.2-ath79-generic.manifest
23.05.2,ath79/generic,logd,2022-08-13-4c7b720b-2,research-os/data/openwrt-v2-snapshots/releases/23.05.2/ath79_generic/openwrt-23.05.2-ath79-generic.manifest
23.05.2,ath79/generic,luci,git-23.051.66410-a505bb1,research-os/data/openwrt-v2-snapshots/releases/23.05.2/ath79_generic/openwrt-23.05.2-ath79-generic.manifest
23.05.2,ath79/generic,luci-app-firewall,git-23.306.38853-a0466cd,research-os/data/openwrt-v2-snapshots/releases/23.05.2/ath79_generic/openwrt-23.05.2-ath79-generic.manifest
23.05.2,ath79/generic,luci-app-opkg,git-23.311.75635-769b30c,research-os/data/openwrt-v2-snapshots/releases/23.05.2/ath79_generic/openwrt-23.05.2-ath79-generic.manifest
23.05.2,ath79/generic,luci-base,git-23.306.39416-c86c256,research-os/data/openwrt-v2-snapshots/releases/23.05.2/ath79_generic/openwrt-23.05.2-ath79-generic.manifest
23.05.2,ath79/generic,luci-light,git-23.024.33244-34dee82,research-os/data/openwrt-v2-snapshots/releases/23.05.2/ath79_generic/openwrt-23.05.2-ath79-generic.manifest
23.05.2,ath79/generic,luci-mod-admin-full,git-19.253.48496-3f93650,research-os/data/openwrt-v2-snapshots/releases/23.05.2/ath79_generic/openwrt-23.05.2-ath79-generic.manifest
23.05.2,ath79/generic,luci-mod-network,git-23.313.56166-6da284d,research-os/data/openwrt-v2-snapshots/releases/23.05.2/ath79_generic/openwrt-23.05.2-ath79-generic.manifest
23.05.2,ath79/generic,luci-mod-status,git-23.306.52197-bdcd3e0,research-os/data/openwrt-v2-snapshots/releases/23.05.2/ath79_generic/openwrt-23.05.2-ath79-generic.manifest
23.05.2,ath79/generic,luci-mod-system,git-23.306.39416-7d3abf8,research-os/data/openwrt-v2-snapshots/releases/23.05.2/ath79_generic/openwrt-23.05.2-ath79-generic.manifest
23.05.2,ath79/generic,luci-proto-ipv6,git-21.148.48881-79947af,research-os/data/openwrt-v2-snapshots/releases/23.05.2/ath79_generic/openwrt-23.05.2-ath79-generic.manifest
23.05.2,ath79/generic,luci-proto-ppp,git-21.158.38888-88b9d84,research-os/data/openwrt-v2-snapshots/releases/23.05.2/ath79_generic/openwrt-23.05.2-ath79-generic.manifest
23.05.2,ath79/generic,luci-ssl,git-23.035.26083-7550ad6,research-os/data/openwrt-v2-snapshots/releases/23.05.2/ath79_generic/openwrt-23.05.2-ath79-generic.manifest
23.05.2,ath79/generic,luci-theme-bootstrap,git-23.306.39416-c86c256,research-os/data/openwrt-v2-snapshots/releases/23.05.2/ath79_generic/openwrt-23.05.2-ath79-generic.manifest
23.05.2,ath79/generic,mtd,26,research-os/data/openwrt-v2-snapshots/releases/23.05.2/ath79_generic/openwrt-23.05.2-ath79-generic.manifest
23.05.2,ath79/generic,netifd,2023-11-10-35facc83-1.1,research-os/data/openwrt-v2-snapshots/releases/23.05.2/ath79_generic/openwrt-23.05.2-ath79-generic.manifest
23.05.2,ath79/generic,nftables-json,1.0.8-1,research-os/data/openwrt-v2-snapshots/releases/23.05.2/ath79_generic/openwrt-23.05.2-ath79-generic.manifest
23.05.2,ath79/generic,odhcp6c,2023-05-12-bcd28363-20,research-os/data/openwrt-v2-snapshots/releases/23.05.2/ath79_generic/openwrt-23.05.2-ath79-generic.manifest
23.05.2,ath79/generic,odhcpd-ipv6only,2023-10-24-d8118f6e-1,research-os/data/openwrt-v2-snapshots/releases/23.05.2/ath79_generic/openwrt-23.05.2-ath79-generic.manifest
23.05.2,ath79/generic,openwrt-keyring,2022-03-25-62471e69-2,research-os/data/openwrt-v2-snapshots/releases/23.05.2/ath79_generic/openwrt-23.05.2-ath79-generic.manifest
23.05.2,ath79/generic,opkg,2022-02-24-d038e5b6-2,research-os/data/openwrt-v2-snapshots/releases/23.05.2/ath79_generic/openwrt-23.05.2-ath79-generic.manifest
23.05.2,ath79/generic,ppp,2.4.9.git-2021-01-04-4,research-os/data/openwrt-v2-snapshots/releases/23.05.2/ath79_generic/openwrt-23.05.2-ath79-generic.manifest
23.05.2,ath79/generic,ppp-mod-pppoe,2.4.9.git-2021-01-04-4,research-os/data/openwrt-v2-snapshots/releases/23.05.2/ath79_generic/openwrt-23.05.2-ath79-generic.manifest
23.05.2,ath79/generic,procd,2023-06-25-2db83655-2,research-os/data/openwrt-v2-snapshots/releases/23.05.2/ath79_generic/openwrt-23.05.2-ath79-generic.manifest
23.05.2,ath79/generic,procd-seccomp,2023-06-25-2db83655-2,research-os/data/openwrt-v2-snapshots/releases/23.05.2/ath79_generic/openwrt-23.05.2-ath79-generic.manifest
23.05.2,ath79/generic,procd-ujail,2023-06-25-2db83655-2,research-os/data/openwrt-v2-snapshots/releases/23.05.2/ath79_generic/openwrt-23.05.2-ath79-generic.manifest
23.05.2,ath79/generic,px5g-mbedtls,10,research-os/data/openwrt-v2-snapshots/releases/23.05.2/ath79_generic/openwrt-23.05.2-ath79-generic.manifest
23.05.2,ath79/generic,rpcd,2023-07-01-c07ab2f9-1,research-os/data/openwrt-v2-snapshots/releases/23.05.2/ath79_generic/openwrt-23.05.2-ath79-generic.manifest
23.05.2,ath79/generic,rpcd-mod-file,2023-07-01-c07ab2f9-1,research-os/data/openwrt-v2-snapshots/releases/23.05.2/ath79_generic/openwrt-23.05.2-ath79-generic.manifest
23.05.2,ath79/generic,rpcd-mod-iwinfo,2023-07-01-c07ab2f9-1,research-os/data/openwrt-v2-snapshots/releases/23.05.2/ath79_generic/openwrt-23.05.2-ath79-generic.manifest
23.05.2,ath79/generic,rpcd-mod-luci,20230123-1,research-os/data/openwrt-v2-snapshots/releases/23.05.2/ath79_generic/openwrt-23.05.2-ath79-generic.manifest
23.05.2,ath79/generic,rpcd-mod-rrdns,20170710,research-os/data/openwrt-v2-snapshots/releases/23.05.2/ath79_generic/openwrt-23.05.2-ath79-generic.manifest
23.05.2,ath79/generic,rpcd-mod-ucode,2023-07-01-c07ab2f9-1,research-os/data/openwrt-v2-snapshots/releases/23.05.2/ath79_generic/openwrt-23.05.2-ath79-generic.manifest
23.05.2,ath79/generic,swconfig,12,research-os/data/openwrt-v2-snapshots/releases/23.05.2/ath79_generic/openwrt-23.05.2-ath79-generic.manifest
23.05.2,ath79/generic,uboot-envtools,2023.04-1,research-os/data/openwrt-v2-snapshots/releases/23.05.2/ath79_generic/openwrt-23.05.2-ath79-generic.manifest
23.05.2,ath79/generic,ubox,2022-08-13-4c7b720b-2,research-os/data/openwrt-v2-snapshots/releases/23.05.2/ath79_generic/openwrt-23.05.2-ath79-generic.manifest
23.05.2,ath79/generic,ubus,2023-06-05-f787c97b-1,research-os/data/openwrt-v2-snapshots/releases/23.05.2/ath79_generic/openwrt-23.05.2-ath79-generic.manifest
23.05.2,ath79/generic,ubusd,2023-06-05-f787c97b-1,research-os/data/openwrt-v2-snapshots/releases/23.05.2/ath79_generic/openwrt-23.05.2-ath79-generic.manifest
23.05.2,ath79/generic,uci,2023-08-10-5781664d-1,research-os/data/openwrt-v2-snapshots/releases/23.05.2/ath79_generic/openwrt-23.05.2-ath79-generic.manifest
23.05.2,ath79/generic,uclient-fetch,2023-04-13-007d9454-1,research-os/data/openwrt-v2-snapshots/releases/23.05.2/ath79_generic/openwrt-23.05.2-ath79-generic.manifest
23.05.2,ath79/generic,ucode,2023-11-07-a6e75e02-1,research-os/data/openwrt-v2-snapshots/releases/23.05.2/ath79_generic/openwrt-23.05.2-ath79-generic.manifest
23.05.2,ath79/generic,ucode-mod-fs,2023-11-07-a6e75e02-1,research-os/data/openwrt-v2-snapshots/releases/23.05.2/ath79_generic/openwrt-23.05.2-ath79-generic.manifest
23.05.2,ath79/generic,ucode-mod-html,1,research-os/data/openwrt-v2-snapshots/releases/23.05.2/ath79_generic/openwrt-23.05.2-ath79-generic.manifest
23.05.2,ath79/generic,ucode-mod-math,2023-11-07-a6e75e02-1,research-os/data/openwrt-v2-snapshots/releases/23.05.2/ath79_generic/openwrt-23.05.2-ath79-generic.manifest
23.05.2,ath79/generic,ucode-mod-nl80211,2023-11-07-a6e75e02-1,research-os/data/openwrt-v2-snapshots/releases/23.05.2/ath79_generic/openwrt-23.05.2-ath79-generic.manifest
23.05.2,ath79/generic,ucode-mod-rtnl,2023-11-07-a6e75e02-1,research-os/data/openwrt-v2-snapshots/releases/23.05.2/ath79_generic/openwrt-23.05.2-ath79-generic.manifest
23.05.2,ath79/generic,ucode-mod-ubus,2023-11-07-a6e75e02-1,research-os/data/openwrt-v2-snapshots/releases/23.05.2/ath79_generic/openwrt-23.05.2-ath79-generic.manifest
23.05.2,ath79/generic,ucode-mod-uci,2023-11-07-a6e75e02-1,research-os/data/openwrt-v2-snapshots/releases/23.05.2/ath79_generic/openwrt-23.05.2-ath79-generic.manifest
23.05.2,ath79/generic,ucode-mod-uloop,2023-11-07-a6e75e02-1,research-os/data/openwrt-v2-snapshots/releases/23.05.2/ath79_generic/openwrt-23.05.2-ath79-generic.manifest
23.05.2,ath79/generic,uhttpd,2023-06-25-34a8a74d-1,research-os/data/openwrt-v2-snapshots/releases/23.05.2/ath79_generic/openwrt-23.05.2-ath79-generic.manifest
23.05.2,ath79/generic,uhttpd-mod-ubus,2023-06-25-34a8a74d-1,research-os/data/openwrt-v2-snapshots/releases/23.05.2/ath79_generic/openwrt-23.05.2-ath79-generic.manifest
23.05.2,ath79/generic,urandom-seed,3,research-os/data/openwrt-v2-snapshots/releases/23.05.2/ath79_generic/openwrt-23.05.2-ath79-generic.manifest
23.05.2,ath79/generic,urngd,2023-11-01-44365eb1-1,research-os/data/openwrt-v2-snapshots/releases/23.05.2/ath79_generic/openwrt-23.05.2-ath79-generic.manifest
23.05.2,ath79/generic,usign,2020-05-23-f1f65026-1,research-os/data/openwrt-v2-snapshots/releases/23.05.2/ath79_generic/openwrt-23.05.2-ath79-generic.manifest
23.05.2,ath79/generic,wireless-regdb,2023.09.01-1,research-os/data/openwrt-v2-snapshots/releases/23.05.2/ath79_generic/openwrt-23.05.2-ath79-generic.manifest
23.05.2,ath79/generic,wpad-basic-mbedtls,2023-09-08-e5ccbfc6-6,research-os/data/openwrt-v2-snapshots/releases/23.05.2/ath79_generic/openwrt-23.05.2-ath79-generic.manifest
23.05.2,x86/64,base-files,1550-r23630-842932a63d,research-os/data/openwrt-v2-snapshots/releases/23.05.2/x86_64/openwrt-23.05.2-x86-64.manifest
23.05.2,x86/64,busybox,1.36.1-1,research-os/data/openwrt-v2-snapshots/releases/23.05.2/x86_64/openwrt-23.05.2-x86-64.manifest
23.05.2,x86/64,ca-bundle,20230311-1,research-os/data/openwrt-v2-snapshots/releases/23.05.2/x86_64/openwrt-23.05.2-x86-64.manifest
23.05.2,x86/64,cgi-io,2022-08-10-901b0f04-21,research-os/data/openwrt-v2-snapshots/releases/23.05.2/x86_64/openwrt-23.05.2-x86-64.manifest
23.05.2,x86/64,dnsmasq,2.89-4,research-os/data/openwrt-v2-snapshots/releases/23.05.2/x86_64/openwrt-23.05.2-x86-64.manifest
23.05.2,x86/64,dropbear,2022.82-5,research-os/data/openwrt-v2-snapshots/releases/23.05.2/x86_64/openwrt-23.05.2-x86-64.manifest
23.05.2,x86/64,e2fsprogs,1.47.0-2,research-os/data/openwrt-v2-snapshots/releases/23.05.2/x86_64/openwrt-23.05.2-x86-64.manifest
23.05.2,x86/64,firewall4,2023-09-01-598d9fbb-1,research-os/data/openwrt-v2-snapshots/releases/23.05.2/x86_64/openwrt-23.05.2-x86-64.manifest
23.05.2,x86/64,fstools,2023-02-28-bfe882d5-1,research-os/data/openwrt-v2-snapshots/releases/23.05.2/x86_64/openwrt-23.05.2-x86-64.manifest
23.05.2,x86/64,fwtool,2019-11-12-8f7fe925-1,research-os/data/openwrt-v2-snapshots/releases/23.05.2/x86_64/openwrt-23.05.2-x86-64.manifest
23.05.2,x86/64,getrandom,2022-08-13-4c7b720b-2,research-os/data/openwrt-v2-snapshots/releases/23.05.2/x86_64/openwrt-23.05.2-x86-64.manifest
23.05.2,x86/64,grub2,2.06-5,research-os/data/openwrt-v2-snapshots/releases/23.05.2/x86_64/openwrt-23.05.2-x86-64.manifest
23.05.2,x86/64,grub2-bios-setup,2.06-5,research-os/data/openwrt-v2-snapshots/releases/23.05.2/x86_64/openwrt-23.05.2-x86-64.manifest
23.05.2,x86/64,grub2-efi,2.06-5,research-os/data/openwrt-v2-snapshots/releases/23.05.2/x86_64/openwrt-23.05.2-x86-64.manifest
23.05.2,x86/64,jansson4,2.14-3,research-os/data/openwrt-v2-snapshots/releases/23.05.2/x86_64/openwrt-23.05.2-x86-64.manifest
23.05.2,x86/64,jshn,2023-05-23-75a3b870-1,research-os/data/openwrt-v2-snapshots/releases/23.05.2/x86_64/openwrt-23.05.2-x86-64.manifest
23.05.2,x86/64,jsonfilter,2018-02-04-c7e938d6-1,research-os/data/openwrt-v2-snapshots/releases/23.05.2/x86_64/openwrt-23.05.2-x86-64.manifest
23.05.2,x86/64,kernel,5.15.137-1-47964456485559d992fe6f536131fc64,research-os/data/openwrt-v2-snapshots/releases/23.05.2/x86_64/openwrt-23.05.2-x86-64.manifest
23.05.2,x86/64,kmod-button-hotplug,5.15.137-3,research-os/data/openwrt-v2-snapshots/releases/23.05.2/x86_64/openwrt-23.05.2-x86-64.manifest
23.05.2,x86/64,kmod-crypto-acompress,5.15.137-1,research-os/data/openwrt-v2-snapshots/releases/23.05.2/x86_64/openwrt-23.05.2-x86-64.manifest
23.05.2,x86/64,kmod-crypto-crc32c,5.15.137-1,research-os/data/openwrt-v2-snapshots/releases/23.05.2/x86_64/openwrt-23.05.2-x86-64.manifest
23.05.2,x86/64,kmod-crypto-hash,5.15.137-1,research-os/data/openwrt-v2-snapshots/releases/23.05.2/x86_64/openwrt-23.05.2-x86-64.manifest
23.05.2,x86/64,kmod-fs-vfat,5.15.137-1,research-os/data/openwrt-v2-snapshots/releases/23.05.2/x86_64/openwrt-23.05.2-x86-64.manifest
23.05.2,x86/64,kmod-input-core,5.15.137-1,research-os/data/openwrt-v2-snapshots/releases/23.05.2/x86_64/openwrt-23.05.2-x86-64.manifest
23.05.2,x86/64,kmod-lib-crc-ccitt,5.15.137-1,research-os/data/openwrt-v2-snapshots/releases/23.05.2/x86_64/openwrt-23.05.2-x86-64.manifest
23.05.2,x86/64,kmod-lib-crc32c,5.15.137-1,research-os/data/openwrt-v2-snapshots/releases/23.05.2/x86_64/openwrt-23.05.2-x86-64.manifest
23.05.2,x86/64,kmod-lib-lzo,5.15.137-1,research-os/data/openwrt-v2-snapshots/releases/23.05.2/x86_64/openwrt-23.05.2-x86-64.manifest
23.05.2,x86/64,kmod-nf-conntrack,5.15.137-1,research-os/data/openwrt-v2-snapshots/releases/23.05.2/x86_64/openwrt-23.05.2-x86-64.manifest
23.05.2,x86/64,kmod-nf-conntrack6,5.15.137-1,research-os/data/openwrt-v2-snapshots/releases/23.05.2/x86_64/openwrt-23.05.2-x86-64.manifest
23.05.2,x86/64,kmod-nf-flow,5.15.137-1,research-os/data/openwrt-v2-snapshots/releases/23.05.2/x86_64/openwrt-23.05.2-x86-64.manifest
23.05.2,x86/64,kmod-nf-log,5.15.137-1,research-os/data/openwrt-v2-snapshots/releases/23.05.2/x86_64/openwrt-23.05.2-x86-64.manifest
23.05.2,x86/64,kmod-nf-log6,5.15.137-1,research-os/data/openwrt-v2-snapshots/releases/23.05.2/x86_64/openwrt-23.05.2-x86-64.manifest
23.05.2,x86/64,kmod-nf-nat,5.15.137-1,research-os/data/openwrt-v2-snapshots/releases/23.05.2/x86_64/openwrt-23.05.2-x86-64.manifest
23.05.2,x86/64,kmod-nf-reject,5.15.137-1,research-os/data/openwrt-v2-snapshots/releases/23.05.2/x86_64/openwrt-23.05.2-x86-64.manifest
23.05.2,x86/64,kmod-nf-reject6,5.15.137-1,research-os/data/openwrt-v2-snapshots/releases/23.05.2/x86_64/openwrt-23.05.2-x86-64.manifest
23.05.2,x86/64,kmod-nfnetlink,5.15.137-1,research-os/data/openwrt-v2-snapshots/releases/23.05.2/x86_64/openwrt-23.05.2-x86-64.manifest
23.05.2,x86/64,kmod-nft-core,5.15.137-1,research-os/data/openwrt-v2-snapshots/releases/23.05.2/x86_64/openwrt-23.05.2-x86-64.manifest
23.05.2,x86/64,kmod-nft-fib,5.15.137-1,research-os/data/openwrt-v2-snapshots/releases/23.05.2/x86_64/openwrt-23.05.2-x86-64.manifest
23.05.2,x86/64,kmod-nft-nat,5.15.137-1,research-os/data/openwrt-v2-snapshots/releases/23.05.2/x86_64/openwrt-23.05.2-x86-64.manifest
23.05.2,x86/64,kmod-nft-offload,5.15.137-1,research-os/data/openwrt-v2-snapshots/releases/23.05.2/x86_64/openwrt-23.05.2-x86-64.manifest
23.05.2,x86/64,kmod-nls-base,5.15.137-1,research-os/data/openwrt-v2-snapshots/releases/23.05.2/x86_64/openwrt-23.05.2-x86-64.manifest
23.05.2,x86/64,kmod-nls-cp437,5.15.137-1,research-os/data/openwrt-v2-snapshots/releases/23.05.2/x86_64/openwrt-23.05.2-x86-64.manifest
23.05.2,x86/64,kmod-nls-iso8859-1,5.15.137-1,research-os/data/openwrt-v2-snapshots/releases/23.05.2/x86_64/openwrt-23.05.2-x86-64.manifest
23.05.2,x86/64,kmod-nls-utf8,5.15.137-1,research-os/data/openwrt-v2-snapshots/releases/23.05.2/x86_64/openwrt-23.05.2-x86-64.manifest
23.05.2,x86/64,kmod-ppp,5.15.137-1,research-os/data/openwrt-v2-snapshots/releases/23.05.2/x86_64/openwrt-23.05.2-x86-64.manifest
23.05.2,x86/64,kmod-pppoe,5.15.137-1,research-os/data/openwrt-v2-snapshots/releases/23.05.2/x86_64/openwrt-23.05.2-x86-64.manifest
23.05.2,x86/64,kmod-pppox,5.15.137-1,research-os/data/openwrt-v2-snapshots/releases/23.05.2/x86_64/openwrt-23.05.2-x86-64.manifest
23.05.2,x86/64,kmod-slhc,5.15.137-1,research-os/data/openwrt-v2-snapshots/releases/23.05.2/x86_64/openwrt-23.05.2-x86-64.manifest
23.05.2,x86/64,libblkid1,2.39-2,research-os/data/openwrt-v2-snapshots/releases/23.05.2/x86_64/openwrt-23.05.2-x86-64.manifest
23.05.2,x86/64,libblobmsg-json20230523,2023-05-23-75a3b870-1,research-os/data/openwrt-v2-snapshots/releases/23.05.2/x86_64/openwrt-23.05.2-x86-64.manifest
23.05.2,x86/64,libc,1.2.4-4,research-os/data/openwrt-v2-snapshots/releases/23.05.2/x86_64/openwrt-23.05.2-x86-64.manifest
23.05.2,x86/64,libcomerr0,1.47.0-2,research-os/data/openwrt-v2-snapshots/releases/23.05.2/x86_64/openwrt-23.05.2-x86-64.manifest
23.05.2,x86/64,libext2fs2,1.47.0-2,research-os/data/openwrt-v2-snapshots/releases/23.05.2/x86_64/openwrt-23.05.2-x86-64.manifest
23.05.2,x86/64,libf2fs6,1.16.0-1,research-os/data/openwrt-v2-snapshots/releases/23.05.2/x86_64/openwrt-23.05.2-x86-64.manifest
23.05.2,x86/64,libgcc1,12.3.0-4,research-os/data/openwrt-v2-snapshots/releases/23.05.2/x86_64/openwrt-23.05.2-x86-64.manifest
23.05.2,x86/64,libiwinfo-data,2023-07-01-ca79f641-1,research-os/data/openwrt-v2-snapshots/releases/23.05.2/x86_64/openwrt-23.05.2-x86-64.manifest
23.05.2,x86/64,libiwinfo20230701,2023-07-01-ca79f641-1,research-os/data/openwrt-v2-snapshots/releases/23.05.2/x86_64/openwrt-23.05.2-x86-64.manifest
23.05.2,x86/64,libjson-c5,0.16-3,research-os/data/openwrt-v2-snapshots/releases/23.05.2/x86_64/openwrt-23.05.2-x86-64.manifest
23.05.2,x86/64,libjson-script20230523,2023-05-23-75a3b870-1,research-os/data/openwrt-v2-snapshots/releases/23.05.2/x86_64/openwrt-23.05.2-x86-64.manifest
23.05.2,x86/64,liblucihttp-ucode,2023-03-15-9b5b683f-1,research-os/data/openwrt-v2-snapshots/releases/23.05.2/x86_64/openwrt-23.05.2-x86-64.manifest
23.05.2,x86/64,liblucihttp0,2023-03-15-9b5b683f-1,research-os/data/openwrt-v2-snapshots/releases/23.05.2/x86_64/openwrt-23.05.2-x86-64.manifest
23.05.2,x86/64,libmbedtls12,2.28.5-2,research-os/data/openwrt-v2-snapshots/releases/23.05.2/x86_64/openwrt-23.05.2-x86-64.manifest
23.05.2,x86/64,libmnl0,1.0.5-1,research-os/data/openwrt-v2-snapshots/releases/23.05.2/x86_64/openwrt-23.05.2-x86-64.manifest
23.05.2,x86/64,libnftnl11,1.2.6-1,research-os/data/openwrt-v2-snapshots/releases/23.05.2/x86_64/openwrt-23.05.2-x86-64.manifest
23.05.2,x86/64,libnl-tiny1,2023-07-27-bc92a280-1,research-os/data/openwrt-v2-snapshots/releases/23.05.2/x86_64/openwrt-23.05.2-x86-64.manifest
23.05.2,x86/64,libpthread,1.2.4-4,research-os/data/openwrt-v2-snapshots/releases/23.05.2/x86_64/openwrt-23.05.2-x86-64.manifest
23.05.2,x86/64,librt,1.2.4-4,research-os/data/openwrt-v2-snapshots/releases/23.05.2/x86_64/openwrt-23.05.2-x86-64.manifest
23.05.2,x86/64,libsmartcols1,2.39-2,research-os/data/openwrt-v2-snapshots/releases/23.05.2/x86_64/openwrt-23.05.2-x86-64.manifest
23.05.2,x86/64,libss2,1.47.0-2,research-os/data/openwrt-v2-snapshots/releases/23.05.2/x86_64/openwrt-23.05.2-x86-64.manifest
23.05.2,x86/64,libubox20230523,2023-05-23-75a3b870-1,research-os/data/openwrt-v2-snapshots/releases/23.05.2/x86_64/openwrt-23.05.2-x86-64.manifest
23.05.2,x86/64,libubus20230605,2023-06-05-f787c97b-1,research-os/data/openwrt-v2-snapshots/releases/23.05.2/x86_64/openwrt-23.05.2-x86-64.manifest
23.05.2,x86/64,libuci20130104,2023-08-10-5781664d-1,research-os/data/openwrt-v2-snapshots/releases/23.05.2/x86_64/openwrt-23.05.2-x86-64.manifest
23.05.2,x86/64,libuclient20201210,2023-04-13-007d9454-1,research-os/data/openwrt-v2-snapshots/releases/23.05.2/x86_64/openwrt-23.05.2-x86-64.manifest
23.05.2,x86/64,libucode20230711,2023-11-07-a6e75e02-1,research-os/data/openwrt-v2-snapshots/releases/23.05.2/x86_64/openwrt-23.05.2-x86-64.manifest
23.05.2,x86/64,libustream-mbedtls20201210,2023-02-25-498f6e26-1,research-os/data/openwrt-v2-snapshots/releases/23.05.2/x86_64/openwrt-23.05.2-x86-64.manifest
23.05.2,x86/64,libuuid1,2.39-2,research-os/data/openwrt-v2-snapshots/releases/23.05.2/x86_64/openwrt-23.05.2-x86-64.manifest
23.05.2,x86/64,logd,2022-08-13-4c7b720b-2,research-os/data/openwrt-v2-snapshots/releases/23.05.2/x86_64/openwrt-23.05.2-x86-64.manifest
23.05.2,x86/64,luci,git-23.051.66410-a505bb1,research-os/data/openwrt-v2-snapshots/releases/23.05.2/x86_64/openwrt-23.05.2-x86-64.manifest
23.05.2,x86/64,luci-app-firewall,git-23.306.38853-a0466cd,research-os/data/openwrt-v2-snapshots/releases/23.05.2/x86_64/openwrt-23.05.2-x86-64.manifest
23.05.2,x86/64,luci-app-opkg,git-23.311.75635-769b30c,research-os/data/openwrt-v2-snapshots/releases/23.05.2/x86_64/openwrt-23.05.2-x86-64.manifest
23.05.2,x86/64,luci-base,git-23.306.39416-c86c256,research-os/data/openwrt-v2-snapshots/releases/23.05.2/x86_64/openwrt-23.05.2-x86-64.manifest
23.05.2,x86/64,luci-light,git-23.024.33244-34dee82,research-os/data/openwrt-v2-snapshots/releases/23.05.2/x86_64/openwrt-23.05.2-x86-64.manifest
23.05.2,x86/64,luci-mod-admin-full,git-19.253.48496-3f93650,research-os/data/openwrt-v2-snapshots/releases/23.05.2/x86_64/openwrt-23.05.2-x86-64.manifest
23.05.2,x86/64,luci-mod-network,git-23.313.56166-6da284d,research-os/data/openwrt-v2-snapshots/releases/23.05.2/x86_64/openwrt-23.05.2-x86-64.manifest
23.05.2,x86/64,luci-mod-status,git-23.306.52197-bdcd3e0,research-os/data/openwrt-v2-snapshots/releases/23.05.2/x86_64/openwrt-23.05.2-x86-64.manifest
23.05.2,x86/64,luci-mod-system,git-23.306.39416-7d3abf8,research-os/data/openwrt-v2-snapshots/releases/23.05.2/x86_64/openwrt-23.05.2-x86-64.manifest
23.05.2,x86/64,luci-proto-ipv6,git-21.148.48881-79947af,research-os/data/openwrt-v2-snapshots/releases/23.05.2/x86_64/openwrt-23.05.2-x86-64.manifest
23.05.2,x86/64,luci-proto-ppp,git-21.158.38888-88b9d84,research-os/data/openwrt-v2-snapshots/releases/23.05.2/x86_64/openwrt-23.05.2-x86-64.manifest
23.05.2,x86/64,luci-ssl,git-23.035.26083-7550ad6,research-os/data/openwrt-v2-snapshots/releases/23.05.2/x86_64/openwrt-23.05.2-x86-64.manifest
23.05.2,x86/64,luci-theme-bootstrap,git-23.306.39416-c86c256,research-os/data/openwrt-v2-snapshots/releases/23.05.2/x86_64/openwrt-23.05.2-x86-64.manifest
23.05.2,x86/64,mkf2fs,1.16.0-1,research-os/data/openwrt-v2-snapshots/releases/23.05.2/x86_64/openwrt-23.05.2-x86-64.manifest
23.05.2,x86/64,mtd,26,research-os/data/openwrt-v2-snapshots/releases/23.05.2/x86_64/openwrt-23.05.2-x86-64.manifest
23.05.2,x86/64,netifd,2023-11-10-35facc83-1.1,research-os/data/openwrt-v2-snapshots/releases/23.05.2/x86_64/openwrt-23.05.2-x86-64.manifest
23.05.2,x86/64,nftables-json,1.0.8-1,research-os/data/openwrt-v2-snapshots/releases/23.05.2/x86_64/openwrt-23.05.2-x86-64.manifest
23.05.2,x86/64,odhcp6c,2023-05-12-bcd28363-20,research-os/data/openwrt-v2-snapshots/releases/23.05.2/x86_64/openwrt-23.05.2-x86-64.manifest
23.05.2,x86/64,odhcpd-ipv6only,2023-10-24-d8118f6e-1,research-os/data/openwrt-v2-snapshots/releases/23.05.2/x86_64/openwrt-23.05.2-x86-64.manifest
23.05.2,x86/64,openwrt-keyring,2022-03-25-62471e69-2,research-os/data/openwrt-v2-snapshots/releases/23.05.2/x86_64/openwrt-23.05.2-x86-64.manifest
23.05.2,x86/64,opkg,2022-02-24-d038e5b6-2,research-os/data/openwrt-v2-snapshots/releases/23.05.2/x86_64/openwrt-23.05.2-x86-64.manifest
23.05.2,x86/64,partx-utils,2.39-2,research-os/data/openwrt-v2-snapshots/releases/23.05.2/x86_64/openwrt-23.05.2-x86-64.manifest
23.05.2,x86/64,ppp,2.4.9.git-2021-01-04-4,research-os/data/openwrt-v2-snapshots/releases/23.05.2/x86_64/openwrt-23.05.2-x86-64.manifest
23.05.2,x86/64,ppp-mod-pppoe,2.4.9.git-2021-01-04-4,research-os/data/openwrt-v2-snapshots/releases/23.05.2/x86_64/openwrt-23.05.2-x86-64.manifest
23.05.2,x86/64,procd,2023-06-25-2db83655-2,research-os/data/openwrt-v2-snapshots/releases/23.05.2/x86_64/openwrt-23.05.2-x86-64.manifest
23.05.2,x86/64,procd-seccomp,2023-06-25-2db83655-2,research-os/data/openwrt-v2-snapshots/releases/23.05.2/x86_64/openwrt-23.05.2-x86-64.manifest
23.05.2,x86/64,procd-ujail,2023-06-25-2db83655-2,research-os/data/openwrt-v2-snapshots/releases/23.05.2/x86_64/openwrt-23.05.2-x86-64.manifest
23.05.2,x86/64,px5g-mbedtls,10,research-os/data/openwrt-v2-snapshots/releases/23.05.2/x86_64/openwrt-23.05.2-x86-64.manifest
23.05.2,x86/64,rpcd,2023-07-01-c07ab2f9-1,research-os/data/openwrt-v2-snapshots/releases/23.05.2/x86_64/openwrt-23.05.2-x86-64.manifest
23.05.2,x86/64,rpcd-mod-file,2023-07-01-c07ab2f9-1,research-os/data/openwrt-v2-snapshots/releases/23.05.2/x86_64/openwrt-23.05.2-x86-64.manifest
23.05.2,x86/64,rpcd-mod-iwinfo,2023-07-01-c07ab2f9-1,research-os/data/openwrt-v2-snapshots/releases/23.05.2/x86_64/openwrt-23.05.2-x86-64.manifest
23.05.2,x86/64,rpcd-mod-luci,20230123-1,research-os/data/openwrt-v2-snapshots/releases/23.05.2/x86_64/openwrt-23.05.2-x86-64.manifest
23.05.2,x86/64,rpcd-mod-rrdns,20170710,research-os/data/openwrt-v2-snapshots/releases/23.05.2/x86_64/openwrt-23.05.2-x86-64.manifest
23.05.2,x86/64,rpcd-mod-ucode,2023-07-01-c07ab2f9-1,research-os/data/openwrt-v2-snapshots/releases/23.05.2/x86_64/openwrt-23.05.2-x86-64.manifest
23.05.2,x86/64,ubox,2022-08-13-4c7b720b-2,research-os/data/openwrt-v2-snapshots/releases/23.05.2/x86_64/openwrt-23.05.2-x86-64.manifest
23.05.2,x86/64,ubus,2023-06-05-f787c97b-1,research-os/data/openwrt-v2-snapshots/releases/23.05.2/x86_64/openwrt-23.05.2-x86-64.manifest
23.05.2,x86/64,ubusd,2023-06-05-f787c97b-1,research-os/data/openwrt-v2-snapshots/releases/23.05.2/x86_64/openwrt-23.05.2-x86-64.manifest
23.05.2,x86/64,uci,2023-08-10-5781664d-1,research-os/data/openwrt-v2-snapshots/releases/23.05.2/x86_64/openwrt-23.05.2-x86-64.manifest
23.05.2,x86/64,uclient-fetch,2023-04-13-007d9454-1,research-os/data/openwrt-v2-snapshots/releases/23.05.2/x86_64/openwrt-23.05.2-x86-64.manifest
23.05.2,x86/64,ucode,2023-11-07-a6e75e02-1,research-os/data/openwrt-v2-snapshots/releases/23.05.2/x86_64/openwrt-23.05.2-x86-64.manifest
23.05.2,x86/64,ucode-mod-fs,2023-11-07-a6e75e02-1,research-os/data/openwrt-v2-snapshots/releases/23.05.2/x86_64/openwrt-23.05.2-x86-64.manifest
23.05.2,x86/64,ucode-mod-html,1,research-os/data/openwrt-v2-snapshots/releases/23.05.2/x86_64/openwrt-23.05.2-x86-64.manifest
23.05.2,x86/64,ucode-mod-math,2023-11-07-a6e75e02-1,research-os/data/openwrt-v2-snapshots/releases/23.05.2/x86_64/openwrt-23.05.2-x86-64.manifest
23.05.2,x86/64,ucode-mod-ubus,2023-11-07-a6e75e02-1,research-os/data/openwrt-v2-snapshots/releases/23.05.2/x86_64/openwrt-23.05.2-x86-64.manifest
23.05.2,x86/64,ucode-mod-uci,2023-11-07-a6e75e02-1,research-os/data/openwrt-v2-snapshots/releases/23.05.2/x86_64/openwrt-23.05.2-x86-64.manifest
23.05.2,x86/64,uhttpd,2023-06-25-34a8a74d-1,research-os/data/openwrt-v2-snapshots/releases/23.05.2/x86_64/openwrt-23.05.2-x86-64.manifest
23.05.2,x86/64,uhttpd-mod-ubus,2023-06-25-34a8a74d-1,research-os/data/openwrt-v2-snapshots/releases/23.05.2/x86_64/openwrt-23.05.2-x86-64.manifest
23.05.2,x86/64,urandom-seed,3,research-os/data/openwrt-v2-snapshots/releases/23.05.2/x86_64/openwrt-23.05.2-x86-64.manifest
23.05.2,x86/64,urngd,2023-11-01-44365eb1-1,research-os/data/openwrt-v2-snapshots/releases/23.05.2/x86_64/openwrt-23.05.2-x86-64.manifest
23.05.2,x86/64,usign,2020-05-23-f1f65026-1,research-os/data/openwrt-v2-snapshots/releases/23.05.2/x86_64/openwrt-23.05.2-x86-64.manifest
23.05.3,ath79/generic,base-files,1554-r23809-234f1a2efa,research-os/data/openwrt-v2-snapshots/releases/23.05.3/ath79_generic/openwrt-23.05.3-ath79-generic.manifest
23.05.3,ath79/generic,busybox,1.36.1-1,research-os/data/openwrt-v2-snapshots/releases/23.05.3/ath79_generic/openwrt-23.05.3-ath79-generic.manifest
23.05.3,ath79/generic,ca-bundle,20230311-1,research-os/data/openwrt-v2-snapshots/releases/23.05.3/ath79_generic/openwrt-23.05.3-ath79-generic.manifest
23.05.3,ath79/generic,cgi-io,2022-08-10-901b0f04-21,research-os/data/openwrt-v2-snapshots/releases/23.05.3/ath79_generic/openwrt-23.05.3-ath79-generic.manifest
23.05.3,ath79/generic,dnsmasq,2.90-2,research-os/data/openwrt-v2-snapshots/releases/23.05.3/ath79_generic/openwrt-23.05.3-ath79-generic.manifest
23.05.3,ath79/generic,dropbear,2022.82-6,research-os/data/openwrt-v2-snapshots/releases/23.05.3/ath79_generic/openwrt-23.05.3-ath79-generic.manifest
23.05.3,ath79/generic,firewall4,2023-09-01-598d9fbb-1,research-os/data/openwrt-v2-snapshots/releases/23.05.3/ath79_generic/openwrt-23.05.3-ath79-generic.manifest
23.05.3,ath79/generic,fstools,2023-02-28-bfe882d5-1,research-os/data/openwrt-v2-snapshots/releases/23.05.3/ath79_generic/openwrt-23.05.3-ath79-generic.manifest
23.05.3,ath79/generic,fwtool,2019-11-12-8f7fe925-1,research-os/data/openwrt-v2-snapshots/releases/23.05.3/ath79_generic/openwrt-23.05.3-ath79-generic.manifest
23.05.3,ath79/generic,getrandom,2022-08-13-4c7b720b-2,research-os/data/openwrt-v2-snapshots/releases/23.05.3/ath79_generic/openwrt-23.05.3-ath79-generic.manifest
23.05.3,ath79/generic,hostapd-common,2023-09-08-e5ccbfc6-6,research-os/data/openwrt-v2-snapshots/releases/23.05.3/ath79_generic/openwrt-23.05.3-ath79-generic.manifest
23.05.3,ath79/generic,iw,5.19-1,research-os/data/openwrt-v2-snapshots/releases/23.05.3/ath79_generic/openwrt-23.05.3-ath79-generic.manifest
23.05.3,ath79/generic,iwinfo,2023-07-01-ca79f641-1,research-os/data/openwrt-v2-snapshots/releases/23.05.3/ath79_generic/openwrt-23.05.3-ath79-generic.manifest
23.05.3,ath79/generic,jansson4,2.14-3,research-os/data/openwrt-v2-snapshots/releases/23.05.3/ath79_generic/openwrt-23.05.3-ath79-generic.manifest
23.05.3,ath79/generic,jshn,2023-05-23-75a3b870-1,research-os/data/openwrt-v2-snapshots/releases/23.05.3/ath79_generic/openwrt-23.05.3-ath79-generic.manifest
23.05.3,ath79/generic,jsonfilter,2024-01-23-594cfa86-1,research-os/data/openwrt-v2-snapshots/releases/23.05.3/ath79_generic/openwrt-23.05.3-ath79-generic.manifest
23.05.3,ath79/generic,kernel,5.15.150-1-34a8cffa541c94af8232fe9af7a1f5ba,research-os/data/openwrt-v2-snapshots/releases/23.05.3/ath79_generic/openwrt-23.05.3-ath79-generic.manifest
23.05.3,ath79/generic,kmod-ath,5.15.150+6.1.24-3,research-os/data/openwrt-v2-snapshots/releases/23.05.3/ath79_generic/openwrt-23.05.3-ath79-generic.manifest
23.05.3,ath79/generic,kmod-ath9k,5.15.150+6.1.24-3,research-os/data/openwrt-v2-snapshots/releases/23.05.3/ath79_generic/openwrt-23.05.3-ath79-generic.manifest
23.05.3,ath79/generic,kmod-ath9k-common,5.15.150+6.1.24-3,research-os/data/openwrt-v2-snapshots/releases/23.05.3/ath79_generic/openwrt-23.05.3-ath79-generic.manifest
23.05.3,ath79/generic,kmod-cfg80211,5.15.150+6.1.24-3,research-os/data/openwrt-v2-snapshots/releases/23.05.3/ath79_generic/openwrt-23.05.3-ath79-generic.manifest
23.05.3,ath79/generic,kmod-crypto-acompress,5.15.150-1,research-os/data/openwrt-v2-snapshots/releases/23.05.3/ath79_generic/openwrt-23.05.3-ath79-generic.manifest
23.05.3,ath79/generic,kmod-crypto-aead,5.15.150-1,research-os/data/openwrt-v2-snapshots/releases/23.05.3/ath79_generic/openwrt-23.05.3-ath79-generic.manifest
23.05.3,ath79/generic,kmod-crypto-ccm,5.15.150-1,research-os/data/openwrt-v2-snapshots/releases/23.05.3/ath79_generic/openwrt-23.05.3-ath79-generic.manifest
23.05.3,ath79/generic,kmod-crypto-cmac,5.15.150-1,research-os/data/openwrt-v2-snapshots/releases/23.05.3/ath79_generic/openwrt-23.05.3-ath79-generic.manifest
23.05.3,ath79/generic,kmod-crypto-crc32c,5.15.150-1,research-os/data/openwrt-v2-snapshots/releases/23.05.3/ath79_generic/openwrt-23.05.3-ath79-generic.manifest
23.05.3,ath79/generic,kmod-crypto-ctr,5.15.150-1,research-os/data/openwrt-v2-snapshots/releases/23.05.3/ath79_generic/openwrt-23.05.3-ath79-generic.manifest
23.05.3,ath79/generic,kmod-crypto-gcm,5.15.150-1,research-os/data/openwrt-v2-snapshots/releases/23.05.3/ath79_generic/openwrt-23.05.3-ath79-generic.manifest
23.05.3,ath79/generic,kmod-crypto-gf128,5.15.150-1,research-os/data/openwrt-v2-snapshots/releases/23.05.3/ath79_generic/openwrt-23.05.3-ath79-generic.manifest
23.05.3,ath79/generic,kmod-crypto-ghash,5.15.150-1,research-os/data/openwrt-v2-snapshots/releases/23.05.3/ath79_generic/openwrt-23.05.3-ath79-generic.manifest
23.05.3,ath79/generic,kmod-crypto-hash,5.15.150-1,research-os/data/openwrt-v2-snapshots/releases/23.05.3/ath79_generic/openwrt-23.05.3-ath79-generic.manifest
23.05.3,ath79/generic,kmod-crypto-hmac,5.15.150-1,research-os/data/openwrt-v2-snapshots/releases/23.05.3/ath79_generic/openwrt-23.05.3-ath79-generic.manifest
23.05.3,ath79/generic,kmod-crypto-manager,5.15.150-1,research-os/data/openwrt-v2-snapshots/releases/23.05.3/ath79_generic/openwrt-23.05.3-ath79-generic.manifest
23.05.3,ath79/generic,kmod-crypto-null,5.15.150-1,research-os/data/openwrt-v2-snapshots/releases/23.05.3/ath79_generic/openwrt-23.05.3-ath79-generic.manifest
23.05.3,ath79/generic,kmod-crypto-rng,5.15.150-1,research-os/data/openwrt-v2-snapshots/releases/23.05.3/ath79_generic/openwrt-23.05.3-ath79-generic.manifest
23.05.3,ath79/generic,kmod-crypto-seqiv,5.15.150-1,research-os/data/openwrt-v2-snapshots/releases/23.05.3/ath79_generic/openwrt-23.05.3-ath79-generic.manifest
23.05.3,ath79/generic,kmod-crypto-sha512,5.15.150-1,research-os/data/openwrt-v2-snapshots/releases/23.05.3/ath79_generic/openwrt-23.05.3-ath79-generic.manifest
23.05.3,ath79/generic,kmod-gpio-button-hotplug,5.15.150-3,research-os/data/openwrt-v2-snapshots/releases/23.05.3/ath79_generic/openwrt-23.05.3-ath79-generic.manifest
23.05.3,ath79/generic,kmod-lib-crc-ccitt,5.15.150-1,research-os/data/openwrt-v2-snapshots/releases/23.05.3/ath79_generic/openwrt-23.05.3-ath79-generic.manifest
23.05.3,ath79/generic,kmod-lib-crc32c,5.15.150-1,research-os/data/openwrt-v2-snapshots/releases/23.05.3/ath79_generic/openwrt-23.05.3-ath79-generic.manifest
23.05.3,ath79/generic,kmod-lib-lzo,5.15.150-1,research-os/data/openwrt-v2-snapshots/releases/23.05.3/ath79_generic/openwrt-23.05.3-ath79-generic.manifest
23.05.3,ath79/generic,kmod-mac80211,5.15.150+6.1.24-3,research-os/data/openwrt-v2-snapshots/releases/23.05.3/ath79_generic/openwrt-23.05.3-ath79-generic.manifest
23.05.3,ath79/generic,kmod-nf-conntrack,5.15.150-1,research-os/data/openwrt-v2-snapshots/releases/23.05.3/ath79_generic/openwrt-23.05.3-ath79-generic.manifest
23.05.3,ath79/generic,kmod-nf-conntrack6,5.15.150-1,research-os/data/openwrt-v2-snapshots/releases/23.05.3/ath79_generic/openwrt-23.05.3-ath79-generic.manifest
23.05.3,ath79/generic,kmod-nf-flow,5.15.150-1,research-os/data/openwrt-v2-snapshots/releases/23.05.3/ath79_generic/openwrt-23.05.3-ath79-generic.manifest
23.05.3,ath79/generic,kmod-nf-log,5.15.150-1,research-os/data/openwrt-v2-snapshots/releases/23.05.3/ath79_generic/openwrt-23.05.3-ath79-generic.manifest
23.05.3,ath79/generic,kmod-nf-log6,5.15.150-1,research-os/data/openwrt-v2-snapshots/releases/23.05.3/ath79_generic/openwrt-23.05.3-ath79-generic.manifest
23.05.3,ath79/generic,kmod-nf-nat,5.15.150-1,research-os/data/openwrt-v2-snapshots/releases/23.05.3/ath79_generic/openwrt-23.05.3-ath79-generic.manifest
23.05.3,ath79/generic,kmod-nf-reject,5.15.150-1,research-os/data/openwrt-v2-snapshots/releases/23.05.3/ath79_generic/openwrt-23.05.3-ath79-generic.manifest
23.05.3,ath79/generic,kmod-nf-reject6,5.15.150-1,research-os/data/openwrt-v2-snapshots/releases/23.05.3/ath79_generic/openwrt-23.05.3-ath79-generic.manifest
23.05.3,ath79/generic,kmod-nfnetlink,5.15.150-1,research-os/data/openwrt-v2-snapshots/releases/23.05.3/ath79_generic/openwrt-23.05.3-ath79-generic.manifest
23.05.3,ath79/generic,kmod-nft-core,5.15.150-1,research-os/data/openwrt-v2-snapshots/releases/23.05.3/ath79_generic/openwrt-23.05.3-ath79-generic.manifest
23.05.3,ath79/generic,kmod-nft-fib,5.15.150-1,research-os/data/openwrt-v2-snapshots/releases/23.05.3/ath79_generic/openwrt-23.05.3-ath79-generic.manifest
23.05.3,ath79/generic,kmod-nft-nat,5.15.150-1,research-os/data/openwrt-v2-snapshots/releases/23.05.3/ath79_generic/openwrt-23.05.3-ath79-generic.manifest
23.05.3,ath79/generic,kmod-nft-offload,5.15.150-1,research-os/data/openwrt-v2-snapshots/releases/23.05.3/ath79_generic/openwrt-23.05.3-ath79-generic.manifest
23.05.3,ath79/generic,kmod-ppp,5.15.150-1,research-os/data/openwrt-v2-snapshots/releases/23.05.3/ath79_generic/openwrt-23.05.3-ath79-generic.manifest
23.05.3,ath79/generic,kmod-pppoe,5.15.150-1,research-os/data/openwrt-v2-snapshots/releases/23.05.3/ath79_generic/openwrt-23.05.3-ath79-generic.manifest
23.05.3,ath79/generic,kmod-pppox,5.15.150-1,research-os/data/openwrt-v2-snapshots/releases/23.05.3/ath79_generic/openwrt-23.05.3-ath79-generic.manifest
23.05.3,ath79/generic,kmod-random-core,5.15.150-1,research-os/data/openwrt-v2-snapshots/releases/23.05.3/ath79_generic/openwrt-23.05.3-ath79-generic.manifest
23.05.3,ath79/generic,kmod-slhc,5.15.150-1,research-os/data/openwrt-v2-snapshots/releases/23.05.3/ath79_generic/openwrt-23.05.3-ath79-generic.manifest
23.05.3,ath79/generic,libblobmsg-json20230523,2023-05-23-75a3b870-1,research-os/data/openwrt-v2-snapshots/releases/23.05.3/ath79_generic/openwrt-23.05.3-ath79-generic.manifest
23.05.3,ath79/generic,libc,1.2.4-4,research-os/data/openwrt-v2-snapshots/releases/23.05.3/ath79_generic/openwrt-23.05.3-ath79-generic.manifest
23.05.3,ath79/generic,libgcc1,12.3.0-4,research-os/data/openwrt-v2-snapshots/releases/23.05.3/ath79_generic/openwrt-23.05.3-ath79-generic.manifest
23.05.3,ath79/generic,libiwinfo-data,2023-07-01-ca79f641-1,research-os/data/openwrt-v2-snapshots/releases/23.05.3/ath79_generic/openwrt-23.05.3-ath79-generic.manifest
23.05.3,ath79/generic,libiwinfo20230701,2023-07-01-ca79f641-1,research-os/data/openwrt-v2-snapshots/releases/23.05.3/ath79_generic/openwrt-23.05.3-ath79-generic.manifest
23.05.3,ath79/generic,libjson-c5,0.16-3,research-os/data/openwrt-v2-snapshots/releases/23.05.3/ath79_generic/openwrt-23.05.3-ath79-generic.manifest
23.05.3,ath79/generic,libjson-script20230523,2023-05-23-75a3b870-1,research-os/data/openwrt-v2-snapshots/releases/23.05.3/ath79_generic/openwrt-23.05.3-ath79-generic.manifest
23.05.3,ath79/generic,liblucihttp-ucode,2023-03-15-9b5b683f-1,research-os/data/openwrt-v2-snapshots/releases/23.05.3/ath79_generic/openwrt-23.05.3-ath79-generic.manifest
23.05.3,ath79/generic,liblucihttp0,2023-03-15-9b5b683f-1,research-os/data/openwrt-v2-snapshots/releases/23.05.3/ath79_generic/openwrt-23.05.3-ath79-generic.manifest
23.05.3,ath79/generic,libmbedtls12,2.28.7-2,research-os/data/openwrt-v2-snapshots/releases/23.05.3/ath79_generic/openwrt-23.05.3-ath79-generic.manifest
23.05.3,ath79/generic,libmnl0,1.0.5-1,research-os/data/openwrt-v2-snapshots/releases/23.05.3/ath79_generic/openwrt-23.05.3-ath79-generic.manifest
23.05.3,ath79/generic,libnftnl11,1.2.6-1,research-os/data/openwrt-v2-snapshots/releases/23.05.3/ath79_generic/openwrt-23.05.3-ath79-generic.manifest
23.05.3,ath79/generic,libnl-tiny1,2023-07-27-bc92a280-1,research-os/data/openwrt-v2-snapshots/releases/23.05.3/ath79_generic/openwrt-23.05.3-ath79-generic.manifest
23.05.3,ath79/generic,libpthread,1.2.4-4,research-os/data/openwrt-v2-snapshots/releases/23.05.3/ath79_generic/openwrt-23.05.3-ath79-generic.manifest
23.05.3,ath79/generic,libubox20230523,2023-05-23-75a3b870-1,research-os/data/openwrt-v2-snapshots/releases/23.05.3/ath79_generic/openwrt-23.05.3-ath79-generic.manifest
23.05.3,ath79/generic,libubus20230605,2023-06-05-f787c97b-1,research-os/data/openwrt-v2-snapshots/releases/23.05.3/ath79_generic/openwrt-23.05.3-ath79-generic.manifest
23.05.3,ath79/generic,libuci20130104,2023-08-10-5781664d-1,research-os/data/openwrt-v2-snapshots/releases/23.05.3/ath79_generic/openwrt-23.05.3-ath79-generic.manifest
23.05.3,ath79/generic,libuclient20201210,2023-04-13-007d9454-1,research-os/data/openwrt-v2-snapshots/releases/23.05.3/ath79_generic/openwrt-23.05.3-ath79-generic.manifest
23.05.3,ath79/generic,libucode20230711,2023-11-07-a6e75e02-1,research-os/data/openwrt-v2-snapshots/releases/23.05.3/ath79_generic/openwrt-23.05.3-ath79-generic.manifest
23.05.3,ath79/generic,libustream-mbedtls20201210,2023-02-25-498f6e26-1,research-os/data/openwrt-v2-snapshots/releases/23.05.3/ath79_generic/openwrt-23.05.3-ath79-generic.manifest
23.05.3,ath79/generic,logd,2022-08-13-4c7b720b-2,research-os/data/openwrt-v2-snapshots/releases/23.05.3/ath79_generic/openwrt-23.05.3-ath79-generic.manifest
23.05.3,ath79/generic,luci,git-23.051.66410-a505bb1,research-os/data/openwrt-v2-snapshots/releases/23.05.3/ath79_generic/openwrt-23.05.3-ath79-generic.manifest
23.05.3,ath79/generic,luci-app-firewall,git-24.067.01746-69867db,research-os/data/openwrt-v2-snapshots/releases/23.05.3/ath79_generic/openwrt-23.05.3-ath79-generic.manifest
23.05.3,ath79/generic,luci-app-opkg,git-24.043.63812-c89a68b,research-os/data/openwrt-v2-snapshots/releases/23.05.3/ath79_generic/openwrt-23.05.3-ath79-generic.manifest
23.05.3,ath79/generic,luci-base,git-24.073.29889-cd7e519,research-os/data/openwrt-v2-snapshots/releases/23.05.3/ath79_generic/openwrt-23.05.3-ath79-generic.manifest
23.05.3,ath79/generic,luci-light,git-23.024.33244-34dee82,research-os/data/openwrt-v2-snapshots/releases/23.05.3/ath79_generic/openwrt-23.05.3-ath79-generic.manifest
23.05.3,ath79/generic,luci-mod-admin-full,git-19.253.48496-3f93650,research-os/data/openwrt-v2-snapshots/releases/23.05.3/ath79_generic/openwrt-23.05.3-ath79-generic.manifest
23.05.3,ath79/generic,luci-mod-network,git-24.075.44893-ac63bea,research-os/data/openwrt-v2-snapshots/releases/23.05.3/ath79_generic/openwrt-23.05.3-ath79-generic.manifest
23.05.3,ath79/generic,luci-mod-status,git-24.064.82650-3cbf270,research-os/data/openwrt-v2-snapshots/releases/23.05.3/ath79_generic/openwrt-23.05.3-ath79-generic.manifest
23.05.3,ath79/generic,luci-mod-system,git-24.067.01860-7a82b2f,research-os/data/openwrt-v2-snapshots/releases/23.05.3/ath79_generic/openwrt-23.05.3-ath79-generic.manifest
23.05.3,ath79/generic,luci-proto-ipv6,git-23.355.78874-80140aa,research-os/data/openwrt-v2-snapshots/releases/23.05.3/ath79_generic/openwrt-23.05.3-ath79-generic.manifest
23.05.3,ath79/generic,luci-proto-ppp,git-21.158.38888-88b9d84,research-os/data/openwrt-v2-snapshots/releases/23.05.3/ath79_generic/openwrt-23.05.3-ath79-generic.manifest
23.05.3,ath79/generic,luci-ssl,git-23.035.26083-7550ad6,research-os/data/openwrt-v2-snapshots/releases/23.05.3/ath79_generic/openwrt-23.05.3-ath79-generic.manifest
23.05.3,ath79/generic,luci-theme-bootstrap,git-24.072.69878-ca51167,research-os/data/openwrt-v2-snapshots/releases/23.05.3/ath79_generic/openwrt-23.05.3-ath79-generic.manifest
23.05.3,ath79/generic,mtd,26,research-os/data/openwrt-v2-snapshots/releases/23.05.3/ath79_generic/openwrt-23.05.3-ath79-generic.manifest
23.05.3,ath79/generic,netifd,2024-01-04-c18cc79d-1,research-os/data/openwrt-v2-snapshots/releases/23.05.3/ath79_generic/openwrt-23.05.3-ath79-generic.manifest
23.05.3,ath79/generic,nftables-json,1.0.8-1,research-os/data/openwrt-v2-snapshots/releases/23.05.3/ath79_generic/openwrt-23.05.3-ath79-generic.manifest
23.05.3,ath79/generic,odhcp6c,2023-05-12-bcd28363-20,research-os/data/openwrt-v2-snapshots/releases/23.05.3/ath79_generic/openwrt-23.05.3-ath79-generic.manifest
23.05.3,ath79/generic,odhcpd-ipv6only,2023-10-24-d8118f6e-1,research-os/data/openwrt-v2-snapshots/releases/23.05.3/ath79_generic/openwrt-23.05.3-ath79-generic.manifest
23.05.3,ath79/generic,openwrt-keyring,2022-03-25-62471e69-2,research-os/data/openwrt-v2-snapshots/releases/23.05.3/ath79_generic/openwrt-23.05.3-ath79-generic.manifest
23.05.3,ath79/generic,opkg,2022-02-24-d038e5b6-2,research-os/data/openwrt-v2-snapshots/releases/23.05.3/ath79_generic/openwrt-23.05.3-ath79-generic.manifest
23.05.3,ath79/generic,ppp,2.4.9.git-2021-01-04-4,research-os/data/openwrt-v2-snapshots/releases/23.05.3/ath79_generic/openwrt-23.05.3-ath79-generic.manifest
23.05.3,ath79/generic,ppp-mod-pppoe,2.4.9.git-2021-01-04-4,research-os/data/openwrt-v2-snapshots/releases/23.05.3/ath79_generic/openwrt-23.05.3-ath79-generic.manifest
23.05.3,ath79/generic,procd,2023-06-25-2db83655-2,research-os/data/openwrt-v2-snapshots/releases/23.05.3/ath79_generic/openwrt-23.05.3-ath79-generic.manifest
23.05.3,ath79/generic,procd-seccomp,2023-06-25-2db83655-2,research-os/data/openwrt-v2-snapshots/releases/23.05.3/ath79_generic/openwrt-23.05.3-ath79-generic.manifest
23.05.3,ath79/generic,procd-ujail,2023-06-25-2db83655-2,research-os/data/openwrt-v2-snapshots/releases/23.05.3/ath79_generic/openwrt-23.05.3-ath79-generic.manifest
23.05.3,ath79/generic,px5g-mbedtls,10,research-os/data/openwrt-v2-snapshots/releases/23.05.3/ath79_generic/openwrt-23.05.3-ath79-generic.manifest
23.05.3,ath79/generic,rpcd,2023-07-01-c07ab2f9-1,research-os/data/openwrt-v2-snapshots/releases/23.05.3/ath79_generic/openwrt-23.05.3-ath79-generic.manifest
23.05.3,ath79/generic,rpcd-mod-file,2023-07-01-c07ab2f9-1,research-os/data/openwrt-v2-snapshots/releases/23.05.3/ath79_generic/openwrt-23.05.3-ath79-generic.manifest
23.05.3,ath79/generic,rpcd-mod-iwinfo,2023-07-01-c07ab2f9-1,research-os/data/openwrt-v2-snapshots/releases/23.05.3/ath79_generic/openwrt-23.05.3-ath79-generic.manifest
23.05.3,ath79/generic,rpcd-mod-luci,20240305-1,research-os/data/openwrt-v2-snapshots/releases/23.05.3/ath79_generic/openwrt-23.05.3-ath79-generic.manifest
23.05.3,ath79/generic,rpcd-mod-rrdns,20170710,research-os/data/openwrt-v2-snapshots/releases/23.05.3/ath79_generic/openwrt-23.05.3-ath79-generic.manifest
23.05.3,ath79/generic,rpcd-mod-ucode,2023-07-01-c07ab2f9-1,research-os/data/openwrt-v2-snapshots/releases/23.05.3/ath79_generic/openwrt-23.05.3-ath79-generic.manifest
23.05.3,ath79/generic,swconfig,12,research-os/data/openwrt-v2-snapshots/releases/23.05.3/ath79_generic/openwrt-23.05.3-ath79-generic.manifest
23.05.3,ath79/generic,uboot-envtools,2023.04-1,research-os/data/openwrt-v2-snapshots/releases/23.05.3/ath79_generic/openwrt-23.05.3-ath79-generic.manifest
23.05.3,ath79/generic,ubox,2022-08-13-4c7b720b-2,research-os/data/openwrt-v2-snapshots/releases/23.05.3/ath79_generic/openwrt-23.05.3-ath79-generic.manifest
23.05.3,ath79/generic,ubus,2023-06-05-f787c97b-1,research-os/data/openwrt-v2-snapshots/releases/23.05.3/ath79_generic/openwrt-23.05.3-ath79-generic.manifest
23.05.3,ath79/generic,ubusd,2023-06-05-f787c97b-1,research-os/data/openwrt-v2-snapshots/releases/23.05.3/ath79_generic/openwrt-23.05.3-ath79-generic.manifest
23.05.3,ath79/generic,uci,2023-08-10-5781664d-1,research-os/data/openwrt-v2-snapshots/releases/23.05.3/ath79_generic/openwrt-23.05.3-ath79-generic.manifest
23.05.3,ath79/generic,uclient-fetch,2023-04-13-007d9454-1,research-os/data/openwrt-v2-snapshots/releases/23.05.3/ath79_generic/openwrt-23.05.3-ath79-generic.manifest
23.05.3,ath79/generic,ucode,2023-11-07-a6e75e02-1,research-os/data/openwrt-v2-snapshots/releases/23.05.3/ath79_generic/openwrt-23.05.3-ath79-generic.manifest
23.05.3,ath79/generic,ucode-mod-fs,2023-11-07-a6e75e02-1,research-os/data/openwrt-v2-snapshots/releases/23.05.3/ath79_generic/openwrt-23.05.3-ath79-generic.manifest
23.05.3,ath79/generic,ucode-mod-html,1,research-os/data/openwrt-v2-snapshots/releases/23.05.3/ath79_generic/openwrt-23.05.3-ath79-generic.manifest
23.05.3,ath79/generic,ucode-mod-math,2023-11-07-a6e75e02-1,research-os/data/openwrt-v2-snapshots/releases/23.05.3/ath79_generic/openwrt-23.05.3-ath79-generic.manifest
23.05.3,ath79/generic,ucode-mod-nl80211,2023-11-07-a6e75e02-1,research-os/data/openwrt-v2-snapshots/releases/23.05.3/ath79_generic/openwrt-23.05.3-ath79-generic.manifest
23.05.3,ath79/generic,ucode-mod-rtnl,2023-11-07-a6e75e02-1,research-os/data/openwrt-v2-snapshots/releases/23.05.3/ath79_generic/openwrt-23.05.3-ath79-generic.manifest
23.05.3,ath79/generic,ucode-mod-ubus,2023-11-07-a6e75e02-1,research-os/data/openwrt-v2-snapshots/releases/23.05.3/ath79_generic/openwrt-23.05.3-ath79-generic.manifest
23.05.3,ath79/generic,ucode-mod-uci,2023-11-07-a6e75e02-1,research-os/data/openwrt-v2-snapshots/releases/23.05.3/ath79_generic/openwrt-23.05.3-ath79-generic.manifest
23.05.3,ath79/generic,ucode-mod-uloop,2023-11-07-a6e75e02-1,research-os/data/openwrt-v2-snapshots/releases/23.05.3/ath79_generic/openwrt-23.05.3-ath79-generic.manifest
23.05.3,ath79/generic,uhttpd,2023-06-25-34a8a74d-2,research-os/data/openwrt-v2-snapshots/releases/23.05.3/ath79_generic/openwrt-23.05.3-ath79-generic.manifest
23.05.3,ath79/generic,uhttpd-mod-ubus,2023-06-25-34a8a74d-2,research-os/data/openwrt-v2-snapshots/releases/23.05.3/ath79_generic/openwrt-23.05.3-ath79-generic.manifest
23.05.3,ath79/generic,urandom-seed,3,research-os/data/openwrt-v2-snapshots/releases/23.05.3/ath79_generic/openwrt-23.05.3-ath79-generic.manifest
23.05.3,ath79/generic,urngd,2023-11-01-44365eb1-1,research-os/data/openwrt-v2-snapshots/releases/23.05.3/ath79_generic/openwrt-23.05.3-ath79-generic.manifest
23.05.3,ath79/generic,usign,2020-05-23-f1f65026-1,research-os/data/openwrt-v2-snapshots/releases/23.05.3/ath79_generic/openwrt-23.05.3-ath79-generic.manifest
23.05.3,ath79/generic,wireless-regdb,2024.01.23-1,research-os/data/openwrt-v2-snapshots/releases/23.05.3/ath79_generic/openwrt-23.05.3-ath79-generic.manifest
23.05.3,ath79/generic,wpad-basic-mbedtls,2023-09-08-e5ccbfc6-6,research-os/data/openwrt-v2-snapshots/releases/23.05.3/ath79_generic/openwrt-23.05.3-ath79-generic.manifest
23.05.3,x86/64,base-files,1554-r23809-234f1a2efa,research-os/data/openwrt-v2-snapshots/releases/23.05.3/x86_64/openwrt-23.05.3-x86-64.manifest
23.05.3,x86/64,busybox,1.36.1-1,research-os/data/openwrt-v2-snapshots/releases/23.05.3/x86_64/openwrt-23.05.3-x86-64.manifest
23.05.3,x86/64,ca-bundle,20230311-1,research-os/data/openwrt-v2-snapshots/releases/23.05.3/x86_64/openwrt-23.05.3-x86-64.manifest
23.05.3,x86/64,cgi-io,2022-08-10-901b0f04-21,research-os/data/openwrt-v2-snapshots/releases/23.05.3/x86_64/openwrt-23.05.3-x86-64.manifest
23.05.3,x86/64,dnsmasq,2.90-2,research-os/data/openwrt-v2-snapshots/releases/23.05.3/x86_64/openwrt-23.05.3-x86-64.manifest
23.05.3,x86/64,dropbear,2022.82-6,research-os/data/openwrt-v2-snapshots/releases/23.05.3/x86_64/openwrt-23.05.3-x86-64.manifest
23.05.3,x86/64,e2fsprogs,1.47.0-2,research-os/data/openwrt-v2-snapshots/releases/23.05.3/x86_64/openwrt-23.05.3-x86-64.manifest
23.05.3,x86/64,firewall4,2023-09-01-598d9fbb-1,research-os/data/openwrt-v2-snapshots/releases/23.05.3/x86_64/openwrt-23.05.3-x86-64.manifest
23.05.3,x86/64,fstools,2023-02-28-bfe882d5-1,research-os/data/openwrt-v2-snapshots/releases/23.05.3/x86_64/openwrt-23.05.3-x86-64.manifest
23.05.3,x86/64,fwtool,2019-11-12-8f7fe925-1,research-os/data/openwrt-v2-snapshots/releases/23.05.3/x86_64/openwrt-23.05.3-x86-64.manifest
23.05.3,x86/64,getrandom,2022-08-13-4c7b720b-2,research-os/data/openwrt-v2-snapshots/releases/23.05.3/x86_64/openwrt-23.05.3-x86-64.manifest
23.05.3,x86/64,grub2,2.06-5,research-os/data/openwrt-v2-snapshots/releases/23.05.3/x86_64/openwrt-23.05.3-x86-64.manifest
23.05.3,x86/64,grub2-bios-setup,2.06-5,research-os/data/openwrt-v2-snapshots/releases/23.05.3/x86_64/openwrt-23.05.3-x86-64.manifest
23.05.3,x86/64,grub2-efi,2.06-5,research-os/data/openwrt-v2-snapshots/releases/23.05.3/x86_64/openwrt-23.05.3-x86-64.manifest
23.05.3,x86/64,jansson4,2.14-3,research-os/data/openwrt-v2-snapshots/releases/23.05.3/x86_64/openwrt-23.05.3-x86-64.manifest
23.05.3,x86/64,jshn,2023-05-23-75a3b870-1,research-os/data/openwrt-v2-snapshots/releases/23.05.3/x86_64/openwrt-23.05.3-x86-64.manifest
23.05.3,x86/64,jsonfilter,2024-01-23-594cfa86-1,research-os/data/openwrt-v2-snapshots/releases/23.05.3/x86_64/openwrt-23.05.3-x86-64.manifest
23.05.3,x86/64,kernel,5.15.150-1-e496746edd89318b9810e48e36a8bd9c,research-os/data/openwrt-v2-snapshots/releases/23.05.3/x86_64/openwrt-23.05.3-x86-64.manifest
23.05.3,x86/64,kmod-button-hotplug,5.15.150-3,research-os/data/openwrt-v2-snapshots/releases/23.05.3/x86_64/openwrt-23.05.3-x86-64.manifest
23.05.3,x86/64,kmod-crypto-acompress,5.15.150-1,research-os/data/openwrt-v2-snapshots/releases/23.05.3/x86_64/openwrt-23.05.3-x86-64.manifest
23.05.3,x86/64,kmod-crypto-crc32c,5.15.150-1,research-os/data/openwrt-v2-snapshots/releases/23.05.3/x86_64/openwrt-23.05.3-x86-64.manifest
23.05.3,x86/64,kmod-crypto-hash,5.15.150-1,research-os/data/openwrt-v2-snapshots/releases/23.05.3/x86_64/openwrt-23.05.3-x86-64.manifest
23.05.3,x86/64,kmod-fs-vfat,5.15.150-1,research-os/data/openwrt-v2-snapshots/releases/23.05.3/x86_64/openwrt-23.05.3-x86-64.manifest
23.05.3,x86/64,kmod-input-core,5.15.150-1,research-os/data/openwrt-v2-snapshots/releases/23.05.3/x86_64/openwrt-23.05.3-x86-64.manifest
23.05.3,x86/64,kmod-lib-crc-ccitt,5.15.150-1,research-os/data/openwrt-v2-snapshots/releases/23.05.3/x86_64/openwrt-23.05.3-x86-64.manifest
23.05.3,x86/64,kmod-lib-crc32c,5.15.150-1,research-os/data/openwrt-v2-snapshots/releases/23.05.3/x86_64/openwrt-23.05.3-x86-64.manifest
23.05.3,x86/64,kmod-lib-lzo,5.15.150-1,research-os/data/openwrt-v2-snapshots/releases/23.05.3/x86_64/openwrt-23.05.3-x86-64.manifest
23.05.3,x86/64,kmod-nf-conntrack,5.15.150-1,research-os/data/openwrt-v2-snapshots/releases/23.05.3/x86_64/openwrt-23.05.3-x86-64.manifest
23.05.3,x86/64,kmod-nf-conntrack6,5.15.150-1,research-os/data/openwrt-v2-snapshots/releases/23.05.3/x86_64/openwrt-23.05.3-x86-64.manifest
23.05.3,x86/64,kmod-nf-flow,5.15.150-1,research-os/data/openwrt-v2-snapshots/releases/23.05.3/x86_64/openwrt-23.05.3-x86-64.manifest
23.05.3,x86/64,kmod-nf-log,5.15.150-1,research-os/data/openwrt-v2-snapshots/releases/23.05.3/x86_64/openwrt-23.05.3-x86-64.manifest
23.05.3,x86/64,kmod-nf-log6,5.15.150-1,research-os/data/openwrt-v2-snapshots/releases/23.05.3/x86_64/openwrt-23.05.3-x86-64.manifest
23.05.3,x86/64,kmod-nf-nat,5.15.150-1,research-os/data/openwrt-v2-snapshots/releases/23.05.3/x86_64/openwrt-23.05.3-x86-64.manifest
23.05.3,x86/64,kmod-nf-reject,5.15.150-1,research-os/data/openwrt-v2-snapshots/releases/23.05.3/x86_64/openwrt-23.05.3-x86-64.manifest
23.05.3,x86/64,kmod-nf-reject6,5.15.150-1,research-os/data/openwrt-v2-snapshots/releases/23.05.3/x86_64/openwrt-23.05.3-x86-64.manifest
23.05.3,x86/64,kmod-nfnetlink,5.15.150-1,research-os/data/openwrt-v2-snapshots/releases/23.05.3/x86_64/openwrt-23.05.3-x86-64.manifest
23.05.3,x86/64,kmod-nft-core,5.15.150-1,research-os/data/openwrt-v2-snapshots/releases/23.05.3/x86_64/openwrt-23.05.3-x86-64.manifest
23.05.3,x86/64,kmod-nft-fib,5.15.150-1,research-os/data/openwrt-v2-snapshots/releases/23.05.3/x86_64/openwrt-23.05.3-x86-64.manifest
23.05.3,x86/64,kmod-nft-nat,5.15.150-1,research-os/data/openwrt-v2-snapshots/releases/23.05.3/x86_64/openwrt-23.05.3-x86-64.manifest
23.05.3,x86/64,kmod-nft-offload,5.15.150-1,research-os/data/openwrt-v2-snapshots/releases/23.05.3/x86_64/openwrt-23.05.3-x86-64.manifest
23.05.3,x86/64,kmod-nls-base,5.15.150-1,research-os/data/openwrt-v2-snapshots/releases/23.05.3/x86_64/openwrt-23.05.3-x86-64.manifest
23.05.3,x86/64,kmod-nls-cp437,5.15.150-1,research-os/data/openwrt-v2-snapshots/releases/23.05.3/x86_64/openwrt-23.05.3-x86-64.manifest
23.05.3,x86/64,kmod-nls-iso8859-1,5.15.150-1,research-os/data/openwrt-v2-snapshots/releases/23.05.3/x86_64/openwrt-23.05.3-x86-64.manifest
23.05.3,x86/64,kmod-nls-utf8,5.15.150-1,research-os/data/openwrt-v2-snapshots/releases/23.05.3/x86_64/openwrt-23.05.3-x86-64.manifest
23.05.3,x86/64,kmod-ppp,5.15.150-1,research-os/data/openwrt-v2-snapshots/releases/23.05.3/x86_64/openwrt-23.05.3-x86-64.manifest
23.05.3,x86/64,kmod-pppoe,5.15.150-1,research-os/data/openwrt-v2-snapshots/releases/23.05.3/x86_64/openwrt-23.05.3-x86-64.manifest
23.05.3,x86/64,kmod-pppox,5.15.150-1,research-os/data/openwrt-v2-snapshots/releases/23.05.3/x86_64/openwrt-23.05.3-x86-64.manifest
23.05.3,x86/64,kmod-slhc,5.15.150-1,research-os/data/openwrt-v2-snapshots/releases/23.05.3/x86_64/openwrt-23.05.3-x86-64.manifest
23.05.3,x86/64,libblkid1,2.39-2,research-os/data/openwrt-v2-snapshots/releases/23.05.3/x86_64/openwrt-23.05.3-x86-64.manifest
23.05.3,x86/64,libblobmsg-json20230523,2023-05-23-75a3b870-1,research-os/data/openwrt-v2-snapshots/releases/23.05.3/x86_64/openwrt-23.05.3-x86-64.manifest
23.05.3,x86/64,libc,1.2.4-4,research-os/data/openwrt-v2-snapshots/releases/23.05.3/x86_64/openwrt-23.05.3-x86-64.manifest
23.05.3,x86/64,libcomerr0,1.47.0-2,research-os/data/openwrt-v2-snapshots/releases/23.05.3/x86_64/openwrt-23.05.3-x86-64.manifest
23.05.3,x86/64,libext2fs2,1.47.0-2,research-os/data/openwrt-v2-snapshots/releases/23.05.3/x86_64/openwrt-23.05.3-x86-64.manifest
23.05.3,x86/64,libf2fs6,1.16.0-1,research-os/data/openwrt-v2-snapshots/releases/23.05.3/x86_64/openwrt-23.05.3-x86-64.manifest
23.05.3,x86/64,libgcc1,12.3.0-4,research-os/data/openwrt-v2-snapshots/releases/23.05.3/x86_64/openwrt-23.05.3-x86-64.manifest
23.05.3,x86/64,libiwinfo-data,2023-07-01-ca79f641-1,research-os/data/openwrt-v2-snapshots/releases/23.05.3/x86_64/openwrt-23.05.3-x86-64.manifest
23.05.3,x86/64,libiwinfo20230701,2023-07-01-ca79f641-1,research-os/data/openwrt-v2-snapshots/releases/23.05.3/x86_64/openwrt-23.05.3-x86-64.manifest
23.05.3,x86/64,libjson-c5,0.16-3,research-os/data/openwrt-v2-snapshots/releases/23.05.3/x86_64/openwrt-23.05.3-x86-64.manifest
23.05.3,x86/64,libjson-script20230523,2023-05-23-75a3b870-1,research-os/data/openwrt-v2-snapshots/releases/23.05.3/x86_64/openwrt-23.05.3-x86-64.manifest
23.05.3,x86/64,liblucihttp-ucode,2023-03-15-9b5b683f-1,research-os/data/openwrt-v2-snapshots/releases/23.05.3/x86_64/openwrt-23.05.3-x86-64.manifest
23.05.3,x86/64,liblucihttp0,2023-03-15-9b5b683f-1,research-os/data/openwrt-v2-snapshots/releases/23.05.3/x86_64/openwrt-23.05.3-x86-64.manifest
23.05.3,x86/64,libmbedtls12,2.28.7-2,research-os/data/openwrt-v2-snapshots/releases/23.05.3/x86_64/openwrt-23.05.3-x86-64.manifest
23.05.3,x86/64,libmnl0,1.0.5-1,research-os/data/openwrt-v2-snapshots/releases/23.05.3/x86_64/openwrt-23.05.3-x86-64.manifest
23.05.3,x86/64,libnftnl11,1.2.6-1,research-os/data/openwrt-v2-snapshots/releases/23.05.3/x86_64/openwrt-23.05.3-x86-64.manifest
23.05.3,x86/64,libnl-tiny1,2023-07-27-bc92a280-1,research-os/data/openwrt-v2-snapshots/releases/23.05.3/x86_64/openwrt-23.05.3-x86-64.manifest
23.05.3,x86/64,libpthread,1.2.4-4,research-os/data/openwrt-v2-snapshots/releases/23.05.3/x86_64/openwrt-23.05.3-x86-64.manifest
23.05.3,x86/64,librt,1.2.4-4,research-os/data/openwrt-v2-snapshots/releases/23.05.3/x86_64/openwrt-23.05.3-x86-64.manifest
23.05.3,x86/64,libsmartcols1,2.39-2,research-os/data/openwrt-v2-snapshots/releases/23.05.3/x86_64/openwrt-23.05.3-x86-64.manifest
23.05.3,x86/64,libss2,1.47.0-2,research-os/data/openwrt-v2-snapshots/releases/23.05.3/x86_64/openwrt-23.05.3-x86-64.manifest
23.05.3,x86/64,libubox20230523,2023-05-23-75a3b870-1,research-os/data/openwrt-v2-snapshots/releases/23.05.3/x86_64/openwrt-23.05.3-x86-64.manifest
23.05.3,x86/64,libubus20230605,2023-06-05-f787c97b-1,research-os/data/openwrt-v2-snapshots/releases/23.05.3/x86_64/openwrt-23.05.3-x86-64.manifest
23.05.3,x86/64,libuci20130104,2023-08-10-5781664d-1,research-os/data/openwrt-v2-snapshots/releases/23.05.3/x86_64/openwrt-23.05.3-x86-64.manifest
23.05.3,x86/64,libuclient20201210,2023-04-13-007d9454-1,research-os/data/openwrt-v2-snapshots/releases/23.05.3/x86_64/openwrt-23.05.3-x86-64.manifest
23.05.3,x86/64,libucode20230711,2023-11-07-a6e75e02-1,research-os/data/openwrt-v2-snapshots/releases/23.05.3/x86_64/openwrt-23.05.3-x86-64.manifest
23.05.3,x86/64,libustream-mbedtls20201210,2023-02-25-498f6e26-1,research-os/data/openwrt-v2-snapshots/releases/23.05.3/x86_64/openwrt-23.05.3-x86-64.manifest
23.05.3,x86/64,libuuid1,2.39-2,research-os/data/openwrt-v2-snapshots/releases/23.05.3/x86_64/openwrt-23.05.3-x86-64.manifest
23.05.3,x86/64,logd,2022-08-13-4c7b720b-2,research-os/data/openwrt-v2-snapshots/releases/23.05.3/x86_64/openwrt-23.05.3-x86-64.manifest
23.05.3,x86/64,luci,git-23.051.66410-a505bb1,research-os/data/openwrt-v2-snapshots/releases/23.05.3/x86_64/openwrt-23.05.3-x86-64.manifest
23.05.3,x86/64,luci-app-firewall,git-24.067.01746-69867db,research-os/data/openwrt-v2-snapshots/releases/23.05.3/x86_64/openwrt-23.05.3-x86-64.manifest
23.05.3,x86/64,luci-app-opkg,git-24.043.63812-c89a68b,research-os/data/openwrt-v2-snapshots/releases/23.05.3/x86_64/openwrt-23.05.3-x86-64.manifest
23.05.3,x86/64,luci-base,git-24.073.29889-cd7e519,research-os/data/openwrt-v2-snapshots/releases/23.05.3/x86_64/openwrt-23.05.3-x86-64.manifest
23.05.3,x86/64,luci-light,git-23.024.33244-34dee82,research-os/data/openwrt-v2-snapshots/releases/23.05.3/x86_64/openwrt-23.05.3-x86-64.manifest
23.05.3,x86/64,luci-mod-admin-full,git-19.253.48496-3f93650,research-os/data/openwrt-v2-snapshots/releases/23.05.3/x86_64/openwrt-23.05.3-x86-64.manifest
23.05.3,x86/64,luci-mod-network,git-24.075.44893-ac63bea,research-os/data/openwrt-v2-snapshots/releases/23.05.3/x86_64/openwrt-23.05.3-x86-64.manifest
23.05.3,x86/64,luci-mod-status,git-24.064.82650-3cbf270,research-os/data/openwrt-v2-snapshots/releases/23.05.3/x86_64/openwrt-23.05.3-x86-64.manifest
23.05.3,x86/64,luci-mod-system,git-24.067.01860-7a82b2f,research-os/data/openwrt-v2-snapshots/releases/23.05.3/x86_64/openwrt-23.05.3-x86-64.manifest
23.05.3,x86/64,luci-proto-ipv6,git-23.355.78874-80140aa,research-os/data/openwrt-v2-snapshots/releases/23.05.3/x86_64/openwrt-23.05.3-x86-64.manifest
23.05.3,x86/64,luci-proto-ppp,git-21.158.38888-88b9d84,research-os/data/openwrt-v2-snapshots/releases/23.05.3/x86_64/openwrt-23.05.3-x86-64.manifest
23.05.3,x86/64,luci-ssl,git-23.035.26083-7550ad6,research-os/data/openwrt-v2-snapshots/releases/23.05.3/x86_64/openwrt-23.05.3-x86-64.manifest
23.05.3,x86/64,luci-theme-bootstrap,git-24.072.69878-ca51167,research-os/data/openwrt-v2-snapshots/releases/23.05.3/x86_64/openwrt-23.05.3-x86-64.manifest
23.05.3,x86/64,mkf2fs,1.16.0-1,research-os/data/openwrt-v2-snapshots/releases/23.05.3/x86_64/openwrt-23.05.3-x86-64.manifest
23.05.3,x86/64,mtd,26,research-os/data/openwrt-v2-snapshots/releases/23.05.3/x86_64/openwrt-23.05.3-x86-64.manifest
23.05.3,x86/64,netifd,2024-01-04-c18cc79d-1,research-os/data/openwrt-v2-snapshots/releases/23.05.3/x86_64/openwrt-23.05.3-x86-64.manifest
23.05.3,x86/64,nftables-json,1.0.8-1,research-os/data/openwrt-v2-snapshots/releases/23.05.3/x86_64/openwrt-23.05.3-x86-64.manifest
23.05.3,x86/64,odhcp6c,2023-05-12-bcd28363-20,research-os/data/openwrt-v2-snapshots/releases/23.05.3/x86_64/openwrt-23.05.3-x86-64.manifest
23.05.3,x86/64,odhcpd-ipv6only,2023-10-24-d8118f6e-1,research-os/data/openwrt-v2-snapshots/releases/23.05.3/x86_64/openwrt-23.05.3-x86-64.manifest
23.05.3,x86/64,openwrt-keyring,2022-03-25-62471e69-2,research-os/data/openwrt-v2-snapshots/releases/23.05.3/x86_64/openwrt-23.05.3-x86-64.manifest
23.05.3,x86/64,opkg,2022-02-24-d038e5b6-2,research-os/data/openwrt-v2-snapshots/releases/23.05.3/x86_64/openwrt-23.05.3-x86-64.manifest
23.05.3,x86/64,partx-utils,2.39-2,research-os/data/openwrt-v2-snapshots/releases/23.05.3/x86_64/openwrt-23.05.3-x86-64.manifest
23.05.3,x86/64,ppp,2.4.9.git-2021-01-04-4,research-os/data/openwrt-v2-snapshots/releases/23.05.3/x86_64/openwrt-23.05.3-x86-64.manifest
23.05.3,x86/64,ppp-mod-pppoe,2.4.9.git-2021-01-04-4,research-os/data/openwrt-v2-snapshots/releases/23.05.3/x86_64/openwrt-23.05.3-x86-64.manifest
23.05.3,x86/64,procd,2023-06-25-2db83655-2,research-os/data/openwrt-v2-snapshots/releases/23.05.3/x86_64/openwrt-23.05.3-x86-64.manifest
23.05.3,x86/64,procd-seccomp,2023-06-25-2db83655-2,research-os/data/openwrt-v2-snapshots/releases/23.05.3/x86_64/openwrt-23.05.3-x86-64.manifest
23.05.3,x86/64,procd-ujail,2023-06-25-2db83655-2,research-os/data/openwrt-v2-snapshots/releases/23.05.3/x86_64/openwrt-23.05.3-x86-64.manifest
23.05.3,x86/64,px5g-mbedtls,10,research-os/data/openwrt-v2-snapshots/releases/23.05.3/x86_64/openwrt-23.05.3-x86-64.manifest
23.05.3,x86/64,rpcd,2023-07-01-c07ab2f9-1,research-os/data/openwrt-v2-snapshots/releases/23.05.3/x86_64/openwrt-23.05.3-x86-64.manifest
23.05.3,x86/64,rpcd-mod-file,2023-07-01-c07ab2f9-1,research-os/data/openwrt-v2-snapshots/releases/23.05.3/x86_64/openwrt-23.05.3-x86-64.manifest
23.05.3,x86/64,rpcd-mod-iwinfo,2023-07-01-c07ab2f9-1,research-os/data/openwrt-v2-snapshots/releases/23.05.3/x86_64/openwrt-23.05.3-x86-64.manifest
23.05.3,x86/64,rpcd-mod-luci,20240305-1,research-os/data/openwrt-v2-snapshots/releases/23.05.3/x86_64/openwrt-23.05.3-x86-64.manifest
23.05.3,x86/64,rpcd-mod-rrdns,20170710,research-os/data/openwrt-v2-snapshots/releases/23.05.3/x86_64/openwrt-23.05.3-x86-64.manifest
23.05.3,x86/64,rpcd-mod-ucode,2023-07-01-c07ab2f9-1,research-os/data/openwrt-v2-snapshots/releases/23.05.3/x86_64/openwrt-23.05.3-x86-64.manifest
23.05.3,x86/64,ubox,2022-08-13-4c7b720b-2,research-os/data/openwrt-v2-snapshots/releases/23.05.3/x86_64/openwrt-23.05.3-x86-64.manifest
23.05.3,x86/64,ubus,2023-06-05-f787c97b-1,research-os/data/openwrt-v2-snapshots/releases/23.05.3/x86_64/openwrt-23.05.3-x86-64.manifest
23.05.3,x86/64,ubusd,2023-06-05-f787c97b-1,research-os/data/openwrt-v2-snapshots/releases/23.05.3/x86_64/openwrt-23.05.3-x86-64.manifest
23.05.3,x86/64,uci,2023-08-10-5781664d-1,research-os/data/openwrt-v2-snapshots/releases/23.05.3/x86_64/openwrt-23.05.3-x86-64.manifest
23.05.3,x86/64,uclient-fetch,2023-04-13-007d9454-1,research-os/data/openwrt-v2-snapshots/releases/23.05.3/x86_64/openwrt-23.05.3-x86-64.manifest
23.05.3,x86/64,ucode,2023-11-07-a6e75e02-1,research-os/data/openwrt-v2-snapshots/releases/23.05.3/x86_64/openwrt-23.05.3-x86-64.manifest
23.05.3,x86/64,ucode-mod-fs,2023-11-07-a6e75e02-1,research-os/data/openwrt-v2-snapshots/releases/23.05.3/x86_64/openwrt-23.05.3-x86-64.manifest
23.05.3,x86/64,ucode-mod-html,1,research-os/data/openwrt-v2-snapshots/releases/23.05.3/x86_64/openwrt-23.05.3-x86-64.manifest
23.05.3,x86/64,ucode-mod-math,2023-11-07-a6e75e02-1,research-os/data/openwrt-v2-snapshots/releases/23.05.3/x86_64/openwrt-23.05.3-x86-64.manifest
23.05.3,x86/64,ucode-mod-ubus,2023-11-07-a6e75e02-1,research-os/data/openwrt-v2-snapshots/releases/23.05.3/x86_64/openwrt-23.05.3-x86-64.manifest
23.05.3,x86/64,ucode-mod-uci,2023-11-07-a6e75e02-1,research-os/data/openwrt-v2-snapshots/releases/23.05.3/x86_64/openwrt-23.05.3-x86-64.manifest
23.05.3,x86/64,uhttpd,2023-06-25-34a8a74d-2,research-os/data/openwrt-v2-snapshots/releases/23.05.3/x86_64/openwrt-23.05.3-x86-64.manifest
23.05.3,x86/64,uhttpd-mod-ubus,2023-06-25-34a8a74d-2,research-os/data/openwrt-v2-snapshots/releases/23.05.3/x86_64/openwrt-23.05.3-x86-64.manifest
23.05.3,x86/64,urandom-seed,3,research-os/data/openwrt-v2-snapshots/releases/23.05.3/x86_64/openwrt-23.05.3-x86-64.manifest
23.05.3,x86/64,urngd,2023-11-01-44365eb1-1,research-os/data/openwrt-v2-snapshots/releases/23.05.3/x86_64/openwrt-23.05.3-x86-64.manifest
23.05.3,x86/64,usign,2020-05-23-f1f65026-1,research-os/data/openwrt-v2-snapshots/releases/23.05.3/x86_64/openwrt-23.05.3-x86-64.manifest
23.05.4,ath79/generic,base-files,1559-r24012-d8dd03c46f,research-os/data/openwrt-v2-snapshots/releases/23.05.4/ath79_generic/openwrt-23.05.4-ath79-generic.manifest
23.05.4,ath79/generic,busybox,1.36.1-1,research-os/data/openwrt-v2-snapshots/releases/23.05.4/ath79_generic/openwrt-23.05.4-ath79-generic.manifest
23.05.4,ath79/generic,ca-bundle,20230311-1,research-os/data/openwrt-v2-snapshots/releases/23.05.4/ath79_generic/openwrt-23.05.4-ath79-generic.manifest
23.05.4,ath79/generic,cgi-io,2022-08-10-901b0f04-21,research-os/data/openwrt-v2-snapshots/releases/23.05.4/ath79_generic/openwrt-23.05.4-ath79-generic.manifest
23.05.4,ath79/generic,dnsmasq,2.90-2,research-os/data/openwrt-v2-snapshots/releases/23.05.4/ath79_generic/openwrt-23.05.4-ath79-generic.manifest
23.05.4,ath79/generic,dropbear,2022.82-6,research-os/data/openwrt-v2-snapshots/releases/23.05.4/ath79_generic/openwrt-23.05.4-ath79-generic.manifest
23.05.4,ath79/generic,firewall4,2023-09-01-598d9fbb-1,research-os/data/openwrt-v2-snapshots/releases/23.05.4/ath79_generic/openwrt-23.05.4-ath79-generic.manifest
23.05.4,ath79/generic,fstools,2023-02-28-bfe882d5-1,research-os/data/openwrt-v2-snapshots/releases/23.05.4/ath79_generic/openwrt-23.05.4-ath79-generic.manifest
23.05.4,ath79/generic,fwtool,2019-11-12-8f7fe925-1,research-os/data/openwrt-v2-snapshots/releases/23.05.4/ath79_generic/openwrt-23.05.4-ath79-generic.manifest
23.05.4,ath79/generic,getrandom,2022-08-13-4c7b720b-2,research-os/data/openwrt-v2-snapshots/releases/23.05.4/ath79_generic/openwrt-23.05.4-ath79-generic.manifest
23.05.4,ath79/generic,hostapd-common,2023-09-08-e5ccbfc6-7,research-os/data/openwrt-v2-snapshots/releases/23.05.4/ath79_generic/openwrt-23.05.4-ath79-generic.manifest
23.05.4,ath79/generic,iw,5.19-1,research-os/data/openwrt-v2-snapshots/releases/23.05.4/ath79_generic/openwrt-23.05.4-ath79-generic.manifest
23.05.4,ath79/generic,iwinfo,2023-07-01-ca79f641-1,research-os/data/openwrt-v2-snapshots/releases/23.05.4/ath79_generic/openwrt-23.05.4-ath79-generic.manifest
23.05.4,ath79/generic,jansson4,2.14-3,research-os/data/openwrt-v2-snapshots/releases/23.05.4/ath79_generic/openwrt-23.05.4-ath79-generic.manifest
23.05.4,ath79/generic,jshn,2023-05-23-75a3b870-1,research-os/data/openwrt-v2-snapshots/releases/23.05.4/ath79_generic/openwrt-23.05.4-ath79-generic.manifest
23.05.4,ath79/generic,jsonfilter,2024-01-23-594cfa86-1,research-os/data/openwrt-v2-snapshots/releases/23.05.4/ath79_generic/openwrt-23.05.4-ath79-generic.manifest
23.05.4,ath79/generic,kernel,5.15.162-1-da89f936189e8280762513898b74a850,research-os/data/openwrt-v2-snapshots/releases/23.05.4/ath79_generic/openwrt-23.05.4-ath79-generic.manifest
23.05.4,ath79/generic,kmod-ath,5.15.162+6.1.97-1-1,research-os/data/openwrt-v2-snapshots/releases/23.05.4/ath79_generic/openwrt-23.05.4-ath79-generic.manifest
23.05.4,ath79/generic,kmod-ath9k,5.15.162+6.1.97-1-1,research-os/data/openwrt-v2-snapshots/releases/23.05.4/ath79_generic/openwrt-23.05.4-ath79-generic.manifest
23.05.4,ath79/generic,kmod-ath9k-common,5.15.162+6.1.97-1-1,research-os/data/openwrt-v2-snapshots/releases/23.05.4/ath79_generic/openwrt-23.05.4-ath79-generic.manifest
23.05.4,ath79/generic,kmod-cfg80211,5.15.162+6.1.97-1-1,research-os/data/openwrt-v2-snapshots/releases/23.05.4/ath79_generic/openwrt-23.05.4-ath79-generic.manifest
23.05.4,ath79/generic,kmod-crypto-acompress,5.15.162-1,research-os/data/openwrt-v2-snapshots/releases/23.05.4/ath79_generic/openwrt-23.05.4-ath79-generic.manifest
23.05.4,ath79/generic,kmod-crypto-aead,5.15.162-1,research-os/data/openwrt-v2-snapshots/releases/23.05.4/ath79_generic/openwrt-23.05.4-ath79-generic.manifest
23.05.4,ath79/generic,kmod-crypto-ccm,5.15.162-1,research-os/data/openwrt-v2-snapshots/releases/23.05.4/ath79_generic/openwrt-23.05.4-ath79-generic.manifest
23.05.4,ath79/generic,kmod-crypto-cmac,5.15.162-1,research-os/data/openwrt-v2-snapshots/releases/23.05.4/ath79_generic/openwrt-23.05.4-ath79-generic.manifest
23.05.4,ath79/generic,kmod-crypto-crc32c,5.15.162-1,research-os/data/openwrt-v2-snapshots/releases/23.05.4/ath79_generic/openwrt-23.05.4-ath79-generic.manifest
23.05.4,ath79/generic,kmod-crypto-ctr,5.15.162-1,research-os/data/openwrt-v2-snapshots/releases/23.05.4/ath79_generic/openwrt-23.05.4-ath79-generic.manifest
23.05.4,ath79/generic,kmod-crypto-gcm,5.15.162-1,research-os/data/openwrt-v2-snapshots/releases/23.05.4/ath79_generic/openwrt-23.05.4-ath79-generic.manifest
23.05.4,ath79/generic,kmod-crypto-gf128,5.15.162-1,research-os/data/openwrt-v2-snapshots/releases/23.05.4/ath79_generic/openwrt-23.05.4-ath79-generic.manifest
23.05.4,ath79/generic,kmod-crypto-ghash,5.15.162-1,research-os/data/openwrt-v2-snapshots/releases/23.05.4/ath79_generic/openwrt-23.05.4-ath79-generic.manifest
23.05.4,ath79/generic,kmod-crypto-hash,5.15.162-1,research-os/data/openwrt-v2-snapshots/releases/23.05.4/ath79_generic/openwrt-23.05.4-ath79-generic.manifest
23.05.4,ath79/generic,kmod-crypto-hmac,5.15.162-1,research-os/data/openwrt-v2-snapshots/releases/23.05.4/ath79_generic/openwrt-23.05.4-ath79-generic.manifest
23.05.4,ath79/generic,kmod-crypto-manager,5.15.162-1,research-os/data/openwrt-v2-snapshots/releases/23.05.4/ath79_generic/openwrt-23.05.4-ath79-generic.manifest
23.05.4,ath79/generic,kmod-crypto-null,5.15.162-1,research-os/data/openwrt-v2-snapshots/releases/23.05.4/ath79_generic/openwrt-23.05.4-ath79-generic.manifest
23.05.4,ath79/generic,kmod-crypto-rng,5.15.162-1,research-os/data/openwrt-v2-snapshots/releases/23.05.4/ath79_generic/openwrt-23.05.4-ath79-generic.manifest
23.05.4,ath79/generic,kmod-crypto-seqiv,5.15.162-1,research-os/data/openwrt-v2-snapshots/releases/23.05.4/ath79_generic/openwrt-23.05.4-ath79-generic.manifest
23.05.4,ath79/generic,kmod-crypto-sha512,5.15.162-1,research-os/data/openwrt-v2-snapshots/releases/23.05.4/ath79_generic/openwrt-23.05.4-ath79-generic.manifest
23.05.4,ath79/generic,kmod-gpio-button-hotplug,5.15.162-3,research-os/data/openwrt-v2-snapshots/releases/23.05.4/ath79_generic/openwrt-23.05.4-ath79-generic.manifest
23.05.4,ath79/generic,kmod-lib-crc-ccitt,5.15.162-1,research-os/data/openwrt-v2-snapshots/releases/23.05.4/ath79_generic/openwrt-23.05.4-ath79-generic.manifest
23.05.4,ath79/generic,kmod-lib-crc32c,5.15.162-1,research-os/data/openwrt-v2-snapshots/releases/23.05.4/ath79_generic/openwrt-23.05.4-ath79-generic.manifest
23.05.4,ath79/generic,kmod-lib-lzo,5.15.162-1,research-os/data/openwrt-v2-snapshots/releases/23.05.4/ath79_generic/openwrt-23.05.4-ath79-generic.manifest
23.05.4,ath79/generic,kmod-mac80211,5.15.162+6.1.97-1-1,research-os/data/openwrt-v2-snapshots/releases/23.05.4/ath79_generic/openwrt-23.05.4-ath79-generic.manifest
23.05.4,ath79/generic,kmod-nf-conntrack,5.15.162-1,research-os/data/openwrt-v2-snapshots/releases/23.05.4/ath79_generic/openwrt-23.05.4-ath79-generic.manifest
23.05.4,ath79/generic,kmod-nf-conntrack6,5.15.162-1,research-os/data/openwrt-v2-snapshots/releases/23.05.4/ath79_generic/openwrt-23.05.4-ath79-generic.manifest
23.05.4,ath79/generic,kmod-nf-flow,5.15.162-1,research-os/data/openwrt-v2-snapshots/releases/23.05.4/ath79_generic/openwrt-23.05.4-ath79-generic.manifest
23.05.4,ath79/generic,kmod-nf-log,5.15.162-1,research-os/data/openwrt-v2-snapshots/releases/23.05.4/ath79_generic/openwrt-23.05.4-ath79-generic.manifest
23.05.4,ath79/generic,kmod-nf-log6,5.15.162-1,research-os/data/openwrt-v2-snapshots/releases/23.05.4/ath79_generic/openwrt-23.05.4-ath79-generic.manifest
23.05.4,ath79/generic,kmod-nf-nat,5.15.162-1,research-os/data/openwrt-v2-snapshots/releases/23.05.4/ath79_generic/openwrt-23.05.4-ath79-generic.manifest
23.05.4,ath79/generic,kmod-nf-reject,5.15.162-1,research-os/data/openwrt-v2-snapshots/releases/23.05.4/ath79_generic/openwrt-23.05.4-ath79-generic.manifest
23.05.4,ath79/generic,kmod-nf-reject6,5.15.162-1,research-os/data/openwrt-v2-snapshots/releases/23.05.4/ath79_generic/openwrt-23.05.4-ath79-generic.manifest
23.05.4,ath79/generic,kmod-nfnetlink,5.15.162-1,research-os/data/openwrt-v2-snapshots/releases/23.05.4/ath79_generic/openwrt-23.05.4-ath79-generic.manifest
23.05.4,ath79/generic,kmod-nft-core,5.15.162-1,research-os/data/openwrt-v2-snapshots/releases/23.05.4/ath79_generic/openwrt-23.05.4-ath79-generic.manifest
23.05.4,ath79/generic,kmod-nft-fib,5.15.162-1,research-os/data/openwrt-v2-snapshots/releases/23.05.4/ath79_generic/openwrt-23.05.4-ath79-generic.manifest
23.05.4,ath79/generic,kmod-nft-nat,5.15.162-1,research-os/data/openwrt-v2-snapshots/releases/23.05.4/ath79_generic/openwrt-23.05.4-ath79-generic.manifest
23.05.4,ath79/generic,kmod-nft-offload,5.15.162-1,research-os/data/openwrt-v2-snapshots/releases/23.05.4/ath79_generic/openwrt-23.05.4-ath79-generic.manifest
23.05.4,ath79/generic,kmod-ppp,5.15.162-1,research-os/data/openwrt-v2-snapshots/releases/23.05.4/ath79_generic/openwrt-23.05.4-ath79-generic.manifest
23.05.4,ath79/generic,kmod-pppoe,5.15.162-1,research-os/data/openwrt-v2-snapshots/releases/23.05.4/ath79_generic/openwrt-23.05.4-ath79-generic.manifest
23.05.4,ath79/generic,kmod-pppox,5.15.162-1,research-os/data/openwrt-v2-snapshots/releases/23.05.4/ath79_generic/openwrt-23.05.4-ath79-generic.manifest
23.05.4,ath79/generic,kmod-random-core,5.15.162-1,research-os/data/openwrt-v2-snapshots/releases/23.05.4/ath79_generic/openwrt-23.05.4-ath79-generic.manifest
23.05.4,ath79/generic,kmod-slhc,5.15.162-1,research-os/data/openwrt-v2-snapshots/releases/23.05.4/ath79_generic/openwrt-23.05.4-ath79-generic.manifest
23.05.4,ath79/generic,libblobmsg-json20230523,2023-05-23-75a3b870-1,research-os/data/openwrt-v2-snapshots/releases/23.05.4/ath79_generic/openwrt-23.05.4-ath79-generic.manifest
23.05.4,ath79/generic,libc,1.2.4-4,research-os/data/openwrt-v2-snapshots/releases/23.05.4/ath79_generic/openwrt-23.05.4-ath79-generic.manifest
23.05.4,ath79/generic,libgcc1,12.3.0-4,research-os/data/openwrt-v2-snapshots/releases/23.05.4/ath79_generic/openwrt-23.05.4-ath79-generic.manifest
23.05.4,ath79/generic,libiwinfo-data,2023-07-01-ca79f641-1,research-os/data/openwrt-v2-snapshots/releases/23.05.4/ath79_generic/openwrt-23.05.4-ath79-generic.manifest
23.05.4,ath79/generic,libiwinfo20230701,2023-07-01-ca79f641-1,research-os/data/openwrt-v2-snapshots/releases/23.05.4/ath79_generic/openwrt-23.05.4-ath79-generic.manifest
23.05.4,ath79/generic,libjson-c5,0.16-3,research-os/data/openwrt-v2-snapshots/releases/23.05.4/ath79_generic/openwrt-23.05.4-ath79-generic.manifest
23.05.4,ath79/generic,libjson-script20230523,2023-05-23-75a3b870-1,research-os/data/openwrt-v2-snapshots/releases/23.05.4/ath79_generic/openwrt-23.05.4-ath79-generic.manifest
23.05.4,ath79/generic,liblucihttp-ucode,2023-03-15-9b5b683f-1,research-os/data/openwrt-v2-snapshots/releases/23.05.4/ath79_generic/openwrt-23.05.4-ath79-generic.manifest
23.05.4,ath79/generic,liblucihttp0,2023-03-15-9b5b683f-1,research-os/data/openwrt-v2-snapshots/releases/23.05.4/ath79_generic/openwrt-23.05.4-ath79-generic.manifest
23.05.4,ath79/generic,libmbedtls12,2.28.8-1,research-os/data/openwrt-v2-snapshots/releases/23.05.4/ath79_generic/openwrt-23.05.4-ath79-generic.manifest
23.05.4,ath79/generic,libmnl0,1.0.5-1,research-os/data/openwrt-v2-snapshots/releases/23.05.4/ath79_generic/openwrt-23.05.4-ath79-generic.manifest
23.05.4,ath79/generic,libnftnl11,1.2.6-1,research-os/data/openwrt-v2-snapshots/releases/23.05.4/ath79_generic/openwrt-23.05.4-ath79-generic.manifest
23.05.4,ath79/generic,libnl-tiny1,2023-07-27-bc92a280-1,research-os/data/openwrt-v2-snapshots/releases/23.05.4/ath79_generic/openwrt-23.05.4-ath79-generic.manifest
23.05.4,ath79/generic,libpthread,1.2.4-4,research-os/data/openwrt-v2-snapshots/releases/23.05.4/ath79_generic/openwrt-23.05.4-ath79-generic.manifest
23.05.4,ath79/generic,libubox20230523,2023-05-23-75a3b870-1,research-os/data/openwrt-v2-snapshots/releases/23.05.4/ath79_generic/openwrt-23.05.4-ath79-generic.manifest
23.05.4,ath79/generic,libubus20230605,2023-06-05-f787c97b-1,research-os/data/openwrt-v2-snapshots/releases/23.05.4/ath79_generic/openwrt-23.05.4-ath79-generic.manifest
23.05.4,ath79/generic,libuci20130104,2023-08-10-5781664d-1,research-os/data/openwrt-v2-snapshots/releases/23.05.4/ath79_generic/openwrt-23.05.4-ath79-generic.manifest
23.05.4,ath79/generic,libuclient20201210,2023-04-13-007d9454-1,research-os/data/openwrt-v2-snapshots/releases/23.05.4/ath79_generic/openwrt-23.05.4-ath79-generic.manifest
23.05.4,ath79/generic,libucode20230711,2024-07-11-1a8a0bcf-1,research-os/data/openwrt-v2-snapshots/releases/23.05.4/ath79_generic/openwrt-23.05.4-ath79-generic.manifest
23.05.4,ath79/generic,libustream-mbedtls20201210,2023-02-25-498f6e26-1,research-os/data/openwrt-v2-snapshots/releases/23.05.4/ath79_generic/openwrt-23.05.4-ath79-generic.manifest
23.05.4,ath79/generic,logd,2022-08-13-4c7b720b-2,research-os/data/openwrt-v2-snapshots/releases/23.05.4/ath79_generic/openwrt-23.05.4-ath79-generic.manifest
23.05.4,ath79/generic,luci,git-23.051.66410-a505bb1,research-os/data/openwrt-v2-snapshots/releases/23.05.4/ath79_generic/openwrt-23.05.4-ath79-generic.manifest
23.05.4,ath79/generic,luci-app-firewall,git-24.067.01746-69867db,research-os/data/openwrt-v2-snapshots/releases/23.05.4/ath79_generic/openwrt-23.05.4-ath79-generic.manifest
23.05.4,ath79/generic,luci-app-opkg,git-24.148.43905-2891ca4,research-os/data/openwrt-v2-snapshots/releases/23.05.4/ath79_generic/openwrt-23.05.4-ath79-generic.manifest
23.05.4,ath79/generic,luci-base,git-24.086.45142-09d5a38,research-os/data/openwrt-v2-snapshots/releases/23.05.4/ath79_generic/openwrt-23.05.4-ath79-generic.manifest
23.05.4,ath79/generic,luci-light,git-23.024.33244-34dee82,research-os/data/openwrt-v2-snapshots/releases/23.05.4/ath79_generic/openwrt-23.05.4-ath79-generic.manifest
23.05.4,ath79/generic,luci-mod-admin-full,git-19.253.48496-3f93650,research-os/data/openwrt-v2-snapshots/releases/23.05.4/ath79_generic/openwrt-23.05.4-ath79-generic.manifest
23.05.4,ath79/generic,luci-mod-network,git-24.111.76511-ff6b275,research-os/data/openwrt-v2-snapshots/releases/23.05.4/ath79_generic/openwrt-23.05.4-ath79-generic.manifest
23.05.4,ath79/generic,luci-mod-status,git-24.141.29354-5cfe7a7,research-os/data/openwrt-v2-snapshots/releases/23.05.4/ath79_generic/openwrt-23.05.4-ath79-generic.manifest
23.05.4,ath79/generic,luci-mod-system,git-24.067.01860-7a82b2f,research-os/data/openwrt-v2-snapshots/releases/23.05.4/ath79_generic/openwrt-23.05.4-ath79-generic.manifest
23.05.4,ath79/generic,luci-proto-ipv6,git-24.086.45108-51aee90,research-os/data/openwrt-v2-snapshots/releases/23.05.4/ath79_generic/openwrt-23.05.4-ath79-generic.manifest
23.05.4,ath79/generic,luci-proto-ppp,git-24.135.44542-f1ec9c2,research-os/data/openwrt-v2-snapshots/releases/23.05.4/ath79_generic/openwrt-23.05.4-ath79-generic.manifest
23.05.4,ath79/generic,luci-ssl,git-23.035.26083-7550ad6,research-os/data/openwrt-v2-snapshots/releases/23.05.4/ath79_generic/openwrt-23.05.4-ath79-generic.manifest
23.05.4,ath79/generic,luci-theme-bootstrap,git-24.086.46634-1ffe078,research-os/data/openwrt-v2-snapshots/releases/23.05.4/ath79_generic/openwrt-23.05.4-ath79-generic.manifest
23.05.4,ath79/generic,mtd,26,research-os/data/openwrt-v2-snapshots/releases/23.05.4/ath79_generic/openwrt-23.05.4-ath79-generic.manifest
23.05.4,ath79/generic,netifd,2024-01-04-c18cc79d-2,research-os/data/openwrt-v2-snapshots/releases/23.05.4/ath79_generic/openwrt-23.05.4-ath79-generic.manifest
23.05.4,ath79/generic,nftables-json,1.0.8-1,research-os/data/openwrt-v2-snapshots/releases/23.05.4/ath79_generic/openwrt-23.05.4-ath79-generic.manifest
23.05.4,ath79/generic,odhcp6c,2023-05-12-bcd28363-20,research-os/data/openwrt-v2-snapshots/releases/23.05.4/ath79_generic/openwrt-23.05.4-ath79-generic.manifest
23.05.4,ath79/generic,odhcpd-ipv6only,2023-10-24-d8118f6e-1,research-os/data/openwrt-v2-snapshots/releases/23.05.4/ath79_generic/openwrt-23.05.4-ath79-generic.manifest
23.05.4,ath79/generic,openwrt-keyring,2022-03-25-62471e69-2,research-os/data/openwrt-v2-snapshots/releases/23.05.4/ath79_generic/openwrt-23.05.4-ath79-generic.manifest
23.05.4,ath79/generic,opkg,2022-02-24-d038e5b6-2,research-os/data/openwrt-v2-snapshots/releases/23.05.4/ath79_generic/openwrt-23.05.4-ath79-generic.manifest
23.05.4,ath79/generic,ppp,2.4.9.git-2021-01-04-4,research-os/data/openwrt-v2-snapshots/releases/23.05.4/ath79_generic/openwrt-23.05.4-ath79-generic.manifest
23.05.4,ath79/generic,ppp-mod-pppoe,2.4.9.git-2021-01-04-4,research-os/data/openwrt-v2-snapshots/releases/23.05.4/ath79_generic/openwrt-23.05.4-ath79-generic.manifest
23.05.4,ath79/generic,procd,2023-06-25-2db83655-2,research-os/data/openwrt-v2-snapshots/releases/23.05.4/ath79_generic/openwrt-23.05.4-ath79-generic.manifest
23.05.4,ath79/generic,procd-seccomp,2023-06-25-2db83655-2,research-os/data/openwrt-v2-snapshots/releases/23.05.4/ath79_generic/openwrt-23.05.4-ath79-generic.manifest
23.05.4,ath79/generic,procd-ujail,2023-06-25-2db83655-2,research-os/data/openwrt-v2-snapshots/releases/23.05.4/ath79_generic/openwrt-23.05.4-ath79-generic.manifest
23.05.4,ath79/generic,px5g-mbedtls,10,research-os/data/openwrt-v2-snapshots/releases/23.05.4/ath79_generic/openwrt-23.05.4-ath79-generic.manifest
23.05.4,ath79/generic,rpcd,2023-07-01-c07ab2f9-1,research-os/data/openwrt-v2-snapshots/releases/23.05.4/ath79_generic/openwrt-23.05.4-ath79-generic.manifest
23.05.4,ath79/generic,rpcd-mod-file,2023-07-01-c07ab2f9-1,research-os/data/openwrt-v2-snapshots/releases/23.05.4/ath79_generic/openwrt-23.05.4-ath79-generic.manifest
23.05.4,ath79/generic,rpcd-mod-iwinfo,2023-07-01-c07ab2f9-1,research-os/data/openwrt-v2-snapshots/releases/23.05.4/ath79_generic/openwrt-23.05.4-ath79-generic.manifest
23.05.4,ath79/generic,rpcd-mod-luci,20240305-1,research-os/data/openwrt-v2-snapshots/releases/23.05.4/ath79_generic/openwrt-23.05.4-ath79-generic.manifest
23.05.4,ath79/generic,rpcd-mod-rrdns,20170710,research-os/data/openwrt-v2-snapshots/releases/23.05.4/ath79_generic/openwrt-23.05.4-ath79-generic.manifest
23.05.4,ath79/generic,rpcd-mod-ucode,2023-07-01-c07ab2f9-1,research-os/data/openwrt-v2-snapshots/releases/23.05.4/ath79_generic/openwrt-23.05.4-ath79-generic.manifest
23.05.4,ath79/generic,swconfig,12,research-os/data/openwrt-v2-snapshots/releases/23.05.4/ath79_generic/openwrt-23.05.4-ath79-generic.manifest
23.05.4,ath79/generic,uboot-envtools,2023.04-1,research-os/data/openwrt-v2-snapshots/releases/23.05.4/ath79_generic/openwrt-23.05.4-ath79-generic.manifest
23.05.4,ath79/generic,ubox,2022-08-13-4c7b720b-2,research-os/data/openwrt-v2-snapshots/releases/23.05.4/ath79_generic/openwrt-23.05.4-ath79-generic.manifest
23.05.4,ath79/generic,ubus,2023-06-05-f787c97b-1,research-os/data/openwrt-v2-snapshots/releases/23.05.4/ath79_generic/openwrt-23.05.4-ath79-generic.manifest
23.05.4,ath79/generic,ubusd,2023-06-05-f787c97b-1,research-os/data/openwrt-v2-snapshots/releases/23.05.4/ath79_generic/openwrt-23.05.4-ath79-generic.manifest
23.05.4,ath79/generic,uci,2023-08-10-5781664d-1,research-os/data/openwrt-v2-snapshots/releases/23.05.4/ath79_generic/openwrt-23.05.4-ath79-generic.manifest
23.05.4,ath79/generic,uclient-fetch,2023-04-13-007d9454-1,research-os/data/openwrt-v2-snapshots/releases/23.05.4/ath79_generic/openwrt-23.05.4-ath79-generic.manifest
23.05.4,ath79/generic,ucode,2024-07-11-1a8a0bcf-1,research-os/data/openwrt-v2-snapshots/releases/23.05.4/ath79_generic/openwrt-23.05.4-ath79-generic.manifest
23.05.4,ath79/generic,ucode-mod-fs,2024-07-11-1a8a0bcf-1,research-os/data/openwrt-v2-snapshots/releases/23.05.4/ath79_generic/openwrt-23.05.4-ath79-generic.manifest
23.05.4,ath79/generic,ucode-mod-html,1,research-os/data/openwrt-v2-snapshots/releases/23.05.4/ath79_generic/openwrt-23.05.4-ath79-generic.manifest
23.05.4,ath79/generic,ucode-mod-math,2024-07-11-1a8a0bcf-1,research-os/data/openwrt-v2-snapshots/releases/23.05.4/ath79_generic/openwrt-23.05.4-ath79-generic.manifest
23.05.4,ath79/generic,ucode-mod-nl80211,2024-07-11-1a8a0bcf-1,research-os/data/openwrt-v2-snapshots/releases/23.05.4/ath79_generic/openwrt-23.05.4-ath79-generic.manifest
23.05.4,ath79/generic,ucode-mod-rtnl,2024-07-11-1a8a0bcf-1,research-os/data/openwrt-v2-snapshots/releases/23.05.4/ath79_generic/openwrt-23.05.4-ath79-generic.manifest
23.05.4,ath79/generic,ucode-mod-ubus,2024-07-11-1a8a0bcf-1,research-os/data/openwrt-v2-snapshots/releases/23.05.4/ath79_generic/openwrt-23.05.4-ath79-generic.manifest
23.05.4,ath79/generic,ucode-mod-uci,2024-07-11-1a8a0bcf-1,research-os/data/openwrt-v2-snapshots/releases/23.05.4/ath79_generic/openwrt-23.05.4-ath79-generic.manifest
23.05.4,ath79/generic,ucode-mod-uloop,2024-07-11-1a8a0bcf-1,research-os/data/openwrt-v2-snapshots/releases/23.05.4/ath79_generic/openwrt-23.05.4-ath79-generic.manifest
23.05.4,ath79/generic,uhttpd,2023-06-25-34a8a74d-2,research-os/data/openwrt-v2-snapshots/releases/23.05.4/ath79_generic/openwrt-23.05.4-ath79-generic.manifest
23.05.4,ath79/generic,uhttpd-mod-ubus,2023-06-25-34a8a74d-2,research-os/data/openwrt-v2-snapshots/releases/23.05.4/ath79_generic/openwrt-23.05.4-ath79-generic.manifest
23.05.4,ath79/generic,urandom-seed,3,research-os/data/openwrt-v2-snapshots/releases/23.05.4/ath79_generic/openwrt-23.05.4-ath79-generic.manifest
23.05.4,ath79/generic,urngd,2023-11-01-44365eb1-1,research-os/data/openwrt-v2-snapshots/releases/23.05.4/ath79_generic/openwrt-23.05.4-ath79-generic.manifest
23.05.4,ath79/generic,usign,2020-05-23-f1f65026-1,research-os/data/openwrt-v2-snapshots/releases/23.05.4/ath79_generic/openwrt-23.05.4-ath79-generic.manifest
23.05.4,ath79/generic,wireless-regdb,2024.07.04-1,research-os/data/openwrt-v2-snapshots/releases/23.05.4/ath79_generic/openwrt-23.05.4-ath79-generic.manifest
23.05.4,ath79/generic,wpad-basic-mbedtls,2023-09-08-e5ccbfc6-7,research-os/data/openwrt-v2-snapshots/releases/23.05.4/ath79_generic/openwrt-23.05.4-ath79-generic.manifest
23.05.4,x86/64,base-files,1559-r24012-d8dd03c46f,research-os/data/openwrt-v2-snapshots/releases/23.05.4/x86_64/openwrt-23.05.4-x86-64.manifest
23.05.4,x86/64,busybox,1.36.1-1,research-os/data/openwrt-v2-snapshots/releases/23.05.4/x86_64/openwrt-23.05.4-x86-64.manifest
23.05.4,x86/64,ca-bundle,20230311-1,research-os/data/openwrt-v2-snapshots/releases/23.05.4/x86_64/openwrt-23.05.4-x86-64.manifest
23.05.4,x86/64,cgi-io,2022-08-10-901b0f04-21,research-os/data/openwrt-v2-snapshots/releases/23.05.4/x86_64/openwrt-23.05.4-x86-64.manifest
23.05.4,x86/64,dnsmasq,2.90-2,research-os/data/openwrt-v2-snapshots/releases/23.05.4/x86_64/openwrt-23.05.4-x86-64.manifest
23.05.4,x86/64,dropbear,2022.82-6,research-os/data/openwrt-v2-snapshots/releases/23.05.4/x86_64/openwrt-23.05.4-x86-64.manifest
23.05.4,x86/64,e2fsprogs,1.47.0-2,research-os/data/openwrt-v2-snapshots/releases/23.05.4/x86_64/openwrt-23.05.4-x86-64.manifest
23.05.4,x86/64,firewall4,2023-09-01-598d9fbb-1,research-os/data/openwrt-v2-snapshots/releases/23.05.4/x86_64/openwrt-23.05.4-x86-64.manifest
23.05.4,x86/64,fstools,2023-02-28-bfe882d5-1,research-os/data/openwrt-v2-snapshots/releases/23.05.4/x86_64/openwrt-23.05.4-x86-64.manifest
23.05.4,x86/64,fwtool,2019-11-12-8f7fe925-1,research-os/data/openwrt-v2-snapshots/releases/23.05.4/x86_64/openwrt-23.05.4-x86-64.manifest
23.05.4,x86/64,getrandom,2022-08-13-4c7b720b-2,research-os/data/openwrt-v2-snapshots/releases/23.05.4/x86_64/openwrt-23.05.4-x86-64.manifest
23.05.4,x86/64,grub2,2.06-5,research-os/data/openwrt-v2-snapshots/releases/23.05.4/x86_64/openwrt-23.05.4-x86-64.manifest
23.05.4,x86/64,grub2-bios-setup,2.06-5,research-os/data/openwrt-v2-snapshots/releases/23.05.4/x86_64/openwrt-23.05.4-x86-64.manifest
23.05.4,x86/64,grub2-efi,2.06-5,research-os/data/openwrt-v2-snapshots/releases/23.05.4/x86_64/openwrt-23.05.4-x86-64.manifest
23.05.4,x86/64,jansson4,2.14-3,research-os/data/openwrt-v2-snapshots/releases/23.05.4/x86_64/openwrt-23.05.4-x86-64.manifest
23.05.4,x86/64,jshn,2023-05-23-75a3b870-1,research-os/data/openwrt-v2-snapshots/releases/23.05.4/x86_64/openwrt-23.05.4-x86-64.manifest
23.05.4,x86/64,jsonfilter,2024-01-23-594cfa86-1,research-os/data/openwrt-v2-snapshots/releases/23.05.4/x86_64/openwrt-23.05.4-x86-64.manifest
23.05.4,x86/64,kernel,5.15.162-1-59d1431675acc6823a33c7eb2323daeb,research-os/data/openwrt-v2-snapshots/releases/23.05.4/x86_64/openwrt-23.05.4-x86-64.manifest
23.05.4,x86/64,kmod-button-hotplug,5.15.162-3,research-os/data/openwrt-v2-snapshots/releases/23.05.4/x86_64/openwrt-23.05.4-x86-64.manifest
23.05.4,x86/64,kmod-crypto-acompress,5.15.162-1,research-os/data/openwrt-v2-snapshots/releases/23.05.4/x86_64/openwrt-23.05.4-x86-64.manifest
23.05.4,x86/64,kmod-crypto-crc32c,5.15.162-1,research-os/data/openwrt-v2-snapshots/releases/23.05.4/x86_64/openwrt-23.05.4-x86-64.manifest
23.05.4,x86/64,kmod-crypto-hash,5.15.162-1,research-os/data/openwrt-v2-snapshots/releases/23.05.4/x86_64/openwrt-23.05.4-x86-64.manifest
23.05.4,x86/64,kmod-fs-vfat,5.15.162-1,research-os/data/openwrt-v2-snapshots/releases/23.05.4/x86_64/openwrt-23.05.4-x86-64.manifest
23.05.4,x86/64,kmod-input-core,5.15.162-1,research-os/data/openwrt-v2-snapshots/releases/23.05.4/x86_64/openwrt-23.05.4-x86-64.manifest
23.05.4,x86/64,kmod-lib-crc-ccitt,5.15.162-1,research-os/data/openwrt-v2-snapshots/releases/23.05.4/x86_64/openwrt-23.05.4-x86-64.manifest
23.05.4,x86/64,kmod-lib-crc32c,5.15.162-1,research-os/data/openwrt-v2-snapshots/releases/23.05.4/x86_64/openwrt-23.05.4-x86-64.manifest
23.05.4,x86/64,kmod-lib-lzo,5.15.162-1,research-os/data/openwrt-v2-snapshots/releases/23.05.4/x86_64/openwrt-23.05.4-x86-64.manifest
23.05.4,x86/64,kmod-nf-conntrack,5.15.162-1,research-os/data/openwrt-v2-snapshots/releases/23.05.4/x86_64/openwrt-23.05.4-x86-64.manifest
23.05.4,x86/64,kmod-nf-conntrack6,5.15.162-1,research-os/data/openwrt-v2-snapshots/releases/23.05.4/x86_64/openwrt-23.05.4-x86-64.manifest
23.05.4,x86/64,kmod-nf-flow,5.15.162-1,research-os/data/openwrt-v2-snapshots/releases/23.05.4/x86_64/openwrt-23.05.4-x86-64.manifest
23.05.4,x86/64,kmod-nf-log,5.15.162-1,research-os/data/openwrt-v2-snapshots/releases/23.05.4/x86_64/openwrt-23.05.4-x86-64.manifest
23.05.4,x86/64,kmod-nf-log6,5.15.162-1,research-os/data/openwrt-v2-snapshots/releases/23.05.4/x86_64/openwrt-23.05.4-x86-64.manifest
23.05.4,x86/64,kmod-nf-nat,5.15.162-1,research-os/data/openwrt-v2-snapshots/releases/23.05.4/x86_64/openwrt-23.05.4-x86-64.manifest
23.05.4,x86/64,kmod-nf-reject,5.15.162-1,research-os/data/openwrt-v2-snapshots/releases/23.05.4/x86_64/openwrt-23.05.4-x86-64.manifest
23.05.4,x86/64,kmod-nf-reject6,5.15.162-1,research-os/data/openwrt-v2-snapshots/releases/23.05.4/x86_64/openwrt-23.05.4-x86-64.manifest
23.05.4,x86/64,kmod-nfnetlink,5.15.162-1,research-os/data/openwrt-v2-snapshots/releases/23.05.4/x86_64/openwrt-23.05.4-x86-64.manifest
23.05.4,x86/64,kmod-nft-core,5.15.162-1,research-os/data/openwrt-v2-snapshots/releases/23.05.4/x86_64/openwrt-23.05.4-x86-64.manifest
23.05.4,x86/64,kmod-nft-fib,5.15.162-1,research-os/data/openwrt-v2-snapshots/releases/23.05.4/x86_64/openwrt-23.05.4-x86-64.manifest
23.05.4,x86/64,kmod-nft-nat,5.15.162-1,research-os/data/openwrt-v2-snapshots/releases/23.05.4/x86_64/openwrt-23.05.4-x86-64.manifest
23.05.4,x86/64,kmod-nft-offload,5.15.162-1,research-os/data/openwrt-v2-snapshots/releases/23.05.4/x86_64/openwrt-23.05.4-x86-64.manifest
23.05.4,x86/64,kmod-nls-base,5.15.162-1,research-os/data/openwrt-v2-snapshots/releases/23.05.4/x86_64/openwrt-23.05.4-x86-64.manifest
23.05.4,x86/64,kmod-nls-cp437,5.15.162-1,research-os/data/openwrt-v2-snapshots/releases/23.05.4/x86_64/openwrt-23.05.4-x86-64.manifest
23.05.4,x86/64,kmod-nls-iso8859-1,5.15.162-1,research-os/data/openwrt-v2-snapshots/releases/23.05.4/x86_64/openwrt-23.05.4-x86-64.manifest
23.05.4,x86/64,kmod-nls-utf8,5.15.162-1,research-os/data/openwrt-v2-snapshots/releases/23.05.4/x86_64/openwrt-23.05.4-x86-64.manifest
23.05.4,x86/64,kmod-ppp,5.15.162-1,research-os/data/openwrt-v2-snapshots/releases/23.05.4/x86_64/openwrt-23.05.4-x86-64.manifest
23.05.4,x86/64,kmod-pppoe,5.15.162-1,research-os/data/openwrt-v2-snapshots/releases/23.05.4/x86_64/openwrt-23.05.4-x86-64.manifest
23.05.4,x86/64,kmod-pppox,5.15.162-1,research-os/data/openwrt-v2-snapshots/releases/23.05.4/x86_64/openwrt-23.05.4-x86-64.manifest
23.05.4,x86/64,kmod-slhc,5.15.162-1,research-os/data/openwrt-v2-snapshots/releases/23.05.4/x86_64/openwrt-23.05.4-x86-64.manifest
23.05.4,x86/64,libblkid1,2.39-2,research-os/data/openwrt-v2-snapshots/releases/23.05.4/x86_64/openwrt-23.05.4-x86-64.manifest
23.05.4,x86/64,libblobmsg-json20230523,2023-05-23-75a3b870-1,research-os/data/openwrt-v2-snapshots/releases/23.05.4/x86_64/openwrt-23.05.4-x86-64.manifest
23.05.4,x86/64,libc,1.2.4-4,research-os/data/openwrt-v2-snapshots/releases/23.05.4/x86_64/openwrt-23.05.4-x86-64.manifest
23.05.4,x86/64,libcomerr0,1.47.0-2,research-os/data/openwrt-v2-snapshots/releases/23.05.4/x86_64/openwrt-23.05.4-x86-64.manifest
23.05.4,x86/64,libext2fs2,1.47.0-2,research-os/data/openwrt-v2-snapshots/releases/23.05.4/x86_64/openwrt-23.05.4-x86-64.manifest
23.05.4,x86/64,libf2fs6,1.16.0-1,research-os/data/openwrt-v2-snapshots/releases/23.05.4/x86_64/openwrt-23.05.4-x86-64.manifest
23.05.4,x86/64,libgcc1,12.3.0-4,research-os/data/openwrt-v2-snapshots/releases/23.05.4/x86_64/openwrt-23.05.4-x86-64.manifest
23.05.4,x86/64,libiwinfo-data,2023-07-01-ca79f641-1,research-os/data/openwrt-v2-snapshots/releases/23.05.4/x86_64/openwrt-23.05.4-x86-64.manifest
23.05.4,x86/64,libiwinfo20230701,2023-07-01-ca79f641-1,research-os/data/openwrt-v2-snapshots/releases/23.05.4/x86_64/openwrt-23.05.4-x86-64.manifest
23.05.4,x86/64,libjson-c5,0.16-3,research-os/data/openwrt-v2-snapshots/releases/23.05.4/x86_64/openwrt-23.05.4-x86-64.manifest
23.05.4,x86/64,libjson-script20230523,2023-05-23-75a3b870-1,research-os/data/openwrt-v2-snapshots/releases/23.05.4/x86_64/openwrt-23.05.4-x86-64.manifest
23.05.4,x86/64,liblucihttp-ucode,2023-03-15-9b5b683f-1,research-os/data/openwrt-v2-snapshots/releases/23.05.4/x86_64/openwrt-23.05.4-x86-64.manifest
23.05.4,x86/64,liblucihttp0,2023-03-15-9b5b683f-1,research-os/data/openwrt-v2-snapshots/releases/23.05.4/x86_64/openwrt-23.05.4-x86-64.manifest
23.05.4,x86/64,libmbedtls12,2.28.8-1,research-os/data/openwrt-v2-snapshots/releases/23.05.4/x86_64/openwrt-23.05.4-x86-64.manifest
23.05.4,x86/64,libmnl0,1.0.5-1,research-os/data/openwrt-v2-snapshots/releases/23.05.4/x86_64/openwrt-23.05.4-x86-64.manifest
23.05.4,x86/64,libnftnl11,1.2.6-1,research-os/data/openwrt-v2-snapshots/releases/23.05.4/x86_64/openwrt-23.05.4-x86-64.manifest
23.05.4,x86/64,libnl-tiny1,2023-07-27-bc92a280-1,research-os/data/openwrt-v2-snapshots/releases/23.05.4/x86_64/openwrt-23.05.4-x86-64.manifest
23.05.4,x86/64,libpthread,1.2.4-4,research-os/data/openwrt-v2-snapshots/releases/23.05.4/x86_64/openwrt-23.05.4-x86-64.manifest
23.05.4,x86/64,librt,1.2.4-4,research-os/data/openwrt-v2-snapshots/releases/23.05.4/x86_64/openwrt-23.05.4-x86-64.manifest
23.05.4,x86/64,libsmartcols1,2.39-2,research-os/data/openwrt-v2-snapshots/releases/23.05.4/x86_64/openwrt-23.05.4-x86-64.manifest
23.05.4,x86/64,libss2,1.47.0-2,research-os/data/openwrt-v2-snapshots/releases/23.05.4/x86_64/openwrt-23.05.4-x86-64.manifest
23.05.4,x86/64,libubox20230523,2023-05-23-75a3b870-1,research-os/data/openwrt-v2-snapshots/releases/23.05.4/x86_64/openwrt-23.05.4-x86-64.manifest
23.05.4,x86/64,libubus20230605,2023-06-05-f787c97b-1,research-os/data/openwrt-v2-snapshots/releases/23.05.4/x86_64/openwrt-23.05.4-x86-64.manifest
23.05.4,x86/64,libuci20130104,2023-08-10-5781664d-1,research-os/data/openwrt-v2-snapshots/releases/23.05.4/x86_64/openwrt-23.05.4-x86-64.manifest
23.05.4,x86/64,libuclient20201210,2023-04-13-007d9454-1,research-os/data/openwrt-v2-snapshots/releases/23.05.4/x86_64/openwrt-23.05.4-x86-64.manifest
23.05.4,x86/64,libucode20230711,2024-07-11-1a8a0bcf-1,research-os/data/openwrt-v2-snapshots/releases/23.05.4/x86_64/openwrt-23.05.4-x86-64.manifest
23.05.4,x86/64,libustream-mbedtls20201210,2023-02-25-498f6e26-1,research-os/data/openwrt-v2-snapshots/releases/23.05.4/x86_64/openwrt-23.05.4-x86-64.manifest
23.05.4,x86/64,libuuid1,2.39-2,research-os/data/openwrt-v2-snapshots/releases/23.05.4/x86_64/openwrt-23.05.4-x86-64.manifest
23.05.4,x86/64,logd,2022-08-13-4c7b720b-2,research-os/data/openwrt-v2-snapshots/releases/23.05.4/x86_64/openwrt-23.05.4-x86-64.manifest
23.05.4,x86/64,luci,git-23.051.66410-a505bb1,research-os/data/openwrt-v2-snapshots/releases/23.05.4/x86_64/openwrt-23.05.4-x86-64.manifest
23.05.4,x86/64,luci-app-firewall,git-24.067.01746-69867db,research-os/data/openwrt-v2-snapshots/releases/23.05.4/x86_64/openwrt-23.05.4-x86-64.manifest
23.05.4,x86/64,luci-app-opkg,git-24.148.43905-2891ca4,research-os/data/openwrt-v2-snapshots/releases/23.05.4/x86_64/openwrt-23.05.4-x86-64.manifest
23.05.4,x86/64,luci-base,git-24.086.45142-09d5a38,research-os/data/openwrt-v2-snapshots/releases/23.05.4/x86_64/openwrt-23.05.4-x86-64.manifest
23.05.4,x86/64,luci-light,git-23.024.33244-34dee82,research-os/data/openwrt-v2-snapshots/releases/23.05.4/x86_64/openwrt-23.05.4-x86-64.manifest
23.05.4,x86/64,luci-mod-admin-full,git-19.253.48496-3f93650,research-os/data/openwrt-v2-snapshots/releases/23.05.4/x86_64/openwrt-23.05.4-x86-64.manifest
23.05.4,x86/64,luci-mod-network,git-24.111.76511-ff6b275,research-os/data/openwrt-v2-snapshots/releases/23.05.4/x86_64/openwrt-23.05.4-x86-64.manifest
23.05.4,x86/64,luci-mod-status,git-24.141.29354-5cfe7a7,research-os/data/openwrt-v2-snapshots/releases/23.05.4/x86_64/openwrt-23.05.4-x86-64.manifest
23.05.4,x86/64,luci-mod-system,git-24.067.01860-7a82b2f,research-os/data/openwrt-v2-snapshots/releases/23.05.4/x86_64/openwrt-23.05.4-x86-64.manifest
23.05.4,x86/64,luci-proto-ipv6,git-24.086.45108-51aee90,research-os/data/openwrt-v2-snapshots/releases/23.05.4/x86_64/openwrt-23.05.4-x86-64.manifest
23.05.4,x86/64,luci-proto-ppp,git-24.135.44542-f1ec9c2,research-os/data/openwrt-v2-snapshots/releases/23.05.4/x86_64/openwrt-23.05.4-x86-64.manifest
23.05.4,x86/64,luci-ssl,git-23.035.26083-7550ad6,research-os/data/openwrt-v2-snapshots/releases/23.05.4/x86_64/openwrt-23.05.4-x86-64.manifest
23.05.4,x86/64,luci-theme-bootstrap,git-24.086.46634-1ffe078,research-os/data/openwrt-v2-snapshots/releases/23.05.4/x86_64/openwrt-23.05.4-x86-64.manifest
23.05.4,x86/64,mkf2fs,1.16.0-1,research-os/data/openwrt-v2-snapshots/releases/23.05.4/x86_64/openwrt-23.05.4-x86-64.manifest
23.05.4,x86/64,mtd,26,research-os/data/openwrt-v2-snapshots/releases/23.05.4/x86_64/openwrt-23.05.4-x86-64.manifest
23.05.4,x86/64,netifd,2024-01-04-c18cc79d-2,research-os/data/openwrt-v2-snapshots/releases/23.05.4/x86_64/openwrt-23.05.4-x86-64.manifest
23.05.4,x86/64,nftables-json,1.0.8-1,research-os/data/openwrt-v2-snapshots/releases/23.05.4/x86_64/openwrt-23.05.4-x86-64.manifest
23.05.4,x86/64,odhcp6c,2023-05-12-bcd28363-20,research-os/data/openwrt-v2-snapshots/releases/23.05.4/x86_64/openwrt-23.05.4-x86-64.manifest
23.05.4,x86/64,odhcpd-ipv6only,2023-10-24-d8118f6e-1,research-os/data/openwrt-v2-snapshots/releases/23.05.4/x86_64/openwrt-23.05.4-x86-64.manifest
23.05.4,x86/64,openwrt-keyring,2022-03-25-62471e69-2,research-os/data/openwrt-v2-snapshots/releases/23.05.4/x86_64/openwrt-23.05.4-x86-64.manifest
23.05.4,x86/64,opkg,2022-02-24-d038e5b6-2,research-os/data/openwrt-v2-snapshots/releases/23.05.4/x86_64/openwrt-23.05.4-x86-64.manifest
23.05.4,x86/64,partx-utils,2.39-2,research-os/data/openwrt-v2-snapshots/releases/23.05.4/x86_64/openwrt-23.05.4-x86-64.manifest
23.05.4,x86/64,ppp,2.4.9.git-2021-01-04-4,research-os/data/openwrt-v2-snapshots/releases/23.05.4/x86_64/openwrt-23.05.4-x86-64.manifest
23.05.4,x86/64,ppp-mod-pppoe,2.4.9.git-2021-01-04-4,research-os/data/openwrt-v2-snapshots/releases/23.05.4/x86_64/openwrt-23.05.4-x86-64.manifest
23.05.4,x86/64,procd,2023-06-25-2db83655-2,research-os/data/openwrt-v2-snapshots/releases/23.05.4/x86_64/openwrt-23.05.4-x86-64.manifest
23.05.4,x86/64,procd-seccomp,2023-06-25-2db83655-2,research-os/data/openwrt-v2-snapshots/releases/23.05.4/x86_64/openwrt-23.05.4-x86-64.manifest
23.05.4,x86/64,procd-ujail,2023-06-25-2db83655-2,research-os/data/openwrt-v2-snapshots/releases/23.05.4/x86_64/openwrt-23.05.4-x86-64.manifest
23.05.4,x86/64,px5g-mbedtls,10,research-os/data/openwrt-v2-snapshots/releases/23.05.4/x86_64/openwrt-23.05.4-x86-64.manifest
23.05.4,x86/64,rpcd,2023-07-01-c07ab2f9-1,research-os/data/openwrt-v2-snapshots/releases/23.05.4/x86_64/openwrt-23.05.4-x86-64.manifest
23.05.4,x86/64,rpcd-mod-file,2023-07-01-c07ab2f9-1,research-os/data/openwrt-v2-snapshots/releases/23.05.4/x86_64/openwrt-23.05.4-x86-64.manifest
23.05.4,x86/64,rpcd-mod-iwinfo,2023-07-01-c07ab2f9-1,research-os/data/openwrt-v2-snapshots/releases/23.05.4/x86_64/openwrt-23.05.4-x86-64.manifest
23.05.4,x86/64,rpcd-mod-luci,20240305-1,research-os/data/openwrt-v2-snapshots/releases/23.05.4/x86_64/openwrt-23.05.4-x86-64.manifest
23.05.4,x86/64,rpcd-mod-rrdns,20170710,research-os/data/openwrt-v2-snapshots/releases/23.05.4/x86_64/openwrt-23.05.4-x86-64.manifest
23.05.4,x86/64,rpcd-mod-ucode,2023-07-01-c07ab2f9-1,research-os/data/openwrt-v2-snapshots/releases/23.05.4/x86_64/openwrt-23.05.4-x86-64.manifest
23.05.4,x86/64,ubox,2022-08-13-4c7b720b-2,research-os/data/openwrt-v2-snapshots/releases/23.05.4/x86_64/openwrt-23.05.4-x86-64.manifest
23.05.4,x86/64,ubus,2023-06-05-f787c97b-1,research-os/data/openwrt-v2-snapshots/releases/23.05.4/x86_64/openwrt-23.05.4-x86-64.manifest
23.05.4,x86/64,ubusd,2023-06-05-f787c97b-1,research-os/data/openwrt-v2-snapshots/releases/23.05.4/x86_64/openwrt-23.05.4-x86-64.manifest
23.05.4,x86/64,uci,2023-08-10-5781664d-1,research-os/data/openwrt-v2-snapshots/releases/23.05.4/x86_64/openwrt-23.05.4-x86-64.manifest
23.05.4,x86/64,uclient-fetch,2023-04-13-007d9454-1,research-os/data/openwrt-v2-snapshots/releases/23.05.4/x86_64/openwrt-23.05.4-x86-64.manifest
23.05.4,x86/64,ucode,2024-07-11-1a8a0bcf-1,research-os/data/openwrt-v2-snapshots/releases/23.05.4/x86_64/openwrt-23.05.4-x86-64.manifest
23.05.4,x86/64,ucode-mod-fs,2024-07-11-1a8a0bcf-1,research-os/data/openwrt-v2-snapshots/releases/23.05.4/x86_64/openwrt-23.05.4-x86-64.manifest
23.05.4,x86/64,ucode-mod-html,1,research-os/data/openwrt-v2-snapshots/releases/23.05.4/x86_64/openwrt-23.05.4-x86-64.manifest
23.05.4,x86/64,ucode-mod-math,2024-07-11-1a8a0bcf-1,research-os/data/openwrt-v2-snapshots/releases/23.05.4/x86_64/openwrt-23.05.4-x86-64.manifest
23.05.4,x86/64,ucode-mod-ubus,2024-07-11-1a8a0bcf-1,research-os/data/openwrt-v2-snapshots/releases/23.05.4/x86_64/openwrt-23.05.4-x86-64.manifest
23.05.4,x86/64,ucode-mod-uci,2024-07-11-1a8a0bcf-1,research-os/data/openwrt-v2-snapshots/releases/23.05.4/x86_64/openwrt-23.05.4-x86-64.manifest
23.05.4,x86/64,uhttpd,2023-06-25-34a8a74d-2,research-os/data/openwrt-v2-snapshots/releases/23.05.4/x86_64/openwrt-23.05.4-x86-64.manifest
23.05.4,x86/64,uhttpd-mod-ubus,2023-06-25-34a8a74d-2,research-os/data/openwrt-v2-snapshots/releases/23.05.4/x86_64/openwrt-23.05.4-x86-64.manifest
23.05.4,x86/64,urandom-seed,3,research-os/data/openwrt-v2-snapshots/releases/23.05.4/x86_64/openwrt-23.05.4-x86-64.manifest
23.05.4,x86/64,urngd,2023-11-01-44365eb1-1,research-os/data/openwrt-v2-snapshots/releases/23.05.4/x86_64/openwrt-23.05.4-x86-64.manifest
23.05.4,x86/64,usign,2020-05-23-f1f65026-1,research-os/data/openwrt-v2-snapshots/releases/23.05.4/x86_64/openwrt-23.05.4-x86-64.manifest
23.05.5,ath79/generic,base-files,1562-r24106-10cc5fcd00,research-os/data/openwrt-v2-snapshots/releases/23.05.5/ath79_generic/openwrt-23.05.5-ath79-generic.manifest
23.05.5,ath79/generic,busybox,1.36.1-1,research-os/data/openwrt-v2-snapshots/releases/23.05.5/ath79_generic/openwrt-23.05.5-ath79-generic.manifest
23.05.5,ath79/generic,ca-bundle,20230311-1,research-os/data/openwrt-v2-snapshots/releases/23.05.5/ath79_generic/openwrt-23.05.5-ath79-generic.manifest
23.05.5,ath79/generic,cgi-io,2022-08-10-901b0f04-21,research-os/data/openwrt-v2-snapshots/releases/23.05.5/ath79_generic/openwrt-23.05.5-ath79-generic.manifest
23.05.5,ath79/generic,dnsmasq,2.90-2,research-os/data/openwrt-v2-snapshots/releases/23.05.5/ath79_generic/openwrt-23.05.5-ath79-generic.manifest
23.05.5,ath79/generic,dropbear,2022.82-6,research-os/data/openwrt-v2-snapshots/releases/23.05.5/ath79_generic/openwrt-23.05.5-ath79-generic.manifest
23.05.5,ath79/generic,firewall4,2023-09-01-598d9fbb-1,research-os/data/openwrt-v2-snapshots/releases/23.05.5/ath79_generic/openwrt-23.05.5-ath79-generic.manifest
23.05.5,ath79/generic,fstools,2023-02-28-bfe882d5-1,research-os/data/openwrt-v2-snapshots/releases/23.05.5/ath79_generic/openwrt-23.05.5-ath79-generic.manifest
23.05.5,ath79/generic,fwtool,2019-11-12-8f7fe925-1,research-os/data/openwrt-v2-snapshots/releases/23.05.5/ath79_generic/openwrt-23.05.5-ath79-generic.manifest
23.05.5,ath79/generic,getrandom,2022-08-13-4c7b720b-2,research-os/data/openwrt-v2-snapshots/releases/23.05.5/ath79_generic/openwrt-23.05.5-ath79-generic.manifest
23.05.5,ath79/generic,hostapd-common,2023-09-08-e5ccbfc6-8,research-os/data/openwrt-v2-snapshots/releases/23.05.5/ath79_generic/openwrt-23.05.5-ath79-generic.manifest
23.05.5,ath79/generic,iw,5.19-1,research-os/data/openwrt-v2-snapshots/releases/23.05.5/ath79_generic/openwrt-23.05.5-ath79-generic.manifest
23.05.5,ath79/generic,iwinfo,2023-07-01-ca79f641-1,research-os/data/openwrt-v2-snapshots/releases/23.05.5/ath79_generic/openwrt-23.05.5-ath79-generic.manifest
23.05.5,ath79/generic,jansson4,2.14-3,research-os/data/openwrt-v2-snapshots/releases/23.05.5/ath79_generic/openwrt-23.05.5-ath79-generic.manifest
23.05.5,ath79/generic,jshn,2023-05-23-75a3b870-1,research-os/data/openwrt-v2-snapshots/releases/23.05.5/ath79_generic/openwrt-23.05.5-ath79-generic.manifest
23.05.5,ath79/generic,jsonfilter,2024-01-23-594cfa86-1,research-os/data/openwrt-v2-snapshots/releases/23.05.5/ath79_generic/openwrt-23.05.5-ath79-generic.manifest
23.05.5,ath79/generic,kernel,5.15.167-1-da89f936189e8280762513898b74a850,research-os/data/openwrt-v2-snapshots/releases/23.05.5/ath79_generic/openwrt-23.05.5-ath79-generic.manifest
23.05.5,ath79/generic,kmod-ath,5.15.167+6.1.110-1-1,research-os/data/openwrt-v2-snapshots/releases/23.05.5/ath79_generic/openwrt-23.05.5-ath79-generic.manifest
23.05.5,ath79/generic,kmod-ath9k,5.15.167+6.1.110-1-1,research-os/data/openwrt-v2-snapshots/releases/23.05.5/ath79_generic/openwrt-23.05.5-ath79-generic.manifest
23.05.5,ath79/generic,kmod-ath9k-common,5.15.167+6.1.110-1-1,research-os/data/openwrt-v2-snapshots/releases/23.05.5/ath79_generic/openwrt-23.05.5-ath79-generic.manifest
23.05.5,ath79/generic,kmod-cfg80211,5.15.167+6.1.110-1-1,research-os/data/openwrt-v2-snapshots/releases/23.05.5/ath79_generic/openwrt-23.05.5-ath79-generic.manifest
23.05.5,ath79/generic,kmod-crypto-acompress,5.15.167-1,research-os/data/openwrt-v2-snapshots/releases/23.05.5/ath79_generic/openwrt-23.05.5-ath79-generic.manifest
23.05.5,ath79/generic,kmod-crypto-aead,5.15.167-1,research-os/data/openwrt-v2-snapshots/releases/23.05.5/ath79_generic/openwrt-23.05.5-ath79-generic.manifest
23.05.5,ath79/generic,kmod-crypto-ccm,5.15.167-1,research-os/data/openwrt-v2-snapshots/releases/23.05.5/ath79_generic/openwrt-23.05.5-ath79-generic.manifest
23.05.5,ath79/generic,kmod-crypto-cmac,5.15.167-1,research-os/data/openwrt-v2-snapshots/releases/23.05.5/ath79_generic/openwrt-23.05.5-ath79-generic.manifest
23.05.5,ath79/generic,kmod-crypto-crc32c,5.15.167-1,research-os/data/openwrt-v2-snapshots/releases/23.05.5/ath79_generic/openwrt-23.05.5-ath79-generic.manifest
23.05.5,ath79/generic,kmod-crypto-ctr,5.15.167-1,research-os/data/openwrt-v2-snapshots/releases/23.05.5/ath79_generic/openwrt-23.05.5-ath79-generic.manifest
23.05.5,ath79/generic,kmod-crypto-gcm,5.15.167-1,research-os/data/openwrt-v2-snapshots/releases/23.05.5/ath79_generic/openwrt-23.05.5-ath79-generic.manifest
23.05.5,ath79/generic,kmod-crypto-gf128,5.15.167-1,research-os/data/openwrt-v2-snapshots/releases/23.05.5/ath79_generic/openwrt-23.05.5-ath79-generic.manifest
23.05.5,ath79/generic,kmod-crypto-ghash,5.15.167-1,research-os/data/openwrt-v2-snapshots/releases/23.05.5/ath79_generic/openwrt-23.05.5-ath79-generic.manifest
23.05.5,ath79/generic,kmod-crypto-hash,5.15.167-1,research-os/data/openwrt-v2-snapshots/releases/23.05.5/ath79_generic/openwrt-23.05.5-ath79-generic.manifest
23.05.5,ath79/generic,kmod-crypto-hmac,5.15.167-1,research-os/data/openwrt-v2-snapshots/releases/23.05.5/ath79_generic/openwrt-23.05.5-ath79-generic.manifest
23.05.5,ath79/generic,kmod-crypto-manager,5.15.167-1,research-os/data/openwrt-v2-snapshots/releases/23.05.5/ath79_generic/openwrt-23.05.5-ath79-generic.manifest
23.05.5,ath79/generic,kmod-crypto-null,5.15.167-1,research-os/data/openwrt-v2-snapshots/releases/23.05.5/ath79_generic/openwrt-23.05.5-ath79-generic.manifest
23.05.5,ath79/generic,kmod-crypto-rng,5.15.167-1,research-os/data/openwrt-v2-snapshots/releases/23.05.5/ath79_generic/openwrt-23.05.5-ath79-generic.manifest
23.05.5,ath79/generic,kmod-crypto-seqiv,5.15.167-1,research-os/data/openwrt-v2-snapshots/releases/23.05.5/ath79_generic/openwrt-23.05.5-ath79-generic.manifest
23.05.5,ath79/generic,kmod-crypto-sha512,5.15.167-1,research-os/data/openwrt-v2-snapshots/releases/23.05.5/ath79_generic/openwrt-23.05.5-ath79-generic.manifest
23.05.5,ath79/generic,kmod-gpio-button-hotplug,5.15.167-3,research-os/data/openwrt-v2-snapshots/releases/23.05.5/ath79_generic/openwrt-23.05.5-ath79-generic.manifest
23.05.5,ath79/generic,kmod-lib-crc-ccitt,5.15.167-1,research-os/data/openwrt-v2-snapshots/releases/23.05.5/ath79_generic/openwrt-23.05.5-ath79-generic.manifest
23.05.5,ath79/generic,kmod-lib-crc32c,5.15.167-1,research-os/data/openwrt-v2-snapshots/releases/23.05.5/ath79_generic/openwrt-23.05.5-ath79-generic.manifest
23.05.5,ath79/generic,kmod-lib-lzo,5.15.167-1,research-os/data/openwrt-v2-snapshots/releases/23.05.5/ath79_generic/openwrt-23.05.5-ath79-generic.manifest
23.05.5,ath79/generic,kmod-mac80211,5.15.167+6.1.110-1-1,research-os/data/openwrt-v2-snapshots/releases/23.05.5/ath79_generic/openwrt-23.05.5-ath79-generic.manifest
23.05.5,ath79/generic,kmod-nf-conntrack,5.15.167-1,research-os/data/openwrt-v2-snapshots/releases/23.05.5/ath79_generic/openwrt-23.05.5-ath79-generic.manifest
23.05.5,ath79/generic,kmod-nf-conntrack6,5.15.167-1,research-os/data/openwrt-v2-snapshots/releases/23.05.5/ath79_generic/openwrt-23.05.5-ath79-generic.manifest
23.05.5,ath79/generic,kmod-nf-flow,5.15.167-1,research-os/data/openwrt-v2-snapshots/releases/23.05.5/ath79_generic/openwrt-23.05.5-ath79-generic.manifest
23.05.5,ath79/generic,kmod-nf-log,5.15.167-1,research-os/data/openwrt-v2-snapshots/releases/23.05.5/ath79_generic/openwrt-23.05.5-ath79-generic.manifest
23.05.5,ath79/generic,kmod-nf-log6,5.15.167-1,research-os/data/openwrt-v2-snapshots/releases/23.05.5/ath79_generic/openwrt-23.05.5-ath79-generic.manifest
23.05.5,ath79/generic,kmod-nf-nat,5.15.167-1,research-os/data/openwrt-v2-snapshots/releases/23.05.5/ath79_generic/openwrt-23.05.5-ath79-generic.manifest
23.05.5,ath79/generic,kmod-nf-reject,5.15.167-1,research-os/data/openwrt-v2-snapshots/releases/23.05.5/ath79_generic/openwrt-23.05.5-ath79-generic.manifest
23.05.5,ath79/generic,kmod-nf-reject6,5.15.167-1,research-os/data/openwrt-v2-snapshots/releases/23.05.5/ath79_generic/openwrt-23.05.5-ath79-generic.manifest
23.05.5,ath79/generic,kmod-nfnetlink,5.15.167-1,research-os/data/openwrt-v2-snapshots/releases/23.05.5/ath79_generic/openwrt-23.05.5-ath79-generic.manifest
23.05.5,ath79/generic,kmod-nft-core,5.15.167-1,research-os/data/openwrt-v2-snapshots/releases/23.05.5/ath79_generic/openwrt-23.05.5-ath79-generic.manifest
23.05.5,ath79/generic,kmod-nft-fib,5.15.167-1,research-os/data/openwrt-v2-snapshots/releases/23.05.5/ath79_generic/openwrt-23.05.5-ath79-generic.manifest
23.05.5,ath79/generic,kmod-nft-nat,5.15.167-1,research-os/data/openwrt-v2-snapshots/releases/23.05.5/ath79_generic/openwrt-23.05.5-ath79-generic.manifest
23.05.5,ath79/generic,kmod-nft-offload,5.15.167-1,research-os/data/openwrt-v2-snapshots/releases/23.05.5/ath79_generic/openwrt-23.05.5-ath79-generic.manifest
23.05.5,ath79/generic,kmod-ppp,5.15.167-1,research-os/data/openwrt-v2-snapshots/releases/23.05.5/ath79_generic/openwrt-23.05.5-ath79-generic.manifest
23.05.5,ath79/generic,kmod-pppoe,5.15.167-1,research-os/data/openwrt-v2-snapshots/releases/23.05.5/ath79_generic/openwrt-23.05.5-ath79-generic.manifest
23.05.5,ath79/generic,kmod-pppox,5.15.167-1,research-os/data/openwrt-v2-snapshots/releases/23.05.5/ath79_generic/openwrt-23.05.5-ath79-generic.manifest
23.05.5,ath79/generic,kmod-random-core,5.15.167-1,research-os/data/openwrt-v2-snapshots/releases/23.05.5/ath79_generic/openwrt-23.05.5-ath79-generic.manifest
23.05.5,ath79/generic,kmod-slhc,5.15.167-1,research-os/data/openwrt-v2-snapshots/releases/23.05.5/ath79_generic/openwrt-23.05.5-ath79-generic.manifest
23.05.5,ath79/generic,libblobmsg-json20230523,2023-05-23-75a3b870-1,research-os/data/openwrt-v2-snapshots/releases/23.05.5/ath79_generic/openwrt-23.05.5-ath79-generic.manifest
23.05.5,ath79/generic,libc,1.2.4-4,research-os/data/openwrt-v2-snapshots/releases/23.05.5/ath79_generic/openwrt-23.05.5-ath79-generic.manifest
23.05.5,ath79/generic,libgcc1,12.3.0-4,research-os/data/openwrt-v2-snapshots/releases/23.05.5/ath79_generic/openwrt-23.05.5-ath79-generic.manifest
23.05.5,ath79/generic,libiwinfo-data,2023-07-01-ca79f641-1,research-os/data/openwrt-v2-snapshots/releases/23.05.5/ath79_generic/openwrt-23.05.5-ath79-generic.manifest
23.05.5,ath79/generic,libiwinfo20230701,2023-07-01-ca79f641-1,research-os/data/openwrt-v2-snapshots/releases/23.05.5/ath79_generic/openwrt-23.05.5-ath79-generic.manifest
23.05.5,ath79/generic,libjson-c5,0.16-3,research-os/data/openwrt-v2-snapshots/releases/23.05.5/ath79_generic/openwrt-23.05.5-ath79-generic.manifest
23.05.5,ath79/generic,libjson-script20230523,2023-05-23-75a3b870-1,research-os/data/openwrt-v2-snapshots/releases/23.05.5/ath79_generic/openwrt-23.05.5-ath79-generic.manifest
23.05.5,ath79/generic,liblucihttp-ucode,2023-03-15-9b5b683f-1,research-os/data/openwrt-v2-snapshots/releases/23.05.5/ath79_generic/openwrt-23.05.5-ath79-generic.manifest
23.05.5,ath79/generic,liblucihttp0,2023-03-15-9b5b683f-1,research-os/data/openwrt-v2-snapshots/releases/23.05.5/ath79_generic/openwrt-23.05.5-ath79-generic.manifest
23.05.5,ath79/generic,libmbedtls12,2.28.9-1,research-os/data/openwrt-v2-snapshots/releases/23.05.5/ath79_generic/openwrt-23.05.5-ath79-generic.manifest
23.05.5,ath79/generic,libmnl0,1.0.5-1,research-os/data/openwrt-v2-snapshots/releases/23.05.5/ath79_generic/openwrt-23.05.5-ath79-generic.manifest
23.05.5,ath79/generic,libnftnl11,1.2.6-1,research-os/data/openwrt-v2-snapshots/releases/23.05.5/ath79_generic/openwrt-23.05.5-ath79-generic.manifest
23.05.5,ath79/generic,libnl-tiny1,2023-07-27-bc92a280-1,research-os/data/openwrt-v2-snapshots/releases/23.05.5/ath79_generic/openwrt-23.05.5-ath79-generic.manifest
23.05.5,ath79/generic,libpthread,1.2.4-4,research-os/data/openwrt-v2-snapshots/releases/23.05.5/ath79_generic/openwrt-23.05.5-ath79-generic.manifest
23.05.5,ath79/generic,libubox20230523,2023-05-23-75a3b870-1,research-os/data/openwrt-v2-snapshots/releases/23.05.5/ath79_generic/openwrt-23.05.5-ath79-generic.manifest
23.05.5,ath79/generic,libubus20230605,2023-06-05-f787c97b-1,research-os/data/openwrt-v2-snapshots/releases/23.05.5/ath79_generic/openwrt-23.05.5-ath79-generic.manifest
23.05.5,ath79/generic,libuci20130104,2023-08-10-5781664d-1,research-os/data/openwrt-v2-snapshots/releases/23.05.5/ath79_generic/openwrt-23.05.5-ath79-generic.manifest
23.05.5,ath79/generic,libuclient20201210,2023-04-13-007d9454-1,research-os/data/openwrt-v2-snapshots/releases/23.05.5/ath79_generic/openwrt-23.05.5-ath79-generic.manifest
23.05.5,ath79/generic,libucode20230711,2024-07-11-1a8a0bcf-3,research-os/data/openwrt-v2-snapshots/releases/23.05.5/ath79_generic/openwrt-23.05.5-ath79-generic.manifest
23.05.5,ath79/generic,libustream-mbedtls20201210,2023-02-25-498f6e26-1,research-os/data/openwrt-v2-snapshots/releases/23.05.5/ath79_generic/openwrt-23.05.5-ath79-generic.manifest
23.05.5,ath79/generic,logd,2022-08-13-4c7b720b-2,research-os/data/openwrt-v2-snapshots/releases/23.05.5/ath79_generic/openwrt-23.05.5-ath79-generic.manifest
23.05.5,ath79/generic,luci,git-23.051.66410-a505bb1,research-os/data/openwrt-v2-snapshots/releases/23.05.5/ath79_generic/openwrt-23.05.5-ath79-generic.manifest
23.05.5,ath79/generic,luci-app-firewall,git-24.067.01746-69867db,research-os/data/openwrt-v2-snapshots/releases/23.05.5/ath79_generic/openwrt-23.05.5-ath79-generic.manifest
23.05.5,ath79/generic,luci-app-opkg,git-24.148.43905-2891ca4,research-os/data/openwrt-v2-snapshots/releases/23.05.5/ath79_generic/openwrt-23.05.5-ath79-generic.manifest
23.05.5,ath79/generic,luci-base,git-24.264.56413-c7a3562,research-os/data/openwrt-v2-snapshots/releases/23.05.5/ath79_generic/openwrt-23.05.5-ath79-generic.manifest
23.05.5,ath79/generic,luci-light,git-23.024.33244-34dee82,research-os/data/openwrt-v2-snapshots/releases/23.05.5/ath79_generic/openwrt-23.05.5-ath79-generic.manifest
23.05.5,ath79/generic,luci-mod-admin-full,git-19.253.48496-3f93650,research-os/data/openwrt-v2-snapshots/releases/23.05.5/ath79_generic/openwrt-23.05.5-ath79-generic.manifest
23.05.5,ath79/generic,luci-mod-network,git-24.264.56960-63ba3cb,research-os/data/openwrt-v2-snapshots/releases/23.05.5/ath79_generic/openwrt-23.05.5-ath79-generic.manifest
23.05.5,ath79/generic,luci-mod-status,git-24.212.61237-b6da3f2,research-os/data/openwrt-v2-snapshots/releases/23.05.5/ath79_generic/openwrt-23.05.5-ath79-generic.manifest
23.05.5,ath79/generic,luci-mod-system,git-24.067.01860-7a82b2f,research-os/data/openwrt-v2-snapshots/releases/23.05.5/ath79_generic/openwrt-23.05.5-ath79-generic.manifest
23.05.5,ath79/generic,luci-proto-ipv6,git-24.086.45108-51aee90,research-os/data/openwrt-v2-snapshots/releases/23.05.5/ath79_generic/openwrt-23.05.5-ath79-generic.manifest
23.05.5,ath79/generic,luci-proto-ppp,git-24.135.44542-f1ec9c2,research-os/data/openwrt-v2-snapshots/releases/23.05.5/ath79_generic/openwrt-23.05.5-ath79-generic.manifest
23.05.5,ath79/generic,luci-ssl,git-23.035.26083-7550ad6,research-os/data/openwrt-v2-snapshots/releases/23.05.5/ath79_generic/openwrt-23.05.5-ath79-generic.manifest
23.05.5,ath79/generic,luci-theme-bootstrap,git-24.086.46634-1ffe078,research-os/data/openwrt-v2-snapshots/releases/23.05.5/ath79_generic/openwrt-23.05.5-ath79-generic.manifest
23.05.5,ath79/generic,mtd,26,research-os/data/openwrt-v2-snapshots/releases/23.05.5/ath79_generic/openwrt-23.05.5-ath79-generic.manifest
23.05.5,ath79/generic,netifd,2024-01-04-c18cc79d-2,research-os/data/openwrt-v2-snapshots/releases/23.05.5/ath79_generic/openwrt-23.05.5-ath79-generic.manifest
23.05.5,ath79/generic,nftables-json,1.0.8-1,research-os/data/openwrt-v2-snapshots/releases/23.05.5/ath79_generic/openwrt-23.05.5-ath79-generic.manifest
23.05.5,ath79/generic,odhcp6c,2023-05-12-bcd28363-20,research-os/data/openwrt-v2-snapshots/releases/23.05.5/ath79_generic/openwrt-23.05.5-ath79-generic.manifest
23.05.5,ath79/generic,odhcpd-ipv6only,2023-10-24-d8118f6e-1,research-os/data/openwrt-v2-snapshots/releases/23.05.5/ath79_generic/openwrt-23.05.5-ath79-generic.manifest
23.05.5,ath79/generic,openwrt-keyring,2022-03-25-62471e69-2,research-os/data/openwrt-v2-snapshots/releases/23.05.5/ath79_generic/openwrt-23.05.5-ath79-generic.manifest
23.05.5,ath79/generic,opkg,2022-02-24-d038e5b6-2,research-os/data/openwrt-v2-snapshots/releases/23.05.5/ath79_generic/openwrt-23.05.5-ath79-generic.manifest
23.05.5,ath79/generic,ppp,2.4.9.git-2021-01-04-4,research-os/data/openwrt-v2-snapshots/releases/23.05.5/ath79_generic/openwrt-23.05.5-ath79-generic.manifest
23.05.5,ath79/generic,ppp-mod-pppoe,2.4.9.git-2021-01-04-4,research-os/data/openwrt-v2-snapshots/releases/23.05.5/ath79_generic/openwrt-23.05.5-ath79-generic.manifest
23.05.5,ath79/generic,procd,2023-06-25-2db83655-2,research-os/data/openwrt-v2-snapshots/releases/23.05.5/ath79_generic/openwrt-23.05.5-ath79-generic.manifest
23.05.5,ath79/generic,procd-seccomp,2023-06-25-2db83655-2,research-os/data/openwrt-v2-snapshots/releases/23.05.5/ath79_generic/openwrt-23.05.5-ath79-generic.manifest
23.05.5,ath79/generic,procd-ujail,2023-06-25-2db83655-2,research-os/data/openwrt-v2-snapshots/releases/23.05.5/ath79_generic/openwrt-23.05.5-ath79-generic.manifest
23.05.5,ath79/generic,px5g-mbedtls,10,research-os/data/openwrt-v2-snapshots/releases/23.05.5/ath79_generic/openwrt-23.05.5-ath79-generic.manifest
23.05.5,ath79/generic,rpcd,2023-07-01-c07ab2f9-1,research-os/data/openwrt-v2-snapshots/releases/23.05.5/ath79_generic/openwrt-23.05.5-ath79-generic.manifest
23.05.5,ath79/generic,rpcd-mod-file,2023-07-01-c07ab2f9-1,research-os/data/openwrt-v2-snapshots/releases/23.05.5/ath79_generic/openwrt-23.05.5-ath79-generic.manifest
23.05.5,ath79/generic,rpcd-mod-iwinfo,2023-07-01-c07ab2f9-1,research-os/data/openwrt-v2-snapshots/releases/23.05.5/ath79_generic/openwrt-23.05.5-ath79-generic.manifest
23.05.5,ath79/generic,rpcd-mod-luci,20240305-1,research-os/data/openwrt-v2-snapshots/releases/23.05.5/ath79_generic/openwrt-23.05.5-ath79-generic.manifest
23.05.5,ath79/generic,rpcd-mod-rrdns,20170710,research-os/data/openwrt-v2-snapshots/releases/23.05.5/ath79_generic/openwrt-23.05.5-ath79-generic.manifest
23.05.5,ath79/generic,rpcd-mod-ucode,2023-07-01-c07ab2f9-1,research-os/data/openwrt-v2-snapshots/releases/23.05.5/ath79_generic/openwrt-23.05.5-ath79-generic.manifest
23.05.5,ath79/generic,swconfig,12,research-os/data/openwrt-v2-snapshots/releases/23.05.5/ath79_generic/openwrt-23.05.5-ath79-generic.manifest
23.05.5,ath79/generic,uboot-envtools,2023.04-1,research-os/data/openwrt-v2-snapshots/releases/23.05.5/ath79_generic/openwrt-23.05.5-ath79-generic.manifest
23.05.5,ath79/generic,ubox,2022-08-13-4c7b720b-2,research-os/data/openwrt-v2-snapshots/releases/23.05.5/ath79_generic/openwrt-23.05.5-ath79-generic.manifest
23.05.5,ath79/generic,ubus,2023-06-05-f787c97b-1,research-os/data/openwrt-v2-snapshots/releases/23.05.5/ath79_generic/openwrt-23.05.5-ath79-generic.manifest
23.05.5,ath79/generic,ubusd,2023-06-05-f787c97b-1,research-os/data/openwrt-v2-snapshots/releases/23.05.5/ath79_generic/openwrt-23.05.5-ath79-generic.manifest
23.05.5,ath79/generic,uci,2023-08-10-5781664d-1,research-os/data/openwrt-v2-snapshots/releases/23.05.5/ath79_generic/openwrt-23.05.5-ath79-generic.manifest
23.05.5,ath79/generic,uclient-fetch,2023-04-13-007d9454-1,research-os/data/openwrt-v2-snapshots/releases/23.05.5/ath79_generic/openwrt-23.05.5-ath79-generic.manifest
23.05.5,ath79/generic,ucode,2024-07-11-1a8a0bcf-3,research-os/data/openwrt-v2-snapshots/releases/23.05.5/ath79_generic/openwrt-23.05.5-ath79-generic.manifest
23.05.5,ath79/generic,ucode-mod-fs,2024-07-11-1a8a0bcf-3,research-os/data/openwrt-v2-snapshots/releases/23.05.5/ath79_generic/openwrt-23.05.5-ath79-generic.manifest
23.05.5,ath79/generic,ucode-mod-html,1,research-os/data/openwrt-v2-snapshots/releases/23.05.5/ath79_generic/openwrt-23.05.5-ath79-generic.manifest
23.05.5,ath79/generic,ucode-mod-math,2024-07-11-1a8a0bcf-3,research-os/data/openwrt-v2-snapshots/releases/23.05.5/ath79_generic/openwrt-23.05.5-ath79-generic.manifest
23.05.5,ath79/generic,ucode-mod-nl80211,2024-07-11-1a8a0bcf-3,research-os/data/openwrt-v2-snapshots/releases/23.05.5/ath79_generic/openwrt-23.05.5-ath79-generic.manifest
23.05.5,ath79/generic,ucode-mod-rtnl,2024-07-11-1a8a0bcf-3,research-os/data/openwrt-v2-snapshots/releases/23.05.5/ath79_generic/openwrt-23.05.5-ath79-generic.manifest
23.05.5,ath79/generic,ucode-mod-ubus,2024-07-11-1a8a0bcf-3,research-os/data/openwrt-v2-snapshots/releases/23.05.5/ath79_generic/openwrt-23.05.5-ath79-generic.manifest
23.05.5,ath79/generic,ucode-mod-uci,2024-07-11-1a8a0bcf-3,research-os/data/openwrt-v2-snapshots/releases/23.05.5/ath79_generic/openwrt-23.05.5-ath79-generic.manifest
23.05.5,ath79/generic,ucode-mod-uloop,2024-07-11-1a8a0bcf-3,research-os/data/openwrt-v2-snapshots/releases/23.05.5/ath79_generic/openwrt-23.05.5-ath79-generic.manifest
23.05.5,ath79/generic,uhttpd,2023-06-25-34a8a74d-2,research-os/data/openwrt-v2-snapshots/releases/23.05.5/ath79_generic/openwrt-23.05.5-ath79-generic.manifest
23.05.5,ath79/generic,uhttpd-mod-ubus,2023-06-25-34a8a74d-2,research-os/data/openwrt-v2-snapshots/releases/23.05.5/ath79_generic/openwrt-23.05.5-ath79-generic.manifest
23.05.5,ath79/generic,urandom-seed,3,research-os/data/openwrt-v2-snapshots/releases/23.05.5/ath79_generic/openwrt-23.05.5-ath79-generic.manifest
23.05.5,ath79/generic,urngd,2023-11-01-44365eb1-1,research-os/data/openwrt-v2-snapshots/releases/23.05.5/ath79_generic/openwrt-23.05.5-ath79-generic.manifest
23.05.5,ath79/generic,usign,2020-05-23-f1f65026-1,research-os/data/openwrt-v2-snapshots/releases/23.05.5/ath79_generic/openwrt-23.05.5-ath79-generic.manifest
23.05.5,ath79/generic,wireless-regdb,2024.07.04-1,research-os/data/openwrt-v2-snapshots/releases/23.05.5/ath79_generic/openwrt-23.05.5-ath79-generic.manifest
23.05.5,ath79/generic,wpad-basic-mbedtls,2023-09-08-e5ccbfc6-8,research-os/data/openwrt-v2-snapshots/releases/23.05.5/ath79_generic/openwrt-23.05.5-ath79-generic.manifest
23.05.5,x86/64,base-files,1562-r24106-10cc5fcd00,research-os/data/openwrt-v2-snapshots/releases/23.05.5/x86_64/openwrt-23.05.5-x86-64.manifest
23.05.5,x86/64,busybox,1.36.1-1,research-os/data/openwrt-v2-snapshots/releases/23.05.5/x86_64/openwrt-23.05.5-x86-64.manifest
23.05.5,x86/64,ca-bundle,20230311-1,research-os/data/openwrt-v2-snapshots/releases/23.05.5/x86_64/openwrt-23.05.5-x86-64.manifest
23.05.5,x86/64,cgi-io,2022-08-10-901b0f04-21,research-os/data/openwrt-v2-snapshots/releases/23.05.5/x86_64/openwrt-23.05.5-x86-64.manifest
23.05.5,x86/64,dnsmasq,2.90-2,research-os/data/openwrt-v2-snapshots/releases/23.05.5/x86_64/openwrt-23.05.5-x86-64.manifest
23.05.5,x86/64,dropbear,2022.82-6,research-os/data/openwrt-v2-snapshots/releases/23.05.5/x86_64/openwrt-23.05.5-x86-64.manifest
23.05.5,x86/64,e2fsprogs,1.47.0-2,research-os/data/openwrt-v2-snapshots/releases/23.05.5/x86_64/openwrt-23.05.5-x86-64.manifest
23.05.5,x86/64,firewall4,2023-09-01-598d9fbb-1,research-os/data/openwrt-v2-snapshots/releases/23.05.5/x86_64/openwrt-23.05.5-x86-64.manifest
23.05.5,x86/64,fstools,2023-02-28-bfe882d5-1,research-os/data/openwrt-v2-snapshots/releases/23.05.5/x86_64/openwrt-23.05.5-x86-64.manifest
23.05.5,x86/64,fwtool,2019-11-12-8f7fe925-1,research-os/data/openwrt-v2-snapshots/releases/23.05.5/x86_64/openwrt-23.05.5-x86-64.manifest
23.05.5,x86/64,getrandom,2022-08-13-4c7b720b-2,research-os/data/openwrt-v2-snapshots/releases/23.05.5/x86_64/openwrt-23.05.5-x86-64.manifest
23.05.5,x86/64,grub2,2.06-5,research-os/data/openwrt-v2-snapshots/releases/23.05.5/x86_64/openwrt-23.05.5-x86-64.manifest
23.05.5,x86/64,grub2-bios-setup,2.06-5,research-os/data/openwrt-v2-snapshots/releases/23.05.5/x86_64/openwrt-23.05.5-x86-64.manifest
23.05.5,x86/64,grub2-efi,2.06-5,research-os/data/openwrt-v2-snapshots/releases/23.05.5/x86_64/openwrt-23.05.5-x86-64.manifest
23.05.5,x86/64,jansson4,2.14-3,research-os/data/openwrt-v2-snapshots/releases/23.05.5/x86_64/openwrt-23.05.5-x86-64.manifest
23.05.5,x86/64,jshn,2023-05-23-75a3b870-1,research-os/data/openwrt-v2-snapshots/releases/23.05.5/x86_64/openwrt-23.05.5-x86-64.manifest
23.05.5,x86/64,jsonfilter,2024-01-23-594cfa86-1,research-os/data/openwrt-v2-snapshots/releases/23.05.5/x86_64/openwrt-23.05.5-x86-64.manifest
23.05.5,x86/64,kernel,5.15.167-1-59d1431675acc6823a33c7eb2323daeb,research-os/data/openwrt-v2-snapshots/releases/23.05.5/x86_64/openwrt-23.05.5-x86-64.manifest
23.05.5,x86/64,kmod-button-hotplug,5.15.167-3,research-os/data/openwrt-v2-snapshots/releases/23.05.5/x86_64/openwrt-23.05.5-x86-64.manifest
23.05.5,x86/64,kmod-crypto-acompress,5.15.167-1,research-os/data/openwrt-v2-snapshots/releases/23.05.5/x86_64/openwrt-23.05.5-x86-64.manifest
23.05.5,x86/64,kmod-crypto-crc32c,5.15.167-1,research-os/data/openwrt-v2-snapshots/releases/23.05.5/x86_64/openwrt-23.05.5-x86-64.manifest
23.05.5,x86/64,kmod-crypto-hash,5.15.167-1,research-os/data/openwrt-v2-snapshots/releases/23.05.5/x86_64/openwrt-23.05.5-x86-64.manifest
23.05.5,x86/64,kmod-fs-vfat,5.15.167-1,research-os/data/openwrt-v2-snapshots/releases/23.05.5/x86_64/openwrt-23.05.5-x86-64.manifest
23.05.5,x86/64,kmod-input-core,5.15.167-1,research-os/data/openwrt-v2-snapshots/releases/23.05.5/x86_64/openwrt-23.05.5-x86-64.manifest
23.05.5,x86/64,kmod-lib-crc-ccitt,5.15.167-1,research-os/data/openwrt-v2-snapshots/releases/23.05.5/x86_64/openwrt-23.05.5-x86-64.manifest
23.05.5,x86/64,kmod-lib-crc32c,5.15.167-1,research-os/data/openwrt-v2-snapshots/releases/23.05.5/x86_64/openwrt-23.05.5-x86-64.manifest
23.05.5,x86/64,kmod-lib-lzo,5.15.167-1,research-os/data/openwrt-v2-snapshots/releases/23.05.5/x86_64/openwrt-23.05.5-x86-64.manifest
23.05.5,x86/64,kmod-nf-conntrack,5.15.167-1,research-os/data/openwrt-v2-snapshots/releases/23.05.5/x86_64/openwrt-23.05.5-x86-64.manifest
23.05.5,x86/64,kmod-nf-conntrack6,5.15.167-1,research-os/data/openwrt-v2-snapshots/releases/23.05.5/x86_64/openwrt-23.05.5-x86-64.manifest
23.05.5,x86/64,kmod-nf-flow,5.15.167-1,research-os/data/openwrt-v2-snapshots/releases/23.05.5/x86_64/openwrt-23.05.5-x86-64.manifest
23.05.5,x86/64,kmod-nf-log,5.15.167-1,research-os/data/openwrt-v2-snapshots/releases/23.05.5/x86_64/openwrt-23.05.5-x86-64.manifest
23.05.5,x86/64,kmod-nf-log6,5.15.167-1,research-os/data/openwrt-v2-snapshots/releases/23.05.5/x86_64/openwrt-23.05.5-x86-64.manifest
23.05.5,x86/64,kmod-nf-nat,5.15.167-1,research-os/data/openwrt-v2-snapshots/releases/23.05.5/x86_64/openwrt-23.05.5-x86-64.manifest
23.05.5,x86/64,kmod-nf-reject,5.15.167-1,research-os/data/openwrt-v2-snapshots/releases/23.05.5/x86_64/openwrt-23.05.5-x86-64.manifest
23.05.5,x86/64,kmod-nf-reject6,5.15.167-1,research-os/data/openwrt-v2-snapshots/releases/23.05.5/x86_64/openwrt-23.05.5-x86-64.manifest
23.05.5,x86/64,kmod-nfnetlink,5.15.167-1,research-os/data/openwrt-v2-snapshots/releases/23.05.5/x86_64/openwrt-23.05.5-x86-64.manifest
23.05.5,x86/64,kmod-nft-core,5.15.167-1,research-os/data/openwrt-v2-snapshots/releases/23.05.5/x86_64/openwrt-23.05.5-x86-64.manifest
23.05.5,x86/64,kmod-nft-fib,5.15.167-1,research-os/data/openwrt-v2-snapshots/releases/23.05.5/x86_64/openwrt-23.05.5-x86-64.manifest
23.05.5,x86/64,kmod-nft-nat,5.15.167-1,research-os/data/openwrt-v2-snapshots/releases/23.05.5/x86_64/openwrt-23.05.5-x86-64.manifest
23.05.5,x86/64,kmod-nft-offload,5.15.167-1,research-os/data/openwrt-v2-snapshots/releases/23.05.5/x86_64/openwrt-23.05.5-x86-64.manifest
23.05.5,x86/64,kmod-nls-base,5.15.167-1,research-os/data/openwrt-v2-snapshots/releases/23.05.5/x86_64/openwrt-23.05.5-x86-64.manifest
23.05.5,x86/64,kmod-nls-cp437,5.15.167-1,research-os/data/openwrt-v2-snapshots/releases/23.05.5/x86_64/openwrt-23.05.5-x86-64.manifest
23.05.5,x86/64,kmod-nls-iso8859-1,5.15.167-1,research-os/data/openwrt-v2-snapshots/releases/23.05.5/x86_64/openwrt-23.05.5-x86-64.manifest
23.05.5,x86/64,kmod-nls-utf8,5.15.167-1,research-os/data/openwrt-v2-snapshots/releases/23.05.5/x86_64/openwrt-23.05.5-x86-64.manifest
23.05.5,x86/64,kmod-ppp,5.15.167-1,research-os/data/openwrt-v2-snapshots/releases/23.05.5/x86_64/openwrt-23.05.5-x86-64.manifest
23.05.5,x86/64,kmod-pppoe,5.15.167-1,research-os/data/openwrt-v2-snapshots/releases/23.05.5/x86_64/openwrt-23.05.5-x86-64.manifest
23.05.5,x86/64,kmod-pppox,5.15.167-1,research-os/data/openwrt-v2-snapshots/releases/23.05.5/x86_64/openwrt-23.05.5-x86-64.manifest
23.05.5,x86/64,kmod-slhc,5.15.167-1,research-os/data/openwrt-v2-snapshots/releases/23.05.5/x86_64/openwrt-23.05.5-x86-64.manifest
23.05.5,x86/64,libblkid1,2.39-2,research-os/data/openwrt-v2-snapshots/releases/23.05.5/x86_64/openwrt-23.05.5-x86-64.manifest
23.05.5,x86/64,libblobmsg-json20230523,2023-05-23-75a3b870-1,research-os/data/openwrt-v2-snapshots/releases/23.05.5/x86_64/openwrt-23.05.5-x86-64.manifest
23.05.5,x86/64,libc,1.2.4-4,research-os/data/openwrt-v2-snapshots/releases/23.05.5/x86_64/openwrt-23.05.5-x86-64.manifest
23.05.5,x86/64,libcomerr0,1.47.0-2,research-os/data/openwrt-v2-snapshots/releases/23.05.5/x86_64/openwrt-23.05.5-x86-64.manifest
23.05.5,x86/64,libext2fs2,1.47.0-2,research-os/data/openwrt-v2-snapshots/releases/23.05.5/x86_64/openwrt-23.05.5-x86-64.manifest
23.05.5,x86/64,libf2fs6,1.16.0-1,research-os/data/openwrt-v2-snapshots/releases/23.05.5/x86_64/openwrt-23.05.5-x86-64.manifest
23.05.5,x86/64,libgcc1,12.3.0-4,research-os/data/openwrt-v2-snapshots/releases/23.05.5/x86_64/openwrt-23.05.5-x86-64.manifest
23.05.5,x86/64,libiwinfo-data,2023-07-01-ca79f641-1,research-os/data/openwrt-v2-snapshots/releases/23.05.5/x86_64/openwrt-23.05.5-x86-64.manifest
23.05.5,x86/64,libiwinfo20230701,2023-07-01-ca79f641-1,research-os/data/openwrt-v2-snapshots/releases/23.05.5/x86_64/openwrt-23.05.5-x86-64.manifest
23.05.5,x86/64,libjson-c5,0.16-3,research-os/data/openwrt-v2-snapshots/releases/23.05.5/x86_64/openwrt-23.05.5-x86-64.manifest
23.05.5,x86/64,libjson-script20230523,2023-05-23-75a3b870-1,research-os/data/openwrt-v2-snapshots/releases/23.05.5/x86_64/openwrt-23.05.5-x86-64.manifest
23.05.5,x86/64,liblucihttp-ucode,2023-03-15-9b5b683f-1,research-os/data/openwrt-v2-snapshots/releases/23.05.5/x86_64/openwrt-23.05.5-x86-64.manifest
23.05.5,x86/64,liblucihttp0,2023-03-15-9b5b683f-1,research-os/data/openwrt-v2-snapshots/releases/23.05.5/x86_64/openwrt-23.05.5-x86-64.manifest
23.05.5,x86/64,libmbedtls12,2.28.9-1,research-os/data/openwrt-v2-snapshots/releases/23.05.5/x86_64/openwrt-23.05.5-x86-64.manifest
23.05.5,x86/64,libmnl0,1.0.5-1,research-os/data/openwrt-v2-snapshots/releases/23.05.5/x86_64/openwrt-23.05.5-x86-64.manifest
23.05.5,x86/64,libnftnl11,1.2.6-1,research-os/data/openwrt-v2-snapshots/releases/23.05.5/x86_64/openwrt-23.05.5-x86-64.manifest
23.05.5,x86/64,libnl-tiny1,2023-07-27-bc92a280-1,research-os/data/openwrt-v2-snapshots/releases/23.05.5/x86_64/openwrt-23.05.5-x86-64.manifest
23.05.5,x86/64,libpthread,1.2.4-4,research-os/data/openwrt-v2-snapshots/releases/23.05.5/x86_64/openwrt-23.05.5-x86-64.manifest
23.05.5,x86/64,librt,1.2.4-4,research-os/data/openwrt-v2-snapshots/releases/23.05.5/x86_64/openwrt-23.05.5-x86-64.manifest
23.05.5,x86/64,libsmartcols1,2.39-2,research-os/data/openwrt-v2-snapshots/releases/23.05.5/x86_64/openwrt-23.05.5-x86-64.manifest
23.05.5,x86/64,libss2,1.47.0-2,research-os/data/openwrt-v2-snapshots/releases/23.05.5/x86_64/openwrt-23.05.5-x86-64.manifest
23.05.5,x86/64,libubox20230523,2023-05-23-75a3b870-1,research-os/data/openwrt-v2-snapshots/releases/23.05.5/x86_64/openwrt-23.05.5-x86-64.manifest
23.05.5,x86/64,libubus20230605,2023-06-05-f787c97b-1,research-os/data/openwrt-v2-snapshots/releases/23.05.5/x86_64/openwrt-23.05.5-x86-64.manifest
23.05.5,x86/64,libuci20130104,2023-08-10-5781664d-1,research-os/data/openwrt-v2-snapshots/releases/23.05.5/x86_64/openwrt-23.05.5-x86-64.manifest
23.05.5,x86/64,libuclient20201210,2023-04-13-007d9454-1,research-os/data/openwrt-v2-snapshots/releases/23.05.5/x86_64/openwrt-23.05.5-x86-64.manifest
23.05.5,x86/64,libucode20230711,2024-07-11-1a8a0bcf-3,research-os/data/openwrt-v2-snapshots/releases/23.05.5/x86_64/openwrt-23.05.5-x86-64.manifest
23.05.5,x86/64,libustream-mbedtls20201210,2023-02-25-498f6e26-1,research-os/data/openwrt-v2-snapshots/releases/23.05.5/x86_64/openwrt-23.05.5-x86-64.manifest
23.05.5,x86/64,libuuid1,2.39-2,research-os/data/openwrt-v2-snapshots/releases/23.05.5/x86_64/openwrt-23.05.5-x86-64.manifest
23.05.5,x86/64,logd,2022-08-13-4c7b720b-2,research-os/data/openwrt-v2-snapshots/releases/23.05.5/x86_64/openwrt-23.05.5-x86-64.manifest
23.05.5,x86/64,luci,git-23.051.66410-a505bb1,research-os/data/openwrt-v2-snapshots/releases/23.05.5/x86_64/openwrt-23.05.5-x86-64.manifest
23.05.5,x86/64,luci-app-firewall,git-24.067.01746-69867db,research-os/data/openwrt-v2-snapshots/releases/23.05.5/x86_64/openwrt-23.05.5-x86-64.manifest
23.05.5,x86/64,luci-app-opkg,git-24.148.43905-2891ca4,research-os/data/openwrt-v2-snapshots/releases/23.05.5/x86_64/openwrt-23.05.5-x86-64.manifest
23.05.5,x86/64,luci-base,git-24.264.56413-c7a3562,research-os/data/openwrt-v2-snapshots/releases/23.05.5/x86_64/openwrt-23.05.5-x86-64.manifest
23.05.5,x86/64,luci-light,git-23.024.33244-34dee82,research-os/data/openwrt-v2-snapshots/releases/23.05.5/x86_64/openwrt-23.05.5-x86-64.manifest
23.05.5,x86/64,luci-mod-admin-full,git-19.253.48496-3f93650,research-os/data/openwrt-v2-snapshots/releases/23.05.5/x86_64/openwrt-23.05.5-x86-64.manifest
23.05.5,x86/64,luci-mod-network,git-24.264.56960-63ba3cb,research-os/data/openwrt-v2-snapshots/releases/23.05.5/x86_64/openwrt-23.05.5-x86-64.manifest
23.05.5,x86/64,luci-mod-status,git-24.212.61237-b6da3f2,research-os/data/openwrt-v2-snapshots/releases/23.05.5/x86_64/openwrt-23.05.5-x86-64.manifest
23.05.5,x86/64,luci-mod-system,git-24.067.01860-7a82b2f,research-os/data/openwrt-v2-snapshots/releases/23.05.5/x86_64/openwrt-23.05.5-x86-64.manifest
23.05.5,x86/64,luci-proto-ipv6,git-24.086.45108-51aee90,research-os/data/openwrt-v2-snapshots/releases/23.05.5/x86_64/openwrt-23.05.5-x86-64.manifest
23.05.5,x86/64,luci-proto-ppp,git-24.135.44542-f1ec9c2,research-os/data/openwrt-v2-snapshots/releases/23.05.5/x86_64/openwrt-23.05.5-x86-64.manifest
23.05.5,x86/64,luci-ssl,git-23.035.26083-7550ad6,research-os/data/openwrt-v2-snapshots/releases/23.05.5/x86_64/openwrt-23.05.5-x86-64.manifest
23.05.5,x86/64,luci-theme-bootstrap,git-24.086.46634-1ffe078,research-os/data/openwrt-v2-snapshots/releases/23.05.5/x86_64/openwrt-23.05.5-x86-64.manifest
23.05.5,x86/64,mkf2fs,1.16.0-1,research-os/data/openwrt-v2-snapshots/releases/23.05.5/x86_64/openwrt-23.05.5-x86-64.manifest
23.05.5,x86/64,mtd,26,research-os/data/openwrt-v2-snapshots/releases/23.05.5/x86_64/openwrt-23.05.5-x86-64.manifest
23.05.5,x86/64,netifd,2024-01-04-c18cc79d-2,research-os/data/openwrt-v2-snapshots/releases/23.05.5/x86_64/openwrt-23.05.5-x86-64.manifest
23.05.5,x86/64,nftables-json,1.0.8-1,research-os/data/openwrt-v2-snapshots/releases/23.05.5/x86_64/openwrt-23.05.5-x86-64.manifest
23.05.5,x86/64,odhcp6c,2023-05-12-bcd28363-20,research-os/data/openwrt-v2-snapshots/releases/23.05.5/x86_64/openwrt-23.05.5-x86-64.manifest
23.05.5,x86/64,odhcpd-ipv6only,2023-10-24-d8118f6e-1,research-os/data/openwrt-v2-snapshots/releases/23.05.5/x86_64/openwrt-23.05.5-x86-64.manifest
23.05.5,x86/64,openwrt-keyring,2022-03-25-62471e69-2,research-os/data/openwrt-v2-snapshots/releases/23.05.5/x86_64/openwrt-23.05.5-x86-64.manifest
23.05.5,x86/64,opkg,2022-02-24-d038e5b6-2,research-os/data/openwrt-v2-snapshots/releases/23.05.5/x86_64/openwrt-23.05.5-x86-64.manifest
23.05.5,x86/64,partx-utils,2.39-2,research-os/data/openwrt-v2-snapshots/releases/23.05.5/x86_64/openwrt-23.05.5-x86-64.manifest
23.05.5,x86/64,ppp,2.4.9.git-2021-01-04-4,research-os/data/openwrt-v2-snapshots/releases/23.05.5/x86_64/openwrt-23.05.5-x86-64.manifest
23.05.5,x86/64,ppp-mod-pppoe,2.4.9.git-2021-01-04-4,research-os/data/openwrt-v2-snapshots/releases/23.05.5/x86_64/openwrt-23.05.5-x86-64.manifest
23.05.5,x86/64,procd,2023-06-25-2db83655-2,research-os/data/openwrt-v2-snapshots/releases/23.05.5/x86_64/openwrt-23.05.5-x86-64.manifest
23.05.5,x86/64,procd-seccomp,2023-06-25-2db83655-2,research-os/data/openwrt-v2-snapshots/releases/23.05.5/x86_64/openwrt-23.05.5-x86-64.manifest
23.05.5,x86/64,procd-ujail,2023-06-25-2db83655-2,research-os/data/openwrt-v2-snapshots/releases/23.05.5/x86_64/openwrt-23.05.5-x86-64.manifest
23.05.5,x86/64,px5g-mbedtls,10,research-os/data/openwrt-v2-snapshots/releases/23.05.5/x86_64/openwrt-23.05.5-x86-64.manifest
23.05.5,x86/64,rpcd,2023-07-01-c07ab2f9-1,research-os/data/openwrt-v2-snapshots/releases/23.05.5/x86_64/openwrt-23.05.5-x86-64.manifest
23.05.5,x86/64,rpcd-mod-file,2023-07-01-c07ab2f9-1,research-os/data/openwrt-v2-snapshots/releases/23.05.5/x86_64/openwrt-23.05.5-x86-64.manifest
23.05.5,x86/64,rpcd-mod-iwinfo,2023-07-01-c07ab2f9-1,research-os/data/openwrt-v2-snapshots/releases/23.05.5/x86_64/openwrt-23.05.5-x86-64.manifest
23.05.5,x86/64,rpcd-mod-luci,20240305-1,research-os/data/openwrt-v2-snapshots/releases/23.05.5/x86_64/openwrt-23.05.5-x86-64.manifest
23.05.5,x86/64,rpcd-mod-rrdns,20170710,research-os/data/openwrt-v2-snapshots/releases/23.05.5/x86_64/openwrt-23.05.5-x86-64.manifest
23.05.5,x86/64,rpcd-mod-ucode,2023-07-01-c07ab2f9-1,research-os/data/openwrt-v2-snapshots/releases/23.05.5/x86_64/openwrt-23.05.5-x86-64.manifest
23.05.5,x86/64,ubox,2022-08-13-4c7b720b-2,research-os/data/openwrt-v2-snapshots/releases/23.05.5/x86_64/openwrt-23.05.5-x86-64.manifest
23.05.5,x86/64,ubus,2023-06-05-f787c97b-1,research-os/data/openwrt-v2-snapshots/releases/23.05.5/x86_64/openwrt-23.05.5-x86-64.manifest
23.05.5,x86/64,ubusd,2023-06-05-f787c97b-1,research-os/data/openwrt-v2-snapshots/releases/23.05.5/x86_64/openwrt-23.05.5-x86-64.manifest
23.05.5,x86/64,uci,2023-08-10-5781664d-1,research-os/data/openwrt-v2-snapshots/releases/23.05.5/x86_64/openwrt-23.05.5-x86-64.manifest
23.05.5,x86/64,uclient-fetch,2023-04-13-007d9454-1,research-os/data/openwrt-v2-snapshots/releases/23.05.5/x86_64/openwrt-23.05.5-x86-64.manifest
23.05.5,x86/64,ucode,2024-07-11-1a8a0bcf-3,research-os/data/openwrt-v2-snapshots/releases/23.05.5/x86_64/openwrt-23.05.5-x86-64.manifest
23.05.5,x86/64,ucode-mod-fs,2024-07-11-1a8a0bcf-3,research-os/data/openwrt-v2-snapshots/releases/23.05.5/x86_64/openwrt-23.05.5-x86-64.manifest
23.05.5,x86/64,ucode-mod-html,1,research-os/data/openwrt-v2-snapshots/releases/23.05.5/x86_64/openwrt-23.05.5-x86-64.manifest
23.05.5,x86/64,ucode-mod-math,2024-07-11-1a8a0bcf-3,research-os/data/openwrt-v2-snapshots/releases/23.05.5/x86_64/openwrt-23.05.5-x86-64.manifest
23.05.5,x86/64,ucode-mod-ubus,2024-07-11-1a8a0bcf-3,research-os/data/openwrt-v2-snapshots/releases/23.05.5/x86_64/openwrt-23.05.5-x86-64.manifest
23.05.5,x86/64,ucode-mod-uci,2024-07-11-1a8a0bcf-3,research-os/data/openwrt-v2-snapshots/releases/23.05.5/x86_64/openwrt-23.05.5-x86-64.manifest
23.05.5,x86/64,uhttpd,2023-06-25-34a8a74d-2,research-os/data/openwrt-v2-snapshots/releases/23.05.5/x86_64/openwrt-23.05.5-x86-64.manifest
23.05.5,x86/64,uhttpd-mod-ubus,2023-06-25-34a8a74d-2,research-os/data/openwrt-v2-snapshots/releases/23.05.5/x86_64/openwrt-23.05.5-x86-64.manifest
23.05.5,x86/64,urandom-seed,3,research-os/data/openwrt-v2-snapshots/releases/23.05.5/x86_64/openwrt-23.05.5-x86-64.manifest
23.05.5,x86/64,urngd,2023-11-01-44365eb1-1,research-os/data/openwrt-v2-snapshots/releases/23.05.5/x86_64/openwrt-23.05.5-x86-64.manifest
23.05.5,x86/64,usign,2020-05-23-f1f65026-1,research-os/data/openwrt-v2-snapshots/releases/23.05.5/x86_64/openwrt-23.05.5-x86-64.manifest
23.05.6,ath79/generic,base-files,1564-r24232-539228933c,research-os/data/openwrt-v2-snapshots/releases/23.05.6/ath79_generic/openwrt-23.05.6-ath79-generic.manifest
23.05.6,ath79/generic,busybox,1.36.1-1,research-os/data/openwrt-v2-snapshots/releases/23.05.6/ath79_generic/openwrt-23.05.6-ath79-generic.manifest
23.05.6,ath79/generic,ca-bundle,20241223-1,research-os/data/openwrt-v2-snapshots/releases/23.05.6/ath79_generic/openwrt-23.05.6-ath79-generic.manifest
23.05.6,ath79/generic,cgi-io,2022-08-10-901b0f04-21,research-os/data/openwrt-v2-snapshots/releases/23.05.6/ath79_generic/openwrt-23.05.6-ath79-generic.manifest
23.05.6,ath79/generic,dnsmasq,2.90-2,research-os/data/openwrt-v2-snapshots/releases/23.05.6/ath79_generic/openwrt-23.05.6-ath79-generic.manifest
23.05.6,ath79/generic,dropbear,2022.82-6,research-os/data/openwrt-v2-snapshots/releases/23.05.6/ath79_generic/openwrt-23.05.6-ath79-generic.manifest
23.05.6,ath79/generic,firewall4,2023-09-01-598d9fbb-1,research-os/data/openwrt-v2-snapshots/releases/23.05.6/ath79_generic/openwrt-23.05.6-ath79-generic.manifest
23.05.6,ath79/generic,fstools,2023-02-28-bfe882d5-1,research-os/data/openwrt-v2-snapshots/releases/23.05.6/ath79_generic/openwrt-23.05.6-ath79-generic.manifest
23.05.6,ath79/generic,fwtool,2019-11-12-8f7fe925-1,research-os/data/openwrt-v2-snapshots/releases/23.05.6/ath79_generic/openwrt-23.05.6-ath79-generic.manifest
23.05.6,ath79/generic,getrandom,2022-08-13-4c7b720b-2,research-os/data/openwrt-v2-snapshots/releases/23.05.6/ath79_generic/openwrt-23.05.6-ath79-generic.manifest
23.05.6,ath79/generic,hostapd-common,2023-09-08-e5ccbfc6-8,research-os/data/openwrt-v2-snapshots/releases/23.05.6/ath79_generic/openwrt-23.05.6-ath79-generic.manifest
23.05.6,ath79/generic,iw,5.19-1,research-os/data/openwrt-v2-snapshots/releases/23.05.6/ath79_generic/openwrt-23.05.6-ath79-generic.manifest
23.05.6,ath79/generic,iwinfo,2023-07-01-ca79f641-1,research-os/data/openwrt-v2-snapshots/releases/23.05.6/ath79_generic/openwrt-23.05.6-ath79-generic.manifest
23.05.6,ath79/generic,jansson4,2.14-3,research-os/data/openwrt-v2-snapshots/releases/23.05.6/ath79_generic/openwrt-23.05.6-ath79-generic.manifest
23.05.6,ath79/generic,jshn,2023-05-23-75a3b870-1,research-os/data/openwrt-v2-snapshots/releases/23.05.6/ath79_generic/openwrt-23.05.6-ath79-generic.manifest
23.05.6,ath79/generic,jsonfilter,2025-04-18-8a86fb78-1,research-os/data/openwrt-v2-snapshots/releases/23.05.6/ath79_generic/openwrt-23.05.6-ath79-generic.manifest
23.05.6,ath79/generic,kernel,5.15.189-1-08472e4058c44b683bc720c4c463d58c,research-os/data/openwrt-v2-snapshots/releases/23.05.6/ath79_generic/openwrt-23.05.6-ath79-generic.manifest
23.05.6,ath79/generic,kmod-ath,5.15.189+6.1.145-1-1,research-os/data/openwrt-v2-snapshots/releases/23.05.6/ath79_generic/openwrt-23.05.6-ath79-generic.manifest
23.05.6,ath79/generic,kmod-ath9k,5.15.189+6.1.145-1-1,research-os/data/openwrt-v2-snapshots/releases/23.05.6/ath79_generic/openwrt-23.05.6-ath79-generic.manifest
23.05.6,ath79/generic,kmod-ath9k-common,5.15.189+6.1.145-1-1,research-os/data/openwrt-v2-snapshots/releases/23.05.6/ath79_generic/openwrt-23.05.6-ath79-generic.manifest
23.05.6,ath79/generic,kmod-cfg80211,5.15.189+6.1.145-1-1,research-os/data/openwrt-v2-snapshots/releases/23.05.6/ath79_generic/openwrt-23.05.6-ath79-generic.manifest
23.05.6,ath79/generic,kmod-crypto-acompress,5.15.189-1,research-os/data/openwrt-v2-snapshots/releases/23.05.6/ath79_generic/openwrt-23.05.6-ath79-generic.manifest
23.05.6,ath79/generic,kmod-crypto-aead,5.15.189-1,research-os/data/openwrt-v2-snapshots/releases/23.05.6/ath79_generic/openwrt-23.05.6-ath79-generic.manifest
23.05.6,ath79/generic,kmod-crypto-ccm,5.15.189-1,research-os/data/openwrt-v2-snapshots/releases/23.05.6/ath79_generic/openwrt-23.05.6-ath79-generic.manifest
23.05.6,ath79/generic,kmod-crypto-cmac,5.15.189-1,research-os/data/openwrt-v2-snapshots/releases/23.05.6/ath79_generic/openwrt-23.05.6-ath79-generic.manifest
23.05.6,ath79/generic,kmod-crypto-crc32c,5.15.189-1,research-os/data/openwrt-v2-snapshots/releases/23.05.6/ath79_generic/openwrt-23.05.6-ath79-generic.manifest
23.05.6,ath79/generic,kmod-crypto-ctr,5.15.189-1,research-os/data/openwrt-v2-snapshots/releases/23.05.6/ath79_generic/openwrt-23.05.6-ath79-generic.manifest
23.05.6,ath79/generic,kmod-crypto-gcm,5.15.189-1,research-os/data/openwrt-v2-snapshots/releases/23.05.6/ath79_generic/openwrt-23.05.6-ath79-generic.manifest
23.05.6,ath79/generic,kmod-crypto-gf128,5.15.189-1,research-os/data/openwrt-v2-snapshots/releases/23.05.6/ath79_generic/openwrt-23.05.6-ath79-generic.manifest
23.05.6,ath79/generic,kmod-crypto-ghash,5.15.189-1,research-os/data/openwrt-v2-snapshots/releases/23.05.6/ath79_generic/openwrt-23.05.6-ath79-generic.manifest
23.05.6,ath79/generic,kmod-crypto-hash,5.15.189-1,research-os/data/openwrt-v2-snapshots/releases/23.05.6/ath79_generic/openwrt-23.05.6-ath79-generic.manifest
23.05.6,ath79/generic,kmod-crypto-hmac,5.15.189-1,research-os/data/openwrt-v2-snapshots/releases/23.05.6/ath79_generic/openwrt-23.05.6-ath79-generic.manifest
23.05.6,ath79/generic,kmod-crypto-manager,5.15.189-1,research-os/data/openwrt-v2-snapshots/releases/23.05.6/ath79_generic/openwrt-23.05.6-ath79-generic.manifest
23.05.6,ath79/generic,kmod-crypto-null,5.15.189-1,research-os/data/openwrt-v2-snapshots/releases/23.05.6/ath79_generic/openwrt-23.05.6-ath79-generic.manifest
23.05.6,ath79/generic,kmod-crypto-rng,5.15.189-1,research-os/data/openwrt-v2-snapshots/releases/23.05.6/ath79_generic/openwrt-23.05.6-ath79-generic.manifest
23.05.6,ath79/generic,kmod-crypto-seqiv,5.15.189-1,research-os/data/openwrt-v2-snapshots/releases/23.05.6/ath79_generic/openwrt-23.05.6-ath79-generic.manifest
23.05.6,ath79/generic,kmod-crypto-sha512,5.15.189-1,research-os/data/openwrt-v2-snapshots/releases/23.05.6/ath79_generic/openwrt-23.05.6-ath79-generic.manifest
23.05.6,ath79/generic,kmod-gpio-button-hotplug,5.15.189-3,research-os/data/openwrt-v2-snapshots/releases/23.05.6/ath79_generic/openwrt-23.05.6-ath79-generic.manifest
23.05.6,ath79/generic,kmod-lib-crc-ccitt,5.15.189-1,research-os/data/openwrt-v2-snapshots/releases/23.05.6/ath79_generic/openwrt-23.05.6-ath79-generic.manifest
23.05.6,ath79/generic,kmod-lib-crc32c,5.15.189-1,research-os/data/openwrt-v2-snapshots/releases/23.05.6/ath79_generic/openwrt-23.05.6-ath79-generic.manifest
23.05.6,ath79/generic,kmod-lib-lzo,5.15.189-1,research-os/data/openwrt-v2-snapshots/releases/23.05.6/ath79_generic/openwrt-23.05.6-ath79-generic.manifest
23.05.6,ath79/generic,kmod-mac80211,5.15.189+6.1.145-1-1,research-os/data/openwrt-v2-snapshots/releases/23.05.6/ath79_generic/openwrt-23.05.6-ath79-generic.manifest
23.05.6,ath79/generic,kmod-nf-conntrack,5.15.189-1,research-os/data/openwrt-v2-snapshots/releases/23.05.6/ath79_generic/openwrt-23.05.6-ath79-generic.manifest
23.05.6,ath79/generic,kmod-nf-conntrack6,5.15.189-1,research-os/data/openwrt-v2-snapshots/releases/23.05.6/ath79_generic/openwrt-23.05.6-ath79-generic.manifest
23.05.6,ath79/generic,kmod-nf-flow,5.15.189-1,research-os/data/openwrt-v2-snapshots/releases/23.05.6/ath79_generic/openwrt-23.05.6-ath79-generic.manifest
23.05.6,ath79/generic,kmod-nf-log,5.15.189-1,research-os/data/openwrt-v2-snapshots/releases/23.05.6/ath79_generic/openwrt-23.05.6-ath79-generic.manifest
23.05.6,ath79/generic,kmod-nf-log6,5.15.189-1,research-os/data/openwrt-v2-snapshots/releases/23.05.6/ath79_generic/openwrt-23.05.6-ath79-generic.manifest
23.05.6,ath79/generic,kmod-nf-nat,5.15.189-1,research-os/data/openwrt-v2-snapshots/releases/23.05.6/ath79_generic/openwrt-23.05.6-ath79-generic.manifest
23.05.6,ath79/generic,kmod-nf-reject,5.15.189-1,research-os/data/openwrt-v2-snapshots/releases/23.05.6/ath79_generic/openwrt-23.05.6-ath79-generic.manifest
23.05.6,ath79/generic,kmod-nf-reject6,5.15.189-1,research-os/data/openwrt-v2-snapshots/releases/23.05.6/ath79_generic/openwrt-23.05.6-ath79-generic.manifest
23.05.6,ath79/generic,kmod-nfnetlink,5.15.189-1,research-os/data/openwrt-v2-snapshots/releases/23.05.6/ath79_generic/openwrt-23.05.6-ath79-generic.manifest
23.05.6,ath79/generic,kmod-nft-core,5.15.189-1,research-os/data/openwrt-v2-snapshots/releases/23.05.6/ath79_generic/openwrt-23.05.6-ath79-generic.manifest
23.05.6,ath79/generic,kmod-nft-fib,5.15.189-1,research-os/data/openwrt-v2-snapshots/releases/23.05.6/ath79_generic/openwrt-23.05.6-ath79-generic.manifest
23.05.6,ath79/generic,kmod-nft-nat,5.15.189-1,research-os/data/openwrt-v2-snapshots/releases/23.05.6/ath79_generic/openwrt-23.05.6-ath79-generic.manifest
23.05.6,ath79/generic,kmod-nft-offload,5.15.189-1,research-os/data/openwrt-v2-snapshots/releases/23.05.6/ath79_generic/openwrt-23.05.6-ath79-generic.manifest
23.05.6,ath79/generic,kmod-ppp,5.15.189-1,research-os/data/openwrt-v2-snapshots/releases/23.05.6/ath79_generic/openwrt-23.05.6-ath79-generic.manifest
23.05.6,ath79/generic,kmod-pppoe,5.15.189-1,research-os/data/openwrt-v2-snapshots/releases/23.05.6/ath79_generic/openwrt-23.05.6-ath79-generic.manifest
23.05.6,ath79/generic,kmod-pppox,5.15.189-1,research-os/data/openwrt-v2-snapshots/releases/23.05.6/ath79_generic/openwrt-23.05.6-ath79-generic.manifest
23.05.6,ath79/generic,kmod-random-core,5.15.189-1,research-os/data/openwrt-v2-snapshots/releases/23.05.6/ath79_generic/openwrt-23.05.6-ath79-generic.manifest
23.05.6,ath79/generic,kmod-slhc,5.15.189-1,research-os/data/openwrt-v2-snapshots/releases/23.05.6/ath79_generic/openwrt-23.05.6-ath79-generic.manifest
23.05.6,ath79/generic,libblobmsg-json20230523,2023-05-23-75a3b870-1,research-os/data/openwrt-v2-snapshots/releases/23.05.6/ath79_generic/openwrt-23.05.6-ath79-generic.manifest
23.05.6,ath79/generic,libc,1.2.4-4,research-os/data/openwrt-v2-snapshots/releases/23.05.6/ath79_generic/openwrt-23.05.6-ath79-generic.manifest
23.05.6,ath79/generic,libgcc1,12.3.0-4,research-os/data/openwrt-v2-snapshots/releases/23.05.6/ath79_generic/openwrt-23.05.6-ath79-generic.manifest
23.05.6,ath79/generic,libiwinfo-data,2023-07-01-ca79f641-1,research-os/data/openwrt-v2-snapshots/releases/23.05.6/ath79_generic/openwrt-23.05.6-ath79-generic.manifest
23.05.6,ath79/generic,libiwinfo20230701,2023-07-01-ca79f641-1,research-os/data/openwrt-v2-snapshots/releases/23.05.6/ath79_generic/openwrt-23.05.6-ath79-generic.manifest
23.05.6,ath79/generic,libjson-c5,0.16-3,research-os/data/openwrt-v2-snapshots/releases/23.05.6/ath79_generic/openwrt-23.05.6-ath79-generic.manifest
23.05.6,ath79/generic,libjson-script20230523,2023-05-23-75a3b870-1,research-os/data/openwrt-v2-snapshots/releases/23.05.6/ath79_generic/openwrt-23.05.6-ath79-generic.manifest
23.05.6,ath79/generic,liblucihttp-ucode,2023-03-15-9b5b683f-1,research-os/data/openwrt-v2-snapshots/releases/23.05.6/ath79_generic/openwrt-23.05.6-ath79-generic.manifest
23.05.6,ath79/generic,liblucihttp0,2023-03-15-9b5b683f-1,research-os/data/openwrt-v2-snapshots/releases/23.05.6/ath79_generic/openwrt-23.05.6-ath79-generic.manifest
23.05.6,ath79/generic,libmbedtls12,2.28.10-1,research-os/data/openwrt-v2-snapshots/releases/23.05.6/ath79_generic/openwrt-23.05.6-ath79-generic.manifest
23.05.6,ath79/generic,libmnl0,1.0.5-1,research-os/data/openwrt-v2-snapshots/releases/23.05.6/ath79_generic/openwrt-23.05.6-ath79-generic.manifest
23.05.6,ath79/generic,libnftnl11,1.2.6-1,research-os/data/openwrt-v2-snapshots/releases/23.05.6/ath79_generic/openwrt-23.05.6-ath79-generic.manifest
23.05.6,ath79/generic,libnl-tiny1,2023-07-27-bc92a280-1,research-os/data/openwrt-v2-snapshots/releases/23.05.6/ath79_generic/openwrt-23.05.6-ath79-generic.manifest
23.05.6,ath79/generic,libpthread,1.2.4-4,research-os/data/openwrt-v2-snapshots/releases/23.05.6/ath79_generic/openwrt-23.05.6-ath79-generic.manifest
23.05.6,ath79/generic,libubox20230523,2023-05-23-75a3b870-1,research-os/data/openwrt-v2-snapshots/releases/23.05.6/ath79_generic/openwrt-23.05.6-ath79-generic.manifest
23.05.6,ath79/generic,libubus20230605,2023-06-05-f787c97b-1,research-os/data/openwrt-v2-snapshots/releases/23.05.6/ath79_generic/openwrt-23.05.6-ath79-generic.manifest
23.05.6,ath79/generic,libuci20130104,2023-08-10-5781664d-1,research-os/data/openwrt-v2-snapshots/releases/23.05.6/ath79_generic/openwrt-23.05.6-ath79-generic.manifest
23.05.6,ath79/generic,libuclient20201210,2023-04-13-007d9454-1,research-os/data/openwrt-v2-snapshots/releases/23.05.6/ath79_generic/openwrt-23.05.6-ath79-generic.manifest
23.05.6,ath79/generic,libucode20230711,2024-07-11-1a8a0bcf-3,research-os/data/openwrt-v2-snapshots/releases/23.05.6/ath79_generic/openwrt-23.05.6-ath79-generic.manifest
23.05.6,ath79/generic,libustream-mbedtls20201210,2023-02-25-498f6e26-1,research-os/data/openwrt-v2-snapshots/releases/23.05.6/ath79_generic/openwrt-23.05.6-ath79-generic.manifest
23.05.6,ath79/generic,logd,2022-08-13-4c7b720b-2,research-os/data/openwrt-v2-snapshots/releases/23.05.6/ath79_generic/openwrt-23.05.6-ath79-generic.manifest
23.05.6,ath79/generic,luci,git-25.222.75657-7ce34fe,research-os/data/openwrt-v2-snapshots/releases/23.05.6/ath79_generic/openwrt-23.05.6-ath79-generic.manifest
23.05.6,ath79/generic,luci-app-firewall,git-25.222.75657-7ce34fe,research-os/data/openwrt-v2-snapshots/releases/23.05.6/ath79_generic/openwrt-23.05.6-ath79-generic.manifest
23.05.6,ath79/generic,luci-app-opkg,git-25.222.75657-7ce34fe,research-os/data/openwrt-v2-snapshots/releases/23.05.6/ath79_generic/openwrt-23.05.6-ath79-generic.manifest
23.05.6,ath79/generic,luci-base,git-25.222.75657-7ce34fe,research-os/data/openwrt-v2-snapshots/releases/23.05.6/ath79_generic/openwrt-23.05.6-ath79-generic.manifest
23.05.6,ath79/generic,luci-light,git-25.222.75657-7ce34fe,research-os/data/openwrt-v2-snapshots/releases/23.05.6/ath79_generic/openwrt-23.05.6-ath79-generic.manifest
23.05.6,ath79/generic,luci-mod-admin-full,git-25.222.75657-7ce34fe,research-os/data/openwrt-v2-snapshots/releases/23.05.6/ath79_generic/openwrt-23.05.6-ath79-generic.manifest
23.05.6,ath79/generic,luci-mod-network,git-25.222.75657-7ce34fe,research-os/data/openwrt-v2-snapshots/releases/23.05.6/ath79_generic/openwrt-23.05.6-ath79-generic.manifest
23.05.6,ath79/generic,luci-mod-status,git-25.222.75657-7ce34fe,research-os/data/openwrt-v2-snapshots/releases/23.05.6/ath79_generic/openwrt-23.05.6-ath79-generic.manifest
23.05.6,ath79/generic,luci-mod-system,git-25.222.75657-7ce34fe,research-os/data/openwrt-v2-snapshots/releases/23.05.6/ath79_generic/openwrt-23.05.6-ath79-generic.manifest
23.05.6,ath79/generic,luci-proto-ipv6,git-25.222.75657-7ce34fe,research-os/data/openwrt-v2-snapshots/releases/23.05.6/ath79_generic/openwrt-23.05.6-ath79-generic.manifest
23.05.6,ath79/generic,luci-proto-ppp,git-25.222.75657-7ce34fe,research-os/data/openwrt-v2-snapshots/releases/23.05.6/ath79_generic/openwrt-23.05.6-ath79-generic.manifest
23.05.6,ath79/generic,luci-ssl,git-25.222.75657-7ce34fe,research-os/data/openwrt-v2-snapshots/releases/23.05.6/ath79_generic/openwrt-23.05.6-ath79-generic.manifest
23.05.6,ath79/generic,luci-theme-bootstrap,git-25.222.75657-7ce34fe,research-os/data/openwrt-v2-snapshots/releases/23.05.6/ath79_generic/openwrt-23.05.6-ath79-generic.manifest
23.05.6,ath79/generic,mtd,26,research-os/data/openwrt-v2-snapshots/releases/23.05.6/ath79_generic/openwrt-23.05.6-ath79-generic.manifest
23.05.6,ath79/generic,netifd,2024-01-04-c18cc79d-2,research-os/data/openwrt-v2-snapshots/releases/23.05.6/ath79_generic/openwrt-23.05.6-ath79-generic.manifest
23.05.6,ath79/generic,nftables-json,1.0.8-1,research-os/data/openwrt-v2-snapshots/releases/23.05.6/ath79_generic/openwrt-23.05.6-ath79-generic.manifest
23.05.6,ath79/generic,odhcp6c,2023-05-12-bcd28363-20,research-os/data/openwrt-v2-snapshots/releases/23.05.6/ath79_generic/openwrt-23.05.6-ath79-generic.manifest
23.05.6,ath79/generic,odhcpd-ipv6only,2023-10-24-d8118f6e-1,research-os/data/openwrt-v2-snapshots/releases/23.05.6/ath79_generic/openwrt-23.05.6-ath79-generic.manifest
23.05.6,ath79/generic,openwrt-keyring,2022-03-25-62471e69-2,research-os/data/openwrt-v2-snapshots/releases/23.05.6/ath79_generic/openwrt-23.05.6-ath79-generic.manifest
23.05.6,ath79/generic,opkg,2022-02-24-d038e5b6-2,research-os/data/openwrt-v2-snapshots/releases/23.05.6/ath79_generic/openwrt-23.05.6-ath79-generic.manifest
23.05.6,ath79/generic,ppp,2.4.9.git-2021-01-04-4,research-os/data/openwrt-v2-snapshots/releases/23.05.6/ath79_generic/openwrt-23.05.6-ath79-generic.manifest
23.05.6,ath79/generic,ppp-mod-pppoe,2.4.9.git-2021-01-04-4,research-os/data/openwrt-v2-snapshots/releases/23.05.6/ath79_generic/openwrt-23.05.6-ath79-generic.manifest
23.05.6,ath79/generic,procd,2023-06-25-2db83655-2,research-os/data/openwrt-v2-snapshots/releases/23.05.6/ath79_generic/openwrt-23.05.6-ath79-generic.manifest
23.05.6,ath79/generic,procd-seccomp,2023-06-25-2db83655-2,research-os/data/openwrt-v2-snapshots/releases/23.05.6/ath79_generic/openwrt-23.05.6-ath79-generic.manifest
23.05.6,ath79/generic,procd-ujail,2023-06-25-2db83655-2,research-os/data/openwrt-v2-snapshots/releases/23.05.6/ath79_generic/openwrt-23.05.6-ath79-generic.manifest
23.05.6,ath79/generic,px5g-mbedtls,10,research-os/data/openwrt-v2-snapshots/releases/23.05.6/ath79_generic/openwrt-23.05.6-ath79-generic.manifest
23.05.6,ath79/generic,rpcd,2023-07-01-c07ab2f9-1,research-os/data/openwrt-v2-snapshots/releases/23.05.6/ath79_generic/openwrt-23.05.6-ath79-generic.manifest
23.05.6,ath79/generic,rpcd-mod-file,2023-07-01-c07ab2f9-1,research-os/data/openwrt-v2-snapshots/releases/23.05.6/ath79_generic/openwrt-23.05.6-ath79-generic.manifest
23.05.6,ath79/generic,rpcd-mod-iwinfo,2023-07-01-c07ab2f9-1,research-os/data/openwrt-v2-snapshots/releases/23.05.6/ath79_generic/openwrt-23.05.6-ath79-generic.manifest
23.05.6,ath79/generic,rpcd-mod-luci,20240305-1,research-os/data/openwrt-v2-snapshots/releases/23.05.6/ath79_generic/openwrt-23.05.6-ath79-generic.manifest
23.05.6,ath79/generic,rpcd-mod-rrdns,20170710,research-os/data/openwrt-v2-snapshots/releases/23.05.6/ath79_generic/openwrt-23.05.6-ath79-generic.manifest
23.05.6,ath79/generic,rpcd-mod-ucode,2023-07-01-c07ab2f9-1,research-os/data/openwrt-v2-snapshots/releases/23.05.6/ath79_generic/openwrt-23.05.6-ath79-generic.manifest
23.05.6,ath79/generic,swconfig,12,research-os/data/openwrt-v2-snapshots/releases/23.05.6/ath79_generic/openwrt-23.05.6-ath79-generic.manifest
23.05.6,ath79/generic,uboot-envtools,2023.04-1,research-os/data/openwrt-v2-snapshots/releases/23.05.6/ath79_generic/openwrt-23.05.6-ath79-generic.manifest
23.05.6,ath79/generic,ubox,2022-08-13-4c7b720b-2,research-os/data/openwrt-v2-snapshots/releases/23.05.6/ath79_generic/openwrt-23.05.6-ath79-generic.manifest
23.05.6,ath79/generic,ubus,2023-06-05-f787c97b-1,research-os/data/openwrt-v2-snapshots/releases/23.05.6/ath79_generic/openwrt-23.05.6-ath79-generic.manifest
23.05.6,ath79/generic,ubusd,2023-06-05-f787c97b-1,research-os/data/openwrt-v2-snapshots/releases/23.05.6/ath79_generic/openwrt-23.05.6-ath79-generic.manifest
23.05.6,ath79/generic,uci,2023-08-10-5781664d-1,research-os/data/openwrt-v2-snapshots/releases/23.05.6/ath79_generic/openwrt-23.05.6-ath79-generic.manifest
23.05.6,ath79/generic,uclient-fetch,2023-04-13-007d9454-1,research-os/data/openwrt-v2-snapshots/releases/23.05.6/ath79_generic/openwrt-23.05.6-ath79-generic.manifest
23.05.6,ath79/generic,ucode,2024-07-11-1a8a0bcf-3,research-os/data/openwrt-v2-snapshots/releases/23.05.6/ath79_generic/openwrt-23.05.6-ath79-generic.manifest
23.05.6,ath79/generic,ucode-mod-fs,2024-07-11-1a8a0bcf-3,research-os/data/openwrt-v2-snapshots/releases/23.05.6/ath79_generic/openwrt-23.05.6-ath79-generic.manifest
23.05.6,ath79/generic,ucode-mod-html,1,research-os/data/openwrt-v2-snapshots/releases/23.05.6/ath79_generic/openwrt-23.05.6-ath79-generic.manifest
23.05.6,ath79/generic,ucode-mod-math,2024-07-11-1a8a0bcf-3,research-os/data/openwrt-v2-snapshots/releases/23.05.6/ath79_generic/openwrt-23.05.6-ath79-generic.manifest
23.05.6,ath79/generic,ucode-mod-nl80211,2024-07-11-1a8a0bcf-3,research-os/data/openwrt-v2-snapshots/releases/23.05.6/ath79_generic/openwrt-23.05.6-ath79-generic.manifest
23.05.6,ath79/generic,ucode-mod-rtnl,2024-07-11-1a8a0bcf-3,research-os/data/openwrt-v2-snapshots/releases/23.05.6/ath79_generic/openwrt-23.05.6-ath79-generic.manifest
23.05.6,ath79/generic,ucode-mod-ubus,2024-07-11-1a8a0bcf-3,research-os/data/openwrt-v2-snapshots/releases/23.05.6/ath79_generic/openwrt-23.05.6-ath79-generic.manifest
23.05.6,ath79/generic,ucode-mod-uci,2024-07-11-1a8a0bcf-3,research-os/data/openwrt-v2-snapshots/releases/23.05.6/ath79_generic/openwrt-23.05.6-ath79-generic.manifest
23.05.6,ath79/generic,ucode-mod-uloop,2024-07-11-1a8a0bcf-3,research-os/data/openwrt-v2-snapshots/releases/23.05.6/ath79_generic/openwrt-23.05.6-ath79-generic.manifest
23.05.6,ath79/generic,uhttpd,2023-06-25-34a8a74d-2,research-os/data/openwrt-v2-snapshots/releases/23.05.6/ath79_generic/openwrt-23.05.6-ath79-generic.manifest
23.05.6,ath79/generic,uhttpd-mod-ubus,2023-06-25-34a8a74d-2,research-os/data/openwrt-v2-snapshots/releases/23.05.6/ath79_generic/openwrt-23.05.6-ath79-generic.manifest
23.05.6,ath79/generic,urandom-seed,3,research-os/data/openwrt-v2-snapshots/releases/23.05.6/ath79_generic/openwrt-23.05.6-ath79-generic.manifest
23.05.6,ath79/generic,urngd,2023-11-01-44365eb1-1,research-os/data/openwrt-v2-snapshots/releases/23.05.6/ath79_generic/openwrt-23.05.6-ath79-generic.manifest
23.05.6,ath79/generic,usign,2020-05-23-f1f65026-1,research-os/data/openwrt-v2-snapshots/releases/23.05.6/ath79_generic/openwrt-23.05.6-ath79-generic.manifest
23.05.6,ath79/generic,wireless-regdb,2025.07.10-1,research-os/data/openwrt-v2-snapshots/releases/23.05.6/ath79_generic/openwrt-23.05.6-ath79-generic.manifest
23.05.6,ath79/generic,wpad-basic-mbedtls,2023-09-08-e5ccbfc6-8,research-os/data/openwrt-v2-snapshots/releases/23.05.6/ath79_generic/openwrt-23.05.6-ath79-generic.manifest
23.05.6,x86/64,base-files,1564-r24232-539228933c,research-os/data/openwrt-v2-snapshots/releases/23.05.6/x86_64/openwrt-23.05.6-x86-64.manifest
23.05.6,x86/64,busybox,1.36.1-1,research-os/data/openwrt-v2-snapshots/releases/23.05.6/x86_64/openwrt-23.05.6-x86-64.manifest
23.05.6,x86/64,ca-bundle,20241223-1,research-os/data/openwrt-v2-snapshots/releases/23.05.6/x86_64/openwrt-23.05.6-x86-64.manifest
23.05.6,x86/64,cgi-io,2022-08-10-901b0f04-21,research-os/data/openwrt-v2-snapshots/releases/23.05.6/x86_64/openwrt-23.05.6-x86-64.manifest
23.05.6,x86/64,dnsmasq,2.90-2,research-os/data/openwrt-v2-snapshots/releases/23.05.6/x86_64/openwrt-23.05.6-x86-64.manifest
23.05.6,x86/64,dropbear,2022.82-6,research-os/data/openwrt-v2-snapshots/releases/23.05.6/x86_64/openwrt-23.05.6-x86-64.manifest
23.05.6,x86/64,e2fsprogs,1.47.0-2,research-os/data/openwrt-v2-snapshots/releases/23.05.6/x86_64/openwrt-23.05.6-x86-64.manifest
23.05.6,x86/64,firewall4,2023-09-01-598d9fbb-1,research-os/data/openwrt-v2-snapshots/releases/23.05.6/x86_64/openwrt-23.05.6-x86-64.manifest
23.05.6,x86/64,fstools,2023-02-28-bfe882d5-1,research-os/data/openwrt-v2-snapshots/releases/23.05.6/x86_64/openwrt-23.05.6-x86-64.manifest
23.05.6,x86/64,fwtool,2019-11-12-8f7fe925-1,research-os/data/openwrt-v2-snapshots/releases/23.05.6/x86_64/openwrt-23.05.6-x86-64.manifest
23.05.6,x86/64,getrandom,2022-08-13-4c7b720b-2,research-os/data/openwrt-v2-snapshots/releases/23.05.6/x86_64/openwrt-23.05.6-x86-64.manifest
23.05.6,x86/64,grub2,2.06-5,research-os/data/openwrt-v2-snapshots/releases/23.05.6/x86_64/openwrt-23.05.6-x86-64.manifest
23.05.6,x86/64,grub2-bios-setup,2.06-5,research-os/data/openwrt-v2-snapshots/releases/23.05.6/x86_64/openwrt-23.05.6-x86-64.manifest
23.05.6,x86/64,grub2-efi,2.06-5,research-os/data/openwrt-v2-snapshots/releases/23.05.6/x86_64/openwrt-23.05.6-x86-64.manifest
23.05.6,x86/64,jansson4,2.14-3,research-os/data/openwrt-v2-snapshots/releases/23.05.6/x86_64/openwrt-23.05.6-x86-64.manifest
23.05.6,x86/64,jshn,2023-05-23-75a3b870-1,research-os/data/openwrt-v2-snapshots/releases/23.05.6/x86_64/openwrt-23.05.6-x86-64.manifest
23.05.6,x86/64,jsonfilter,2025-04-18-8a86fb78-1,research-os/data/openwrt-v2-snapshots/releases/23.05.6/x86_64/openwrt-23.05.6-x86-64.manifest
23.05.6,x86/64,kernel,5.15.189-1-2754d960da6d6f582d53be94c2d49b0e,research-os/data/openwrt-v2-snapshots/releases/23.05.6/x86_64/openwrt-23.05.6-x86-64.manifest
23.05.6,x86/64,kmod-button-hotplug,5.15.189-3,research-os/data/openwrt-v2-snapshots/releases/23.05.6/x86_64/openwrt-23.05.6-x86-64.manifest
23.05.6,x86/64,kmod-crypto-acompress,5.15.189-1,research-os/data/openwrt-v2-snapshots/releases/23.05.6/x86_64/openwrt-23.05.6-x86-64.manifest
23.05.6,x86/64,kmod-crypto-crc32c,5.15.189-1,research-os/data/openwrt-v2-snapshots/releases/23.05.6/x86_64/openwrt-23.05.6-x86-64.manifest
23.05.6,x86/64,kmod-crypto-hash,5.15.189-1,research-os/data/openwrt-v2-snapshots/releases/23.05.6/x86_64/openwrt-23.05.6-x86-64.manifest
23.05.6,x86/64,kmod-fs-vfat,5.15.189-1,research-os/data/openwrt-v2-snapshots/releases/23.05.6/x86_64/openwrt-23.05.6-x86-64.manifest
23.05.6,x86/64,kmod-input-core,5.15.189-1,research-os/data/openwrt-v2-snapshots/releases/23.05.6/x86_64/openwrt-23.05.6-x86-64.manifest
23.05.6,x86/64,kmod-lib-crc-ccitt,5.15.189-1,research-os/data/openwrt-v2-snapshots/releases/23.05.6/x86_64/openwrt-23.05.6-x86-64.manifest
23.05.6,x86/64,kmod-lib-crc32c,5.15.189-1,research-os/data/openwrt-v2-snapshots/releases/23.05.6/x86_64/openwrt-23.05.6-x86-64.manifest
23.05.6,x86/64,kmod-lib-lzo,5.15.189-1,research-os/data/openwrt-v2-snapshots/releases/23.05.6/x86_64/openwrt-23.05.6-x86-64.manifest
23.05.6,x86/64,kmod-nf-conntrack,5.15.189-1,research-os/data/openwrt-v2-snapshots/releases/23.05.6/x86_64/openwrt-23.05.6-x86-64.manifest
23.05.6,x86/64,kmod-nf-conntrack6,5.15.189-1,research-os/data/openwrt-v2-snapshots/releases/23.05.6/x86_64/openwrt-23.05.6-x86-64.manifest
23.05.6,x86/64,kmod-nf-flow,5.15.189-1,research-os/data/openwrt-v2-snapshots/releases/23.05.6/x86_64/openwrt-23.05.6-x86-64.manifest
23.05.6,x86/64,kmod-nf-log,5.15.189-1,research-os/data/openwrt-v2-snapshots/releases/23.05.6/x86_64/openwrt-23.05.6-x86-64.manifest
23.05.6,x86/64,kmod-nf-log6,5.15.189-1,research-os/data/openwrt-v2-snapshots/releases/23.05.6/x86_64/openwrt-23.05.6-x86-64.manifest
23.05.6,x86/64,kmod-nf-nat,5.15.189-1,research-os/data/openwrt-v2-snapshots/releases/23.05.6/x86_64/openwrt-23.05.6-x86-64.manifest
23.05.6,x86/64,kmod-nf-reject,5.15.189-1,research-os/data/openwrt-v2-snapshots/releases/23.05.6/x86_64/openwrt-23.05.6-x86-64.manifest
23.05.6,x86/64,kmod-nf-reject6,5.15.189-1,research-os/data/openwrt-v2-snapshots/releases/23.05.6/x86_64/openwrt-23.05.6-x86-64.manifest
23.05.6,x86/64,kmod-nfnetlink,5.15.189-1,research-os/data/openwrt-v2-snapshots/releases/23.05.6/x86_64/openwrt-23.05.6-x86-64.manifest
23.05.6,x86/64,kmod-nft-core,5.15.189-1,research-os/data/openwrt-v2-snapshots/releases/23.05.6/x86_64/openwrt-23.05.6-x86-64.manifest
23.05.6,x86/64,kmod-nft-fib,5.15.189-1,research-os/data/openwrt-v2-snapshots/releases/23.05.6/x86_64/openwrt-23.05.6-x86-64.manifest
23.05.6,x86/64,kmod-nft-nat,5.15.189-1,research-os/data/openwrt-v2-snapshots/releases/23.05.6/x86_64/openwrt-23.05.6-x86-64.manifest
23.05.6,x86/64,kmod-nft-offload,5.15.189-1,research-os/data/openwrt-v2-snapshots/releases/23.05.6/x86_64/openwrt-23.05.6-x86-64.manifest
23.05.6,x86/64,kmod-nls-base,5.15.189-1,research-os/data/openwrt-v2-snapshots/releases/23.05.6/x86_64/openwrt-23.05.6-x86-64.manifest
23.05.6,x86/64,kmod-nls-cp437,5.15.189-1,research-os/data/openwrt-v2-snapshots/releases/23.05.6/x86_64/openwrt-23.05.6-x86-64.manifest
23.05.6,x86/64,kmod-nls-iso8859-1,5.15.189-1,research-os/data/openwrt-v2-snapshots/releases/23.05.6/x86_64/openwrt-23.05.6-x86-64.manifest
23.05.6,x86/64,kmod-nls-utf8,5.15.189-1,research-os/data/openwrt-v2-snapshots/releases/23.05.6/x86_64/openwrt-23.05.6-x86-64.manifest
23.05.6,x86/64,kmod-ppp,5.15.189-1,research-os/data/openwrt-v2-snapshots/releases/23.05.6/x86_64/openwrt-23.05.6-x86-64.manifest
23.05.6,x86/64,kmod-pppoe,5.15.189-1,research-os/data/openwrt-v2-snapshots/releases/23.05.6/x86_64/openwrt-23.05.6-x86-64.manifest
23.05.6,x86/64,kmod-pppox,5.15.189-1,research-os/data/openwrt-v2-snapshots/releases/23.05.6/x86_64/openwrt-23.05.6-x86-64.manifest
23.05.6,x86/64,kmod-slhc,5.15.189-1,research-os/data/openwrt-v2-snapshots/releases/23.05.6/x86_64/openwrt-23.05.6-x86-64.manifest
23.05.6,x86/64,libblkid1,2.39-2,research-os/data/openwrt-v2-snapshots/releases/23.05.6/x86_64/openwrt-23.05.6-x86-64.manifest
23.05.6,x86/64,libblobmsg-json20230523,2023-05-23-75a3b870-1,research-os/data/openwrt-v2-snapshots/releases/23.05.6/x86_64/openwrt-23.05.6-x86-64.manifest
23.05.6,x86/64,libc,1.2.4-4,research-os/data/openwrt-v2-snapshots/releases/23.05.6/x86_64/openwrt-23.05.6-x86-64.manifest
23.05.6,x86/64,libcomerr0,1.47.0-2,research-os/data/openwrt-v2-snapshots/releases/23.05.6/x86_64/openwrt-23.05.6-x86-64.manifest
23.05.6,x86/64,libext2fs2,1.47.0-2,research-os/data/openwrt-v2-snapshots/releases/23.05.6/x86_64/openwrt-23.05.6-x86-64.manifest
23.05.6,x86/64,libf2fs6,1.16.0-1,research-os/data/openwrt-v2-snapshots/releases/23.05.6/x86_64/openwrt-23.05.6-x86-64.manifest
23.05.6,x86/64,libgcc1,12.3.0-4,research-os/data/openwrt-v2-snapshots/releases/23.05.6/x86_64/openwrt-23.05.6-x86-64.manifest
23.05.6,x86/64,libiwinfo-data,2023-07-01-ca79f641-1,research-os/data/openwrt-v2-snapshots/releases/23.05.6/x86_64/openwrt-23.05.6-x86-64.manifest
23.05.6,x86/64,libiwinfo20230701,2023-07-01-ca79f641-1,research-os/data/openwrt-v2-snapshots/releases/23.05.6/x86_64/openwrt-23.05.6-x86-64.manifest
23.05.6,x86/64,libjson-c5,0.16-3,research-os/data/openwrt-v2-snapshots/releases/23.05.6/x86_64/openwrt-23.05.6-x86-64.manifest
23.05.6,x86/64,libjson-script20230523,2023-05-23-75a3b870-1,research-os/data/openwrt-v2-snapshots/releases/23.05.6/x86_64/openwrt-23.05.6-x86-64.manifest
23.05.6,x86/64,liblucihttp-ucode,2023-03-15-9b5b683f-1,research-os/data/openwrt-v2-snapshots/releases/23.05.6/x86_64/openwrt-23.05.6-x86-64.manifest
23.05.6,x86/64,liblucihttp0,2023-03-15-9b5b683f-1,research-os/data/openwrt-v2-snapshots/releases/23.05.6/x86_64/openwrt-23.05.6-x86-64.manifest
23.05.6,x86/64,libmbedtls12,2.28.10-1,research-os/data/openwrt-v2-snapshots/releases/23.05.6/x86_64/openwrt-23.05.6-x86-64.manifest
23.05.6,x86/64,libmnl0,1.0.5-1,research-os/data/openwrt-v2-snapshots/releases/23.05.6/x86_64/openwrt-23.05.6-x86-64.manifest
23.05.6,x86/64,libnftnl11,1.2.6-1,research-os/data/openwrt-v2-snapshots/releases/23.05.6/x86_64/openwrt-23.05.6-x86-64.manifest
23.05.6,x86/64,libnl-tiny1,2023-07-27-bc92a280-1,research-os/data/openwrt-v2-snapshots/releases/23.05.6/x86_64/openwrt-23.05.6-x86-64.manifest
23.05.6,x86/64,libpthread,1.2.4-4,research-os/data/openwrt-v2-snapshots/releases/23.05.6/x86_64/openwrt-23.05.6-x86-64.manifest
23.05.6,x86/64,librt,1.2.4-4,research-os/data/openwrt-v2-snapshots/releases/23.05.6/x86_64/openwrt-23.05.6-x86-64.manifest
23.05.6,x86/64,libsmartcols1,2.39-2,research-os/data/openwrt-v2-snapshots/releases/23.05.6/x86_64/openwrt-23.05.6-x86-64.manifest
23.05.6,x86/64,libss2,1.47.0-2,research-os/data/openwrt-v2-snapshots/releases/23.05.6/x86_64/openwrt-23.05.6-x86-64.manifest
23.05.6,x86/64,libubox20230523,2023-05-23-75a3b870-1,research-os/data/openwrt-v2-snapshots/releases/23.05.6/x86_64/openwrt-23.05.6-x86-64.manifest
23.05.6,x86/64,libubus20230605,2023-06-05-f787c97b-1,research-os/data/openwrt-v2-snapshots/releases/23.05.6/x86_64/openwrt-23.05.6-x86-64.manifest
23.05.6,x86/64,libuci20130104,2023-08-10-5781664d-1,research-os/data/openwrt-v2-snapshots/releases/23.05.6/x86_64/openwrt-23.05.6-x86-64.manifest
23.05.6,x86/64,libuclient20201210,2023-04-13-007d9454-1,research-os/data/openwrt-v2-snapshots/releases/23.05.6/x86_64/openwrt-23.05.6-x86-64.manifest
23.05.6,x86/64,libucode20230711,2024-07-11-1a8a0bcf-3,research-os/data/openwrt-v2-snapshots/releases/23.05.6/x86_64/openwrt-23.05.6-x86-64.manifest
23.05.6,x86/64,libustream-mbedtls20201210,2023-02-25-498f6e26-1,research-os/data/openwrt-v2-snapshots/releases/23.05.6/x86_64/openwrt-23.05.6-x86-64.manifest
23.05.6,x86/64,libuuid1,2.39-2,research-os/data/openwrt-v2-snapshots/releases/23.05.6/x86_64/openwrt-23.05.6-x86-64.manifest
23.05.6,x86/64,logd,2022-08-13-4c7b720b-2,research-os/data/openwrt-v2-snapshots/releases/23.05.6/x86_64/openwrt-23.05.6-x86-64.manifest
23.05.6,x86/64,luci,git-25.222.75657-7ce34fe,research-os/data/openwrt-v2-snapshots/releases/23.05.6/x86_64/openwrt-23.05.6-x86-64.manifest
23.05.6,x86/64,luci-app-firewall,git-25.222.75657-7ce34fe,research-os/data/openwrt-v2-snapshots/releases/23.05.6/x86_64/openwrt-23.05.6-x86-64.manifest
23.05.6,x86/64,luci-app-opkg,git-25.222.75657-7ce34fe,research-os/data/openwrt-v2-snapshots/releases/23.05.6/x86_64/openwrt-23.05.6-x86-64.manifest
23.05.6,x86/64,luci-base,git-25.222.75657-7ce34fe,research-os/data/openwrt-v2-snapshots/releases/23.05.6/x86_64/openwrt-23.05.6-x86-64.manifest
23.05.6,x86/64,luci-light,git-25.222.75657-7ce34fe,research-os/data/openwrt-v2-snapshots/releases/23.05.6/x86_64/openwrt-23.05.6-x86-64.manifest
23.05.6,x86/64,luci-mod-admin-full,git-25.222.75657-7ce34fe,research-os/data/openwrt-v2-snapshots/releases/23.05.6/x86_64/openwrt-23.05.6-x86-64.manifest
23.05.6,x86/64,luci-mod-network,git-25.222.75657-7ce34fe,research-os/data/openwrt-v2-snapshots/releases/23.05.6/x86_64/openwrt-23.05.6-x86-64.manifest
23.05.6,x86/64,luci-mod-status,git-25.222.75657-7ce34fe,research-os/data/openwrt-v2-snapshots/releases/23.05.6/x86_64/openwrt-23.05.6-x86-64.manifest
23.05.6,x86/64,luci-mod-system,git-25.222.75657-7ce34fe,research-os/data/openwrt-v2-snapshots/releases/23.05.6/x86_64/openwrt-23.05.6-x86-64.manifest
23.05.6,x86/64,luci-proto-ipv6,git-25.222.75657-7ce34fe,research-os/data/openwrt-v2-snapshots/releases/23.05.6/x86_64/openwrt-23.05.6-x86-64.manifest
23.05.6,x86/64,luci-proto-ppp,git-25.222.75657-7ce34fe,research-os/data/openwrt-v2-snapshots/releases/23.05.6/x86_64/openwrt-23.05.6-x86-64.manifest
23.05.6,x86/64,luci-ssl,git-25.222.75657-7ce34fe,research-os/data/openwrt-v2-snapshots/releases/23.05.6/x86_64/openwrt-23.05.6-x86-64.manifest
23.05.6,x86/64,luci-theme-bootstrap,git-25.222.75657-7ce34fe,research-os/data/openwrt-v2-snapshots/releases/23.05.6/x86_64/openwrt-23.05.6-x86-64.manifest
23.05.6,x86/64,mkf2fs,1.16.0-1,research-os/data/openwrt-v2-snapshots/releases/23.05.6/x86_64/openwrt-23.05.6-x86-64.manifest
23.05.6,x86/64,mtd,26,research-os/data/openwrt-v2-snapshots/releases/23.05.6/x86_64/openwrt-23.05.6-x86-64.manifest
23.05.6,x86/64,netifd,2024-01-04-c18cc79d-2,research-os/data/openwrt-v2-snapshots/releases/23.05.6/x86_64/openwrt-23.05.6-x86-64.manifest
23.05.6,x86/64,nftables-json,1.0.8-1,research-os/data/openwrt-v2-snapshots/releases/23.05.6/x86_64/openwrt-23.05.6-x86-64.manifest
23.05.6,x86/64,odhcp6c,2023-05-12-bcd28363-20,research-os/data/openwrt-v2-snapshots/releases/23.05.6/x86_64/openwrt-23.05.6-x86-64.manifest
23.05.6,x86/64,odhcpd-ipv6only,2023-10-24-d8118f6e-1,research-os/data/openwrt-v2-snapshots/releases/23.05.6/x86_64/openwrt-23.05.6-x86-64.manifest
23.05.6,x86/64,openwrt-keyring,2022-03-25-62471e69-2,research-os/data/openwrt-v2-snapshots/releases/23.05.6/x86_64/openwrt-23.05.6-x86-64.manifest
23.05.6,x86/64,opkg,2022-02-24-d038e5b6-2,research-os/data/openwrt-v2-snapshots/releases/23.05.6/x86_64/openwrt-23.05.6-x86-64.manifest
23.05.6,x86/64,partx-utils,2.39-2,research-os/data/openwrt-v2-snapshots/releases/23.05.6/x86_64/openwrt-23.05.6-x86-64.manifest
23.05.6,x86/64,ppp,2.4.9.git-2021-01-04-4,research-os/data/openwrt-v2-snapshots/releases/23.05.6/x86_64/openwrt-23.05.6-x86-64.manifest
23.05.6,x86/64,ppp-mod-pppoe,2.4.9.git-2021-01-04-4,research-os/data/openwrt-v2-snapshots/releases/23.05.6/x86_64/openwrt-23.05.6-x86-64.manifest
23.05.6,x86/64,procd,2023-06-25-2db83655-2,research-os/data/openwrt-v2-snapshots/releases/23.05.6/x86_64/openwrt-23.05.6-x86-64.manifest
23.05.6,x86/64,procd-seccomp,2023-06-25-2db83655-2,research-os/data/openwrt-v2-snapshots/releases/23.05.6/x86_64/openwrt-23.05.6-x86-64.manifest
23.05.6,x86/64,procd-ujail,2023-06-25-2db83655-2,research-os/data/openwrt-v2-snapshots/releases/23.05.6/x86_64/openwrt-23.05.6-x86-64.manifest
23.05.6,x86/64,px5g-mbedtls,10,research-os/data/openwrt-v2-snapshots/releases/23.05.6/x86_64/openwrt-23.05.6-x86-64.manifest
23.05.6,x86/64,rpcd,2023-07-01-c07ab2f9-1,research-os/data/openwrt-v2-snapshots/releases/23.05.6/x86_64/openwrt-23.05.6-x86-64.manifest
23.05.6,x86/64,rpcd-mod-file,2023-07-01-c07ab2f9-1,research-os/data/openwrt-v2-snapshots/releases/23.05.6/x86_64/openwrt-23.05.6-x86-64.manifest
23.05.6,x86/64,rpcd-mod-iwinfo,2023-07-01-c07ab2f9-1,research-os/data/openwrt-v2-snapshots/releases/23.05.6/x86_64/openwrt-23.05.6-x86-64.manifest
23.05.6,x86/64,rpcd-mod-luci,20240305-1,research-os/data/openwrt-v2-snapshots/releases/23.05.6/x86_64/openwrt-23.05.6-x86-64.manifest
23.05.6,x86/64,rpcd-mod-rrdns,20170710,research-os/data/openwrt-v2-snapshots/releases/23.05.6/x86_64/openwrt-23.05.6-x86-64.manifest
23.05.6,x86/64,rpcd-mod-ucode,2023-07-01-c07ab2f9-1,research-os/data/openwrt-v2-snapshots/releases/23.05.6/x86_64/openwrt-23.05.6-x86-64.manifest
23.05.6,x86/64,ubox,2022-08-13-4c7b720b-2,research-os/data/openwrt-v2-snapshots/releases/23.05.6/x86_64/openwrt-23.05.6-x86-64.manifest
23.05.6,x86/64,ubus,2023-06-05-f787c97b-1,research-os/data/openwrt-v2-snapshots/releases/23.05.6/x86_64/openwrt-23.05.6-x86-64.manifest
23.05.6,x86/64,ubusd,2023-06-05-f787c97b-1,research-os/data/openwrt-v2-snapshots/releases/23.05.6/x86_64/openwrt-23.05.6-x86-64.manifest
23.05.6,x86/64,uci,2023-08-10-5781664d-1,research-os/data/openwrt-v2-snapshots/releases/23.05.6/x86_64/openwrt-23.05.6-x86-64.manifest
23.05.6,x86/64,uclient-fetch,2023-04-13-007d9454-1,research-os/data/openwrt-v2-snapshots/releases/23.05.6/x86_64/openwrt-23.05.6-x86-64.manifest
23.05.6,x86/64,ucode,2024-07-11-1a8a0bcf-3,research-os/data/openwrt-v2-snapshots/releases/23.05.6/x86_64/openwrt-23.05.6-x86-64.manifest
23.05.6,x86/64,ucode-mod-fs,2024-07-11-1a8a0bcf-3,research-os/data/openwrt-v2-snapshots/releases/23.05.6/x86_64/openwrt-23.05.6-x86-64.manifest
23.05.6,x86/64,ucode-mod-html,1,research-os/data/openwrt-v2-snapshots/releases/23.05.6/x86_64/openwrt-23.05.6-x86-64.manifest
23.05.6,x86/64,ucode-mod-math,2024-07-11-1a8a0bcf-3,research-os/data/openwrt-v2-snapshots/releases/23.05.6/x86_64/openwrt-23.05.6-x86-64.manifest
23.05.6,x86/64,ucode-mod-ubus,2024-07-11-1a8a0bcf-3,research-os/data/openwrt-v2-snapshots/releases/23.05.6/x86_64/openwrt-23.05.6-x86-64.manifest
23.05.6,x86/64,ucode-mod-uci,2024-07-11-1a8a0bcf-3,research-os/data/openwrt-v2-snapshots/releases/23.05.6/x86_64/openwrt-23.05.6-x86-64.manifest
23.05.6,x86/64,uhttpd,2023-06-25-34a8a74d-2,research-os/data/openwrt-v2-snapshots/releases/23.05.6/x86_64/openwrt-23.05.6-x86-64.manifest
23.05.6,x86/64,uhttpd-mod-ubus,2023-06-25-34a8a74d-2,research-os/data/openwrt-v2-snapshots/releases/23.05.6/x86_64/openwrt-23.05.6-x86-64.manifest
23.05.6,x86/64,urandom-seed,3,research-os/data/openwrt-v2-snapshots/releases/23.05.6/x86_64/openwrt-23.05.6-x86-64.manifest
23.05.6,x86/64,urngd,2023-11-01-44365eb1-1,research-os/data/openwrt-v2-snapshots/releases/23.05.6/x86_64/openwrt-23.05.6-x86-64.manifest
23.05.6,x86/64,usign,2020-05-23-f1f65026-1,research-os/data/openwrt-v2-snapshots/releases/23.05.6/x86_64/openwrt-23.05.6-x86-64.manifest
24.10.0,ath79/generic,base-files,1655~6df0e3d02a,research-os/data/openwrt-v2-snapshots/releases/24.10.0/ath79_generic/openwrt-24.10.0-ath79-generic.manifest
24.10.0,ath79/generic,busybox,1.36.1-r2,research-os/data/openwrt-v2-snapshots/releases/24.10.0/ath79_generic/openwrt-24.10.0-ath79-generic.manifest
24.10.0,ath79/generic,ca-bundle,20240203-r1,research-os/data/openwrt-v2-snapshots/releases/24.10.0/ath79_generic/openwrt-24.10.0-ath79-generic.manifest
24.10.0,ath79/generic,cgi-io,2022.08.10~901b0f04-r21,research-os/data/openwrt-v2-snapshots/releases/24.10.0/ath79_generic/openwrt-24.10.0-ath79-generic.manifest
24.10.0,ath79/generic,dnsmasq,2.90-r4,research-os/data/openwrt-v2-snapshots/releases/24.10.0/ath79_generic/openwrt-24.10.0-ath79-generic.manifest
24.10.0,ath79/generic,dropbear,2024.86-r1,research-os/data/openwrt-v2-snapshots/releases/24.10.0/ath79_generic/openwrt-24.10.0-ath79-generic.manifest
24.10.0,ath79/generic,firewall4,2024.12.18~18fc0ead-r1,research-os/data/openwrt-v2-snapshots/releases/24.10.0/ath79_generic/openwrt-24.10.0-ath79-generic.manifest
24.10.0,ath79/generic,fstools,2024.07.14~408c2cc4-r1,research-os/data/openwrt-v2-snapshots/releases/24.10.0/ath79_generic/openwrt-24.10.0-ath79-generic.manifest
24.10.0,ath79/generic,fwtool,2019.11.12~8f7fe925-r1,research-os/data/openwrt-v2-snapshots/releases/24.10.0/ath79_generic/openwrt-24.10.0-ath79-generic.manifest
24.10.0,ath79/generic,getrandom,2024.04.26~85f10530-r1,research-os/data/openwrt-v2-snapshots/releases/24.10.0/ath79_generic/openwrt-24.10.0-ath79-generic.manifest
24.10.0,ath79/generic,hostapd-common,2024.09.15~5ace39b0-r2,research-os/data/openwrt-v2-snapshots/releases/24.10.0/ath79_generic/openwrt-24.10.0-ath79-generic.manifest
24.10.0,ath79/generic,iw,6.9-r1,research-os/data/openwrt-v2-snapshots/releases/24.10.0/ath79_generic/openwrt-24.10.0-ath79-generic.manifest
24.10.0,ath79/generic,iwinfo,2024.10.20~b94f066e-r1,research-os/data/openwrt-v2-snapshots/releases/24.10.0/ath79_generic/openwrt-24.10.0-ath79-generic.manifest
24.10.0,ath79/generic,jansson4,2.14-r3,research-os/data/openwrt-v2-snapshots/releases/24.10.0/ath79_generic/openwrt-24.10.0-ath79-generic.manifest
24.10.0,ath79/generic,jshn,2024.03.29~eb9bcb64-r1,research-os/data/openwrt-v2-snapshots/releases/24.10.0/ath79_generic/openwrt-24.10.0-ath79-generic.manifest
24.10.0,ath79/generic,jsonfilter,2024.01.23~594cfa86-r1,research-os/data/openwrt-v2-snapshots/releases/24.10.0/ath79_generic/openwrt-24.10.0-ath79-generic.manifest
24.10.0,ath79/generic,kernel,6.6.73~c2bc166c1ba350209562f87ffdd33884-r1,research-os/data/openwrt-v2-snapshots/releases/24.10.0/ath79_generic/openwrt-24.10.0-ath79-generic.manifest
24.10.0,ath79/generic,kmod-ath,6.6.73.6.12.6-r1,research-os/data/openwrt-v2-snapshots/releases/24.10.0/ath79_generic/openwrt-24.10.0-ath79-generic.manifest
24.10.0,ath79/generic,kmod-ath9k,6.6.73.6.12.6-r1,research-os/data/openwrt-v2-snapshots/releases/24.10.0/ath79_generic/openwrt-24.10.0-ath79-generic.manifest
24.10.0,ath79/generic,kmod-ath9k-common,6.6.73.6.12.6-r1,research-os/data/openwrt-v2-snapshots/releases/24.10.0/ath79_generic/openwrt-24.10.0-ath79-generic.manifest
24.10.0,ath79/generic,kmod-cfg80211,6.6.73.6.12.6-r1,research-os/data/openwrt-v2-snapshots/releases/24.10.0/ath79_generic/openwrt-24.10.0-ath79-generic.manifest
24.10.0,ath79/generic,kmod-crypto-acompress,6.6.73-r1,research-os/data/openwrt-v2-snapshots/releases/24.10.0/ath79_generic/openwrt-24.10.0-ath79-generic.manifest
24.10.0,ath79/generic,kmod-crypto-aead,6.6.73-r1,research-os/data/openwrt-v2-snapshots/releases/24.10.0/ath79_generic/openwrt-24.10.0-ath79-generic.manifest
24.10.0,ath79/generic,kmod-crypto-ccm,6.6.73-r1,research-os/data/openwrt-v2-snapshots/releases/24.10.0/ath79_generic/openwrt-24.10.0-ath79-generic.manifest
24.10.0,ath79/generic,kmod-crypto-cmac,6.6.73-r1,research-os/data/openwrt-v2-snapshots/releases/24.10.0/ath79_generic/openwrt-24.10.0-ath79-generic.manifest
24.10.0,ath79/generic,kmod-crypto-crc32c,6.6.73-r1,research-os/data/openwrt-v2-snapshots/releases/24.10.0/ath79_generic/openwrt-24.10.0-ath79-generic.manifest
24.10.0,ath79/generic,kmod-crypto-ctr,6.6.73-r1,research-os/data/openwrt-v2-snapshots/releases/24.10.0/ath79_generic/openwrt-24.10.0-ath79-generic.manifest
24.10.0,ath79/generic,kmod-crypto-gcm,6.6.73-r1,research-os/data/openwrt-v2-snapshots/releases/24.10.0/ath79_generic/openwrt-24.10.0-ath79-generic.manifest
24.10.0,ath79/generic,kmod-crypto-geniv,6.6.73-r1,research-os/data/openwrt-v2-snapshots/releases/24.10.0/ath79_generic/openwrt-24.10.0-ath79-generic.manifest
24.10.0,ath79/generic,kmod-crypto-gf128,6.6.73-r1,research-os/data/openwrt-v2-snapshots/releases/24.10.0/ath79_generic/openwrt-24.10.0-ath79-generic.manifest
24.10.0,ath79/generic,kmod-crypto-ghash,6.6.73-r1,research-os/data/openwrt-v2-snapshots/releases/24.10.0/ath79_generic/openwrt-24.10.0-ath79-generic.manifest
24.10.0,ath79/generic,kmod-crypto-hash,6.6.73-r1,research-os/data/openwrt-v2-snapshots/releases/24.10.0/ath79_generic/openwrt-24.10.0-ath79-generic.manifest
24.10.0,ath79/generic,kmod-crypto-hmac,6.6.73-r1,research-os/data/openwrt-v2-snapshots/releases/24.10.0/ath79_generic/openwrt-24.10.0-ath79-generic.manifest
24.10.0,ath79/generic,kmod-crypto-manager,6.6.73-r1,research-os/data/openwrt-v2-snapshots/releases/24.10.0/ath79_generic/openwrt-24.10.0-ath79-generic.manifest
24.10.0,ath79/generic,kmod-crypto-null,6.6.73-r1,research-os/data/openwrt-v2-snapshots/releases/24.10.0/ath79_generic/openwrt-24.10.0-ath79-generic.manifest
24.10.0,ath79/generic,kmod-crypto-rng,6.6.73-r1,research-os/data/openwrt-v2-snapshots/releases/24.10.0/ath79_generic/openwrt-24.10.0-ath79-generic.manifest
24.10.0,ath79/generic,kmod-crypto-seqiv,6.6.73-r1,research-os/data/openwrt-v2-snapshots/releases/24.10.0/ath79_generic/openwrt-24.10.0-ath79-generic.manifest
24.10.0,ath79/generic,kmod-crypto-sha3,6.6.73-r1,research-os/data/openwrt-v2-snapshots/releases/24.10.0/ath79_generic/openwrt-24.10.0-ath79-generic.manifest
24.10.0,ath79/generic,kmod-crypto-sha512,6.6.73-r1,research-os/data/openwrt-v2-snapshots/releases/24.10.0/ath79_generic/openwrt-24.10.0-ath79-generic.manifest
24.10.0,ath79/generic,kmod-gpio-button-hotplug,6.6.73-r5,research-os/data/openwrt-v2-snapshots/releases/24.10.0/ath79_generic/openwrt-24.10.0-ath79-generic.manifest
24.10.0,ath79/generic,kmod-lib-crc-ccitt,6.6.73-r1,research-os/data/openwrt-v2-snapshots/releases/24.10.0/ath79_generic/openwrt-24.10.0-ath79-generic.manifest
24.10.0,ath79/generic,kmod-lib-crc32c,6.6.73-r1,research-os/data/openwrt-v2-snapshots/releases/24.10.0/ath79_generic/openwrt-24.10.0-ath79-generic.manifest
24.10.0,ath79/generic,kmod-lib-lzo,6.6.73-r1,research-os/data/openwrt-v2-snapshots/releases/24.10.0/ath79_generic/openwrt-24.10.0-ath79-generic.manifest
24.10.0,ath79/generic,kmod-mac80211,6.6.73.6.12.6-r1,research-os/data/openwrt-v2-snapshots/releases/24.10.0/ath79_generic/openwrt-24.10.0-ath79-generic.manifest
24.10.0,ath79/generic,kmod-nf-conntrack,6.6.73-r1,research-os/data/openwrt-v2-snapshots/releases/24.10.0/ath79_generic/openwrt-24.10.0-ath79-generic.manifest
24.10.0,ath79/generic,kmod-nf-conntrack6,6.6.73-r1,research-os/data/openwrt-v2-snapshots/releases/24.10.0/ath79_generic/openwrt-24.10.0-ath79-generic.manifest
24.10.0,ath79/generic,kmod-nf-flow,6.6.73-r1,research-os/data/openwrt-v2-snapshots/releases/24.10.0/ath79_generic/openwrt-24.10.0-ath79-generic.manifest
24.10.0,ath79/generic,kmod-nf-log,6.6.73-r1,research-os/data/openwrt-v2-snapshots/releases/24.10.0/ath79_generic/openwrt-24.10.0-ath79-generic.manifest
24.10.0,ath79/generic,kmod-nf-log6,6.6.73-r1,research-os/data/openwrt-v2-snapshots/releases/24.10.0/ath79_generic/openwrt-24.10.0-ath79-generic.manifest
24.10.0,ath79/generic,kmod-nf-nat,6.6.73-r1,research-os/data/openwrt-v2-snapshots/releases/24.10.0/ath79_generic/openwrt-24.10.0-ath79-generic.manifest
24.10.0,ath79/generic,kmod-nf-reject,6.6.73-r1,research-os/data/openwrt-v2-snapshots/releases/24.10.0/ath79_generic/openwrt-24.10.0-ath79-generic.manifest
24.10.0,ath79/generic,kmod-nf-reject6,6.6.73-r1,research-os/data/openwrt-v2-snapshots/releases/24.10.0/ath79_generic/openwrt-24.10.0-ath79-generic.manifest
24.10.0,ath79/generic,kmod-nfnetlink,6.6.73-r1,research-os/data/openwrt-v2-snapshots/releases/24.10.0/ath79_generic/openwrt-24.10.0-ath79-generic.manifest
24.10.0,ath79/generic,kmod-nft-core,6.6.73-r1,research-os/data/openwrt-v2-snapshots/releases/24.10.0/ath79_generic/openwrt-24.10.0-ath79-generic.manifest
24.10.0,ath79/generic,kmod-nft-fib,6.6.73-r1,research-os/data/openwrt-v2-snapshots/releases/24.10.0/ath79_generic/openwrt-24.10.0-ath79-generic.manifest
24.10.0,ath79/generic,kmod-nft-nat,6.6.73-r1,research-os/data/openwrt-v2-snapshots/releases/24.10.0/ath79_generic/openwrt-24.10.0-ath79-generic.manifest
24.10.0,ath79/generic,kmod-nft-offload,6.6.73-r1,research-os/data/openwrt-v2-snapshots/releases/24.10.0/ath79_generic/openwrt-24.10.0-ath79-generic.manifest
24.10.0,ath79/generic,kmod-ppp,6.6.73-r1,research-os/data/openwrt-v2-snapshots/releases/24.10.0/ath79_generic/openwrt-24.10.0-ath79-generic.manifest
24.10.0,ath79/generic,kmod-pppoe,6.6.73-r1,research-os/data/openwrt-v2-snapshots/releases/24.10.0/ath79_generic/openwrt-24.10.0-ath79-generic.manifest
24.10.0,ath79/generic,kmod-pppox,6.6.73-r1,research-os/data/openwrt-v2-snapshots/releases/24.10.0/ath79_generic/openwrt-24.10.0-ath79-generic.manifest
24.10.0,ath79/generic,kmod-random-core,6.6.73-r1,research-os/data/openwrt-v2-snapshots/releases/24.10.0/ath79_generic/openwrt-24.10.0-ath79-generic.manifest
24.10.0,ath79/generic,kmod-slhc,6.6.73-r1,research-os/data/openwrt-v2-snapshots/releases/24.10.0/ath79_generic/openwrt-24.10.0-ath79-generic.manifest
24.10.0,ath79/generic,libblobmsg-json20240329,2024.03.29~eb9bcb64-r1,research-os/data/openwrt-v2-snapshots/releases/24.10.0/ath79_generic/openwrt-24.10.0-ath79-generic.manifest
24.10.0,ath79/generic,libc,1.2.5-r4,research-os/data/openwrt-v2-snapshots/releases/24.10.0/ath79_generic/openwrt-24.10.0-ath79-generic.manifest
24.10.0,ath79/generic,libgcc1,13.3.0-r4,research-os/data/openwrt-v2-snapshots/releases/24.10.0/ath79_generic/openwrt-24.10.0-ath79-generic.manifest
24.10.0,ath79/generic,libiwinfo-data,2024.10.20~b94f066e-r1,research-os/data/openwrt-v2-snapshots/releases/24.10.0/ath79_generic/openwrt-24.10.0-ath79-generic.manifest
24.10.0,ath79/generic,libiwinfo20230701,2024.10.20~b94f066e-r1,research-os/data/openwrt-v2-snapshots/releases/24.10.0/ath79_generic/openwrt-24.10.0-ath79-generic.manifest
24.10.0,ath79/generic,libjson-c5,0.18-r1,research-os/data/openwrt-v2-snapshots/releases/24.10.0/ath79_generic/openwrt-24.10.0-ath79-generic.manifest
24.10.0,ath79/generic,libjson-script20240329,2024.03.29~eb9bcb64-r1,research-os/data/openwrt-v2-snapshots/releases/24.10.0/ath79_generic/openwrt-24.10.0-ath79-generic.manifest
24.10.0,ath79/generic,liblucihttp-ucode,2023.03.15~9b5b683f-r1,research-os/data/openwrt-v2-snapshots/releases/24.10.0/ath79_generic/openwrt-24.10.0-ath79-generic.manifest
24.10.0,ath79/generic,liblucihttp0,2023.03.15~9b5b683f-r1,research-os/data/openwrt-v2-snapshots/releases/24.10.0/ath79_generic/openwrt-24.10.0-ath79-generic.manifest
24.10.0,ath79/generic,libmbedtls21,3.6.2-r1,research-os/data/openwrt-v2-snapshots/releases/24.10.0/ath79_generic/openwrt-24.10.0-ath79-generic.manifest
24.10.0,ath79/generic,libmnl0,1.0.5-r1,research-os/data/openwrt-v2-snapshots/releases/24.10.0/ath79_generic/openwrt-24.10.0-ath79-generic.manifest
24.10.0,ath79/generic,libnftnl11,1.2.8-r1,research-os/data/openwrt-v2-snapshots/releases/24.10.0/ath79_generic/openwrt-24.10.0-ath79-generic.manifest
24.10.0,ath79/generic,libnl-tiny1,2023.12.05~965c4bf4-r1,research-os/data/openwrt-v2-snapshots/releases/24.10.0/ath79_generic/openwrt-24.10.0-ath79-generic.manifest
24.10.0,ath79/generic,libpthread,1.2.5-r4,research-os/data/openwrt-v2-snapshots/releases/24.10.0/ath79_generic/openwrt-24.10.0-ath79-generic.manifest
24.10.0,ath79/generic,libubox20240329,2024.03.29~eb9bcb64-r1,research-os/data/openwrt-v2-snapshots/releases/24.10.0/ath79_generic/openwrt-24.10.0-ath79-generic.manifest
24.10.0,ath79/generic,libubus20250102,2025.01.02~afa57cce-r1,research-os/data/openwrt-v2-snapshots/releases/24.10.0/ath79_generic/openwrt-24.10.0-ath79-generic.manifest
24.10.0,ath79/generic,libuci20250120,2025.01.20~16ff0bad-r1,research-os/data/openwrt-v2-snapshots/releases/24.10.0/ath79_generic/openwrt-24.10.0-ath79-generic.manifest
24.10.0,ath79/generic,libuclient20201210,2024.10.22~88ae8f20-r1,research-os/data/openwrt-v2-snapshots/releases/24.10.0/ath79_generic/openwrt-24.10.0-ath79-generic.manifest
24.10.0,ath79/generic,libucode20230711,2024.07.22~b610860d-r3,research-os/data/openwrt-v2-snapshots/releases/24.10.0/ath79_generic/openwrt-24.10.0-ath79-generic.manifest
24.10.0,ath79/generic,libudebug,2023.12.06~6d3f51f9,research-os/data/openwrt-v2-snapshots/releases/24.10.0/ath79_generic/openwrt-24.10.0-ath79-generic.manifest
24.10.0,ath79/generic,libustream-mbedtls20201210,2024.07.28~99bd3d2b-r1,research-os/data/openwrt-v2-snapshots/releases/24.10.0/ath79_generic/openwrt-24.10.0-ath79-generic.manifest
24.10.0,ath79/generic,logd,2024.04.26~85f10530-r1,research-os/data/openwrt-v2-snapshots/releases/24.10.0/ath79_generic/openwrt-24.10.0-ath79-generic.manifest
24.10.0,ath79/generic,luci,24.297.79519~bcd13b9,research-os/data/openwrt-v2-snapshots/releases/24.10.0/ath79_generic/openwrt-24.10.0-ath79-generic.manifest
24.10.0,ath79/generic,luci-app-firewall,25.014.06885~bd39c63,research-os/data/openwrt-v2-snapshots/releases/24.10.0/ath79_generic/openwrt-24.10.0-ath79-generic.manifest
24.10.0,ath79/generic,luci-app-package-manager,24.341.02353~276fef8,research-os/data/openwrt-v2-snapshots/releases/24.10.0/ath79_generic/openwrt-24.10.0-ath79-generic.manifest
24.10.0,ath79/generic,luci-base,25.014.55016~7046a1c,research-os/data/openwrt-v2-snapshots/releases/24.10.0/ath79_generic/openwrt-24.10.0-ath79-generic.manifest
24.10.0,ath79/generic,luci-light,23.024.33244~34dee82,research-os/data/openwrt-v2-snapshots/releases/24.10.0/ath79_generic/openwrt-24.10.0-ath79-generic.manifest
24.10.0,ath79/generic,luci-mod-admin-full,19.253.48496~3f93650,research-os/data/openwrt-v2-snapshots/releases/24.10.0/ath79_generic/openwrt-24.10.0-ath79-generic.manifest
24.10.0,ath79/generic,luci-mod-network,25.021.30718~36b6107,research-os/data/openwrt-v2-snapshots/releases/24.10.0/ath79_generic/openwrt-24.10.0-ath79-generic.manifest
24.10.0,ath79/generic,luci-mod-status,25.009.65022~20bf9a4,research-os/data/openwrt-v2-snapshots/releases/24.10.0/ath79_generic/openwrt-24.10.0-ath79-generic.manifest
24.10.0,ath79/generic,luci-mod-system,24.336.49068~ef16778,research-os/data/openwrt-v2-snapshots/releases/24.10.0/ath79_generic/openwrt-24.10.0-ath79-generic.manifest
24.10.0,ath79/generic,luci-proto-ipv6,24.350.69236~8d13ea4,research-os/data/openwrt-v2-snapshots/releases/24.10.0/ath79_generic/openwrt-24.10.0-ath79-generic.manifest
24.10.0,ath79/generic,luci-proto-ppp,25.009.71487~a88d4af,research-os/data/openwrt-v2-snapshots/releases/24.10.0/ath79_generic/openwrt-24.10.0-ath79-generic.manifest
24.10.0,ath79/generic,luci-ssl,24.328.43591~9e70c9a,research-os/data/openwrt-v2-snapshots/releases/24.10.0/ath79_generic/openwrt-24.10.0-ath79-generic.manifest
24.10.0,ath79/generic,luci-theme-bootstrap,24.357.59015~779ca14,research-os/data/openwrt-v2-snapshots/releases/24.10.0/ath79_generic/openwrt-24.10.0-ath79-generic.manifest
24.10.0,ath79/generic,mtd,26,research-os/data/openwrt-v2-snapshots/releases/24.10.0/ath79_generic/openwrt-24.10.0-ath79-generic.manifest
24.10.0,ath79/generic,netifd,2024.12.17~ea01ed41-r1,research-os/data/openwrt-v2-snapshots/releases/24.10.0/ath79_generic/openwrt-24.10.0-ath79-generic.manifest
24.10.0,ath79/generic,nftables-json,1.1.1-r1,research-os/data/openwrt-v2-snapshots/releases/24.10.0/ath79_generic/openwrt-24.10.0-ath79-generic.manifest
24.10.0,ath79/generic,odhcp6c,2024.09.25~b6ae9ffa-r1,research-os/data/openwrt-v2-snapshots/releases/24.10.0/ath79_generic/openwrt-24.10.0-ath79-generic.manifest
24.10.0,ath79/generic,odhcpd-ipv6only,2024.05.08~a2988231-r1,research-os/data/openwrt-v2-snapshots/releases/24.10.0/ath79_generic/openwrt-24.10.0-ath79-generic.manifest
24.10.0,ath79/generic,openwrt-keyring,2024.11.01~fbae29d7-r2,research-os/data/openwrt-v2-snapshots/releases/24.10.0/ath79_generic/openwrt-24.10.0-ath79-generic.manifest
24.10.0,ath79/generic,opkg,2024.10.16~38eccbb1-r1,research-os/data/openwrt-v2-snapshots/releases/24.10.0/ath79_generic/openwrt-24.10.0-ath79-generic.manifest
24.10.0,ath79/generic,ppp,2.5.1-r1,research-os/data/openwrt-v2-snapshots/releases/24.10.0/ath79_generic/openwrt-24.10.0-ath79-generic.manifest
24.10.0,ath79/generic,ppp-mod-pppoe,2.5.1-r1,research-os/data/openwrt-v2-snapshots/releases/24.10.0/ath79_generic/openwrt-24.10.0-ath79-generic.manifest
24.10.0,ath79/generic,procd,2024.12.22~42d39376-r1,research-os/data/openwrt-v2-snapshots/releases/24.10.0/ath79_generic/openwrt-24.10.0-ath79-generic.manifest
24.10.0,ath79/generic,procd-seccomp,2024.12.22~42d39376-r1,research-os/data/openwrt-v2-snapshots/releases/24.10.0/ath79_generic/openwrt-24.10.0-ath79-generic.manifest
24.10.0,ath79/generic,procd-ujail,2024.12.22~42d39376-r1,research-os/data/openwrt-v2-snapshots/releases/24.10.0/ath79_generic/openwrt-24.10.0-ath79-generic.manifest
24.10.0,ath79/generic,px5g-mbedtls,11,research-os/data/openwrt-v2-snapshots/releases/24.10.0/ath79_generic/openwrt-24.10.0-ath79-generic.manifest
24.10.0,ath79/generic,rpcd,2024.09.17~9f4b86e7-r1,research-os/data/openwrt-v2-snapshots/releases/24.10.0/ath79_generic/openwrt-24.10.0-ath79-generic.manifest
24.10.0,ath79/generic,rpcd-mod-file,2024.09.17~9f4b86e7-r1,research-os/data/openwrt-v2-snapshots/releases/24.10.0/ath79_generic/openwrt-24.10.0-ath79-generic.manifest
24.10.0,ath79/generic,rpcd-mod-iwinfo,2024.09.17~9f4b86e7-r1,research-os/data/openwrt-v2-snapshots/releases/24.10.0/ath79_generic/openwrt-24.10.0-ath79-generic.manifest
24.10.0,ath79/generic,rpcd-mod-luci,20240305-r1,research-os/data/openwrt-v2-snapshots/releases/24.10.0/ath79_generic/openwrt-24.10.0-ath79-generic.manifest
24.10.0,ath79/generic,rpcd-mod-rrdns,20170710,research-os/data/openwrt-v2-snapshots/releases/24.10.0/ath79_generic/openwrt-24.10.0-ath79-generic.manifest
24.10.0,ath79/generic,rpcd-mod-ucode,2024.09.17~9f4b86e7-r1,research-os/data/openwrt-v2-snapshots/releases/24.10.0/ath79_generic/openwrt-24.10.0-ath79-generic.manifest
24.10.0,ath79/generic,swconfig,12,research-os/data/openwrt-v2-snapshots/releases/24.10.0/ath79_generic/openwrt-24.10.0-ath79-generic.manifest
24.10.0,ath79/generic,uboot-envtools,2024.07-r1,research-os/data/openwrt-v2-snapshots/releases/24.10.0/ath79_generic/openwrt-24.10.0-ath79-generic.manifest
24.10.0,ath79/generic,ubox,2024.04.26~85f10530-r1,research-os/data/openwrt-v2-snapshots/releases/24.10.0/ath79_generic/openwrt-24.10.0-ath79-generic.manifest
24.10.0,ath79/generic,ubus,2025.01.02~afa57cce-r1,research-os/data/openwrt-v2-snapshots/releases/24.10.0/ath79_generic/openwrt-24.10.0-ath79-generic.manifest
24.10.0,ath79/generic,ubusd,2025.01.02~afa57cce-r1,research-os/data/openwrt-v2-snapshots/releases/24.10.0/ath79_generic/openwrt-24.10.0-ath79-generic.manifest
24.10.0,ath79/generic,uci,2025.01.20~16ff0bad-r1,research-os/data/openwrt-v2-snapshots/releases/24.10.0/ath79_generic/openwrt-24.10.0-ath79-generic.manifest
24.10.0,ath79/generic,uclient-fetch,2024.10.22~88ae8f20-r1,research-os/data/openwrt-v2-snapshots/releases/24.10.0/ath79_generic/openwrt-24.10.0-ath79-generic.manifest
24.10.0,ath79/generic,ucode,2024.07.22~b610860d-r3,research-os/data/openwrt-v2-snapshots/releases/24.10.0/ath79_generic/openwrt-24.10.0-ath79-generic.manifest
24.10.0,ath79/generic,ucode-mod-fs,2024.07.22~b610860d-r3,research-os/data/openwrt-v2-snapshots/releases/24.10.0/ath79_generic/openwrt-24.10.0-ath79-generic.manifest
24.10.0,ath79/generic,ucode-mod-html,1,research-os/data/openwrt-v2-snapshots/releases/24.10.0/ath79_generic/openwrt-24.10.0-ath79-generic.manifest
24.10.0,ath79/generic,ucode-mod-math,2024.07.22~b610860d-r3,research-os/data/openwrt-v2-snapshots/releases/24.10.0/ath79_generic/openwrt-24.10.0-ath79-generic.manifest
24.10.0,ath79/generic,ucode-mod-nl80211,2024.07.22~b610860d-r3,research-os/data/openwrt-v2-snapshots/releases/24.10.0/ath79_generic/openwrt-24.10.0-ath79-generic.manifest
24.10.0,ath79/generic,ucode-mod-rtnl,2024.07.22~b610860d-r3,research-os/data/openwrt-v2-snapshots/releases/24.10.0/ath79_generic/openwrt-24.10.0-ath79-generic.manifest
24.10.0,ath79/generic,ucode-mod-ubus,2024.07.22~b610860d-r3,research-os/data/openwrt-v2-snapshots/releases/24.10.0/ath79_generic/openwrt-24.10.0-ath79-generic.manifest
24.10.0,ath79/generic,ucode-mod-uci,2024.07.22~b610860d-r3,research-os/data/openwrt-v2-snapshots/releases/24.10.0/ath79_generic/openwrt-24.10.0-ath79-generic.manifest
24.10.0,ath79/generic,ucode-mod-uloop,2024.07.22~b610860d-r3,research-os/data/openwrt-v2-snapshots/releases/24.10.0/ath79_generic/openwrt-24.10.0-ath79-generic.manifest
24.10.0,ath79/generic,uhttpd,2023.06.25~34a8a74d-r4,research-os/data/openwrt-v2-snapshots/releases/24.10.0/ath79_generic/openwrt-24.10.0-ath79-generic.manifest
24.10.0,ath79/generic,uhttpd-mod-ubus,2023.06.25~34a8a74d-r4,research-os/data/openwrt-v2-snapshots/releases/24.10.0/ath79_generic/openwrt-24.10.0-ath79-generic.manifest
24.10.0,ath79/generic,urandom-seed,3,research-os/data/openwrt-v2-snapshots/releases/24.10.0/ath79_generic/openwrt-24.10.0-ath79-generic.manifest
24.10.0,ath79/generic,urngd,2023.11.01~44365eb1-r1,research-os/data/openwrt-v2-snapshots/releases/24.10.0/ath79_generic/openwrt-24.10.0-ath79-generic.manifest
24.10.0,ath79/generic,usign,2020.05.23~f1f65026-r1,research-os/data/openwrt-v2-snapshots/releases/24.10.0/ath79_generic/openwrt-24.10.0-ath79-generic.manifest
24.10.0,ath79/generic,wifi-scripts,1.0-r1,research-os/data/openwrt-v2-snapshots/releases/24.10.0/ath79_generic/openwrt-24.10.0-ath79-generic.manifest
24.10.0,ath79/generic,wireless-regdb,2024.10.07-r1,research-os/data/openwrt-v2-snapshots/releases/24.10.0/ath79_generic/openwrt-24.10.0-ath79-generic.manifest
24.10.0,ath79/generic,wpad-basic-mbedtls,2024.09.15~5ace39b0-r2,research-os/data/openwrt-v2-snapshots/releases/24.10.0/ath79_generic/openwrt-24.10.0-ath79-generic.manifest
24.10.0,x86/64,base-files,1655~6df0e3d02a,research-os/data/openwrt-v2-snapshots/releases/24.10.0/x86_64/openwrt-24.10.0-x86-64.manifest
24.10.0,x86/64,busybox,1.36.1-r2,research-os/data/openwrt-v2-snapshots/releases/24.10.0/x86_64/openwrt-24.10.0-x86-64.manifest
24.10.0,x86/64,ca-bundle,20240203-r1,research-os/data/openwrt-v2-snapshots/releases/24.10.0/x86_64/openwrt-24.10.0-x86-64.manifest
24.10.0,x86/64,cgi-io,2022.08.10~901b0f04-r21,research-os/data/openwrt-v2-snapshots/releases/24.10.0/x86_64/openwrt-24.10.0-x86-64.manifest
24.10.0,x86/64,dnsmasq,2.90-r4,research-os/data/openwrt-v2-snapshots/releases/24.10.0/x86_64/openwrt-24.10.0-x86-64.manifest
24.10.0,x86/64,dropbear,2024.86-r1,research-os/data/openwrt-v2-snapshots/releases/24.10.0/x86_64/openwrt-24.10.0-x86-64.manifest
24.10.0,x86/64,e2fsprogs,1.47.0-r2,research-os/data/openwrt-v2-snapshots/releases/24.10.0/x86_64/openwrt-24.10.0-x86-64.manifest
24.10.0,x86/64,firewall4,2024.12.18~18fc0ead-r1,research-os/data/openwrt-v2-snapshots/releases/24.10.0/x86_64/openwrt-24.10.0-x86-64.manifest
24.10.0,x86/64,fstools,2024.07.14~408c2cc4-r1,research-os/data/openwrt-v2-snapshots/releases/24.10.0/x86_64/openwrt-24.10.0-x86-64.manifest
24.10.0,x86/64,fwtool,2019.11.12~8f7fe925-r1,research-os/data/openwrt-v2-snapshots/releases/24.10.0/x86_64/openwrt-24.10.0-x86-64.manifest
24.10.0,x86/64,getrandom,2024.04.26~85f10530-r1,research-os/data/openwrt-v2-snapshots/releases/24.10.0/x86_64/openwrt-24.10.0-x86-64.manifest
24.10.0,x86/64,grub2,2.12-r1,research-os/data/openwrt-v2-snapshots/releases/24.10.0/x86_64/openwrt-24.10.0-x86-64.manifest
24.10.0,x86/64,grub2-bios-setup,2.12-r1,research-os/data/openwrt-v2-snapshots/releases/24.10.0/x86_64/openwrt-24.10.0-x86-64.manifest
24.10.0,x86/64,grub2-efi,2.12-r1,research-os/data/openwrt-v2-snapshots/releases/24.10.0/x86_64/openwrt-24.10.0-x86-64.manifest
24.10.0,x86/64,jansson4,2.14-r3,research-os/data/openwrt-v2-snapshots/releases/24.10.0/x86_64/openwrt-24.10.0-x86-64.manifest
24.10.0,x86/64,jshn,2024.03.29~eb9bcb64-r1,research-os/data/openwrt-v2-snapshots/releases/24.10.0/x86_64/openwrt-24.10.0-x86-64.manifest
24.10.0,x86/64,jsonfilter,2024.01.23~594cfa86-r1,research-os/data/openwrt-v2-snapshots/releases/24.10.0/x86_64/openwrt-24.10.0-x86-64.manifest
24.10.0,x86/64,kernel,6.6.73~a21259e4f338051d27a6443a3a7f7f1f-r1,research-os/data/openwrt-v2-snapshots/releases/24.10.0/x86_64/openwrt-24.10.0-x86-64.manifest
24.10.0,x86/64,kmod-button-hotplug,6.6.73-r3,research-os/data/openwrt-v2-snapshots/releases/24.10.0/x86_64/openwrt-24.10.0-x86-64.manifest
24.10.0,x86/64,kmod-crypto-acompress,6.6.73-r1,research-os/data/openwrt-v2-snapshots/releases/24.10.0/x86_64/openwrt-24.10.0-x86-64.manifest
24.10.0,x86/64,kmod-crypto-crc32c,6.6.73-r1,research-os/data/openwrt-v2-snapshots/releases/24.10.0/x86_64/openwrt-24.10.0-x86-64.manifest
24.10.0,x86/64,kmod-crypto-hash,6.6.73-r1,research-os/data/openwrt-v2-snapshots/releases/24.10.0/x86_64/openwrt-24.10.0-x86-64.manifest
24.10.0,x86/64,kmod-fs-vfat,6.6.73-r1,research-os/data/openwrt-v2-snapshots/releases/24.10.0/x86_64/openwrt-24.10.0-x86-64.manifest
24.10.0,x86/64,kmod-input-core,6.6.73-r1,research-os/data/openwrt-v2-snapshots/releases/24.10.0/x86_64/openwrt-24.10.0-x86-64.manifest
24.10.0,x86/64,kmod-lib-crc-ccitt,6.6.73-r1,research-os/data/openwrt-v2-snapshots/releases/24.10.0/x86_64/openwrt-24.10.0-x86-64.manifest
24.10.0,x86/64,kmod-lib-crc32c,6.6.73-r1,research-os/data/openwrt-v2-snapshots/releases/24.10.0/x86_64/openwrt-24.10.0-x86-64.manifest
24.10.0,x86/64,kmod-lib-lzo,6.6.73-r1,research-os/data/openwrt-v2-snapshots/releases/24.10.0/x86_64/openwrt-24.10.0-x86-64.manifest
24.10.0,x86/64,kmod-nf-conntrack,6.6.73-r1,research-os/data/openwrt-v2-snapshots/releases/24.10.0/x86_64/openwrt-24.10.0-x86-64.manifest
24.10.0,x86/64,kmod-nf-conntrack6,6.6.73-r1,research-os/data/openwrt-v2-snapshots/releases/24.10.0/x86_64/openwrt-24.10.0-x86-64.manifest
24.10.0,x86/64,kmod-nf-flow,6.6.73-r1,research-os/data/openwrt-v2-snapshots/releases/24.10.0/x86_64/openwrt-24.10.0-x86-64.manifest
24.10.0,x86/64,kmod-nf-log,6.6.73-r1,research-os/data/openwrt-v2-snapshots/releases/24.10.0/x86_64/openwrt-24.10.0-x86-64.manifest
24.10.0,x86/64,kmod-nf-log6,6.6.73-r1,research-os/data/openwrt-v2-snapshots/releases/24.10.0/x86_64/openwrt-24.10.0-x86-64.manifest
24.10.0,x86/64,kmod-nf-nat,6.6.73-r1,research-os/data/openwrt-v2-snapshots/releases/24.10.0/x86_64/openwrt-24.10.0-x86-64.manifest
24.10.0,x86/64,kmod-nf-reject,6.6.73-r1,research-os/data/openwrt-v2-snapshots/releases/24.10.0/x86_64/openwrt-24.10.0-x86-64.manifest
24.10.0,x86/64,kmod-nf-reject6,6.6.73-r1,research-os/data/openwrt-v2-snapshots/releases/24.10.0/x86_64/openwrt-24.10.0-x86-64.manifest
24.10.0,x86/64,kmod-nfnetlink,6.6.73-r1,research-os/data/openwrt-v2-snapshots/releases/24.10.0/x86_64/openwrt-24.10.0-x86-64.manifest
24.10.0,x86/64,kmod-nft-core,6.6.73-r1,research-os/data/openwrt-v2-snapshots/releases/24.10.0/x86_64/openwrt-24.10.0-x86-64.manifest
24.10.0,x86/64,kmod-nft-fib,6.6.73-r1,research-os/data/openwrt-v2-snapshots/releases/24.10.0/x86_64/openwrt-24.10.0-x86-64.manifest
24.10.0,x86/64,kmod-nft-nat,6.6.73-r1,research-os/data/openwrt-v2-snapshots/releases/24.10.0/x86_64/openwrt-24.10.0-x86-64.manifest
24.10.0,x86/64,kmod-nft-offload,6.6.73-r1,research-os/data/openwrt-v2-snapshots/releases/24.10.0/x86_64/openwrt-24.10.0-x86-64.manifest
24.10.0,x86/64,kmod-nls-base,6.6.73-r1,research-os/data/openwrt-v2-snapshots/releases/24.10.0/x86_64/openwrt-24.10.0-x86-64.manifest
24.10.0,x86/64,kmod-nls-cp437,6.6.73-r1,research-os/data/openwrt-v2-snapshots/releases/24.10.0/x86_64/openwrt-24.10.0-x86-64.manifest
24.10.0,x86/64,kmod-nls-iso8859-1,6.6.73-r1,research-os/data/openwrt-v2-snapshots/releases/24.10.0/x86_64/openwrt-24.10.0-x86-64.manifest
24.10.0,x86/64,kmod-nls-utf8,6.6.73-r1,research-os/data/openwrt-v2-snapshots/releases/24.10.0/x86_64/openwrt-24.10.0-x86-64.manifest
24.10.0,x86/64,kmod-ppp,6.6.73-r1,research-os/data/openwrt-v2-snapshots/releases/24.10.0/x86_64/openwrt-24.10.0-x86-64.manifest
24.10.0,x86/64,kmod-pppoe,6.6.73-r1,research-os/data/openwrt-v2-snapshots/releases/24.10.0/x86_64/openwrt-24.10.0-x86-64.manifest
24.10.0,x86/64,kmod-pppox,6.6.73-r1,research-os/data/openwrt-v2-snapshots/releases/24.10.0/x86_64/openwrt-24.10.0-x86-64.manifest
24.10.0,x86/64,kmod-slhc,6.6.73-r1,research-os/data/openwrt-v2-snapshots/releases/24.10.0/x86_64/openwrt-24.10.0-x86-64.manifest
24.10.0,x86/64,libblkid1,2.40.2-r1,research-os/data/openwrt-v2-snapshots/releases/24.10.0/x86_64/openwrt-24.10.0-x86-64.manifest
24.10.0,x86/64,libblobmsg-json20240329,2024.03.29~eb9bcb64-r1,research-os/data/openwrt-v2-snapshots/releases/24.10.0/x86_64/openwrt-24.10.0-x86-64.manifest
24.10.0,x86/64,libc,1.2.5-r4,research-os/data/openwrt-v2-snapshots/releases/24.10.0/x86_64/openwrt-24.10.0-x86-64.manifest
24.10.0,x86/64,libcomerr0,1.47.0-r2,research-os/data/openwrt-v2-snapshots/releases/24.10.0/x86_64/openwrt-24.10.0-x86-64.manifest
24.10.0,x86/64,libe2p2,1.47.0-r2,research-os/data/openwrt-v2-snapshots/releases/24.10.0/x86_64/openwrt-24.10.0-x86-64.manifest
24.10.0,x86/64,libext2fs2,1.47.0-r2,research-os/data/openwrt-v2-snapshots/releases/24.10.0/x86_64/openwrt-24.10.0-x86-64.manifest
24.10.0,x86/64,libf2fs6,1.16.0-r3,research-os/data/openwrt-v2-snapshots/releases/24.10.0/x86_64/openwrt-24.10.0-x86-64.manifest
24.10.0,x86/64,libgcc1,13.3.0-r4,research-os/data/openwrt-v2-snapshots/releases/24.10.0/x86_64/openwrt-24.10.0-x86-64.manifest
24.10.0,x86/64,libiwinfo-data,2024.10.20~b94f066e-r1,research-os/data/openwrt-v2-snapshots/releases/24.10.0/x86_64/openwrt-24.10.0-x86-64.manifest
24.10.0,x86/64,libiwinfo20230701,2024.10.20~b94f066e-r1,research-os/data/openwrt-v2-snapshots/releases/24.10.0/x86_64/openwrt-24.10.0-x86-64.manifest
24.10.0,x86/64,libjson-c5,0.18-r1,research-os/data/openwrt-v2-snapshots/releases/24.10.0/x86_64/openwrt-24.10.0-x86-64.manifest
24.10.0,x86/64,libjson-script20240329,2024.03.29~eb9bcb64-r1,research-os/data/openwrt-v2-snapshots/releases/24.10.0/x86_64/openwrt-24.10.0-x86-64.manifest
24.10.0,x86/64,liblucihttp-ucode,2023.03.15~9b5b683f-r1,research-os/data/openwrt-v2-snapshots/releases/24.10.0/x86_64/openwrt-24.10.0-x86-64.manifest
24.10.0,x86/64,liblucihttp0,2023.03.15~9b5b683f-r1,research-os/data/openwrt-v2-snapshots/releases/24.10.0/x86_64/openwrt-24.10.0-x86-64.manifest
24.10.0,x86/64,libmbedtls21,3.6.2-r1,research-os/data/openwrt-v2-snapshots/releases/24.10.0/x86_64/openwrt-24.10.0-x86-64.manifest
24.10.0,x86/64,libmnl0,1.0.5-r1,research-os/data/openwrt-v2-snapshots/releases/24.10.0/x86_64/openwrt-24.10.0-x86-64.manifest
24.10.0,x86/64,libnftnl11,1.2.8-r1,research-os/data/openwrt-v2-snapshots/releases/24.10.0/x86_64/openwrt-24.10.0-x86-64.manifest
24.10.0,x86/64,libnl-tiny1,2023.12.05~965c4bf4-r1,research-os/data/openwrt-v2-snapshots/releases/24.10.0/x86_64/openwrt-24.10.0-x86-64.manifest
24.10.0,x86/64,libpthread,1.2.5-r4,research-os/data/openwrt-v2-snapshots/releases/24.10.0/x86_64/openwrt-24.10.0-x86-64.manifest
24.10.0,x86/64,librt,1.2.5-r4,research-os/data/openwrt-v2-snapshots/releases/24.10.0/x86_64/openwrt-24.10.0-x86-64.manifest
24.10.0,x86/64,libsmartcols1,2.40.2-r1,research-os/data/openwrt-v2-snapshots/releases/24.10.0/x86_64/openwrt-24.10.0-x86-64.manifest
24.10.0,x86/64,libss2,1.47.0-r2,research-os/data/openwrt-v2-snapshots/releases/24.10.0/x86_64/openwrt-24.10.0-x86-64.manifest
24.10.0,x86/64,libubox20240329,2024.03.29~eb9bcb64-r1,research-os/data/openwrt-v2-snapshots/releases/24.10.0/x86_64/openwrt-24.10.0-x86-64.manifest
24.10.0,x86/64,libubus20250102,2025.01.02~afa57cce-r1,research-os/data/openwrt-v2-snapshots/releases/24.10.0/x86_64/openwrt-24.10.0-x86-64.manifest
24.10.0,x86/64,libuci20250120,2025.01.20~16ff0bad-r1,research-os/data/openwrt-v2-snapshots/releases/24.10.0/x86_64/openwrt-24.10.0-x86-64.manifest
24.10.0,x86/64,libuclient20201210,2024.10.22~88ae8f20-r1,research-os/data/openwrt-v2-snapshots/releases/24.10.0/x86_64/openwrt-24.10.0-x86-64.manifest
24.10.0,x86/64,libucode20230711,2024.07.22~b610860d-r3,research-os/data/openwrt-v2-snapshots/releases/24.10.0/x86_64/openwrt-24.10.0-x86-64.manifest
24.10.0,x86/64,libudebug,2023.12.06~6d3f51f9,research-os/data/openwrt-v2-snapshots/releases/24.10.0/x86_64/openwrt-24.10.0-x86-64.manifest
24.10.0,x86/64,libustream-mbedtls20201210,2024.07.28~99bd3d2b-r1,research-os/data/openwrt-v2-snapshots/releases/24.10.0/x86_64/openwrt-24.10.0-x86-64.manifest
24.10.0,x86/64,libuuid1,2.40.2-r1,research-os/data/openwrt-v2-snapshots/releases/24.10.0/x86_64/openwrt-24.10.0-x86-64.manifest
24.10.0,x86/64,logd,2024.04.26~85f10530-r1,research-os/data/openwrt-v2-snapshots/releases/24.10.0/x86_64/openwrt-24.10.0-x86-64.manifest
24.10.0,x86/64,luci,24.297.79519~bcd13b9,research-os/data/openwrt-v2-snapshots/releases/24.10.0/x86_64/openwrt-24.10.0-x86-64.manifest
24.10.0,x86/64,luci-app-firewall,25.014.06885~bd39c63,research-os/data/openwrt-v2-snapshots/releases/24.10.0/x86_64/openwrt-24.10.0-x86-64.manifest
24.10.0,x86/64,luci-app-package-manager,24.341.02353~276fef8,research-os/data/openwrt-v2-snapshots/releases/24.10.0/x86_64/openwrt-24.10.0-x86-64.manifest
24.10.0,x86/64,luci-base,25.014.55016~7046a1c,research-os/data/openwrt-v2-snapshots/releases/24.10.0/x86_64/openwrt-24.10.0-x86-64.manifest
24.10.0,x86/64,luci-light,23.024.33244~34dee82,research-os/data/openwrt-v2-snapshots/releases/24.10.0/x86_64/openwrt-24.10.0-x86-64.manifest
24.10.0,x86/64,luci-mod-admin-full,19.253.48496~3f93650,research-os/data/openwrt-v2-snapshots/releases/24.10.0/x86_64/openwrt-24.10.0-x86-64.manifest
24.10.0,x86/64,luci-mod-network,25.021.30718~36b6107,research-os/data/openwrt-v2-snapshots/releases/24.10.0/x86_64/openwrt-24.10.0-x86-64.manifest
24.10.0,x86/64,luci-mod-status,25.009.65022~20bf9a4,research-os/data/openwrt-v2-snapshots/releases/24.10.0/x86_64/openwrt-24.10.0-x86-64.manifest
24.10.0,x86/64,luci-mod-system,24.336.49068~ef16778,research-os/data/openwrt-v2-snapshots/releases/24.10.0/x86_64/openwrt-24.10.0-x86-64.manifest
24.10.0,x86/64,luci-proto-ipv6,24.350.69236~8d13ea4,research-os/data/openwrt-v2-snapshots/releases/24.10.0/x86_64/openwrt-24.10.0-x86-64.manifest
24.10.0,x86/64,luci-proto-ppp,25.009.71487~a88d4af,research-os/data/openwrt-v2-snapshots/releases/24.10.0/x86_64/openwrt-24.10.0-x86-64.manifest
24.10.0,x86/64,luci-ssl,24.328.43591~9e70c9a,research-os/data/openwrt-v2-snapshots/releases/24.10.0/x86_64/openwrt-24.10.0-x86-64.manifest
24.10.0,x86/64,luci-theme-bootstrap,24.357.59015~779ca14,research-os/data/openwrt-v2-snapshots/releases/24.10.0/x86_64/openwrt-24.10.0-x86-64.manifest
24.10.0,x86/64,mkf2fs,1.16.0-r3,research-os/data/openwrt-v2-snapshots/releases/24.10.0/x86_64/openwrt-24.10.0-x86-64.manifest
24.10.0,x86/64,mtd,26,research-os/data/openwrt-v2-snapshots/releases/24.10.0/x86_64/openwrt-24.10.0-x86-64.manifest
24.10.0,x86/64,netifd,2024.12.17~ea01ed41-r1,research-os/data/openwrt-v2-snapshots/releases/24.10.0/x86_64/openwrt-24.10.0-x86-64.manifest
24.10.0,x86/64,nftables-json,1.1.1-r1,research-os/data/openwrt-v2-snapshots/releases/24.10.0/x86_64/openwrt-24.10.0-x86-64.manifest
24.10.0,x86/64,odhcp6c,2024.09.25~b6ae9ffa-r1,research-os/data/openwrt-v2-snapshots/releases/24.10.0/x86_64/openwrt-24.10.0-x86-64.manifest
24.10.0,x86/64,odhcpd-ipv6only,2024.05.08~a2988231-r1,research-os/data/openwrt-v2-snapshots/releases/24.10.0/x86_64/openwrt-24.10.0-x86-64.manifest
24.10.0,x86/64,openwrt-keyring,2024.11.01~fbae29d7-r2,research-os/data/openwrt-v2-snapshots/releases/24.10.0/x86_64/openwrt-24.10.0-x86-64.manifest
24.10.0,x86/64,opkg,2024.10.16~38eccbb1-r1,research-os/data/openwrt-v2-snapshots/releases/24.10.0/x86_64/openwrt-24.10.0-x86-64.manifest
24.10.0,x86/64,partx-utils,2.40.2-r1,research-os/data/openwrt-v2-snapshots/releases/24.10.0/x86_64/openwrt-24.10.0-x86-64.manifest
24.10.0,x86/64,ppp,2.5.1-r1,research-os/data/openwrt-v2-snapshots/releases/24.10.0/x86_64/openwrt-24.10.0-x86-64.manifest
24.10.0,x86/64,ppp-mod-pppoe,2.5.1-r1,research-os/data/openwrt-v2-snapshots/releases/24.10.0/x86_64/openwrt-24.10.0-x86-64.manifest
24.10.0,x86/64,procd,2024.12.22~42d39376-r1,research-os/data/openwrt-v2-snapshots/releases/24.10.0/x86_64/openwrt-24.10.0-x86-64.manifest
24.10.0,x86/64,procd-seccomp,2024.12.22~42d39376-r1,research-os/data/openwrt-v2-snapshots/releases/24.10.0/x86_64/openwrt-24.10.0-x86-64.manifest
24.10.0,x86/64,procd-ujail,2024.12.22~42d39376-r1,research-os/data/openwrt-v2-snapshots/releases/24.10.0/x86_64/openwrt-24.10.0-x86-64.manifest
24.10.0,x86/64,px5g-mbedtls,11,research-os/data/openwrt-v2-snapshots/releases/24.10.0/x86_64/openwrt-24.10.0-x86-64.manifest
24.10.0,x86/64,rpcd,2024.09.17~9f4b86e7-r1,research-os/data/openwrt-v2-snapshots/releases/24.10.0/x86_64/openwrt-24.10.0-x86-64.manifest
24.10.0,x86/64,rpcd-mod-file,2024.09.17~9f4b86e7-r1,research-os/data/openwrt-v2-snapshots/releases/24.10.0/x86_64/openwrt-24.10.0-x86-64.manifest
24.10.0,x86/64,rpcd-mod-iwinfo,2024.09.17~9f4b86e7-r1,research-os/data/openwrt-v2-snapshots/releases/24.10.0/x86_64/openwrt-24.10.0-x86-64.manifest
24.10.0,x86/64,rpcd-mod-luci,20240305-r1,research-os/data/openwrt-v2-snapshots/releases/24.10.0/x86_64/openwrt-24.10.0-x86-64.manifest
24.10.0,x86/64,rpcd-mod-rrdns,20170710,research-os/data/openwrt-v2-snapshots/releases/24.10.0/x86_64/openwrt-24.10.0-x86-64.manifest
24.10.0,x86/64,rpcd-mod-ucode,2024.09.17~9f4b86e7-r1,research-os/data/openwrt-v2-snapshots/releases/24.10.0/x86_64/openwrt-24.10.0-x86-64.manifest
24.10.0,x86/64,ubox,2024.04.26~85f10530-r1,research-os/data/openwrt-v2-snapshots/releases/24.10.0/x86_64/openwrt-24.10.0-x86-64.manifest
24.10.0,x86/64,ubus,2025.01.02~afa57cce-r1,research-os/data/openwrt-v2-snapshots/releases/24.10.0/x86_64/openwrt-24.10.0-x86-64.manifest
24.10.0,x86/64,ubusd,2025.01.02~afa57cce-r1,research-os/data/openwrt-v2-snapshots/releases/24.10.0/x86_64/openwrt-24.10.0-x86-64.manifest
24.10.0,x86/64,uci,2025.01.20~16ff0bad-r1,research-os/data/openwrt-v2-snapshots/releases/24.10.0/x86_64/openwrt-24.10.0-x86-64.manifest
24.10.0,x86/64,uclient-fetch,2024.10.22~88ae8f20-r1,research-os/data/openwrt-v2-snapshots/releases/24.10.0/x86_64/openwrt-24.10.0-x86-64.manifest
24.10.0,x86/64,ucode,2024.07.22~b610860d-r3,research-os/data/openwrt-v2-snapshots/releases/24.10.0/x86_64/openwrt-24.10.0-x86-64.manifest
24.10.0,x86/64,ucode-mod-fs,2024.07.22~b610860d-r3,research-os/data/openwrt-v2-snapshots/releases/24.10.0/x86_64/openwrt-24.10.0-x86-64.manifest
24.10.0,x86/64,ucode-mod-html,1,research-os/data/openwrt-v2-snapshots/releases/24.10.0/x86_64/openwrt-24.10.0-x86-64.manifest
24.10.0,x86/64,ucode-mod-math,2024.07.22~b610860d-r3,research-os/data/openwrt-v2-snapshots/releases/24.10.0/x86_64/openwrt-24.10.0-x86-64.manifest
24.10.0,x86/64,ucode-mod-ubus,2024.07.22~b610860d-r3,research-os/data/openwrt-v2-snapshots/releases/24.10.0/x86_64/openwrt-24.10.0-x86-64.manifest
24.10.0,x86/64,ucode-mod-uci,2024.07.22~b610860d-r3,research-os/data/openwrt-v2-snapshots/releases/24.10.0/x86_64/openwrt-24.10.0-x86-64.manifest
24.10.0,x86/64,uhttpd,2023.06.25~34a8a74d-r4,research-os/data/openwrt-v2-snapshots/releases/24.10.0/x86_64/openwrt-24.10.0-x86-64.manifest
24.10.0,x86/64,uhttpd-mod-ubus,2023.06.25~34a8a74d-r4,research-os/data/openwrt-v2-snapshots/releases/24.10.0/x86_64/openwrt-24.10.0-x86-64.manifest
24.10.0,x86/64,urandom-seed,3,research-os/data/openwrt-v2-snapshots/releases/24.10.0/x86_64/openwrt-24.10.0-x86-64.manifest
24.10.0,x86/64,urngd,2023.11.01~44365eb1-r1,research-os/data/openwrt-v2-snapshots/releases/24.10.0/x86_64/openwrt-24.10.0-x86-64.manifest
24.10.0,x86/64,usign,2020.05.23~f1f65026-r1,research-os/data/openwrt-v2-snapshots/releases/24.10.0/x86_64/openwrt-24.10.0-x86-64.manifest
24.10.1,ath79/generic,base-files,1658~0425664679,research-os/data/openwrt-v2-snapshots/releases/24.10.1/ath79_generic/openwrt-24.10.1-ath79-generic.manifest
24.10.1,ath79/generic,busybox,1.36.1-r2,research-os/data/openwrt-v2-snapshots/releases/24.10.1/ath79_generic/openwrt-24.10.1-ath79-generic.manifest
24.10.1,ath79/generic,ca-bundle,20241223-r1,research-os/data/openwrt-v2-snapshots/releases/24.10.1/ath79_generic/openwrt-24.10.1-ath79-generic.manifest
24.10.1,ath79/generic,cgi-io,2022.08.10~901b0f04-r21,research-os/data/openwrt-v2-snapshots/releases/24.10.1/ath79_generic/openwrt-24.10.1-ath79-generic.manifest
24.10.1,ath79/generic,dnsmasq,2.90-r4,research-os/data/openwrt-v2-snapshots/releases/24.10.1/ath79_generic/openwrt-24.10.1-ath79-generic.manifest
24.10.1,ath79/generic,dropbear,2024.86-r1,research-os/data/openwrt-v2-snapshots/releases/24.10.1/ath79_generic/openwrt-24.10.1-ath79-generic.manifest
24.10.1,ath79/generic,firewall4,2024.12.18~18fc0ead-r1,research-os/data/openwrt-v2-snapshots/releases/24.10.1/ath79_generic/openwrt-24.10.1-ath79-generic.manifest
24.10.1,ath79/generic,fstools,2024.07.14~408c2cc4-r1,research-os/data/openwrt-v2-snapshots/releases/24.10.1/ath79_generic/openwrt-24.10.1-ath79-generic.manifest
24.10.1,ath79/generic,fwtool,2019.11.12~8f7fe925-r1,research-os/data/openwrt-v2-snapshots/releases/24.10.1/ath79_generic/openwrt-24.10.1-ath79-generic.manifest
24.10.1,ath79/generic,getrandom,2024.04.26~85f10530-r1,research-os/data/openwrt-v2-snapshots/releases/24.10.1/ath79_generic/openwrt-24.10.1-ath79-generic.manifest
24.10.1,ath79/generic,hostapd-common,2024.09.15~5ace39b0-r2,research-os/data/openwrt-v2-snapshots/releases/24.10.1/ath79_generic/openwrt-24.10.1-ath79-generic.manifest
24.10.1,ath79/generic,iw,6.9-r1,research-os/data/openwrt-v2-snapshots/releases/24.10.1/ath79_generic/openwrt-24.10.1-ath79-generic.manifest
24.10.1,ath79/generic,iwinfo,2024.10.20~b94f066e-r1,research-os/data/openwrt-v2-snapshots/releases/24.10.1/ath79_generic/openwrt-24.10.1-ath79-generic.manifest
24.10.1,ath79/generic,jansson4,2.14-r3,research-os/data/openwrt-v2-snapshots/releases/24.10.1/ath79_generic/openwrt-24.10.1-ath79-generic.manifest
24.10.1,ath79/generic,jshn,2024.03.29~eb9bcb64-r1,research-os/data/openwrt-v2-snapshots/releases/24.10.1/ath79_generic/openwrt-24.10.1-ath79-generic.manifest
24.10.1,ath79/generic,jsonfilter,2024.01.23~594cfa86-r1,research-os/data/openwrt-v2-snapshots/releases/24.10.1/ath79_generic/openwrt-24.10.1-ath79-generic.manifest
24.10.1,ath79/generic,kernel,6.6.86~64576e1418bd4546fdb49285deb3b11c-r1,research-os/data/openwrt-v2-snapshots/releases/24.10.1/ath79_generic/openwrt-24.10.1-ath79-generic.manifest
24.10.1,ath79/generic,kmod-ath,6.6.86.6.12.6-r1,research-os/data/openwrt-v2-snapshots/releases/24.10.1/ath79_generic/openwrt-24.10.1-ath79-generic.manifest
24.10.1,ath79/generic,kmod-ath9k,6.6.86.6.12.6-r1,research-os/data/openwrt-v2-snapshots/releases/24.10.1/ath79_generic/openwrt-24.10.1-ath79-generic.manifest
24.10.1,ath79/generic,kmod-ath9k-common,6.6.86.6.12.6-r1,research-os/data/openwrt-v2-snapshots/releases/24.10.1/ath79_generic/openwrt-24.10.1-ath79-generic.manifest
24.10.1,ath79/generic,kmod-cfg80211,6.6.86.6.12.6-r1,research-os/data/openwrt-v2-snapshots/releases/24.10.1/ath79_generic/openwrt-24.10.1-ath79-generic.manifest
24.10.1,ath79/generic,kmod-crypto-acompress,6.6.86-r1,research-os/data/openwrt-v2-snapshots/releases/24.10.1/ath79_generic/openwrt-24.10.1-ath79-generic.manifest
24.10.1,ath79/generic,kmod-crypto-aead,6.6.86-r1,research-os/data/openwrt-v2-snapshots/releases/24.10.1/ath79_generic/openwrt-24.10.1-ath79-generic.manifest
24.10.1,ath79/generic,kmod-crypto-ccm,6.6.86-r1,research-os/data/openwrt-v2-snapshots/releases/24.10.1/ath79_generic/openwrt-24.10.1-ath79-generic.manifest
24.10.1,ath79/generic,kmod-crypto-cmac,6.6.86-r1,research-os/data/openwrt-v2-snapshots/releases/24.10.1/ath79_generic/openwrt-24.10.1-ath79-generic.manifest
24.10.1,ath79/generic,kmod-crypto-crc32c,6.6.86-r1,research-os/data/openwrt-v2-snapshots/releases/24.10.1/ath79_generic/openwrt-24.10.1-ath79-generic.manifest
24.10.1,ath79/generic,kmod-crypto-ctr,6.6.86-r1,research-os/data/openwrt-v2-snapshots/releases/24.10.1/ath79_generic/openwrt-24.10.1-ath79-generic.manifest
24.10.1,ath79/generic,kmod-crypto-gcm,6.6.86-r1,research-os/data/openwrt-v2-snapshots/releases/24.10.1/ath79_generic/openwrt-24.10.1-ath79-generic.manifest
24.10.1,ath79/generic,kmod-crypto-geniv,6.6.86-r1,research-os/data/openwrt-v2-snapshots/releases/24.10.1/ath79_generic/openwrt-24.10.1-ath79-generic.manifest
24.10.1,ath79/generic,kmod-crypto-gf128,6.6.86-r1,research-os/data/openwrt-v2-snapshots/releases/24.10.1/ath79_generic/openwrt-24.10.1-ath79-generic.manifest
24.10.1,ath79/generic,kmod-crypto-ghash,6.6.86-r1,research-os/data/openwrt-v2-snapshots/releases/24.10.1/ath79_generic/openwrt-24.10.1-ath79-generic.manifest
24.10.1,ath79/generic,kmod-crypto-hash,6.6.86-r1,research-os/data/openwrt-v2-snapshots/releases/24.10.1/ath79_generic/openwrt-24.10.1-ath79-generic.manifest
24.10.1,ath79/generic,kmod-crypto-hmac,6.6.86-r1,research-os/data/openwrt-v2-snapshots/releases/24.10.1/ath79_generic/openwrt-24.10.1-ath79-generic.manifest
24.10.1,ath79/generic,kmod-crypto-manager,6.6.86-r1,research-os/data/openwrt-v2-snapshots/releases/24.10.1/ath79_generic/openwrt-24.10.1-ath79-generic.manifest
24.10.1,ath79/generic,kmod-crypto-null,6.6.86-r1,research-os/data/openwrt-v2-snapshots/releases/24.10.1/ath79_generic/openwrt-24.10.1-ath79-generic.manifest
24.10.1,ath79/generic,kmod-crypto-rng,6.6.86-r1,research-os/data/openwrt-v2-snapshots/releases/24.10.1/ath79_generic/openwrt-24.10.1-ath79-generic.manifest
24.10.1,ath79/generic,kmod-crypto-seqiv,6.6.86-r1,research-os/data/openwrt-v2-snapshots/releases/24.10.1/ath79_generic/openwrt-24.10.1-ath79-generic.manifest
24.10.1,ath79/generic,kmod-crypto-sha3,6.6.86-r1,research-os/data/openwrt-v2-snapshots/releases/24.10.1/ath79_generic/openwrt-24.10.1-ath79-generic.manifest
24.10.1,ath79/generic,kmod-crypto-sha512,6.6.86-r1,research-os/data/openwrt-v2-snapshots/releases/24.10.1/ath79_generic/openwrt-24.10.1-ath79-generic.manifest
24.10.1,ath79/generic,kmod-gpio-button-hotplug,6.6.86-r5,research-os/data/openwrt-v2-snapshots/releases/24.10.1/ath79_generic/openwrt-24.10.1-ath79-generic.manifest
24.10.1,ath79/generic,kmod-lib-crc-ccitt,6.6.86-r1,research-os/data/openwrt-v2-snapshots/releases/24.10.1/ath79_generic/openwrt-24.10.1-ath79-generic.manifest
24.10.1,ath79/generic,kmod-lib-crc32c,6.6.86-r1,research-os/data/openwrt-v2-snapshots/releases/24.10.1/ath79_generic/openwrt-24.10.1-ath79-generic.manifest
24.10.1,ath79/generic,kmod-lib-lzo,6.6.86-r1,research-os/data/openwrt-v2-snapshots/releases/24.10.1/ath79_generic/openwrt-24.10.1-ath79-generic.manifest
24.10.1,ath79/generic,kmod-mac80211,6.6.86.6.12.6-r1,research-os/data/openwrt-v2-snapshots/releases/24.10.1/ath79_generic/openwrt-24.10.1-ath79-generic.manifest
24.10.1,ath79/generic,kmod-nf-conntrack,6.6.86-r1,research-os/data/openwrt-v2-snapshots/releases/24.10.1/ath79_generic/openwrt-24.10.1-ath79-generic.manifest
24.10.1,ath79/generic,kmod-nf-conntrack6,6.6.86-r1,research-os/data/openwrt-v2-snapshots/releases/24.10.1/ath79_generic/openwrt-24.10.1-ath79-generic.manifest
24.10.1,ath79/generic,kmod-nf-flow,6.6.86-r1,research-os/data/openwrt-v2-snapshots/releases/24.10.1/ath79_generic/openwrt-24.10.1-ath79-generic.manifest
24.10.1,ath79/generic,kmod-nf-log,6.6.86-r1,research-os/data/openwrt-v2-snapshots/releases/24.10.1/ath79_generic/openwrt-24.10.1-ath79-generic.manifest
24.10.1,ath79/generic,kmod-nf-log6,6.6.86-r1,research-os/data/openwrt-v2-snapshots/releases/24.10.1/ath79_generic/openwrt-24.10.1-ath79-generic.manifest
24.10.1,ath79/generic,kmod-nf-nat,6.6.86-r1,research-os/data/openwrt-v2-snapshots/releases/24.10.1/ath79_generic/openwrt-24.10.1-ath79-generic.manifest
24.10.1,ath79/generic,kmod-nf-reject,6.6.86-r1,research-os/data/openwrt-v2-snapshots/releases/24.10.1/ath79_generic/openwrt-24.10.1-ath79-generic.manifest
24.10.1,ath79/generic,kmod-nf-reject6,6.6.86-r1,research-os/data/openwrt-v2-snapshots/releases/24.10.1/ath79_generic/openwrt-24.10.1-ath79-generic.manifest
24.10.1,ath79/generic,kmod-nfnetlink,6.6.86-r1,research-os/data/openwrt-v2-snapshots/releases/24.10.1/ath79_generic/openwrt-24.10.1-ath79-generic.manifest
24.10.1,ath79/generic,kmod-nft-core,6.6.86-r1,research-os/data/openwrt-v2-snapshots/releases/24.10.1/ath79_generic/openwrt-24.10.1-ath79-generic.manifest
24.10.1,ath79/generic,kmod-nft-fib,6.6.86-r1,research-os/data/openwrt-v2-snapshots/releases/24.10.1/ath79_generic/openwrt-24.10.1-ath79-generic.manifest
24.10.1,ath79/generic,kmod-nft-nat,6.6.86-r1,research-os/data/openwrt-v2-snapshots/releases/24.10.1/ath79_generic/openwrt-24.10.1-ath79-generic.manifest
24.10.1,ath79/generic,kmod-nft-offload,6.6.86-r1,research-os/data/openwrt-v2-snapshots/releases/24.10.1/ath79_generic/openwrt-24.10.1-ath79-generic.manifest
24.10.1,ath79/generic,kmod-ppp,6.6.86-r1,research-os/data/openwrt-v2-snapshots/releases/24.10.1/ath79_generic/openwrt-24.10.1-ath79-generic.manifest
24.10.1,ath79/generic,kmod-pppoe,6.6.86-r1,research-os/data/openwrt-v2-snapshots/releases/24.10.1/ath79_generic/openwrt-24.10.1-ath79-generic.manifest
24.10.1,ath79/generic,kmod-pppox,6.6.86-r1,research-os/data/openwrt-v2-snapshots/releases/24.10.1/ath79_generic/openwrt-24.10.1-ath79-generic.manifest
24.10.1,ath79/generic,kmod-random-core,6.6.86-r1,research-os/data/openwrt-v2-snapshots/releases/24.10.1/ath79_generic/openwrt-24.10.1-ath79-generic.manifest
24.10.1,ath79/generic,kmod-slhc,6.6.86-r1,research-os/data/openwrt-v2-snapshots/releases/24.10.1/ath79_generic/openwrt-24.10.1-ath79-generic.manifest
24.10.1,ath79/generic,libblobmsg-json20240329,2024.03.29~eb9bcb64-r1,research-os/data/openwrt-v2-snapshots/releases/24.10.1/ath79_generic/openwrt-24.10.1-ath79-generic.manifest
24.10.1,ath79/generic,libc,1.2.5-r4,research-os/data/openwrt-v2-snapshots/releases/24.10.1/ath79_generic/openwrt-24.10.1-ath79-generic.manifest
24.10.1,ath79/generic,libgcc1,13.3.0-r4,research-os/data/openwrt-v2-snapshots/releases/24.10.1/ath79_generic/openwrt-24.10.1-ath79-generic.manifest
24.10.1,ath79/generic,libiwinfo-data,2024.10.20~b94f066e-r1,research-os/data/openwrt-v2-snapshots/releases/24.10.1/ath79_generic/openwrt-24.10.1-ath79-generic.manifest
24.10.1,ath79/generic,libiwinfo20230701,2024.10.20~b94f066e-r1,research-os/data/openwrt-v2-snapshots/releases/24.10.1/ath79_generic/openwrt-24.10.1-ath79-generic.manifest
24.10.1,ath79/generic,libjson-c5,0.18-r1,research-os/data/openwrt-v2-snapshots/releases/24.10.1/ath79_generic/openwrt-24.10.1-ath79-generic.manifest
24.10.1,ath79/generic,libjson-script20240329,2024.03.29~eb9bcb64-r1,research-os/data/openwrt-v2-snapshots/releases/24.10.1/ath79_generic/openwrt-24.10.1-ath79-generic.manifest
24.10.1,ath79/generic,liblucihttp-ucode,2023.03.15~9b5b683f-r1,research-os/data/openwrt-v2-snapshots/releases/24.10.1/ath79_generic/openwrt-24.10.1-ath79-generic.manifest
24.10.1,ath79/generic,liblucihttp0,2023.03.15~9b5b683f-r1,research-os/data/openwrt-v2-snapshots/releases/24.10.1/ath79_generic/openwrt-24.10.1-ath79-generic.manifest
24.10.1,ath79/generic,libmbedtls21,3.6.3-r1,research-os/data/openwrt-v2-snapshots/releases/24.10.1/ath79_generic/openwrt-24.10.1-ath79-generic.manifest
24.10.1,ath79/generic,libmnl0,1.0.5-r1,research-os/data/openwrt-v2-snapshots/releases/24.10.1/ath79_generic/openwrt-24.10.1-ath79-generic.manifest
24.10.1,ath79/generic,libnftnl11,1.2.8-r1,research-os/data/openwrt-v2-snapshots/releases/24.10.1/ath79_generic/openwrt-24.10.1-ath79-generic.manifest
24.10.1,ath79/generic,libnl-tiny1,2025.03.19~c0df580a-r1,research-os/data/openwrt-v2-snapshots/releases/24.10.1/ath79_generic/openwrt-24.10.1-ath79-generic.manifest
24.10.1,ath79/generic,libpthread,1.2.5-r4,research-os/data/openwrt-v2-snapshots/releases/24.10.1/ath79_generic/openwrt-24.10.1-ath79-generic.manifest
24.10.1,ath79/generic,libubox20240329,2024.03.29~eb9bcb64-r1,research-os/data/openwrt-v2-snapshots/releases/24.10.1/ath79_generic/openwrt-24.10.1-ath79-generic.manifest
24.10.1,ath79/generic,libubus20250102,2025.01.02~afa57cce-r1,research-os/data/openwrt-v2-snapshots/releases/24.10.1/ath79_generic/openwrt-24.10.1-ath79-generic.manifest
24.10.1,ath79/generic,libuci20250120,2025.01.20~16ff0bad-r1,research-os/data/openwrt-v2-snapshots/releases/24.10.1/ath79_generic/openwrt-24.10.1-ath79-generic.manifest
24.10.1,ath79/generic,libuclient20201210,2024.10.22~88ae8f20-r1,research-os/data/openwrt-v2-snapshots/releases/24.10.1/ath79_generic/openwrt-24.10.1-ath79-generic.manifest
24.10.1,ath79/generic,libucode20230711,2025.02.10~a8a11aea-r1,research-os/data/openwrt-v2-snapshots/releases/24.10.1/ath79_generic/openwrt-24.10.1-ath79-generic.manifest
24.10.1,ath79/generic,libudebug,2023.12.06~6d3f51f9,research-os/data/openwrt-v2-snapshots/releases/24.10.1/ath79_generic/openwrt-24.10.1-ath79-generic.manifest
24.10.1,ath79/generic,libustream-mbedtls20201210,2024.07.28~99bd3d2b-r1,research-os/data/openwrt-v2-snapshots/releases/24.10.1/ath79_generic/openwrt-24.10.1-ath79-generic.manifest
24.10.1,ath79/generic,logd,2024.04.26~85f10530-r1,research-os/data/openwrt-v2-snapshots/releases/24.10.1/ath79_generic/openwrt-24.10.1-ath79-generic.manifest
24.10.1,ath79/generic,luci,25.103.51521~2ac26e5,research-os/data/openwrt-v2-snapshots/releases/24.10.1/ath79_generic/openwrt-24.10.1-ath79-generic.manifest
24.10.1,ath79/generic,luci-app-firewall,25.103.51521~2ac26e5,research-os/data/openwrt-v2-snapshots/releases/24.10.1/ath79_generic/openwrt-24.10.1-ath79-generic.manifest
24.10.1,ath79/generic,luci-app-package-manager,25.103.51521~2ac26e5,research-os/data/openwrt-v2-snapshots/releases/24.10.1/ath79_generic/openwrt-24.10.1-ath79-generic.manifest
24.10.1,ath79/generic,luci-base,25.103.51521~2ac26e5,research-os/data/openwrt-v2-snapshots/releases/24.10.1/ath79_generic/openwrt-24.10.1-ath79-generic.manifest
24.10.1,ath79/generic,luci-light,25.103.51521~2ac26e5,research-os/data/openwrt-v2-snapshots/releases/24.10.1/ath79_generic/openwrt-24.10.1-ath79-generic.manifest
24.10.1,ath79/generic,luci-mod-admin-full,25.103.51521~2ac26e5,research-os/data/openwrt-v2-snapshots/releases/24.10.1/ath79_generic/openwrt-24.10.1-ath79-generic.manifest
24.10.1,ath79/generic,luci-mod-network,25.103.51521~2ac26e5,research-os/data/openwrt-v2-snapshots/releases/24.10.1/ath79_generic/openwrt-24.10.1-ath79-generic.manifest
24.10.1,ath79/generic,luci-mod-status,25.103.51521~2ac26e5,research-os/data/openwrt-v2-snapshots/releases/24.10.1/ath79_generic/openwrt-24.10.1-ath79-generic.manifest
24.10.1,ath79/generic,luci-mod-system,25.103.51521~2ac26e5,research-os/data/openwrt-v2-snapshots/releases/24.10.1/ath79_generic/openwrt-24.10.1-ath79-generic.manifest
24.10.1,ath79/generic,luci-proto-ipv6,25.103.51521~2ac26e5,research-os/data/openwrt-v2-snapshots/releases/24.10.1/ath79_generic/openwrt-24.10.1-ath79-generic.manifest
24.10.1,ath79/generic,luci-proto-ppp,25.103.51521~2ac26e5,research-os/data/openwrt-v2-snapshots/releases/24.10.1/ath79_generic/openwrt-24.10.1-ath79-generic.manifest
24.10.1,ath79/generic,luci-ssl,25.103.51521~2ac26e5,research-os/data/openwrt-v2-snapshots/releases/24.10.1/ath79_generic/openwrt-24.10.1-ath79-generic.manifest
24.10.1,ath79/generic,luci-theme-bootstrap,25.103.51521~2ac26e5,research-os/data/openwrt-v2-snapshots/releases/24.10.1/ath79_generic/openwrt-24.10.1-ath79-generic.manifest
24.10.1,ath79/generic,mtd,26,research-os/data/openwrt-v2-snapshots/releases/24.10.1/ath79_generic/openwrt-24.10.1-ath79-generic.manifest
24.10.1,ath79/generic,netifd,2024.12.17~ea01ed41-r1,research-os/data/openwrt-v2-snapshots/releases/24.10.1/ath79_generic/openwrt-24.10.1-ath79-generic.manifest
24.10.1,ath79/generic,nftables-json,1.1.1-r1,research-os/data/openwrt-v2-snapshots/releases/24.10.1/ath79_generic/openwrt-24.10.1-ath79-generic.manifest
24.10.1,ath79/generic,odhcp6c,2024.09.25~b6ae9ffa-r1,research-os/data/openwrt-v2-snapshots/releases/24.10.1/ath79_generic/openwrt-24.10.1-ath79-generic.manifest
24.10.1,ath79/generic,odhcpd-ipv6only,2024.05.08~a2988231-r1,research-os/data/openwrt-v2-snapshots/releases/24.10.1/ath79_generic/openwrt-24.10.1-ath79-generic.manifest
24.10.1,ath79/generic,openwrt-keyring,2024.11.01~fbae29d7-r2,research-os/data/openwrt-v2-snapshots/releases/24.10.1/ath79_generic/openwrt-24.10.1-ath79-generic.manifest
24.10.1,ath79/generic,opkg,2024.10.16~38eccbb1-r1,research-os/data/openwrt-v2-snapshots/releases/24.10.1/ath79_generic/openwrt-24.10.1-ath79-generic.manifest
24.10.1,ath79/generic,ppp,2.5.1-r1,research-os/data/openwrt-v2-snapshots/releases/24.10.1/ath79_generic/openwrt-24.10.1-ath79-generic.manifest
24.10.1,ath79/generic,ppp-mod-pppoe,2.5.1-r1,research-os/data/openwrt-v2-snapshots/releases/24.10.1/ath79_generic/openwrt-24.10.1-ath79-generic.manifest
24.10.1,ath79/generic,procd,2024.12.22~42d39376-r1,research-os/data/openwrt-v2-snapshots/releases/24.10.1/ath79_generic/openwrt-24.10.1-ath79-generic.manifest
24.10.1,ath79/generic,procd-seccomp,2024.12.22~42d39376-r1,research-os/data/openwrt-v2-snapshots/releases/24.10.1/ath79_generic/openwrt-24.10.1-ath79-generic.manifest
24.10.1,ath79/generic,procd-ujail,2024.12.22~42d39376-r1,research-os/data/openwrt-v2-snapshots/releases/24.10.1/ath79_generic/openwrt-24.10.1-ath79-generic.manifest
24.10.1,ath79/generic,px5g-mbedtls,11,research-os/data/openwrt-v2-snapshots/releases/24.10.1/ath79_generic/openwrt-24.10.1-ath79-generic.manifest
24.10.1,ath79/generic,rpcd,2024.09.17~9f4b86e7-r1,research-os/data/openwrt-v2-snapshots/releases/24.10.1/ath79_generic/openwrt-24.10.1-ath79-generic.manifest
24.10.1,ath79/generic,rpcd-mod-file,2024.09.17~9f4b86e7-r1,research-os/data/openwrt-v2-snapshots/releases/24.10.1/ath79_generic/openwrt-24.10.1-ath79-generic.manifest
24.10.1,ath79/generic,rpcd-mod-iwinfo,2024.09.17~9f4b86e7-r1,research-os/data/openwrt-v2-snapshots/releases/24.10.1/ath79_generic/openwrt-24.10.1-ath79-generic.manifest
24.10.1,ath79/generic,rpcd-mod-luci,20240305-r1,research-os/data/openwrt-v2-snapshots/releases/24.10.1/ath79_generic/openwrt-24.10.1-ath79-generic.manifest
24.10.1,ath79/generic,rpcd-mod-rrdns,20170710,research-os/data/openwrt-v2-snapshots/releases/24.10.1/ath79_generic/openwrt-24.10.1-ath79-generic.manifest
24.10.1,ath79/generic,rpcd-mod-ucode,2024.09.17~9f4b86e7-r1,research-os/data/openwrt-v2-snapshots/releases/24.10.1/ath79_generic/openwrt-24.10.1-ath79-generic.manifest
24.10.1,ath79/generic,swconfig,12,research-os/data/openwrt-v2-snapshots/releases/24.10.1/ath79_generic/openwrt-24.10.1-ath79-generic.manifest
24.10.1,ath79/generic,uboot-envtools,2024.07-r1,research-os/data/openwrt-v2-snapshots/releases/24.10.1/ath79_generic/openwrt-24.10.1-ath79-generic.manifest
24.10.1,ath79/generic,ubox,2024.04.26~85f10530-r1,research-os/data/openwrt-v2-snapshots/releases/24.10.1/ath79_generic/openwrt-24.10.1-ath79-generic.manifest
24.10.1,ath79/generic,ubus,2025.01.02~afa57cce-r1,research-os/data/openwrt-v2-snapshots/releases/24.10.1/ath79_generic/openwrt-24.10.1-ath79-generic.manifest
24.10.1,ath79/generic,ubusd,2025.01.02~afa57cce-r1,research-os/data/openwrt-v2-snapshots/releases/24.10.1/ath79_generic/openwrt-24.10.1-ath79-generic.manifest
24.10.1,ath79/generic,uci,2025.01.20~16ff0bad-r1,research-os/data/openwrt-v2-snapshots/releases/24.10.1/ath79_generic/openwrt-24.10.1-ath79-generic.manifest
24.10.1,ath79/generic,uclient-fetch,2024.10.22~88ae8f20-r1,research-os/data/openwrt-v2-snapshots/releases/24.10.1/ath79_generic/openwrt-24.10.1-ath79-generic.manifest
24.10.1,ath79/generic,ucode,2025.02.10~a8a11aea-r1,research-os/data/openwrt-v2-snapshots/releases/24.10.1/ath79_generic/openwrt-24.10.1-ath79-generic.manifest
24.10.1,ath79/generic,ucode-mod-fs,2025.02.10~a8a11aea-r1,research-os/data/openwrt-v2-snapshots/releases/24.10.1/ath79_generic/openwrt-24.10.1-ath79-generic.manifest
24.10.1,ath79/generic,ucode-mod-html,1,research-os/data/openwrt-v2-snapshots/releases/24.10.1/ath79_generic/openwrt-24.10.1-ath79-generic.manifest
24.10.1,ath79/generic,ucode-mod-math,2025.02.10~a8a11aea-r1,research-os/data/openwrt-v2-snapshots/releases/24.10.1/ath79_generic/openwrt-24.10.1-ath79-generic.manifest
24.10.1,ath79/generic,ucode-mod-nl80211,2025.02.10~a8a11aea-r1,research-os/data/openwrt-v2-snapshots/releases/24.10.1/ath79_generic/openwrt-24.10.1-ath79-generic.manifest
24.10.1,ath79/generic,ucode-mod-rtnl,2025.02.10~a8a11aea-r1,research-os/data/openwrt-v2-snapshots/releases/24.10.1/ath79_generic/openwrt-24.10.1-ath79-generic.manifest
24.10.1,ath79/generic,ucode-mod-ubus,2025.02.10~a8a11aea-r1,research-os/data/openwrt-v2-snapshots/releases/24.10.1/ath79_generic/openwrt-24.10.1-ath79-generic.manifest
24.10.1,ath79/generic,ucode-mod-uci,2025.02.10~a8a11aea-r1,research-os/data/openwrt-v2-snapshots/releases/24.10.1/ath79_generic/openwrt-24.10.1-ath79-generic.manifest
24.10.1,ath79/generic,ucode-mod-uloop,2025.02.10~a8a11aea-r1,research-os/data/openwrt-v2-snapshots/releases/24.10.1/ath79_generic/openwrt-24.10.1-ath79-generic.manifest
24.10.1,ath79/generic,uhttpd,2023.06.25~34a8a74d-r4,research-os/data/openwrt-v2-snapshots/releases/24.10.1/ath79_generic/openwrt-24.10.1-ath79-generic.manifest
24.10.1,ath79/generic,uhttpd-mod-ubus,2023.06.25~34a8a74d-r4,research-os/data/openwrt-v2-snapshots/releases/24.10.1/ath79_generic/openwrt-24.10.1-ath79-generic.manifest
24.10.1,ath79/generic,urandom-seed,3,research-os/data/openwrt-v2-snapshots/releases/24.10.1/ath79_generic/openwrt-24.10.1-ath79-generic.manifest
24.10.1,ath79/generic,urngd,2023.11.01~44365eb1-r1,research-os/data/openwrt-v2-snapshots/releases/24.10.1/ath79_generic/openwrt-24.10.1-ath79-generic.manifest
24.10.1,ath79/generic,usign,2020.05.23~f1f65026-r1,research-os/data/openwrt-v2-snapshots/releases/24.10.1/ath79_generic/openwrt-24.10.1-ath79-generic.manifest
24.10.1,ath79/generic,wifi-scripts,1.0-r1,research-os/data/openwrt-v2-snapshots/releases/24.10.1/ath79_generic/openwrt-24.10.1-ath79-generic.manifest
24.10.1,ath79/generic,wireless-regdb,2025.02.20-r1,research-os/data/openwrt-v2-snapshots/releases/24.10.1/ath79_generic/openwrt-24.10.1-ath79-generic.manifest
24.10.1,ath79/generic,wpad-basic-mbedtls,2024.09.15~5ace39b0-r2,research-os/data/openwrt-v2-snapshots/releases/24.10.1/ath79_generic/openwrt-24.10.1-ath79-generic.manifest
24.10.1,x86/64,base-files,1658~0425664679,research-os/data/openwrt-v2-snapshots/releases/24.10.1/x86_64/openwrt-24.10.1-x86-64.manifest
24.10.1,x86/64,busybox,1.36.1-r2,research-os/data/openwrt-v2-snapshots/releases/24.10.1/x86_64/openwrt-24.10.1-x86-64.manifest
24.10.1,x86/64,ca-bundle,20241223-r1,research-os/data/openwrt-v2-snapshots/releases/24.10.1/x86_64/openwrt-24.10.1-x86-64.manifest
24.10.1,x86/64,cgi-io,2022.08.10~901b0f04-r21,research-os/data/openwrt-v2-snapshots/releases/24.10.1/x86_64/openwrt-24.10.1-x86-64.manifest
24.10.1,x86/64,dnsmasq,2.90-r4,research-os/data/openwrt-v2-snapshots/releases/24.10.1/x86_64/openwrt-24.10.1-x86-64.manifest
24.10.1,x86/64,dropbear,2024.86-r1,research-os/data/openwrt-v2-snapshots/releases/24.10.1/x86_64/openwrt-24.10.1-x86-64.manifest
24.10.1,x86/64,e2fsprogs,1.47.0-r2,research-os/data/openwrt-v2-snapshots/releases/24.10.1/x86_64/openwrt-24.10.1-x86-64.manifest
24.10.1,x86/64,firewall4,2024.12.18~18fc0ead-r1,research-os/data/openwrt-v2-snapshots/releases/24.10.1/x86_64/openwrt-24.10.1-x86-64.manifest
24.10.1,x86/64,fstools,2024.07.14~408c2cc4-r1,research-os/data/openwrt-v2-snapshots/releases/24.10.1/x86_64/openwrt-24.10.1-x86-64.manifest
24.10.1,x86/64,fwtool,2019.11.12~8f7fe925-r1,research-os/data/openwrt-v2-snapshots/releases/24.10.1/x86_64/openwrt-24.10.1-x86-64.manifest
24.10.1,x86/64,getrandom,2024.04.26~85f10530-r1,research-os/data/openwrt-v2-snapshots/releases/24.10.1/x86_64/openwrt-24.10.1-x86-64.manifest
24.10.1,x86/64,grub2,2.12-r1,research-os/data/openwrt-v2-snapshots/releases/24.10.1/x86_64/openwrt-24.10.1-x86-64.manifest
24.10.1,x86/64,grub2-bios-setup,2.12-r1,research-os/data/openwrt-v2-snapshots/releases/24.10.1/x86_64/openwrt-24.10.1-x86-64.manifest
24.10.1,x86/64,grub2-efi,2.12-r1,research-os/data/openwrt-v2-snapshots/releases/24.10.1/x86_64/openwrt-24.10.1-x86-64.manifest
24.10.1,x86/64,jansson4,2.14-r3,research-os/data/openwrt-v2-snapshots/releases/24.10.1/x86_64/openwrt-24.10.1-x86-64.manifest
24.10.1,x86/64,jshn,2024.03.29~eb9bcb64-r1,research-os/data/openwrt-v2-snapshots/releases/24.10.1/x86_64/openwrt-24.10.1-x86-64.manifest
24.10.1,x86/64,jsonfilter,2024.01.23~594cfa86-r1,research-os/data/openwrt-v2-snapshots/releases/24.10.1/x86_64/openwrt-24.10.1-x86-64.manifest
24.10.1,x86/64,kernel,6.6.86~af351158cfb5febf5155a3aa53785982-r1,research-os/data/openwrt-v2-snapshots/releases/24.10.1/x86_64/openwrt-24.10.1-x86-64.manifest
24.10.1,x86/64,kmod-button-hotplug,6.6.86-r3,research-os/data/openwrt-v2-snapshots/releases/24.10.1/x86_64/openwrt-24.10.1-x86-64.manifest
24.10.1,x86/64,kmod-crypto-acompress,6.6.86-r1,research-os/data/openwrt-v2-snapshots/releases/24.10.1/x86_64/openwrt-24.10.1-x86-64.manifest
24.10.1,x86/64,kmod-crypto-crc32c,6.6.86-r1,research-os/data/openwrt-v2-snapshots/releases/24.10.1/x86_64/openwrt-24.10.1-x86-64.manifest
24.10.1,x86/64,kmod-crypto-hash,6.6.86-r1,research-os/data/openwrt-v2-snapshots/releases/24.10.1/x86_64/openwrt-24.10.1-x86-64.manifest
24.10.1,x86/64,kmod-fs-vfat,6.6.86-r1,research-os/data/openwrt-v2-snapshots/releases/24.10.1/x86_64/openwrt-24.10.1-x86-64.manifest
24.10.1,x86/64,kmod-input-core,6.6.86-r1,research-os/data/openwrt-v2-snapshots/releases/24.10.1/x86_64/openwrt-24.10.1-x86-64.manifest
24.10.1,x86/64,kmod-lib-crc-ccitt,6.6.86-r1,research-os/data/openwrt-v2-snapshots/releases/24.10.1/x86_64/openwrt-24.10.1-x86-64.manifest
24.10.1,x86/64,kmod-lib-crc32c,6.6.86-r1,research-os/data/openwrt-v2-snapshots/releases/24.10.1/x86_64/openwrt-24.10.1-x86-64.manifest
24.10.1,x86/64,kmod-lib-lzo,6.6.86-r1,research-os/data/openwrt-v2-snapshots/releases/24.10.1/x86_64/openwrt-24.10.1-x86-64.manifest
24.10.1,x86/64,kmod-nf-conntrack,6.6.86-r1,research-os/data/openwrt-v2-snapshots/releases/24.10.1/x86_64/openwrt-24.10.1-x86-64.manifest
24.10.1,x86/64,kmod-nf-conntrack6,6.6.86-r1,research-os/data/openwrt-v2-snapshots/releases/24.10.1/x86_64/openwrt-24.10.1-x86-64.manifest
24.10.1,x86/64,kmod-nf-flow,6.6.86-r1,research-os/data/openwrt-v2-snapshots/releases/24.10.1/x86_64/openwrt-24.10.1-x86-64.manifest
24.10.1,x86/64,kmod-nf-log,6.6.86-r1,research-os/data/openwrt-v2-snapshots/releases/24.10.1/x86_64/openwrt-24.10.1-x86-64.manifest
24.10.1,x86/64,kmod-nf-log6,6.6.86-r1,research-os/data/openwrt-v2-snapshots/releases/24.10.1/x86_64/openwrt-24.10.1-x86-64.manifest
24.10.1,x86/64,kmod-nf-nat,6.6.86-r1,research-os/data/openwrt-v2-snapshots/releases/24.10.1/x86_64/openwrt-24.10.1-x86-64.manifest
24.10.1,x86/64,kmod-nf-reject,6.6.86-r1,research-os/data/openwrt-v2-snapshots/releases/24.10.1/x86_64/openwrt-24.10.1-x86-64.manifest
24.10.1,x86/64,kmod-nf-reject6,6.6.86-r1,research-os/data/openwrt-v2-snapshots/releases/24.10.1/x86_64/openwrt-24.10.1-x86-64.manifest
24.10.1,x86/64,kmod-nfnetlink,6.6.86-r1,research-os/data/openwrt-v2-snapshots/releases/24.10.1/x86_64/openwrt-24.10.1-x86-64.manifest
24.10.1,x86/64,kmod-nft-core,6.6.86-r1,research-os/data/openwrt-v2-snapshots/releases/24.10.1/x86_64/openwrt-24.10.1-x86-64.manifest
24.10.1,x86/64,kmod-nft-fib,6.6.86-r1,research-os/data/openwrt-v2-snapshots/releases/24.10.1/x86_64/openwrt-24.10.1-x86-64.manifest
24.10.1,x86/64,kmod-nft-nat,6.6.86-r1,research-os/data/openwrt-v2-snapshots/releases/24.10.1/x86_64/openwrt-24.10.1-x86-64.manifest
24.10.1,x86/64,kmod-nft-offload,6.6.86-r1,research-os/data/openwrt-v2-snapshots/releases/24.10.1/x86_64/openwrt-24.10.1-x86-64.manifest
24.10.1,x86/64,kmod-nls-base,6.6.86-r1,research-os/data/openwrt-v2-snapshots/releases/24.10.1/x86_64/openwrt-24.10.1-x86-64.manifest
24.10.1,x86/64,kmod-nls-cp437,6.6.86-r1,research-os/data/openwrt-v2-snapshots/releases/24.10.1/x86_64/openwrt-24.10.1-x86-64.manifest
24.10.1,x86/64,kmod-nls-iso8859-1,6.6.86-r1,research-os/data/openwrt-v2-snapshots/releases/24.10.1/x86_64/openwrt-24.10.1-x86-64.manifest
24.10.1,x86/64,kmod-nls-utf8,6.6.86-r1,research-os/data/openwrt-v2-snapshots/releases/24.10.1/x86_64/openwrt-24.10.1-x86-64.manifest
24.10.1,x86/64,kmod-ppp,6.6.86-r1,research-os/data/openwrt-v2-snapshots/releases/24.10.1/x86_64/openwrt-24.10.1-x86-64.manifest
24.10.1,x86/64,kmod-pppoe,6.6.86-r1,research-os/data/openwrt-v2-snapshots/releases/24.10.1/x86_64/openwrt-24.10.1-x86-64.manifest
24.10.1,x86/64,kmod-pppox,6.6.86-r1,research-os/data/openwrt-v2-snapshots/releases/24.10.1/x86_64/openwrt-24.10.1-x86-64.manifest
24.10.1,x86/64,kmod-slhc,6.6.86-r1,research-os/data/openwrt-v2-snapshots/releases/24.10.1/x86_64/openwrt-24.10.1-x86-64.manifest
24.10.1,x86/64,libblkid1,2.40.2-r1,research-os/data/openwrt-v2-snapshots/releases/24.10.1/x86_64/openwrt-24.10.1-x86-64.manifest
24.10.1,x86/64,libblobmsg-json20240329,2024.03.29~eb9bcb64-r1,research-os/data/openwrt-v2-snapshots/releases/24.10.1/x86_64/openwrt-24.10.1-x86-64.manifest
24.10.1,x86/64,libc,1.2.5-r4,research-os/data/openwrt-v2-snapshots/releases/24.10.1/x86_64/openwrt-24.10.1-x86-64.manifest
24.10.1,x86/64,libcomerr0,1.47.0-r2,research-os/data/openwrt-v2-snapshots/releases/24.10.1/x86_64/openwrt-24.10.1-x86-64.manifest
24.10.1,x86/64,libe2p2,1.47.0-r2,research-os/data/openwrt-v2-snapshots/releases/24.10.1/x86_64/openwrt-24.10.1-x86-64.manifest
24.10.1,x86/64,libext2fs2,1.47.0-r2,research-os/data/openwrt-v2-snapshots/releases/24.10.1/x86_64/openwrt-24.10.1-x86-64.manifest
24.10.1,x86/64,libf2fs6,1.16.0-r3,research-os/data/openwrt-v2-snapshots/releases/24.10.1/x86_64/openwrt-24.10.1-x86-64.manifest
24.10.1,x86/64,libgcc1,13.3.0-r4,research-os/data/openwrt-v2-snapshots/releases/24.10.1/x86_64/openwrt-24.10.1-x86-64.manifest
24.10.1,x86/64,libiwinfo-data,2024.10.20~b94f066e-r1,research-os/data/openwrt-v2-snapshots/releases/24.10.1/x86_64/openwrt-24.10.1-x86-64.manifest
24.10.1,x86/64,libiwinfo20230701,2024.10.20~b94f066e-r1,research-os/data/openwrt-v2-snapshots/releases/24.10.1/x86_64/openwrt-24.10.1-x86-64.manifest
24.10.1,x86/64,libjson-c5,0.18-r1,research-os/data/openwrt-v2-snapshots/releases/24.10.1/x86_64/openwrt-24.10.1-x86-64.manifest
24.10.1,x86/64,libjson-script20240329,2024.03.29~eb9bcb64-r1,research-os/data/openwrt-v2-snapshots/releases/24.10.1/x86_64/openwrt-24.10.1-x86-64.manifest
24.10.1,x86/64,liblucihttp-ucode,2023.03.15~9b5b683f-r1,research-os/data/openwrt-v2-snapshots/releases/24.10.1/x86_64/openwrt-24.10.1-x86-64.manifest
24.10.1,x86/64,liblucihttp0,2023.03.15~9b5b683f-r1,research-os/data/openwrt-v2-snapshots/releases/24.10.1/x86_64/openwrt-24.10.1-x86-64.manifest
24.10.1,x86/64,libmbedtls21,3.6.3-r1,research-os/data/openwrt-v2-snapshots/releases/24.10.1/x86_64/openwrt-24.10.1-x86-64.manifest
24.10.1,x86/64,libmnl0,1.0.5-r1,research-os/data/openwrt-v2-snapshots/releases/24.10.1/x86_64/openwrt-24.10.1-x86-64.manifest
24.10.1,x86/64,libnftnl11,1.2.8-r1,research-os/data/openwrt-v2-snapshots/releases/24.10.1/x86_64/openwrt-24.10.1-x86-64.manifest
24.10.1,x86/64,libnl-tiny1,2025.03.19~c0df580a-r1,research-os/data/openwrt-v2-snapshots/releases/24.10.1/x86_64/openwrt-24.10.1-x86-64.manifest
24.10.1,x86/64,libpthread,1.2.5-r4,research-os/data/openwrt-v2-snapshots/releases/24.10.1/x86_64/openwrt-24.10.1-x86-64.manifest
24.10.1,x86/64,librt,1.2.5-r4,research-os/data/openwrt-v2-snapshots/releases/24.10.1/x86_64/openwrt-24.10.1-x86-64.manifest
24.10.1,x86/64,libsmartcols1,2.40.2-r1,research-os/data/openwrt-v2-snapshots/releases/24.10.1/x86_64/openwrt-24.10.1-x86-64.manifest
24.10.1,x86/64,libss2,1.47.0-r2,research-os/data/openwrt-v2-snapshots/releases/24.10.1/x86_64/openwrt-24.10.1-x86-64.manifest
24.10.1,x86/64,libubox20240329,2024.03.29~eb9bcb64-r1,research-os/data/openwrt-v2-snapshots/releases/24.10.1/x86_64/openwrt-24.10.1-x86-64.manifest
24.10.1,x86/64,libubus20250102,2025.01.02~afa57cce-r1,research-os/data/openwrt-v2-snapshots/releases/24.10.1/x86_64/openwrt-24.10.1-x86-64.manifest
24.10.1,x86/64,libuci20250120,2025.01.20~16ff0bad-r1,research-os/data/openwrt-v2-snapshots/releases/24.10.1/x86_64/openwrt-24.10.1-x86-64.manifest
24.10.1,x86/64,libuclient20201210,2024.10.22~88ae8f20-r1,research-os/data/openwrt-v2-snapshots/releases/24.10.1/x86_64/openwrt-24.10.1-x86-64.manifest
24.10.1,x86/64,libucode20230711,2025.02.10~a8a11aea-r1,research-os/data/openwrt-v2-snapshots/releases/24.10.1/x86_64/openwrt-24.10.1-x86-64.manifest
24.10.1,x86/64,libudebug,2023.12.06~6d3f51f9,research-os/data/openwrt-v2-snapshots/releases/24.10.1/x86_64/openwrt-24.10.1-x86-64.manifest
24.10.1,x86/64,libustream-mbedtls20201210,2024.07.28~99bd3d2b-r1,research-os/data/openwrt-v2-snapshots/releases/24.10.1/x86_64/openwrt-24.10.1-x86-64.manifest
24.10.1,x86/64,libuuid1,2.40.2-r1,research-os/data/openwrt-v2-snapshots/releases/24.10.1/x86_64/openwrt-24.10.1-x86-64.manifest
24.10.1,x86/64,logd,2024.04.26~85f10530-r1,research-os/data/openwrt-v2-snapshots/releases/24.10.1/x86_64/openwrt-24.10.1-x86-64.manifest
24.10.1,x86/64,luci,25.103.51521~2ac26e5,research-os/data/openwrt-v2-snapshots/releases/24.10.1/x86_64/openwrt-24.10.1-x86-64.manifest
24.10.1,x86/64,luci-app-firewall,25.103.51521~2ac26e5,research-os/data/openwrt-v2-snapshots/releases/24.10.1/x86_64/openwrt-24.10.1-x86-64.manifest
24.10.1,x86/64,luci-app-package-manager,25.103.51521~2ac26e5,research-os/data/openwrt-v2-snapshots/releases/24.10.1/x86_64/openwrt-24.10.1-x86-64.manifest
24.10.1,x86/64,luci-base,25.103.51521~2ac26e5,research-os/data/openwrt-v2-snapshots/releases/24.10.1/x86_64/openwrt-24.10.1-x86-64.manifest
24.10.1,x86/64,luci-light,25.103.51521~2ac26e5,research-os/data/openwrt-v2-snapshots/releases/24.10.1/x86_64/openwrt-24.10.1-x86-64.manifest
24.10.1,x86/64,luci-mod-admin-full,25.103.51521~2ac26e5,research-os/data/openwrt-v2-snapshots/releases/24.10.1/x86_64/openwrt-24.10.1-x86-64.manifest
24.10.1,x86/64,luci-mod-network,25.103.51521~2ac26e5,research-os/data/openwrt-v2-snapshots/releases/24.10.1/x86_64/openwrt-24.10.1-x86-64.manifest
24.10.1,x86/64,luci-mod-status,25.103.51521~2ac26e5,research-os/data/openwrt-v2-snapshots/releases/24.10.1/x86_64/openwrt-24.10.1-x86-64.manifest
24.10.1,x86/64,luci-mod-system,25.103.51521~2ac26e5,research-os/data/openwrt-v2-snapshots/releases/24.10.1/x86_64/openwrt-24.10.1-x86-64.manifest
24.10.1,x86/64,luci-proto-ipv6,25.103.51521~2ac26e5,research-os/data/openwrt-v2-snapshots/releases/24.10.1/x86_64/openwrt-24.10.1-x86-64.manifest
24.10.1,x86/64,luci-proto-ppp,25.103.51521~2ac26e5,research-os/data/openwrt-v2-snapshots/releases/24.10.1/x86_64/openwrt-24.10.1-x86-64.manifest
24.10.1,x86/64,luci-ssl,25.103.51521~2ac26e5,research-os/data/openwrt-v2-snapshots/releases/24.10.1/x86_64/openwrt-24.10.1-x86-64.manifest
24.10.1,x86/64,luci-theme-bootstrap,25.103.51521~2ac26e5,research-os/data/openwrt-v2-snapshots/releases/24.10.1/x86_64/openwrt-24.10.1-x86-64.manifest
24.10.1,x86/64,mkf2fs,1.16.0-r3,research-os/data/openwrt-v2-snapshots/releases/24.10.1/x86_64/openwrt-24.10.1-x86-64.manifest
24.10.1,x86/64,mtd,26,research-os/data/openwrt-v2-snapshots/releases/24.10.1/x86_64/openwrt-24.10.1-x86-64.manifest
24.10.1,x86/64,netifd,2024.12.17~ea01ed41-r1,research-os/data/openwrt-v2-snapshots/releases/24.10.1/x86_64/openwrt-24.10.1-x86-64.manifest
24.10.1,x86/64,nftables-json,1.1.1-r1,research-os/data/openwrt-v2-snapshots/releases/24.10.1/x86_64/openwrt-24.10.1-x86-64.manifest
24.10.1,x86/64,odhcp6c,2024.09.25~b6ae9ffa-r1,research-os/data/openwrt-v2-snapshots/releases/24.10.1/x86_64/openwrt-24.10.1-x86-64.manifest
24.10.1,x86/64,odhcpd-ipv6only,2024.05.08~a2988231-r1,research-os/data/openwrt-v2-snapshots/releases/24.10.1/x86_64/openwrt-24.10.1-x86-64.manifest
24.10.1,x86/64,openwrt-keyring,2024.11.01~fbae29d7-r2,research-os/data/openwrt-v2-snapshots/releases/24.10.1/x86_64/openwrt-24.10.1-x86-64.manifest
24.10.1,x86/64,opkg,2024.10.16~38eccbb1-r1,research-os/data/openwrt-v2-snapshots/releases/24.10.1/x86_64/openwrt-24.10.1-x86-64.manifest
24.10.1,x86/64,partx-utils,2.40.2-r1,research-os/data/openwrt-v2-snapshots/releases/24.10.1/x86_64/openwrt-24.10.1-x86-64.manifest
24.10.1,x86/64,ppp,2.5.1-r1,research-os/data/openwrt-v2-snapshots/releases/24.10.1/x86_64/openwrt-24.10.1-x86-64.manifest
24.10.1,x86/64,ppp-mod-pppoe,2.5.1-r1,research-os/data/openwrt-v2-snapshots/releases/24.10.1/x86_64/openwrt-24.10.1-x86-64.manifest
24.10.1,x86/64,procd,2024.12.22~42d39376-r1,research-os/data/openwrt-v2-snapshots/releases/24.10.1/x86_64/openwrt-24.10.1-x86-64.manifest
24.10.1,x86/64,procd-seccomp,2024.12.22~42d39376-r1,research-os/data/openwrt-v2-snapshots/releases/24.10.1/x86_64/openwrt-24.10.1-x86-64.manifest
24.10.1,x86/64,procd-ujail,2024.12.22~42d39376-r1,research-os/data/openwrt-v2-snapshots/releases/24.10.1/x86_64/openwrt-24.10.1-x86-64.manifest
24.10.1,x86/64,px5g-mbedtls,11,research-os/data/openwrt-v2-snapshots/releases/24.10.1/x86_64/openwrt-24.10.1-x86-64.manifest
24.10.1,x86/64,rpcd,2024.09.17~9f4b86e7-r1,research-os/data/openwrt-v2-snapshots/releases/24.10.1/x86_64/openwrt-24.10.1-x86-64.manifest
24.10.1,x86/64,rpcd-mod-file,2024.09.17~9f4b86e7-r1,research-os/data/openwrt-v2-snapshots/releases/24.10.1/x86_64/openwrt-24.10.1-x86-64.manifest
24.10.1,x86/64,rpcd-mod-iwinfo,2024.09.17~9f4b86e7-r1,research-os/data/openwrt-v2-snapshots/releases/24.10.1/x86_64/openwrt-24.10.1-x86-64.manifest
24.10.1,x86/64,rpcd-mod-luci,20240305-r1,research-os/data/openwrt-v2-snapshots/releases/24.10.1/x86_64/openwrt-24.10.1-x86-64.manifest
24.10.1,x86/64,rpcd-mod-rrdns,20170710,research-os/data/openwrt-v2-snapshots/releases/24.10.1/x86_64/openwrt-24.10.1-x86-64.manifest
24.10.1,x86/64,rpcd-mod-ucode,2024.09.17~9f4b86e7-r1,research-os/data/openwrt-v2-snapshots/releases/24.10.1/x86_64/openwrt-24.10.1-x86-64.manifest
24.10.1,x86/64,ubox,2024.04.26~85f10530-r1,research-os/data/openwrt-v2-snapshots/releases/24.10.1/x86_64/openwrt-24.10.1-x86-64.manifest
24.10.1,x86/64,ubus,2025.01.02~afa57cce-r1,research-os/data/openwrt-v2-snapshots/releases/24.10.1/x86_64/openwrt-24.10.1-x86-64.manifest
24.10.1,x86/64,ubusd,2025.01.02~afa57cce-r1,research-os/data/openwrt-v2-snapshots/releases/24.10.1/x86_64/openwrt-24.10.1-x86-64.manifest
24.10.1,x86/64,uci,2025.01.20~16ff0bad-r1,research-os/data/openwrt-v2-snapshots/releases/24.10.1/x86_64/openwrt-24.10.1-x86-64.manifest
24.10.1,x86/64,uclient-fetch,2024.10.22~88ae8f20-r1,research-os/data/openwrt-v2-snapshots/releases/24.10.1/x86_64/openwrt-24.10.1-x86-64.manifest
24.10.1,x86/64,ucode,2025.02.10~a8a11aea-r1,research-os/data/openwrt-v2-snapshots/releases/24.10.1/x86_64/openwrt-24.10.1-x86-64.manifest
24.10.1,x86/64,ucode-mod-fs,2025.02.10~a8a11aea-r1,research-os/data/openwrt-v2-snapshots/releases/24.10.1/x86_64/openwrt-24.10.1-x86-64.manifest
24.10.1,x86/64,ucode-mod-html,1,research-os/data/openwrt-v2-snapshots/releases/24.10.1/x86_64/openwrt-24.10.1-x86-64.manifest
24.10.1,x86/64,ucode-mod-math,2025.02.10~a8a11aea-r1,research-os/data/openwrt-v2-snapshots/releases/24.10.1/x86_64/openwrt-24.10.1-x86-64.manifest
24.10.1,x86/64,ucode-mod-ubus,2025.02.10~a8a11aea-r1,research-os/data/openwrt-v2-snapshots/releases/24.10.1/x86_64/openwrt-24.10.1-x86-64.manifest
24.10.1,x86/64,ucode-mod-uci,2025.02.10~a8a11aea-r1,research-os/data/openwrt-v2-snapshots/releases/24.10.1/x86_64/openwrt-24.10.1-x86-64.manifest
24.10.1,x86/64,uhttpd,2023.06.25~34a8a74d-r4,research-os/data/openwrt-v2-snapshots/releases/24.10.1/x86_64/openwrt-24.10.1-x86-64.manifest
24.10.1,x86/64,uhttpd-mod-ubus,2023.06.25~34a8a74d-r4,research-os/data/openwrt-v2-snapshots/releases/24.10.1/x86_64/openwrt-24.10.1-x86-64.manifest
24.10.1,x86/64,urandom-seed,3,research-os/data/openwrt-v2-snapshots/releases/24.10.1/x86_64/openwrt-24.10.1-x86-64.manifest
24.10.1,x86/64,urngd,2023.11.01~44365eb1-r1,research-os/data/openwrt-v2-snapshots/releases/24.10.1/x86_64/openwrt-24.10.1-x86-64.manifest
24.10.1,x86/64,usign,2020.05.23~f1f65026-r1,research-os/data/openwrt-v2-snapshots/releases/24.10.1/x86_64/openwrt-24.10.1-x86-64.manifest
24.10.2,ath79/generic,base-files,1660~d9340319c6,research-os/data/openwrt-v2-snapshots/releases/24.10.2/ath79_generic/openwrt-24.10.2-ath79-generic.manifest
24.10.2,ath79/generic,busybox,1.36.1-r2,research-os/data/openwrt-v2-snapshots/releases/24.10.2/ath79_generic/openwrt-24.10.2-ath79-generic.manifest
24.10.2,ath79/generic,ca-bundle,20241223-r1,research-os/data/openwrt-v2-snapshots/releases/24.10.2/ath79_generic/openwrt-24.10.2-ath79-generic.manifest
24.10.2,ath79/generic,cgi-io,2022.08.10~901b0f04-r21,research-os/data/openwrt-v2-snapshots/releases/24.10.2/ath79_generic/openwrt-24.10.2-ath79-generic.manifest
24.10.2,ath79/generic,dnsmasq,2.90-r4,research-os/data/openwrt-v2-snapshots/releases/24.10.2/ath79_generic/openwrt-24.10.2-ath79-generic.manifest
24.10.2,ath79/generic,dropbear,2024.86-r1,research-os/data/openwrt-v2-snapshots/releases/24.10.2/ath79_generic/openwrt-24.10.2-ath79-generic.manifest
24.10.2,ath79/generic,firewall4,2024.12.18~18fc0ead-r1,research-os/data/openwrt-v2-snapshots/releases/24.10.2/ath79_generic/openwrt-24.10.2-ath79-generic.manifest
24.10.2,ath79/generic,fstools,2024.07.14~408c2cc4-r1,research-os/data/openwrt-v2-snapshots/releases/24.10.2/ath79_generic/openwrt-24.10.2-ath79-generic.manifest
24.10.2,ath79/generic,fwtool,2019.11.12~8f7fe925-r1,research-os/data/openwrt-v2-snapshots/releases/24.10.2/ath79_generic/openwrt-24.10.2-ath79-generic.manifest
24.10.2,ath79/generic,getrandom,2024.04.26~85f10530-r1,research-os/data/openwrt-v2-snapshots/releases/24.10.2/ath79_generic/openwrt-24.10.2-ath79-generic.manifest
24.10.2,ath79/generic,hostapd-common,2024.09.15~5ace39b0-r2,research-os/data/openwrt-v2-snapshots/releases/24.10.2/ath79_generic/openwrt-24.10.2-ath79-generic.manifest
24.10.2,ath79/generic,iw,6.9-r1,research-os/data/openwrt-v2-snapshots/releases/24.10.2/ath79_generic/openwrt-24.10.2-ath79-generic.manifest
24.10.2,ath79/generic,iwinfo,2024.10.20~b94f066e-r1,research-os/data/openwrt-v2-snapshots/releases/24.10.2/ath79_generic/openwrt-24.10.2-ath79-generic.manifest
24.10.2,ath79/generic,jansson4,2.14-r3,research-os/data/openwrt-v2-snapshots/releases/24.10.2/ath79_generic/openwrt-24.10.2-ath79-generic.manifest
24.10.2,ath79/generic,jshn,2024.12.19~3868f47c-r1,research-os/data/openwrt-v2-snapshots/releases/24.10.2/ath79_generic/openwrt-24.10.2-ath79-generic.manifest
24.10.2,ath79/generic,jsonfilter,2025.04.18~8a86fb78-r1,research-os/data/openwrt-v2-snapshots/releases/24.10.2/ath79_generic/openwrt-24.10.2-ath79-generic.manifest
24.10.2,ath79/generic,kernel,6.6.93~35ef4dd36891d37023436baa842fa311-r1,research-os/data/openwrt-v2-snapshots/releases/24.10.2/ath79_generic/openwrt-24.10.2-ath79-generic.manifest
24.10.2,ath79/generic,kmod-ath,6.6.93.6.12.6-r2,research-os/data/openwrt-v2-snapshots/releases/24.10.2/ath79_generic/openwrt-24.10.2-ath79-generic.manifest
24.10.2,ath79/generic,kmod-ath9k,6.6.93.6.12.6-r2,research-os/data/openwrt-v2-snapshots/releases/24.10.2/ath79_generic/openwrt-24.10.2-ath79-generic.manifest
24.10.2,ath79/generic,kmod-ath9k-common,6.6.93.6.12.6-r2,research-os/data/openwrt-v2-snapshots/releases/24.10.2/ath79_generic/openwrt-24.10.2-ath79-generic.manifest
24.10.2,ath79/generic,kmod-cfg80211,6.6.93.6.12.6-r2,research-os/data/openwrt-v2-snapshots/releases/24.10.2/ath79_generic/openwrt-24.10.2-ath79-generic.manifest
24.10.2,ath79/generic,kmod-crypto-acompress,6.6.93-r1,research-os/data/openwrt-v2-snapshots/releases/24.10.2/ath79_generic/openwrt-24.10.2-ath79-generic.manifest
24.10.2,ath79/generic,kmod-crypto-aead,6.6.93-r1,research-os/data/openwrt-v2-snapshots/releases/24.10.2/ath79_generic/openwrt-24.10.2-ath79-generic.manifest
24.10.2,ath79/generic,kmod-crypto-ccm,6.6.93-r1,research-os/data/openwrt-v2-snapshots/releases/24.10.2/ath79_generic/openwrt-24.10.2-ath79-generic.manifest
24.10.2,ath79/generic,kmod-crypto-cmac,6.6.93-r1,research-os/data/openwrt-v2-snapshots/releases/24.10.2/ath79_generic/openwrt-24.10.2-ath79-generic.manifest
24.10.2,ath79/generic,kmod-crypto-crc32c,6.6.93-r1,research-os/data/openwrt-v2-snapshots/releases/24.10.2/ath79_generic/openwrt-24.10.2-ath79-generic.manifest
24.10.2,ath79/generic,kmod-crypto-ctr,6.6.93-r1,research-os/data/openwrt-v2-snapshots/releases/24.10.2/ath79_generic/openwrt-24.10.2-ath79-generic.manifest
24.10.2,ath79/generic,kmod-crypto-gcm,6.6.93-r1,research-os/data/openwrt-v2-snapshots/releases/24.10.2/ath79_generic/openwrt-24.10.2-ath79-generic.manifest
24.10.2,ath79/generic,kmod-crypto-geniv,6.6.93-r1,research-os/data/openwrt-v2-snapshots/releases/24.10.2/ath79_generic/openwrt-24.10.2-ath79-generic.manifest
24.10.2,ath79/generic,kmod-crypto-gf128,6.6.93-r1,research-os/data/openwrt-v2-snapshots/releases/24.10.2/ath79_generic/openwrt-24.10.2-ath79-generic.manifest
24.10.2,ath79/generic,kmod-crypto-ghash,6.6.93-r1,research-os/data/openwrt-v2-snapshots/releases/24.10.2/ath79_generic/openwrt-24.10.2-ath79-generic.manifest
24.10.2,ath79/generic,kmod-crypto-hash,6.6.93-r1,research-os/data/openwrt-v2-snapshots/releases/24.10.2/ath79_generic/openwrt-24.10.2-ath79-generic.manifest
24.10.2,ath79/generic,kmod-crypto-hmac,6.6.93-r1,research-os/data/openwrt-v2-snapshots/releases/24.10.2/ath79_generic/openwrt-24.10.2-ath79-generic.manifest
24.10.2,ath79/generic,kmod-crypto-manager,6.6.93-r1,research-os/data/openwrt-v2-snapshots/releases/24.10.2/ath79_generic/openwrt-24.10.2-ath79-generic.manifest
24.10.2,ath79/generic,kmod-crypto-null,6.6.93-r1,research-os/data/openwrt-v2-snapshots/releases/24.10.2/ath79_generic/openwrt-24.10.2-ath79-generic.manifest
24.10.2,ath79/generic,kmod-crypto-rng,6.6.93-r1,research-os/data/openwrt-v2-snapshots/releases/24.10.2/ath79_generic/openwrt-24.10.2-ath79-generic.manifest
24.10.2,ath79/generic,kmod-crypto-seqiv,6.6.93-r1,research-os/data/openwrt-v2-snapshots/releases/24.10.2/ath79_generic/openwrt-24.10.2-ath79-generic.manifest
24.10.2,ath79/generic,kmod-crypto-sha3,6.6.93-r1,research-os/data/openwrt-v2-snapshots/releases/24.10.2/ath79_generic/openwrt-24.10.2-ath79-generic.manifest
24.10.2,ath79/generic,kmod-crypto-sha512,6.6.93-r1,research-os/data/openwrt-v2-snapshots/releases/24.10.2/ath79_generic/openwrt-24.10.2-ath79-generic.manifest
24.10.2,ath79/generic,kmod-gpio-button-hotplug,6.6.93-r5,research-os/data/openwrt-v2-snapshots/releases/24.10.2/ath79_generic/openwrt-24.10.2-ath79-generic.manifest
24.10.2,ath79/generic,kmod-lib-crc-ccitt,6.6.93-r1,research-os/data/openwrt-v2-snapshots/releases/24.10.2/ath79_generic/openwrt-24.10.2-ath79-generic.manifest
24.10.2,ath79/generic,kmod-lib-crc32c,6.6.93-r1,research-os/data/openwrt-v2-snapshots/releases/24.10.2/ath79_generic/openwrt-24.10.2-ath79-generic.manifest
24.10.2,ath79/generic,kmod-lib-lzo,6.6.93-r1,research-os/data/openwrt-v2-snapshots/releases/24.10.2/ath79_generic/openwrt-24.10.2-ath79-generic.manifest
24.10.2,ath79/generic,kmod-mac80211,6.6.93.6.12.6-r2,research-os/data/openwrt-v2-snapshots/releases/24.10.2/ath79_generic/openwrt-24.10.2-ath79-generic.manifest
24.10.2,ath79/generic,kmod-nf-conntrack,6.6.93-r1,research-os/data/openwrt-v2-snapshots/releases/24.10.2/ath79_generic/openwrt-24.10.2-ath79-generic.manifest
24.10.2,ath79/generic,kmod-nf-conntrack6,6.6.93-r1,research-os/data/openwrt-v2-snapshots/releases/24.10.2/ath79_generic/openwrt-24.10.2-ath79-generic.manifest
24.10.2,ath79/generic,kmod-nf-flow,6.6.93-r1,research-os/data/openwrt-v2-snapshots/releases/24.10.2/ath79_generic/openwrt-24.10.2-ath79-generic.manifest
24.10.2,ath79/generic,kmod-nf-log,6.6.93-r1,research-os/data/openwrt-v2-snapshots/releases/24.10.2/ath79_generic/openwrt-24.10.2-ath79-generic.manifest
24.10.2,ath79/generic,kmod-nf-log6,6.6.93-r1,research-os/data/openwrt-v2-snapshots/releases/24.10.2/ath79_generic/openwrt-24.10.2-ath79-generic.manifest
24.10.2,ath79/generic,kmod-nf-nat,6.6.93-r1,research-os/data/openwrt-v2-snapshots/releases/24.10.2/ath79_generic/openwrt-24.10.2-ath79-generic.manifest
24.10.2,ath79/generic,kmod-nf-reject,6.6.93-r1,research-os/data/openwrt-v2-snapshots/releases/24.10.2/ath79_generic/openwrt-24.10.2-ath79-generic.manifest
24.10.2,ath79/generic,kmod-nf-reject6,6.6.93-r1,research-os/data/openwrt-v2-snapshots/releases/24.10.2/ath79_generic/openwrt-24.10.2-ath79-generic.manifest
24.10.2,ath79/generic,kmod-nfnetlink,6.6.93-r1,research-os/data/openwrt-v2-snapshots/releases/24.10.2/ath79_generic/openwrt-24.10.2-ath79-generic.manifest
24.10.2,ath79/generic,kmod-nft-core,6.6.93-r1,research-os/data/openwrt-v2-snapshots/releases/24.10.2/ath79_generic/openwrt-24.10.2-ath79-generic.manifest
24.10.2,ath79/generic,kmod-nft-fib,6.6.93-r1,research-os/data/openwrt-v2-snapshots/releases/24.10.2/ath79_generic/openwrt-24.10.2-ath79-generic.manifest
24.10.2,ath79/generic,kmod-nft-nat,6.6.93-r1,research-os/data/openwrt-v2-snapshots/releases/24.10.2/ath79_generic/openwrt-24.10.2-ath79-generic.manifest
24.10.2,ath79/generic,kmod-nft-offload,6.6.93-r1,research-os/data/openwrt-v2-snapshots/releases/24.10.2/ath79_generic/openwrt-24.10.2-ath79-generic.manifest
24.10.2,ath79/generic,kmod-ppp,6.6.93-r1,research-os/data/openwrt-v2-snapshots/releases/24.10.2/ath79_generic/openwrt-24.10.2-ath79-generic.manifest
24.10.2,ath79/generic,kmod-pppoe,6.6.93-r1,research-os/data/openwrt-v2-snapshots/releases/24.10.2/ath79_generic/openwrt-24.10.2-ath79-generic.manifest
24.10.2,ath79/generic,kmod-pppox,6.6.93-r1,research-os/data/openwrt-v2-snapshots/releases/24.10.2/ath79_generic/openwrt-24.10.2-ath79-generic.manifest
24.10.2,ath79/generic,kmod-random-core,6.6.93-r1,research-os/data/openwrt-v2-snapshots/releases/24.10.2/ath79_generic/openwrt-24.10.2-ath79-generic.manifest
24.10.2,ath79/generic,kmod-slhc,6.6.93-r1,research-os/data/openwrt-v2-snapshots/releases/24.10.2/ath79_generic/openwrt-24.10.2-ath79-generic.manifest
24.10.2,ath79/generic,libblobmsg-json20240329,2024.12.19~3868f47c-r1,research-os/data/openwrt-v2-snapshots/releases/24.10.2/ath79_generic/openwrt-24.10.2-ath79-generic.manifest
24.10.2,ath79/generic,libc,1.2.5-r4,research-os/data/openwrt-v2-snapshots/releases/24.10.2/ath79_generic/openwrt-24.10.2-ath79-generic.manifest
24.10.2,ath79/generic,libgcc1,13.3.0-r4,research-os/data/openwrt-v2-snapshots/releases/24.10.2/ath79_generic/openwrt-24.10.2-ath79-generic.manifest
24.10.2,ath79/generic,libiwinfo-data,2024.10.20~b94f066e-r1,research-os/data/openwrt-v2-snapshots/releases/24.10.2/ath79_generic/openwrt-24.10.2-ath79-generic.manifest
24.10.2,ath79/generic,libiwinfo20230701,2024.10.20~b94f066e-r1,research-os/data/openwrt-v2-snapshots/releases/24.10.2/ath79_generic/openwrt-24.10.2-ath79-generic.manifest
24.10.2,ath79/generic,libjson-c5,0.18-r1,research-os/data/openwrt-v2-snapshots/releases/24.10.2/ath79_generic/openwrt-24.10.2-ath79-generic.manifest
24.10.2,ath79/generic,libjson-script20240329,2024.12.19~3868f47c-r1,research-os/data/openwrt-v2-snapshots/releases/24.10.2/ath79_generic/openwrt-24.10.2-ath79-generic.manifest
24.10.2,ath79/generic,liblucihttp-ucode,2023.03.15~9b5b683f-r1,research-os/data/openwrt-v2-snapshots/releases/24.10.2/ath79_generic/openwrt-24.10.2-ath79-generic.manifest
24.10.2,ath79/generic,liblucihttp0,2023.03.15~9b5b683f-r1,research-os/data/openwrt-v2-snapshots/releases/24.10.2/ath79_generic/openwrt-24.10.2-ath79-generic.manifest
24.10.2,ath79/generic,libmbedtls21,3.6.3-r1,research-os/data/openwrt-v2-snapshots/releases/24.10.2/ath79_generic/openwrt-24.10.2-ath79-generic.manifest
24.10.2,ath79/generic,libmnl0,1.0.5-r1,research-os/data/openwrt-v2-snapshots/releases/24.10.2/ath79_generic/openwrt-24.10.2-ath79-generic.manifest
24.10.2,ath79/generic,libnftnl11,1.2.8-r1,research-os/data/openwrt-v2-snapshots/releases/24.10.2/ath79_generic/openwrt-24.10.2-ath79-generic.manifest
24.10.2,ath79/generic,libnl-tiny1,2025.03.19~c0df580a-r1,research-os/data/openwrt-v2-snapshots/releases/24.10.2/ath79_generic/openwrt-24.10.2-ath79-generic.manifest
24.10.2,ath79/generic,libpthread,1.2.5-r4,research-os/data/openwrt-v2-snapshots/releases/24.10.2/ath79_generic/openwrt-24.10.2-ath79-generic.manifest
24.10.2,ath79/generic,libubox20240329,2024.12.19~3868f47c-r1,research-os/data/openwrt-v2-snapshots/releases/24.10.2/ath79_generic/openwrt-24.10.2-ath79-generic.manifest
24.10.2,ath79/generic,libubus20250102,2025.05.16~88e63250-r1,research-os/data/openwrt-v2-snapshots/releases/24.10.2/ath79_generic/openwrt-24.10.2-ath79-generic.manifest
24.10.2,ath79/generic,libuci20250120,2025.01.20~16ff0bad-r1,research-os/data/openwrt-v2-snapshots/releases/24.10.2/ath79_generic/openwrt-24.10.2-ath79-generic.manifest
24.10.2,ath79/generic,libuclient20201210,2024.10.22~88ae8f20-r1,research-os/data/openwrt-v2-snapshots/releases/24.10.2/ath79_generic/openwrt-24.10.2-ath79-generic.manifest
24.10.2,ath79/generic,libucode20230711,2025.05.11~d5b3a9dc-r1,research-os/data/openwrt-v2-snapshots/releases/24.10.2/ath79_generic/openwrt-24.10.2-ath79-generic.manifest
24.10.2,ath79/generic,libudebug,2023.12.06~6d3f51f9,research-os/data/openwrt-v2-snapshots/releases/24.10.2/ath79_generic/openwrt-24.10.2-ath79-generic.manifest
24.10.2,ath79/generic,libustream-mbedtls20201210,2024.07.28~99bd3d2b-r1,research-os/data/openwrt-v2-snapshots/releases/24.10.2/ath79_generic/openwrt-24.10.2-ath79-generic.manifest
24.10.2,ath79/generic,logd,2024.04.26~85f10530-r1,research-os/data/openwrt-v2-snapshots/releases/24.10.2/ath79_generic/openwrt-24.10.2-ath79-generic.manifest
24.10.2,ath79/generic,luci,25.168.50434~d6b13f6,research-os/data/openwrt-v2-snapshots/releases/24.10.2/ath79_generic/openwrt-24.10.2-ath79-generic.manifest
24.10.2,ath79/generic,luci-app-firewall,25.168.50434~d6b13f6,research-os/data/openwrt-v2-snapshots/releases/24.10.2/ath79_generic/openwrt-24.10.2-ath79-generic.manifest
24.10.2,ath79/generic,luci-app-package-manager,25.168.50434~d6b13f6,research-os/data/openwrt-v2-snapshots/releases/24.10.2/ath79_generic/openwrt-24.10.2-ath79-generic.manifest
24.10.2,ath79/generic,luci-base,25.168.50434~d6b13f6,research-os/data/openwrt-v2-snapshots/releases/24.10.2/ath79_generic/openwrt-24.10.2-ath79-generic.manifest
24.10.2,ath79/generic,luci-light,25.168.50434~d6b13f6,research-os/data/openwrt-v2-snapshots/releases/24.10.2/ath79_generic/openwrt-24.10.2-ath79-generic.manifest
24.10.2,ath79/generic,luci-mod-admin-full,25.168.50434~d6b13f6,research-os/data/openwrt-v2-snapshots/releases/24.10.2/ath79_generic/openwrt-24.10.2-ath79-generic.manifest
24.10.2,ath79/generic,luci-mod-network,25.168.50434~d6b13f6,research-os/data/openwrt-v2-snapshots/releases/24.10.2/ath79_generic/openwrt-24.10.2-ath79-generic.manifest
24.10.2,ath79/generic,luci-mod-status,25.168.50434~d6b13f6,research-os/data/openwrt-v2-snapshots/releases/24.10.2/ath79_generic/openwrt-24.10.2-ath79-generic.manifest
24.10.2,ath79/generic,luci-mod-system,25.168.50434~d6b13f6,research-os/data/openwrt-v2-snapshots/releases/24.10.2/ath79_generic/openwrt-24.10.2-ath79-generic.manifest
24.10.2,ath79/generic,luci-proto-ipv6,25.168.50434~d6b13f6,research-os/data/openwrt-v2-snapshots/releases/24.10.2/ath79_generic/openwrt-24.10.2-ath79-generic.manifest
24.10.2,ath79/generic,luci-proto-ppp,25.168.50434~d6b13f6,research-os/data/openwrt-v2-snapshots/releases/24.10.2/ath79_generic/openwrt-24.10.2-ath79-generic.manifest
24.10.2,ath79/generic,luci-ssl,25.168.50434~d6b13f6,research-os/data/openwrt-v2-snapshots/releases/24.10.2/ath79_generic/openwrt-24.10.2-ath79-generic.manifest
24.10.2,ath79/generic,luci-theme-bootstrap,25.168.50434~d6b13f6,research-os/data/openwrt-v2-snapshots/releases/24.10.2/ath79_generic/openwrt-24.10.2-ath79-generic.manifest
24.10.2,ath79/generic,mtd,26,research-os/data/openwrt-v2-snapshots/releases/24.10.2/ath79_generic/openwrt-24.10.2-ath79-generic.manifest
24.10.2,ath79/generic,netifd,2025.05.23~7901e66c-r1,research-os/data/openwrt-v2-snapshots/releases/24.10.2/ath79_generic/openwrt-24.10.2-ath79-generic.manifest
24.10.2,ath79/generic,nftables-json,1.1.1-r1,research-os/data/openwrt-v2-snapshots/releases/24.10.2/ath79_generic/openwrt-24.10.2-ath79-generic.manifest
24.10.2,ath79/generic,odhcp6c,2024.09.25~b6ae9ffa-r1,research-os/data/openwrt-v2-snapshots/releases/24.10.2/ath79_generic/openwrt-24.10.2-ath79-generic.manifest
24.10.2,ath79/generic,odhcpd-ipv6only,2024.05.08~a2988231-r1,research-os/data/openwrt-v2-snapshots/releases/24.10.2/ath79_generic/openwrt-24.10.2-ath79-generic.manifest
24.10.2,ath79/generic,openwrt-keyring,2024.11.01~fbae29d7-r2,research-os/data/openwrt-v2-snapshots/releases/24.10.2/ath79_generic/openwrt-24.10.2-ath79-generic.manifest
24.10.2,ath79/generic,opkg,2024.10.16~38eccbb1-r1,research-os/data/openwrt-v2-snapshots/releases/24.10.2/ath79_generic/openwrt-24.10.2-ath79-generic.manifest
24.10.2,ath79/generic,ppp,2.5.1-r1,research-os/data/openwrt-v2-snapshots/releases/24.10.2/ath79_generic/openwrt-24.10.2-ath79-generic.manifest
24.10.2,ath79/generic,ppp-mod-pppoe,2.5.1-r1,research-os/data/openwrt-v2-snapshots/releases/24.10.2/ath79_generic/openwrt-24.10.2-ath79-generic.manifest
24.10.2,ath79/generic,procd,2024.12.22~42d39376-r1,research-os/data/openwrt-v2-snapshots/releases/24.10.2/ath79_generic/openwrt-24.10.2-ath79-generic.manifest
24.10.2,ath79/generic,procd-seccomp,2024.12.22~42d39376-r1,research-os/data/openwrt-v2-snapshots/releases/24.10.2/ath79_generic/openwrt-24.10.2-ath79-generic.manifest
24.10.2,ath79/generic,procd-ujail,2024.12.22~42d39376-r1,research-os/data/openwrt-v2-snapshots/releases/24.10.2/ath79_generic/openwrt-24.10.2-ath79-generic.manifest
24.10.2,ath79/generic,px5g-mbedtls,11,research-os/data/openwrt-v2-snapshots/releases/24.10.2/ath79_generic/openwrt-24.10.2-ath79-generic.manifest
24.10.2,ath79/generic,rpcd,2024.09.17~9f4b86e7-r1,research-os/data/openwrt-v2-snapshots/releases/24.10.2/ath79_generic/openwrt-24.10.2-ath79-generic.manifest
24.10.2,ath79/generic,rpcd-mod-file,2024.09.17~9f4b86e7-r1,research-os/data/openwrt-v2-snapshots/releases/24.10.2/ath79_generic/openwrt-24.10.2-ath79-generic.manifest
24.10.2,ath79/generic,rpcd-mod-iwinfo,2024.09.17~9f4b86e7-r1,research-os/data/openwrt-v2-snapshots/releases/24.10.2/ath79_generic/openwrt-24.10.2-ath79-generic.manifest
24.10.2,ath79/generic,rpcd-mod-luci,20240305-r1,research-os/data/openwrt-v2-snapshots/releases/24.10.2/ath79_generic/openwrt-24.10.2-ath79-generic.manifest
24.10.2,ath79/generic,rpcd-mod-rrdns,20170710,research-os/data/openwrt-v2-snapshots/releases/24.10.2/ath79_generic/openwrt-24.10.2-ath79-generic.manifest
24.10.2,ath79/generic,rpcd-mod-ucode,2024.09.17~9f4b86e7-r1,research-os/data/openwrt-v2-snapshots/releases/24.10.2/ath79_generic/openwrt-24.10.2-ath79-generic.manifest
24.10.2,ath79/generic,swconfig,12,research-os/data/openwrt-v2-snapshots/releases/24.10.2/ath79_generic/openwrt-24.10.2-ath79-generic.manifest
24.10.2,ath79/generic,uboot-envtools,2024.07-r1,research-os/data/openwrt-v2-snapshots/releases/24.10.2/ath79_generic/openwrt-24.10.2-ath79-generic.manifest
24.10.2,ath79/generic,ubox,2024.04.26~85f10530-r1,research-os/data/openwrt-v2-snapshots/releases/24.10.2/ath79_generic/openwrt-24.10.2-ath79-generic.manifest
24.10.2,ath79/generic,ubus,2025.05.16~88e63250-r1,research-os/data/openwrt-v2-snapshots/releases/24.10.2/ath79_generic/openwrt-24.10.2-ath79-generic.manifest
24.10.2,ath79/generic,ubusd,2025.05.16~88e63250-r1,research-os/data/openwrt-v2-snapshots/releases/24.10.2/ath79_generic/openwrt-24.10.2-ath79-generic.manifest
24.10.2,ath79/generic,uci,2025.01.20~16ff0bad-r1,research-os/data/openwrt-v2-snapshots/releases/24.10.2/ath79_generic/openwrt-24.10.2-ath79-generic.manifest
24.10.2,ath79/generic,uclient-fetch,2024.10.22~88ae8f20-r1,research-os/data/openwrt-v2-snapshots/releases/24.10.2/ath79_generic/openwrt-24.10.2-ath79-generic.manifest
24.10.2,ath79/generic,ucode,2025.05.11~d5b3a9dc-r1,research-os/data/openwrt-v2-snapshots/releases/24.10.2/ath79_generic/openwrt-24.10.2-ath79-generic.manifest
24.10.2,ath79/generic,ucode-mod-fs,2025.05.11~d5b3a9dc-r1,research-os/data/openwrt-v2-snapshots/releases/24.10.2/ath79_generic/openwrt-24.10.2-ath79-generic.manifest
24.10.2,ath79/generic,ucode-mod-html,1,research-os/data/openwrt-v2-snapshots/releases/24.10.2/ath79_generic/openwrt-24.10.2-ath79-generic.manifest
24.10.2,ath79/generic,ucode-mod-math,2025.05.11~d5b3a9dc-r1,research-os/data/openwrt-v2-snapshots/releases/24.10.2/ath79_generic/openwrt-24.10.2-ath79-generic.manifest
24.10.2,ath79/generic,ucode-mod-nl80211,2025.05.11~d5b3a9dc-r1,research-os/data/openwrt-v2-snapshots/releases/24.10.2/ath79_generic/openwrt-24.10.2-ath79-generic.manifest
24.10.2,ath79/generic,ucode-mod-rtnl,2025.05.11~d5b3a9dc-r1,research-os/data/openwrt-v2-snapshots/releases/24.10.2/ath79_generic/openwrt-24.10.2-ath79-generic.manifest
24.10.2,ath79/generic,ucode-mod-ubus,2025.05.11~d5b3a9dc-r1,research-os/data/openwrt-v2-snapshots/releases/24.10.2/ath79_generic/openwrt-24.10.2-ath79-generic.manifest
24.10.2,ath79/generic,ucode-mod-uci,2025.05.11~d5b3a9dc-r1,research-os/data/openwrt-v2-snapshots/releases/24.10.2/ath79_generic/openwrt-24.10.2-ath79-generic.manifest
24.10.2,ath79/generic,ucode-mod-uloop,2025.05.11~d5b3a9dc-r1,research-os/data/openwrt-v2-snapshots/releases/24.10.2/ath79_generic/openwrt-24.10.2-ath79-generic.manifest
24.10.2,ath79/generic,uhttpd,2023.06.25~34a8a74d-r4,research-os/data/openwrt-v2-snapshots/releases/24.10.2/ath79_generic/openwrt-24.10.2-ath79-generic.manifest
24.10.2,ath79/generic,uhttpd-mod-ubus,2023.06.25~34a8a74d-r4,research-os/data/openwrt-v2-snapshots/releases/24.10.2/ath79_generic/openwrt-24.10.2-ath79-generic.manifest
24.10.2,ath79/generic,urandom-seed,3,research-os/data/openwrt-v2-snapshots/releases/24.10.2/ath79_generic/openwrt-24.10.2-ath79-generic.manifest
24.10.2,ath79/generic,urngd,2023.11.01~44365eb1-r1,research-os/data/openwrt-v2-snapshots/releases/24.10.2/ath79_generic/openwrt-24.10.2-ath79-generic.manifest
24.10.2,ath79/generic,usign,2020.05.23~f1f65026-r1,research-os/data/openwrt-v2-snapshots/releases/24.10.2/ath79_generic/openwrt-24.10.2-ath79-generic.manifest
24.10.2,ath79/generic,wifi-scripts,1.0-r1,research-os/data/openwrt-v2-snapshots/releases/24.10.2/ath79_generic/openwrt-24.10.2-ath79-generic.manifest
24.10.2,ath79/generic,wireless-regdb,2025.02.20-r1,research-os/data/openwrt-v2-snapshots/releases/24.10.2/ath79_generic/openwrt-24.10.2-ath79-generic.manifest
24.10.2,ath79/generic,wpad-basic-mbedtls,2024.09.15~5ace39b0-r2,research-os/data/openwrt-v2-snapshots/releases/24.10.2/ath79_generic/openwrt-24.10.2-ath79-generic.manifest
24.10.2,x86/64,base-files,1660~d9340319c6,research-os/data/openwrt-v2-snapshots/releases/24.10.2/x86_64/openwrt-24.10.2-x86-64.manifest
24.10.2,x86/64,busybox,1.36.1-r2,research-os/data/openwrt-v2-snapshots/releases/24.10.2/x86_64/openwrt-24.10.2-x86-64.manifest
24.10.2,x86/64,ca-bundle,20241223-r1,research-os/data/openwrt-v2-snapshots/releases/24.10.2/x86_64/openwrt-24.10.2-x86-64.manifest
24.10.2,x86/64,cgi-io,2022.08.10~901b0f04-r21,research-os/data/openwrt-v2-snapshots/releases/24.10.2/x86_64/openwrt-24.10.2-x86-64.manifest
24.10.2,x86/64,dnsmasq,2.90-r4,research-os/data/openwrt-v2-snapshots/releases/24.10.2/x86_64/openwrt-24.10.2-x86-64.manifest
24.10.2,x86/64,dropbear,2024.86-r1,research-os/data/openwrt-v2-snapshots/releases/24.10.2/x86_64/openwrt-24.10.2-x86-64.manifest
24.10.2,x86/64,e2fsprogs,1.47.0-r2,research-os/data/openwrt-v2-snapshots/releases/24.10.2/x86_64/openwrt-24.10.2-x86-64.manifest
24.10.2,x86/64,firewall4,2024.12.18~18fc0ead-r1,research-os/data/openwrt-v2-snapshots/releases/24.10.2/x86_64/openwrt-24.10.2-x86-64.manifest
24.10.2,x86/64,fstools,2024.07.14~408c2cc4-r1,research-os/data/openwrt-v2-snapshots/releases/24.10.2/x86_64/openwrt-24.10.2-x86-64.manifest
24.10.2,x86/64,fwtool,2019.11.12~8f7fe925-r1,research-os/data/openwrt-v2-snapshots/releases/24.10.2/x86_64/openwrt-24.10.2-x86-64.manifest
24.10.2,x86/64,getrandom,2024.04.26~85f10530-r1,research-os/data/openwrt-v2-snapshots/releases/24.10.2/x86_64/openwrt-24.10.2-x86-64.manifest
24.10.2,x86/64,grub2,2.12-r1,research-os/data/openwrt-v2-snapshots/releases/24.10.2/x86_64/openwrt-24.10.2-x86-64.manifest
24.10.2,x86/64,grub2-bios-setup,2.12-r1,research-os/data/openwrt-v2-snapshots/releases/24.10.2/x86_64/openwrt-24.10.2-x86-64.manifest
24.10.2,x86/64,grub2-efi,2.12-r1,research-os/data/openwrt-v2-snapshots/releases/24.10.2/x86_64/openwrt-24.10.2-x86-64.manifest
24.10.2,x86/64,jansson4,2.14-r3,research-os/data/openwrt-v2-snapshots/releases/24.10.2/x86_64/openwrt-24.10.2-x86-64.manifest
24.10.2,x86/64,jshn,2024.12.19~3868f47c-r1,research-os/data/openwrt-v2-snapshots/releases/24.10.2/x86_64/openwrt-24.10.2-x86-64.manifest
24.10.2,x86/64,jsonfilter,2025.04.18~8a86fb78-r1,research-os/data/openwrt-v2-snapshots/releases/24.10.2/x86_64/openwrt-24.10.2-x86-64.manifest
24.10.2,x86/64,kernel,6.6.93~1745ebad77278f5cdc8330d17a3f43d6-r1,research-os/data/openwrt-v2-snapshots/releases/24.10.2/x86_64/openwrt-24.10.2-x86-64.manifest
24.10.2,x86/64,kmod-button-hotplug,6.6.93-r3,research-os/data/openwrt-v2-snapshots/releases/24.10.2/x86_64/openwrt-24.10.2-x86-64.manifest
24.10.2,x86/64,kmod-crypto-acompress,6.6.93-r1,research-os/data/openwrt-v2-snapshots/releases/24.10.2/x86_64/openwrt-24.10.2-x86-64.manifest
24.10.2,x86/64,kmod-crypto-crc32c,6.6.93-r1,research-os/data/openwrt-v2-snapshots/releases/24.10.2/x86_64/openwrt-24.10.2-x86-64.manifest
24.10.2,x86/64,kmod-crypto-hash,6.6.93-r1,research-os/data/openwrt-v2-snapshots/releases/24.10.2/x86_64/openwrt-24.10.2-x86-64.manifest
24.10.2,x86/64,kmod-fs-vfat,6.6.93-r1,research-os/data/openwrt-v2-snapshots/releases/24.10.2/x86_64/openwrt-24.10.2-x86-64.manifest
24.10.2,x86/64,kmod-input-core,6.6.93-r1,research-os/data/openwrt-v2-snapshots/releases/24.10.2/x86_64/openwrt-24.10.2-x86-64.manifest
24.10.2,x86/64,kmod-lib-crc-ccitt,6.6.93-r1,research-os/data/openwrt-v2-snapshots/releases/24.10.2/x86_64/openwrt-24.10.2-x86-64.manifest
24.10.2,x86/64,kmod-lib-crc32c,6.6.93-r1,research-os/data/openwrt-v2-snapshots/releases/24.10.2/x86_64/openwrt-24.10.2-x86-64.manifest
24.10.2,x86/64,kmod-lib-lzo,6.6.93-r1,research-os/data/openwrt-v2-snapshots/releases/24.10.2/x86_64/openwrt-24.10.2-x86-64.manifest
24.10.2,x86/64,kmod-nf-conntrack,6.6.93-r1,research-os/data/openwrt-v2-snapshots/releases/24.10.2/x86_64/openwrt-24.10.2-x86-64.manifest
24.10.2,x86/64,kmod-nf-conntrack6,6.6.93-r1,research-os/data/openwrt-v2-snapshots/releases/24.10.2/x86_64/openwrt-24.10.2-x86-64.manifest
24.10.2,x86/64,kmod-nf-flow,6.6.93-r1,research-os/data/openwrt-v2-snapshots/releases/24.10.2/x86_64/openwrt-24.10.2-x86-64.manifest
24.10.2,x86/64,kmod-nf-log,6.6.93-r1,research-os/data/openwrt-v2-snapshots/releases/24.10.2/x86_64/openwrt-24.10.2-x86-64.manifest
24.10.2,x86/64,kmod-nf-log6,6.6.93-r1,research-os/data/openwrt-v2-snapshots/releases/24.10.2/x86_64/openwrt-24.10.2-x86-64.manifest
24.10.2,x86/64,kmod-nf-nat,6.6.93-r1,research-os/data/openwrt-v2-snapshots/releases/24.10.2/x86_64/openwrt-24.10.2-x86-64.manifest
24.10.2,x86/64,kmod-nf-reject,6.6.93-r1,research-os/data/openwrt-v2-snapshots/releases/24.10.2/x86_64/openwrt-24.10.2-x86-64.manifest
24.10.2,x86/64,kmod-nf-reject6,6.6.93-r1,research-os/data/openwrt-v2-snapshots/releases/24.10.2/x86_64/openwrt-24.10.2-x86-64.manifest
24.10.2,x86/64,kmod-nfnetlink,6.6.93-r1,research-os/data/openwrt-v2-snapshots/releases/24.10.2/x86_64/openwrt-24.10.2-x86-64.manifest
24.10.2,x86/64,kmod-nft-core,6.6.93-r1,research-os/data/openwrt-v2-snapshots/releases/24.10.2/x86_64/openwrt-24.10.2-x86-64.manifest
24.10.2,x86/64,kmod-nft-fib,6.6.93-r1,research-os/data/openwrt-v2-snapshots/releases/24.10.2/x86_64/openwrt-24.10.2-x86-64.manifest
24.10.2,x86/64,kmod-nft-nat,6.6.93-r1,research-os/data/openwrt-v2-snapshots/releases/24.10.2/x86_64/openwrt-24.10.2-x86-64.manifest
24.10.2,x86/64,kmod-nft-offload,6.6.93-r1,research-os/data/openwrt-v2-snapshots/releases/24.10.2/x86_64/openwrt-24.10.2-x86-64.manifest
24.10.2,x86/64,kmod-nls-base,6.6.93-r1,research-os/data/openwrt-v2-snapshots/releases/24.10.2/x86_64/openwrt-24.10.2-x86-64.manifest
24.10.2,x86/64,kmod-nls-cp437,6.6.93-r1,research-os/data/openwrt-v2-snapshots/releases/24.10.2/x86_64/openwrt-24.10.2-x86-64.manifest
24.10.2,x86/64,kmod-nls-iso8859-1,6.6.93-r1,research-os/data/openwrt-v2-snapshots/releases/24.10.2/x86_64/openwrt-24.10.2-x86-64.manifest
24.10.2,x86/64,kmod-nls-utf8,6.6.93-r1,research-os/data/openwrt-v2-snapshots/releases/24.10.2/x86_64/openwrt-24.10.2-x86-64.manifest
24.10.2,x86/64,kmod-ppp,6.6.93-r1,research-os/data/openwrt-v2-snapshots/releases/24.10.2/x86_64/openwrt-24.10.2-x86-64.manifest
24.10.2,x86/64,kmod-pppoe,6.6.93-r1,research-os/data/openwrt-v2-snapshots/releases/24.10.2/x86_64/openwrt-24.10.2-x86-64.manifest
24.10.2,x86/64,kmod-pppox,6.6.93-r1,research-os/data/openwrt-v2-snapshots/releases/24.10.2/x86_64/openwrt-24.10.2-x86-64.manifest
24.10.2,x86/64,kmod-slhc,6.6.93-r1,research-os/data/openwrt-v2-snapshots/releases/24.10.2/x86_64/openwrt-24.10.2-x86-64.manifest
24.10.2,x86/64,libblkid1,2.40.2-r1,research-os/data/openwrt-v2-snapshots/releases/24.10.2/x86_64/openwrt-24.10.2-x86-64.manifest
24.10.2,x86/64,libblobmsg-json20240329,2024.12.19~3868f47c-r1,research-os/data/openwrt-v2-snapshots/releases/24.10.2/x86_64/openwrt-24.10.2-x86-64.manifest
24.10.2,x86/64,libc,1.2.5-r4,research-os/data/openwrt-v2-snapshots/releases/24.10.2/x86_64/openwrt-24.10.2-x86-64.manifest
24.10.2,x86/64,libcomerr0,1.47.0-r2,research-os/data/openwrt-v2-snapshots/releases/24.10.2/x86_64/openwrt-24.10.2-x86-64.manifest
24.10.2,x86/64,libe2p2,1.47.0-r2,research-os/data/openwrt-v2-snapshots/releases/24.10.2/x86_64/openwrt-24.10.2-x86-64.manifest
24.10.2,x86/64,libext2fs2,1.47.0-r2,research-os/data/openwrt-v2-snapshots/releases/24.10.2/x86_64/openwrt-24.10.2-x86-64.manifest
24.10.2,x86/64,libf2fs6,1.16.0-r3,research-os/data/openwrt-v2-snapshots/releases/24.10.2/x86_64/openwrt-24.10.2-x86-64.manifest
24.10.2,x86/64,libgcc1,13.3.0-r4,research-os/data/openwrt-v2-snapshots/releases/24.10.2/x86_64/openwrt-24.10.2-x86-64.manifest
24.10.2,x86/64,libiwinfo-data,2024.10.20~b94f066e-r1,research-os/data/openwrt-v2-snapshots/releases/24.10.2/x86_64/openwrt-24.10.2-x86-64.manifest
24.10.2,x86/64,libiwinfo20230701,2024.10.20~b94f066e-r1,research-os/data/openwrt-v2-snapshots/releases/24.10.2/x86_64/openwrt-24.10.2-x86-64.manifest
24.10.2,x86/64,libjson-c5,0.18-r1,research-os/data/openwrt-v2-snapshots/releases/24.10.2/x86_64/openwrt-24.10.2-x86-64.manifest
24.10.2,x86/64,libjson-script20240329,2024.12.19~3868f47c-r1,research-os/data/openwrt-v2-snapshots/releases/24.10.2/x86_64/openwrt-24.10.2-x86-64.manifest
24.10.2,x86/64,liblucihttp-ucode,2023.03.15~9b5b683f-r1,research-os/data/openwrt-v2-snapshots/releases/24.10.2/x86_64/openwrt-24.10.2-x86-64.manifest
24.10.2,x86/64,liblucihttp0,2023.03.15~9b5b683f-r1,research-os/data/openwrt-v2-snapshots/releases/24.10.2/x86_64/openwrt-24.10.2-x86-64.manifest
24.10.2,x86/64,libmbedtls21,3.6.3-r1,research-os/data/openwrt-v2-snapshots/releases/24.10.2/x86_64/openwrt-24.10.2-x86-64.manifest
24.10.2,x86/64,libmnl0,1.0.5-r1,research-os/data/openwrt-v2-snapshots/releases/24.10.2/x86_64/openwrt-24.10.2-x86-64.manifest
24.10.2,x86/64,libnftnl11,1.2.8-r1,research-os/data/openwrt-v2-snapshots/releases/24.10.2/x86_64/openwrt-24.10.2-x86-64.manifest
24.10.2,x86/64,libnl-tiny1,2025.03.19~c0df580a-r1,research-os/data/openwrt-v2-snapshots/releases/24.10.2/x86_64/openwrt-24.10.2-x86-64.manifest
24.10.2,x86/64,libpthread,1.2.5-r4,research-os/data/openwrt-v2-snapshots/releases/24.10.2/x86_64/openwrt-24.10.2-x86-64.manifest
24.10.2,x86/64,librt,1.2.5-r4,research-os/data/openwrt-v2-snapshots/releases/24.10.2/x86_64/openwrt-24.10.2-x86-64.manifest
24.10.2,x86/64,libsmartcols1,2.40.2-r1,research-os/data/openwrt-v2-snapshots/releases/24.10.2/x86_64/openwrt-24.10.2-x86-64.manifest
24.10.2,x86/64,libss2,1.47.0-r2,research-os/data/openwrt-v2-snapshots/releases/24.10.2/x86_64/openwrt-24.10.2-x86-64.manifest
24.10.2,x86/64,libubox20240329,2024.12.19~3868f47c-r1,research-os/data/openwrt-v2-snapshots/releases/24.10.2/x86_64/openwrt-24.10.2-x86-64.manifest
24.10.2,x86/64,libubus20250102,2025.05.16~88e63250-r1,research-os/data/openwrt-v2-snapshots/releases/24.10.2/x86_64/openwrt-24.10.2-x86-64.manifest
24.10.2,x86/64,libuci20250120,2025.01.20~16ff0bad-r1,research-os/data/openwrt-v2-snapshots/releases/24.10.2/x86_64/openwrt-24.10.2-x86-64.manifest
24.10.2,x86/64,libuclient20201210,2024.10.22~88ae8f20-r1,research-os/data/openwrt-v2-snapshots/releases/24.10.2/x86_64/openwrt-24.10.2-x86-64.manifest
24.10.2,x86/64,libucode20230711,2025.05.11~d5b3a9dc-r1,research-os/data/openwrt-v2-snapshots/releases/24.10.2/x86_64/openwrt-24.10.2-x86-64.manifest
24.10.2,x86/64,libudebug,2023.12.06~6d3f51f9,research-os/data/openwrt-v2-snapshots/releases/24.10.2/x86_64/openwrt-24.10.2-x86-64.manifest
24.10.2,x86/64,libustream-mbedtls20201210,2024.07.28~99bd3d2b-r1,research-os/data/openwrt-v2-snapshots/releases/24.10.2/x86_64/openwrt-24.10.2-x86-64.manifest
24.10.2,x86/64,libuuid1,2.40.2-r1,research-os/data/openwrt-v2-snapshots/releases/24.10.2/x86_64/openwrt-24.10.2-x86-64.manifest
24.10.2,x86/64,logd,2024.04.26~85f10530-r1,research-os/data/openwrt-v2-snapshots/releases/24.10.2/x86_64/openwrt-24.10.2-x86-64.manifest
24.10.2,x86/64,luci,25.168.50434~d6b13f6,research-os/data/openwrt-v2-snapshots/releases/24.10.2/x86_64/openwrt-24.10.2-x86-64.manifest
24.10.2,x86/64,luci-app-firewall,25.168.50434~d6b13f6,research-os/data/openwrt-v2-snapshots/releases/24.10.2/x86_64/openwrt-24.10.2-x86-64.manifest
24.10.2,x86/64,luci-app-package-manager,25.168.50434~d6b13f6,research-os/data/openwrt-v2-snapshots/releases/24.10.2/x86_64/openwrt-24.10.2-x86-64.manifest
24.10.2,x86/64,luci-base,25.168.50434~d6b13f6,research-os/data/openwrt-v2-snapshots/releases/24.10.2/x86_64/openwrt-24.10.2-x86-64.manifest
24.10.2,x86/64,luci-light,25.168.50434~d6b13f6,research-os/data/openwrt-v2-snapshots/releases/24.10.2/x86_64/openwrt-24.10.2-x86-64.manifest
24.10.2,x86/64,luci-mod-admin-full,25.168.50434~d6b13f6,research-os/data/openwrt-v2-snapshots/releases/24.10.2/x86_64/openwrt-24.10.2-x86-64.manifest
24.10.2,x86/64,luci-mod-network,25.168.50434~d6b13f6,research-os/data/openwrt-v2-snapshots/releases/24.10.2/x86_64/openwrt-24.10.2-x86-64.manifest
24.10.2,x86/64,luci-mod-status,25.168.50434~d6b13f6,research-os/data/openwrt-v2-snapshots/releases/24.10.2/x86_64/openwrt-24.10.2-x86-64.manifest
24.10.2,x86/64,luci-mod-system,25.168.50434~d6b13f6,research-os/data/openwrt-v2-snapshots/releases/24.10.2/x86_64/openwrt-24.10.2-x86-64.manifest
24.10.2,x86/64,luci-proto-ipv6,25.168.50434~d6b13f6,research-os/data/openwrt-v2-snapshots/releases/24.10.2/x86_64/openwrt-24.10.2-x86-64.manifest
24.10.2,x86/64,luci-proto-ppp,25.168.50434~d6b13f6,research-os/data/openwrt-v2-snapshots/releases/24.10.2/x86_64/openwrt-24.10.2-x86-64.manifest
24.10.2,x86/64,luci-ssl,25.168.50434~d6b13f6,research-os/data/openwrt-v2-snapshots/releases/24.10.2/x86_64/openwrt-24.10.2-x86-64.manifest
24.10.2,x86/64,luci-theme-bootstrap,25.168.50434~d6b13f6,research-os/data/openwrt-v2-snapshots/releases/24.10.2/x86_64/openwrt-24.10.2-x86-64.manifest
24.10.2,x86/64,mkf2fs,1.16.0-r3,research-os/data/openwrt-v2-snapshots/releases/24.10.2/x86_64/openwrt-24.10.2-x86-64.manifest
24.10.2,x86/64,mtd,26,research-os/data/openwrt-v2-snapshots/releases/24.10.2/x86_64/openwrt-24.10.2-x86-64.manifest
24.10.2,x86/64,netifd,2025.05.23~7901e66c-r1,research-os/data/openwrt-v2-snapshots/releases/24.10.2/x86_64/openwrt-24.10.2-x86-64.manifest
24.10.2,x86/64,nftables-json,1.1.1-r1,research-os/data/openwrt-v2-snapshots/releases/24.10.2/x86_64/openwrt-24.10.2-x86-64.manifest
24.10.2,x86/64,odhcp6c,2024.09.25~b6ae9ffa-r1,research-os/data/openwrt-v2-snapshots/releases/24.10.2/x86_64/openwrt-24.10.2-x86-64.manifest
24.10.2,x86/64,odhcpd-ipv6only,2024.05.08~a2988231-r1,research-os/data/openwrt-v2-snapshots/releases/24.10.2/x86_64/openwrt-24.10.2-x86-64.manifest
24.10.2,x86/64,openwrt-keyring,2024.11.01~fbae29d7-r2,research-os/data/openwrt-v2-snapshots/releases/24.10.2/x86_64/openwrt-24.10.2-x86-64.manifest
24.10.2,x86/64,opkg,2024.10.16~38eccbb1-r1,research-os/data/openwrt-v2-snapshots/releases/24.10.2/x86_64/openwrt-24.10.2-x86-64.manifest
24.10.2,x86/64,partx-utils,2.40.2-r1,research-os/data/openwrt-v2-snapshots/releases/24.10.2/x86_64/openwrt-24.10.2-x86-64.manifest
24.10.2,x86/64,ppp,2.5.1-r1,research-os/data/openwrt-v2-snapshots/releases/24.10.2/x86_64/openwrt-24.10.2-x86-64.manifest
24.10.2,x86/64,ppp-mod-pppoe,2.5.1-r1,research-os/data/openwrt-v2-snapshots/releases/24.10.2/x86_64/openwrt-24.10.2-x86-64.manifest
24.10.2,x86/64,procd,2024.12.22~42d39376-r1,research-os/data/openwrt-v2-snapshots/releases/24.10.2/x86_64/openwrt-24.10.2-x86-64.manifest
24.10.2,x86/64,procd-seccomp,2024.12.22~42d39376-r1,research-os/data/openwrt-v2-snapshots/releases/24.10.2/x86_64/openwrt-24.10.2-x86-64.manifest
24.10.2,x86/64,procd-ujail,2024.12.22~42d39376-r1,research-os/data/openwrt-v2-snapshots/releases/24.10.2/x86_64/openwrt-24.10.2-x86-64.manifest
24.10.2,x86/64,px5g-mbedtls,11,research-os/data/openwrt-v2-snapshots/releases/24.10.2/x86_64/openwrt-24.10.2-x86-64.manifest
24.10.2,x86/64,rpcd,2024.09.17~9f4b86e7-r1,research-os/data/openwrt-v2-snapshots/releases/24.10.2/x86_64/openwrt-24.10.2-x86-64.manifest
24.10.2,x86/64,rpcd-mod-file,2024.09.17~9f4b86e7-r1,research-os/data/openwrt-v2-snapshots/releases/24.10.2/x86_64/openwrt-24.10.2-x86-64.manifest
24.10.2,x86/64,rpcd-mod-iwinfo,2024.09.17~9f4b86e7-r1,research-os/data/openwrt-v2-snapshots/releases/24.10.2/x86_64/openwrt-24.10.2-x86-64.manifest
24.10.2,x86/64,rpcd-mod-luci,20240305-r1,research-os/data/openwrt-v2-snapshots/releases/24.10.2/x86_64/openwrt-24.10.2-x86-64.manifest
24.10.2,x86/64,rpcd-mod-rrdns,20170710,research-os/data/openwrt-v2-snapshots/releases/24.10.2/x86_64/openwrt-24.10.2-x86-64.manifest
24.10.2,x86/64,rpcd-mod-ucode,2024.09.17~9f4b86e7-r1,research-os/data/openwrt-v2-snapshots/releases/24.10.2/x86_64/openwrt-24.10.2-x86-64.manifest
24.10.2,x86/64,ubox,2024.04.26~85f10530-r1,research-os/data/openwrt-v2-snapshots/releases/24.10.2/x86_64/openwrt-24.10.2-x86-64.manifest
24.10.2,x86/64,ubus,2025.05.16~88e63250-r1,research-os/data/openwrt-v2-snapshots/releases/24.10.2/x86_64/openwrt-24.10.2-x86-64.manifest
24.10.2,x86/64,ubusd,2025.05.16~88e63250-r1,research-os/data/openwrt-v2-snapshots/releases/24.10.2/x86_64/openwrt-24.10.2-x86-64.manifest
24.10.2,x86/64,uci,2025.01.20~16ff0bad-r1,research-os/data/openwrt-v2-snapshots/releases/24.10.2/x86_64/openwrt-24.10.2-x86-64.manifest
24.10.2,x86/64,uclient-fetch,2024.10.22~88ae8f20-r1,research-os/data/openwrt-v2-snapshots/releases/24.10.2/x86_64/openwrt-24.10.2-x86-64.manifest
24.10.2,x86/64,ucode,2025.05.11~d5b3a9dc-r1,research-os/data/openwrt-v2-snapshots/releases/24.10.2/x86_64/openwrt-24.10.2-x86-64.manifest
24.10.2,x86/64,ucode-mod-fs,2025.05.11~d5b3a9dc-r1,research-os/data/openwrt-v2-snapshots/releases/24.10.2/x86_64/openwrt-24.10.2-x86-64.manifest
24.10.2,x86/64,ucode-mod-html,1,research-os/data/openwrt-v2-snapshots/releases/24.10.2/x86_64/openwrt-24.10.2-x86-64.manifest
24.10.2,x86/64,ucode-mod-math,2025.05.11~d5b3a9dc-r1,research-os/data/openwrt-v2-snapshots/releases/24.10.2/x86_64/openwrt-24.10.2-x86-64.manifest
24.10.2,x86/64,ucode-mod-ubus,2025.05.11~d5b3a9dc-r1,research-os/data/openwrt-v2-snapshots/releases/24.10.2/x86_64/openwrt-24.10.2-x86-64.manifest
24.10.2,x86/64,ucode-mod-uci,2025.05.11~d5b3a9dc-r1,research-os/data/openwrt-v2-snapshots/releases/24.10.2/x86_64/openwrt-24.10.2-x86-64.manifest
24.10.2,x86/64,uhttpd,2023.06.25~34a8a74d-r4,research-os/data/openwrt-v2-snapshots/releases/24.10.2/x86_64/openwrt-24.10.2-x86-64.manifest
24.10.2,x86/64,uhttpd-mod-ubus,2023.06.25~34a8a74d-r4,research-os/data/openwrt-v2-snapshots/releases/24.10.2/x86_64/openwrt-24.10.2-x86-64.manifest
24.10.2,x86/64,urandom-seed,3,research-os/data/openwrt-v2-snapshots/releases/24.10.2/x86_64/openwrt-24.10.2-x86-64.manifest
24.10.2,x86/64,urngd,2023.11.01~44365eb1-r1,research-os/data/openwrt-v2-snapshots/releases/24.10.2/x86_64/openwrt-24.10.2-x86-64.manifest
24.10.2,x86/64,usign,2020.05.23~f1f65026-r1,research-os/data/openwrt-v2-snapshots/releases/24.10.2/x86_64/openwrt-24.10.2-x86-64.manifest
24.10.3,ath79/generic,base-files,1662~daca7c049b,research-os/data/openwrt-v2-snapshots/releases/24.10.3/ath79_generic/openwrt-24.10.3-ath79-generic.manifest
24.10.3,ath79/generic,busybox,1.36.1-r2,research-os/data/openwrt-v2-snapshots/releases/24.10.3/ath79_generic/openwrt-24.10.3-ath79-generic.manifest
24.10.3,ath79/generic,ca-bundle,20250419-r1,research-os/data/openwrt-v2-snapshots/releases/24.10.3/ath79_generic/openwrt-24.10.3-ath79-generic.manifest
24.10.3,ath79/generic,cgi-io,2022.08.10~901b0f04-r21,research-os/data/openwrt-v2-snapshots/releases/24.10.3/ath79_generic/openwrt-24.10.3-ath79-generic.manifest
24.10.3,ath79/generic,dnsmasq,2.90-r4,research-os/data/openwrt-v2-snapshots/releases/24.10.3/ath79_generic/openwrt-24.10.3-ath79-generic.manifest
24.10.3,ath79/generic,dropbear,2024.86-r1,research-os/data/openwrt-v2-snapshots/releases/24.10.3/ath79_generic/openwrt-24.10.3-ath79-generic.manifest
24.10.3,ath79/generic,firewall4,2024.12.18~18fc0ead-r1,research-os/data/openwrt-v2-snapshots/releases/24.10.3/ath79_generic/openwrt-24.10.3-ath79-generic.manifest
24.10.3,ath79/generic,fstools,2024.07.14~408c2cc4-r1,research-os/data/openwrt-v2-snapshots/releases/24.10.3/ath79_generic/openwrt-24.10.3-ath79-generic.manifest
24.10.3,ath79/generic,fwtool,2019.11.12~8f7fe925-r1,research-os/data/openwrt-v2-snapshots/releases/24.10.3/ath79_generic/openwrt-24.10.3-ath79-generic.manifest
24.10.3,ath79/generic,getrandom,2024.04.26~85f10530-r1,research-os/data/openwrt-v2-snapshots/releases/24.10.3/ath79_generic/openwrt-24.10.3-ath79-generic.manifest
24.10.3,ath79/generic,hostapd-common,2024.09.15~5ace39b0-r2,research-os/data/openwrt-v2-snapshots/releases/24.10.3/ath79_generic/openwrt-24.10.3-ath79-generic.manifest
24.10.3,ath79/generic,iw,6.9-r1,research-os/data/openwrt-v2-snapshots/releases/24.10.3/ath79_generic/openwrt-24.10.3-ath79-generic.manifest
24.10.3,ath79/generic,iwinfo,2024.10.20~b94f066e-r1,research-os/data/openwrt-v2-snapshots/releases/24.10.3/ath79_generic/openwrt-24.10.3-ath79-generic.manifest
24.10.3,ath79/generic,jansson4,2.14-r3,research-os/data/openwrt-v2-snapshots/releases/24.10.3/ath79_generic/openwrt-24.10.3-ath79-generic.manifest
24.10.3,ath79/generic,jshn,2025.07.23~49056d17-r1,research-os/data/openwrt-v2-snapshots/releases/24.10.3/ath79_generic/openwrt-24.10.3-ath79-generic.manifest
24.10.3,ath79/generic,jsonfilter,2025.04.18~8a86fb78-r1,research-os/data/openwrt-v2-snapshots/releases/24.10.3/ath79_generic/openwrt-24.10.3-ath79-generic.manifest
24.10.3,ath79/generic,kernel,6.6.104~35ef4dd36891d37023436baa842fa311-r1,research-os/data/openwrt-v2-snapshots/releases/24.10.3/ath79_generic/openwrt-24.10.3-ath79-generic.manifest
24.10.3,ath79/generic,kmod-ath,6.6.104.6.12.44-r2,research-os/data/openwrt-v2-snapshots/releases/24.10.3/ath79_generic/openwrt-24.10.3-ath79-generic.manifest
24.10.3,ath79/generic,kmod-ath9k,6.6.104.6.12.44-r2,research-os/data/openwrt-v2-snapshots/releases/24.10.3/ath79_generic/openwrt-24.10.3-ath79-generic.manifest
24.10.3,ath79/generic,kmod-ath9k-common,6.6.104.6.12.44-r2,research-os/data/openwrt-v2-snapshots/releases/24.10.3/ath79_generic/openwrt-24.10.3-ath79-generic.manifest
24.10.3,ath79/generic,kmod-cfg80211,6.6.104.6.12.44-r2,research-os/data/openwrt-v2-snapshots/releases/24.10.3/ath79_generic/openwrt-24.10.3-ath79-generic.manifest
24.10.3,ath79/generic,kmod-crypto-acompress,6.6.104-r1,research-os/data/openwrt-v2-snapshots/releases/24.10.3/ath79_generic/openwrt-24.10.3-ath79-generic.manifest
24.10.3,ath79/generic,kmod-crypto-aead,6.6.104-r1,research-os/data/openwrt-v2-snapshots/releases/24.10.3/ath79_generic/openwrt-24.10.3-ath79-generic.manifest
24.10.3,ath79/generic,kmod-crypto-ccm,6.6.104-r1,research-os/data/openwrt-v2-snapshots/releases/24.10.3/ath79_generic/openwrt-24.10.3-ath79-generic.manifest
24.10.3,ath79/generic,kmod-crypto-cmac,6.6.104-r1,research-os/data/openwrt-v2-snapshots/releases/24.10.3/ath79_generic/openwrt-24.10.3-ath79-generic.manifest
24.10.3,ath79/generic,kmod-crypto-crc32c,6.6.104-r1,research-os/data/openwrt-v2-snapshots/releases/24.10.3/ath79_generic/openwrt-24.10.3-ath79-generic.manifest
24.10.3,ath79/generic,kmod-crypto-ctr,6.6.104-r1,research-os/data/openwrt-v2-snapshots/releases/24.10.3/ath79_generic/openwrt-24.10.3-ath79-generic.manifest
24.10.3,ath79/generic,kmod-crypto-gcm,6.6.104-r1,research-os/data/openwrt-v2-snapshots/releases/24.10.3/ath79_generic/openwrt-24.10.3-ath79-generic.manifest
24.10.3,ath79/generic,kmod-crypto-geniv,6.6.104-r1,research-os/data/openwrt-v2-snapshots/releases/24.10.3/ath79_generic/openwrt-24.10.3-ath79-generic.manifest
24.10.3,ath79/generic,kmod-crypto-gf128,6.6.104-r1,research-os/data/openwrt-v2-snapshots/releases/24.10.3/ath79_generic/openwrt-24.10.3-ath79-generic.manifest
24.10.3,ath79/generic,kmod-crypto-ghash,6.6.104-r1,research-os/data/openwrt-v2-snapshots/releases/24.10.3/ath79_generic/openwrt-24.10.3-ath79-generic.manifest
24.10.3,ath79/generic,kmod-crypto-hash,6.6.104-r1,research-os/data/openwrt-v2-snapshots/releases/24.10.3/ath79_generic/openwrt-24.10.3-ath79-generic.manifest
24.10.3,ath79/generic,kmod-crypto-hmac,6.6.104-r1,research-os/data/openwrt-v2-snapshots/releases/24.10.3/ath79_generic/openwrt-24.10.3-ath79-generic.manifest
24.10.3,ath79/generic,kmod-crypto-manager,6.6.104-r1,research-os/data/openwrt-v2-snapshots/releases/24.10.3/ath79_generic/openwrt-24.10.3-ath79-generic.manifest
24.10.3,ath79/generic,kmod-crypto-null,6.6.104-r1,research-os/data/openwrt-v2-snapshots/releases/24.10.3/ath79_generic/openwrt-24.10.3-ath79-generic.manifest
24.10.3,ath79/generic,kmod-crypto-rng,6.6.104-r1,research-os/data/openwrt-v2-snapshots/releases/24.10.3/ath79_generic/openwrt-24.10.3-ath79-generic.manifest
24.10.3,ath79/generic,kmod-crypto-seqiv,6.6.104-r1,research-os/data/openwrt-v2-snapshots/releases/24.10.3/ath79_generic/openwrt-24.10.3-ath79-generic.manifest
24.10.3,ath79/generic,kmod-crypto-sha3,6.6.104-r1,research-os/data/openwrt-v2-snapshots/releases/24.10.3/ath79_generic/openwrt-24.10.3-ath79-generic.manifest
24.10.3,ath79/generic,kmod-crypto-sha512,6.6.104-r1,research-os/data/openwrt-v2-snapshots/releases/24.10.3/ath79_generic/openwrt-24.10.3-ath79-generic.manifest
24.10.3,ath79/generic,kmod-gpio-button-hotplug,6.6.104-r5,research-os/data/openwrt-v2-snapshots/releases/24.10.3/ath79_generic/openwrt-24.10.3-ath79-generic.manifest
24.10.3,ath79/generic,kmod-lib-crc-ccitt,6.6.104-r1,research-os/data/openwrt-v2-snapshots/releases/24.10.3/ath79_generic/openwrt-24.10.3-ath79-generic.manifest
24.10.3,ath79/generic,kmod-lib-crc32c,6.6.104-r1,research-os/data/openwrt-v2-snapshots/releases/24.10.3/ath79_generic/openwrt-24.10.3-ath79-generic.manifest
24.10.3,ath79/generic,kmod-lib-lzo,6.6.104-r1,research-os/data/openwrt-v2-snapshots/releases/24.10.3/ath79_generic/openwrt-24.10.3-ath79-generic.manifest
24.10.3,ath79/generic,kmod-mac80211,6.6.104.6.12.44-r2,research-os/data/openwrt-v2-snapshots/releases/24.10.3/ath79_generic/openwrt-24.10.3-ath79-generic.manifest
24.10.3,ath79/generic,kmod-nf-conntrack,6.6.104-r1,research-os/data/openwrt-v2-snapshots/releases/24.10.3/ath79_generic/openwrt-24.10.3-ath79-generic.manifest
24.10.3,ath79/generic,kmod-nf-conntrack6,6.6.104-r1,research-os/data/openwrt-v2-snapshots/releases/24.10.3/ath79_generic/openwrt-24.10.3-ath79-generic.manifest
24.10.3,ath79/generic,kmod-nf-flow,6.6.104-r1,research-os/data/openwrt-v2-snapshots/releases/24.10.3/ath79_generic/openwrt-24.10.3-ath79-generic.manifest
24.10.3,ath79/generic,kmod-nf-log,6.6.104-r1,research-os/data/openwrt-v2-snapshots/releases/24.10.3/ath79_generic/openwrt-24.10.3-ath79-generic.manifest
24.10.3,ath79/generic,kmod-nf-log6,6.6.104-r1,research-os/data/openwrt-v2-snapshots/releases/24.10.3/ath79_generic/openwrt-24.10.3-ath79-generic.manifest
24.10.3,ath79/generic,kmod-nf-nat,6.6.104-r1,research-os/data/openwrt-v2-snapshots/releases/24.10.3/ath79_generic/openwrt-24.10.3-ath79-generic.manifest
24.10.3,ath79/generic,kmod-nf-reject,6.6.104-r1,research-os/data/openwrt-v2-snapshots/releases/24.10.3/ath79_generic/openwrt-24.10.3-ath79-generic.manifest
24.10.3,ath79/generic,kmod-nf-reject6,6.6.104-r1,research-os/data/openwrt-v2-snapshots/releases/24.10.3/ath79_generic/openwrt-24.10.3-ath79-generic.manifest
24.10.3,ath79/generic,kmod-nfnetlink,6.6.104-r1,research-os/data/openwrt-v2-snapshots/releases/24.10.3/ath79_generic/openwrt-24.10.3-ath79-generic.manifest
24.10.3,ath79/generic,kmod-nft-core,6.6.104-r1,research-os/data/openwrt-v2-snapshots/releases/24.10.3/ath79_generic/openwrt-24.10.3-ath79-generic.manifest
24.10.3,ath79/generic,kmod-nft-fib,6.6.104-r1,research-os/data/openwrt-v2-snapshots/releases/24.10.3/ath79_generic/openwrt-24.10.3-ath79-generic.manifest
24.10.3,ath79/generic,kmod-nft-nat,6.6.104-r1,research-os/data/openwrt-v2-snapshots/releases/24.10.3/ath79_generic/openwrt-24.10.3-ath79-generic.manifest
24.10.3,ath79/generic,kmod-nft-offload,6.6.104-r1,research-os/data/openwrt-v2-snapshots/releases/24.10.3/ath79_generic/openwrt-24.10.3-ath79-generic.manifest
24.10.3,ath79/generic,kmod-ppp,6.6.104-r1,research-os/data/openwrt-v2-snapshots/releases/24.10.3/ath79_generic/openwrt-24.10.3-ath79-generic.manifest
24.10.3,ath79/generic,kmod-pppoe,6.6.104-r1,research-os/data/openwrt-v2-snapshots/releases/24.10.3/ath79_generic/openwrt-24.10.3-ath79-generic.manifest
24.10.3,ath79/generic,kmod-pppox,6.6.104-r1,research-os/data/openwrt-v2-snapshots/releases/24.10.3/ath79_generic/openwrt-24.10.3-ath79-generic.manifest
24.10.3,ath79/generic,kmod-random-core,6.6.104-r1,research-os/data/openwrt-v2-snapshots/releases/24.10.3/ath79_generic/openwrt-24.10.3-ath79-generic.manifest
24.10.3,ath79/generic,kmod-slhc,6.6.104-r1,research-os/data/openwrt-v2-snapshots/releases/24.10.3/ath79_generic/openwrt-24.10.3-ath79-generic.manifest
24.10.3,ath79/generic,libblobmsg-json20240329,2025.07.23~49056d17-r1,research-os/data/openwrt-v2-snapshots/releases/24.10.3/ath79_generic/openwrt-24.10.3-ath79-generic.manifest
24.10.3,ath79/generic,libc,1.2.5-r4,research-os/data/openwrt-v2-snapshots/releases/24.10.3/ath79_generic/openwrt-24.10.3-ath79-generic.manifest
24.10.3,ath79/generic,libgcc1,13.3.0-r4,research-os/data/openwrt-v2-snapshots/releases/24.10.3/ath79_generic/openwrt-24.10.3-ath79-generic.manifest
24.10.3,ath79/generic,libiwinfo-data,2024.10.20~b94f066e-r1,research-os/data/openwrt-v2-snapshots/releases/24.10.3/ath79_generic/openwrt-24.10.3-ath79-generic.manifest
24.10.3,ath79/generic,libiwinfo20230701,2024.10.20~b94f066e-r1,research-os/data/openwrt-v2-snapshots/releases/24.10.3/ath79_generic/openwrt-24.10.3-ath79-generic.manifest
24.10.3,ath79/generic,libjson-c5,0.18-r1,research-os/data/openwrt-v2-snapshots/releases/24.10.3/ath79_generic/openwrt-24.10.3-ath79-generic.manifest
24.10.3,ath79/generic,libjson-script20240329,2025.07.23~49056d17-r1,research-os/data/openwrt-v2-snapshots/releases/24.10.3/ath79_generic/openwrt-24.10.3-ath79-generic.manifest
24.10.3,ath79/generic,liblucihttp-ucode,2023.03.15~9b5b683f-r1,research-os/data/openwrt-v2-snapshots/releases/24.10.3/ath79_generic/openwrt-24.10.3-ath79-generic.manifest
24.10.3,ath79/generic,liblucihttp0,2023.03.15~9b5b683f-r1,research-os/data/openwrt-v2-snapshots/releases/24.10.3/ath79_generic/openwrt-24.10.3-ath79-generic.manifest
24.10.3,ath79/generic,libmbedtls21,3.6.4-r1,research-os/data/openwrt-v2-snapshots/releases/24.10.3/ath79_generic/openwrt-24.10.3-ath79-generic.manifest
24.10.3,ath79/generic,libmnl0,1.0.5-r1,research-os/data/openwrt-v2-snapshots/releases/24.10.3/ath79_generic/openwrt-24.10.3-ath79-generic.manifest
24.10.3,ath79/generic,libnftnl11,1.2.8-r1,research-os/data/openwrt-v2-snapshots/releases/24.10.3/ath79_generic/openwrt-24.10.3-ath79-generic.manifest
24.10.3,ath79/generic,libnl-tiny1,2025.03.19~c0df580a-r1,research-os/data/openwrt-v2-snapshots/releases/24.10.3/ath79_generic/openwrt-24.10.3-ath79-generic.manifest
24.10.3,ath79/generic,libpthread,1.2.5-r4,research-os/data/openwrt-v2-snapshots/releases/24.10.3/ath79_generic/openwrt-24.10.3-ath79-generic.manifest
24.10.3,ath79/generic,libubox20240329,2025.07.23~49056d17-r1,research-os/data/openwrt-v2-snapshots/releases/24.10.3/ath79_generic/openwrt-24.10.3-ath79-generic.manifest
24.10.3,ath79/generic,libubus20250102,2025.07.02~5952b48e-r1,research-os/data/openwrt-v2-snapshots/releases/24.10.3/ath79_generic/openwrt-24.10.3-ath79-generic.manifest
24.10.3,ath79/generic,libuci20250120,2025.01.20~16ff0bad-r1,research-os/data/openwrt-v2-snapshots/releases/24.10.3/ath79_generic/openwrt-24.10.3-ath79-generic.manifest
24.10.3,ath79/generic,libuclient20201210,2024.10.22~88ae8f20-r1,research-os/data/openwrt-v2-snapshots/releases/24.10.3/ath79_generic/openwrt-24.10.3-ath79-generic.manifest
24.10.3,ath79/generic,libucode20230711,2025.07.18~3f64c808-r1,research-os/data/openwrt-v2-snapshots/releases/24.10.3/ath79_generic/openwrt-24.10.3-ath79-generic.manifest
24.10.3,ath79/generic,libudebug,2025.08.24~edeb4d6d,research-os/data/openwrt-v2-snapshots/releases/24.10.3/ath79_generic/openwrt-24.10.3-ath79-generic.manifest
24.10.3,ath79/generic,libustream-mbedtls20201210,2024.07.28~99bd3d2b-r1,research-os/data/openwrt-v2-snapshots/releases/24.10.3/ath79_generic/openwrt-24.10.3-ath79-generic.manifest
24.10.3,ath79/generic,logd,2024.04.26~85f10530-r1,research-os/data/openwrt-v2-snapshots/releases/24.10.3/ath79_generic/openwrt-24.10.3-ath79-generic.manifest
24.10.3,ath79/generic,luci,25.250.61039~923f8d9,research-os/data/openwrt-v2-snapshots/releases/24.10.3/ath79_generic/openwrt-24.10.3-ath79-generic.manifest
24.10.3,ath79/generic,luci-app-firewall,25.250.61039~923f8d9,research-os/data/openwrt-v2-snapshots/releases/24.10.3/ath79_generic/openwrt-24.10.3-ath79-generic.manifest
24.10.3,ath79/generic,luci-app-package-manager,25.250.61039~923f8d9,research-os/data/openwrt-v2-snapshots/releases/24.10.3/ath79_generic/openwrt-24.10.3-ath79-generic.manifest
24.10.3,ath79/generic,luci-base,25.250.61039~923f8d9,research-os/data/openwrt-v2-snapshots/releases/24.10.3/ath79_generic/openwrt-24.10.3-ath79-generic.manifest
24.10.3,ath79/generic,luci-light,25.250.61039~923f8d9,research-os/data/openwrt-v2-snapshots/releases/24.10.3/ath79_generic/openwrt-24.10.3-ath79-generic.manifest
24.10.3,ath79/generic,luci-mod-admin-full,25.250.61039~923f8d9,research-os/data/openwrt-v2-snapshots/releases/24.10.3/ath79_generic/openwrt-24.10.3-ath79-generic.manifest
24.10.3,ath79/generic,luci-mod-network,25.250.61039~923f8d9,research-os/data/openwrt-v2-snapshots/releases/24.10.3/ath79_generic/openwrt-24.10.3-ath79-generic.manifest
24.10.3,ath79/generic,luci-mod-status,25.250.61039~923f8d9,research-os/data/openwrt-v2-snapshots/releases/24.10.3/ath79_generic/openwrt-24.10.3-ath79-generic.manifest
24.10.3,ath79/generic,luci-mod-system,25.250.61039~923f8d9,research-os/data/openwrt-v2-snapshots/releases/24.10.3/ath79_generic/openwrt-24.10.3-ath79-generic.manifest
24.10.3,ath79/generic,luci-proto-ipv6,25.250.61039~923f8d9,research-os/data/openwrt-v2-snapshots/releases/24.10.3/ath79_generic/openwrt-24.10.3-ath79-generic.manifest
24.10.3,ath79/generic,luci-proto-ppp,25.250.61039~923f8d9,research-os/data/openwrt-v2-snapshots/releases/24.10.3/ath79_generic/openwrt-24.10.3-ath79-generic.manifest
24.10.3,ath79/generic,luci-ssl,25.250.61039~923f8d9,research-os/data/openwrt-v2-snapshots/releases/24.10.3/ath79_generic/openwrt-24.10.3-ath79-generic.manifest
24.10.3,ath79/generic,luci-theme-bootstrap,25.250.61039~923f8d9,research-os/data/openwrt-v2-snapshots/releases/24.10.3/ath79_generic/openwrt-24.10.3-ath79-generic.manifest
24.10.3,ath79/generic,mtd,26,research-os/data/openwrt-v2-snapshots/releases/24.10.3/ath79_generic/openwrt-24.10.3-ath79-generic.manifest
24.10.3,ath79/generic,netifd,2025.05.23~7901e66c-r1,research-os/data/openwrt-v2-snapshots/releases/24.10.3/ath79_generic/openwrt-24.10.3-ath79-generic.manifest
24.10.3,ath79/generic,nftables-json,1.1.1-r1,research-os/data/openwrt-v2-snapshots/releases/24.10.3/ath79_generic/openwrt-24.10.3-ath79-generic.manifest
24.10.3,ath79/generic,odhcp6c,2024.09.25~b6ae9ffa-r1,research-os/data/openwrt-v2-snapshots/releases/24.10.3/ath79_generic/openwrt-24.10.3-ath79-generic.manifest
24.10.3,ath79/generic,odhcpd-ipv6only,2024.05.08~a2988231-r1,research-os/data/openwrt-v2-snapshots/releases/24.10.3/ath79_generic/openwrt-24.10.3-ath79-generic.manifest
24.10.3,ath79/generic,openwrt-keyring,2024.11.01~fbae29d7-r2,research-os/data/openwrt-v2-snapshots/releases/24.10.3/ath79_generic/openwrt-24.10.3-ath79-generic.manifest
24.10.3,ath79/generic,opkg,2024.10.16~38eccbb1-r1,research-os/data/openwrt-v2-snapshots/releases/24.10.3/ath79_generic/openwrt-24.10.3-ath79-generic.manifest
24.10.3,ath79/generic,ppp,2.5.1-r1,research-os/data/openwrt-v2-snapshots/releases/24.10.3/ath79_generic/openwrt-24.10.3-ath79-generic.manifest
24.10.3,ath79/generic,ppp-mod-pppoe,2.5.1-r1,research-os/data/openwrt-v2-snapshots/releases/24.10.3/ath79_generic/openwrt-24.10.3-ath79-generic.manifest
24.10.3,ath79/generic,procd,2024.12.22~42d39376-r1,research-os/data/openwrt-v2-snapshots/releases/24.10.3/ath79_generic/openwrt-24.10.3-ath79-generic.manifest
24.10.3,ath79/generic,procd-seccomp,2024.12.22~42d39376-r1,research-os/data/openwrt-v2-snapshots/releases/24.10.3/ath79_generic/openwrt-24.10.3-ath79-generic.manifest
24.10.3,ath79/generic,procd-ujail,2024.12.22~42d39376-r1,research-os/data/openwrt-v2-snapshots/releases/24.10.3/ath79_generic/openwrt-24.10.3-ath79-generic.manifest
24.10.3,ath79/generic,px5g-mbedtls,11,research-os/data/openwrt-v2-snapshots/releases/24.10.3/ath79_generic/openwrt-24.10.3-ath79-generic.manifest
24.10.3,ath79/generic,rpcd,2025.09.01~bba95191-r1,research-os/data/openwrt-v2-snapshots/releases/24.10.3/ath79_generic/openwrt-24.10.3-ath79-generic.manifest
24.10.3,ath79/generic,rpcd-mod-file,2025.09.01~bba95191-r1,research-os/data/openwrt-v2-snapshots/releases/24.10.3/ath79_generic/openwrt-24.10.3-ath79-generic.manifest
24.10.3,ath79/generic,rpcd-mod-iwinfo,2025.09.01~bba95191-r1,research-os/data/openwrt-v2-snapshots/releases/24.10.3/ath79_generic/openwrt-24.10.3-ath79-generic.manifest
24.10.3,ath79/generic,rpcd-mod-luci,20240305-r1,research-os/data/openwrt-v2-snapshots/releases/24.10.3/ath79_generic/openwrt-24.10.3-ath79-generic.manifest
24.10.3,ath79/generic,rpcd-mod-rrdns,20170710,research-os/data/openwrt-v2-snapshots/releases/24.10.3/ath79_generic/openwrt-24.10.3-ath79-generic.manifest
24.10.3,ath79/generic,rpcd-mod-ucode,2025.09.01~bba95191-r1,research-os/data/openwrt-v2-snapshots/releases/24.10.3/ath79_generic/openwrt-24.10.3-ath79-generic.manifest
24.10.3,ath79/generic,swconfig,12,research-os/data/openwrt-v2-snapshots/releases/24.10.3/ath79_generic/openwrt-24.10.3-ath79-generic.manifest
24.10.3,ath79/generic,uboot-envtools,2024.07-r1,research-os/data/openwrt-v2-snapshots/releases/24.10.3/ath79_generic/openwrt-24.10.3-ath79-generic.manifest
24.10.3,ath79/generic,ubox,2024.04.26~85f10530-r1,research-os/data/openwrt-v2-snapshots/releases/24.10.3/ath79_generic/openwrt-24.10.3-ath79-generic.manifest
24.10.3,ath79/generic,ubus,2025.07.02~5952b48e-r1,research-os/data/openwrt-v2-snapshots/releases/24.10.3/ath79_generic/openwrt-24.10.3-ath79-generic.manifest
24.10.3,ath79/generic,ubusd,2025.07.02~5952b48e-r1,research-os/data/openwrt-v2-snapshots/releases/24.10.3/ath79_generic/openwrt-24.10.3-ath79-generic.manifest
24.10.3,ath79/generic,uci,2025.01.20~16ff0bad-r1,research-os/data/openwrt-v2-snapshots/releases/24.10.3/ath79_generic/openwrt-24.10.3-ath79-generic.manifest
24.10.3,ath79/generic,uclient-fetch,2024.10.22~88ae8f20-r1,research-os/data/openwrt-v2-snapshots/releases/24.10.3/ath79_generic/openwrt-24.10.3-ath79-generic.manifest
24.10.3,ath79/generic,ucode,2025.07.18~3f64c808-r1,research-os/data/openwrt-v2-snapshots/releases/24.10.3/ath79_generic/openwrt-24.10.3-ath79-generic.manifest
24.10.3,ath79/generic,ucode-mod-fs,2025.07.18~3f64c808-r1,research-os/data/openwrt-v2-snapshots/releases/24.10.3/ath79_generic/openwrt-24.10.3-ath79-generic.manifest
24.10.3,ath79/generic,ucode-mod-html,1,research-os/data/openwrt-v2-snapshots/releases/24.10.3/ath79_generic/openwrt-24.10.3-ath79-generic.manifest
24.10.3,ath79/generic,ucode-mod-math,2025.07.18~3f64c808-r1,research-os/data/openwrt-v2-snapshots/releases/24.10.3/ath79_generic/openwrt-24.10.3-ath79-generic.manifest
24.10.3,ath79/generic,ucode-mod-nl80211,2025.07.18~3f64c808-r1,research-os/data/openwrt-v2-snapshots/releases/24.10.3/ath79_generic/openwrt-24.10.3-ath79-generic.manifest
24.10.3,ath79/generic,ucode-mod-rtnl,2025.07.18~3f64c808-r1,research-os/data/openwrt-v2-snapshots/releases/24.10.3/ath79_generic/openwrt-24.10.3-ath79-generic.manifest
24.10.3,ath79/generic,ucode-mod-ubus,2025.07.18~3f64c808-r1,research-os/data/openwrt-v2-snapshots/releases/24.10.3/ath79_generic/openwrt-24.10.3-ath79-generic.manifest
24.10.3,ath79/generic,ucode-mod-uci,2025.07.18~3f64c808-r1,research-os/data/openwrt-v2-snapshots/releases/24.10.3/ath79_generic/openwrt-24.10.3-ath79-generic.manifest
24.10.3,ath79/generic,ucode-mod-uloop,2025.07.18~3f64c808-r1,research-os/data/openwrt-v2-snapshots/releases/24.10.3/ath79_generic/openwrt-24.10.3-ath79-generic.manifest
24.10.3,ath79/generic,uhttpd,2025.07.06~7e64e8ba-r4,research-os/data/openwrt-v2-snapshots/releases/24.10.3/ath79_generic/openwrt-24.10.3-ath79-generic.manifest
24.10.3,ath79/generic,uhttpd-mod-ubus,2025.07.06~7e64e8ba-r4,research-os/data/openwrt-v2-snapshots/releases/24.10.3/ath79_generic/openwrt-24.10.3-ath79-generic.manifest
24.10.3,ath79/generic,urandom-seed,3,research-os/data/openwrt-v2-snapshots/releases/24.10.3/ath79_generic/openwrt-24.10.3-ath79-generic.manifest
24.10.3,ath79/generic,urngd,2023.11.01~44365eb1-r1,research-os/data/openwrt-v2-snapshots/releases/24.10.3/ath79_generic/openwrt-24.10.3-ath79-generic.manifest
24.10.3,ath79/generic,usign,2020.05.23~f1f65026-r1,research-os/data/openwrt-v2-snapshots/releases/24.10.3/ath79_generic/openwrt-24.10.3-ath79-generic.manifest
24.10.3,ath79/generic,wifi-scripts,1.0-r1,research-os/data/openwrt-v2-snapshots/releases/24.10.3/ath79_generic/openwrt-24.10.3-ath79-generic.manifest
24.10.3,ath79/generic,wireless-regdb,2025.07.10-r1,research-os/data/openwrt-v2-snapshots/releases/24.10.3/ath79_generic/openwrt-24.10.3-ath79-generic.manifest
24.10.3,ath79/generic,wpad-basic-mbedtls,2024.09.15~5ace39b0-r2,research-os/data/openwrt-v2-snapshots/releases/24.10.3/ath79_generic/openwrt-24.10.3-ath79-generic.manifest
24.10.3,x86/64,base-files,1662~daca7c049b,research-os/data/openwrt-v2-snapshots/releases/24.10.3/x86_64/openwrt-24.10.3-x86-64.manifest
24.10.3,x86/64,busybox,1.36.1-r2,research-os/data/openwrt-v2-snapshots/releases/24.10.3/x86_64/openwrt-24.10.3-x86-64.manifest
24.10.3,x86/64,ca-bundle,20250419-r1,research-os/data/openwrt-v2-snapshots/releases/24.10.3/x86_64/openwrt-24.10.3-x86-64.manifest
24.10.3,x86/64,cgi-io,2022.08.10~901b0f04-r21,research-os/data/openwrt-v2-snapshots/releases/24.10.3/x86_64/openwrt-24.10.3-x86-64.manifest
24.10.3,x86/64,dnsmasq,2.90-r4,research-os/data/openwrt-v2-snapshots/releases/24.10.3/x86_64/openwrt-24.10.3-x86-64.manifest
24.10.3,x86/64,dropbear,2024.86-r1,research-os/data/openwrt-v2-snapshots/releases/24.10.3/x86_64/openwrt-24.10.3-x86-64.manifest
24.10.3,x86/64,e2fsprogs,1.47.0-r2,research-os/data/openwrt-v2-snapshots/releases/24.10.3/x86_64/openwrt-24.10.3-x86-64.manifest
24.10.3,x86/64,firewall4,2024.12.18~18fc0ead-r1,research-os/data/openwrt-v2-snapshots/releases/24.10.3/x86_64/openwrt-24.10.3-x86-64.manifest
24.10.3,x86/64,fstools,2024.07.14~408c2cc4-r1,research-os/data/openwrt-v2-snapshots/releases/24.10.3/x86_64/openwrt-24.10.3-x86-64.manifest
24.10.3,x86/64,fwtool,2019.11.12~8f7fe925-r1,research-os/data/openwrt-v2-snapshots/releases/24.10.3/x86_64/openwrt-24.10.3-x86-64.manifest
24.10.3,x86/64,getrandom,2024.04.26~85f10530-r1,research-os/data/openwrt-v2-snapshots/releases/24.10.3/x86_64/openwrt-24.10.3-x86-64.manifest
24.10.3,x86/64,grub2,2.12-r1,research-os/data/openwrt-v2-snapshots/releases/24.10.3/x86_64/openwrt-24.10.3-x86-64.manifest
24.10.3,x86/64,grub2-bios-setup,2.12-r1,research-os/data/openwrt-v2-snapshots/releases/24.10.3/x86_64/openwrt-24.10.3-x86-64.manifest
24.10.3,x86/64,grub2-efi,2.12-r1,research-os/data/openwrt-v2-snapshots/releases/24.10.3/x86_64/openwrt-24.10.3-x86-64.manifest
24.10.3,x86/64,jansson4,2.14-r3,research-os/data/openwrt-v2-snapshots/releases/24.10.3/x86_64/openwrt-24.10.3-x86-64.manifest
24.10.3,x86/64,jshn,2025.07.23~49056d17-r1,research-os/data/openwrt-v2-snapshots/releases/24.10.3/x86_64/openwrt-24.10.3-x86-64.manifest
24.10.3,x86/64,jsonfilter,2025.04.18~8a86fb78-r1,research-os/data/openwrt-v2-snapshots/releases/24.10.3/x86_64/openwrt-24.10.3-x86-64.manifest
24.10.3,x86/64,kernel,6.6.104~3505295dd1edf1c0eda57c9ce372bf57-r1,research-os/data/openwrt-v2-snapshots/releases/24.10.3/x86_64/openwrt-24.10.3-x86-64.manifest
24.10.3,x86/64,kmod-button-hotplug,6.6.104-r3,research-os/data/openwrt-v2-snapshots/releases/24.10.3/x86_64/openwrt-24.10.3-x86-64.manifest
24.10.3,x86/64,kmod-crypto-acompress,6.6.104-r1,research-os/data/openwrt-v2-snapshots/releases/24.10.3/x86_64/openwrt-24.10.3-x86-64.manifest
24.10.3,x86/64,kmod-crypto-crc32c,6.6.104-r1,research-os/data/openwrt-v2-snapshots/releases/24.10.3/x86_64/openwrt-24.10.3-x86-64.manifest
24.10.3,x86/64,kmod-crypto-hash,6.6.104-r1,research-os/data/openwrt-v2-snapshots/releases/24.10.3/x86_64/openwrt-24.10.3-x86-64.manifest
24.10.3,x86/64,kmod-fs-vfat,6.6.104-r1,research-os/data/openwrt-v2-snapshots/releases/24.10.3/x86_64/openwrt-24.10.3-x86-64.manifest
24.10.3,x86/64,kmod-input-core,6.6.104-r1,research-os/data/openwrt-v2-snapshots/releases/24.10.3/x86_64/openwrt-24.10.3-x86-64.manifest
24.10.3,x86/64,kmod-lib-crc-ccitt,6.6.104-r1,research-os/data/openwrt-v2-snapshots/releases/24.10.3/x86_64/openwrt-24.10.3-x86-64.manifest
24.10.3,x86/64,kmod-lib-crc32c,6.6.104-r1,research-os/data/openwrt-v2-snapshots/releases/24.10.3/x86_64/openwrt-24.10.3-x86-64.manifest
24.10.3,x86/64,kmod-lib-lzo,6.6.104-r1,research-os/data/openwrt-v2-snapshots/releases/24.10.3/x86_64/openwrt-24.10.3-x86-64.manifest
24.10.3,x86/64,kmod-nf-conntrack,6.6.104-r1,research-os/data/openwrt-v2-snapshots/releases/24.10.3/x86_64/openwrt-24.10.3-x86-64.manifest
24.10.3,x86/64,kmod-nf-conntrack6,6.6.104-r1,research-os/data/openwrt-v2-snapshots/releases/24.10.3/x86_64/openwrt-24.10.3-x86-64.manifest
24.10.3,x86/64,kmod-nf-flow,6.6.104-r1,research-os/data/openwrt-v2-snapshots/releases/24.10.3/x86_64/openwrt-24.10.3-x86-64.manifest
24.10.3,x86/64,kmod-nf-log,6.6.104-r1,research-os/data/openwrt-v2-snapshots/releases/24.10.3/x86_64/openwrt-24.10.3-x86-64.manifest
24.10.3,x86/64,kmod-nf-log6,6.6.104-r1,research-os/data/openwrt-v2-snapshots/releases/24.10.3/x86_64/openwrt-24.10.3-x86-64.manifest
24.10.3,x86/64,kmod-nf-nat,6.6.104-r1,research-os/data/openwrt-v2-snapshots/releases/24.10.3/x86_64/openwrt-24.10.3-x86-64.manifest
24.10.3,x86/64,kmod-nf-reject,6.6.104-r1,research-os/data/openwrt-v2-snapshots/releases/24.10.3/x86_64/openwrt-24.10.3-x86-64.manifest
24.10.3,x86/64,kmod-nf-reject6,6.6.104-r1,research-os/data/openwrt-v2-snapshots/releases/24.10.3/x86_64/openwrt-24.10.3-x86-64.manifest
24.10.3,x86/64,kmod-nfnetlink,6.6.104-r1,research-os/data/openwrt-v2-snapshots/releases/24.10.3/x86_64/openwrt-24.10.3-x86-64.manifest
24.10.3,x86/64,kmod-nft-core,6.6.104-r1,research-os/data/openwrt-v2-snapshots/releases/24.10.3/x86_64/openwrt-24.10.3-x86-64.manifest
24.10.3,x86/64,kmod-nft-fib,6.6.104-r1,research-os/data/openwrt-v2-snapshots/releases/24.10.3/x86_64/openwrt-24.10.3-x86-64.manifest
24.10.3,x86/64,kmod-nft-nat,6.6.104-r1,research-os/data/openwrt-v2-snapshots/releases/24.10.3/x86_64/openwrt-24.10.3-x86-64.manifest
24.10.3,x86/64,kmod-nft-offload,6.6.104-r1,research-os/data/openwrt-v2-snapshots/releases/24.10.3/x86_64/openwrt-24.10.3-x86-64.manifest
24.10.3,x86/64,kmod-nls-base,6.6.104-r1,research-os/data/openwrt-v2-snapshots/releases/24.10.3/x86_64/openwrt-24.10.3-x86-64.manifest
24.10.3,x86/64,kmod-nls-cp437,6.6.104-r1,research-os/data/openwrt-v2-snapshots/releases/24.10.3/x86_64/openwrt-24.10.3-x86-64.manifest
24.10.3,x86/64,kmod-nls-iso8859-1,6.6.104-r1,research-os/data/openwrt-v2-snapshots/releases/24.10.3/x86_64/openwrt-24.10.3-x86-64.manifest
24.10.3,x86/64,kmod-nls-utf8,6.6.104-r1,research-os/data/openwrt-v2-snapshots/releases/24.10.3/x86_64/openwrt-24.10.3-x86-64.manifest
24.10.3,x86/64,kmod-ppp,6.6.104-r1,research-os/data/openwrt-v2-snapshots/releases/24.10.3/x86_64/openwrt-24.10.3-x86-64.manifest
24.10.3,x86/64,kmod-pppoe,6.6.104-r1,research-os/data/openwrt-v2-snapshots/releases/24.10.3/x86_64/openwrt-24.10.3-x86-64.manifest
24.10.3,x86/64,kmod-pppox,6.6.104-r1,research-os/data/openwrt-v2-snapshots/releases/24.10.3/x86_64/openwrt-24.10.3-x86-64.manifest
24.10.3,x86/64,kmod-slhc,6.6.104-r1,research-os/data/openwrt-v2-snapshots/releases/24.10.3/x86_64/openwrt-24.10.3-x86-64.manifest
24.10.3,x86/64,libblkid1,2.40.2-r1,research-os/data/openwrt-v2-snapshots/releases/24.10.3/x86_64/openwrt-24.10.3-x86-64.manifest
24.10.3,x86/64,libblobmsg-json20240329,2025.07.23~49056d17-r1,research-os/data/openwrt-v2-snapshots/releases/24.10.3/x86_64/openwrt-24.10.3-x86-64.manifest
24.10.3,x86/64,libc,1.2.5-r4,research-os/data/openwrt-v2-snapshots/releases/24.10.3/x86_64/openwrt-24.10.3-x86-64.manifest
24.10.3,x86/64,libcomerr0,1.47.0-r2,research-os/data/openwrt-v2-snapshots/releases/24.10.3/x86_64/openwrt-24.10.3-x86-64.manifest
24.10.3,x86/64,libe2p2,1.47.0-r2,research-os/data/openwrt-v2-snapshots/releases/24.10.3/x86_64/openwrt-24.10.3-x86-64.manifest
24.10.3,x86/64,libext2fs2,1.47.0-r2,research-os/data/openwrt-v2-snapshots/releases/24.10.3/x86_64/openwrt-24.10.3-x86-64.manifest
24.10.3,x86/64,libf2fs6,1.16.0-r3,research-os/data/openwrt-v2-snapshots/releases/24.10.3/x86_64/openwrt-24.10.3-x86-64.manifest
24.10.3,x86/64,libgcc1,13.3.0-r4,research-os/data/openwrt-v2-snapshots/releases/24.10.3/x86_64/openwrt-24.10.3-x86-64.manifest
24.10.3,x86/64,libiwinfo-data,2024.10.20~b94f066e-r1,research-os/data/openwrt-v2-snapshots/releases/24.10.3/x86_64/openwrt-24.10.3-x86-64.manifest
24.10.3,x86/64,libiwinfo20230701,2024.10.20~b94f066e-r1,research-os/data/openwrt-v2-snapshots/releases/24.10.3/x86_64/openwrt-24.10.3-x86-64.manifest
24.10.3,x86/64,libjson-c5,0.18-r1,research-os/data/openwrt-v2-snapshots/releases/24.10.3/x86_64/openwrt-24.10.3-x86-64.manifest
24.10.3,x86/64,libjson-script20240329,2025.07.23~49056d17-r1,research-os/data/openwrt-v2-snapshots/releases/24.10.3/x86_64/openwrt-24.10.3-x86-64.manifest
24.10.3,x86/64,liblucihttp-ucode,2023.03.15~9b5b683f-r1,research-os/data/openwrt-v2-snapshots/releases/24.10.3/x86_64/openwrt-24.10.3-x86-64.manifest
24.10.3,x86/64,liblucihttp0,2023.03.15~9b5b683f-r1,research-os/data/openwrt-v2-snapshots/releases/24.10.3/x86_64/openwrt-24.10.3-x86-64.manifest
24.10.3,x86/64,libmbedtls21,3.6.4-r1,research-os/data/openwrt-v2-snapshots/releases/24.10.3/x86_64/openwrt-24.10.3-x86-64.manifest
24.10.3,x86/64,libmnl0,1.0.5-r1,research-os/data/openwrt-v2-snapshots/releases/24.10.3/x86_64/openwrt-24.10.3-x86-64.manifest
24.10.3,x86/64,libnftnl11,1.2.8-r1,research-os/data/openwrt-v2-snapshots/releases/24.10.3/x86_64/openwrt-24.10.3-x86-64.manifest
24.10.3,x86/64,libnl-tiny1,2025.03.19~c0df580a-r1,research-os/data/openwrt-v2-snapshots/releases/24.10.3/x86_64/openwrt-24.10.3-x86-64.manifest
24.10.3,x86/64,libpthread,1.2.5-r4,research-os/data/openwrt-v2-snapshots/releases/24.10.3/x86_64/openwrt-24.10.3-x86-64.manifest
24.10.3,x86/64,librt,1.2.5-r4,research-os/data/openwrt-v2-snapshots/releases/24.10.3/x86_64/openwrt-24.10.3-x86-64.manifest
24.10.3,x86/64,libsmartcols1,2.40.2-r1,research-os/data/openwrt-v2-snapshots/releases/24.10.3/x86_64/openwrt-24.10.3-x86-64.manifest
24.10.3,x86/64,libss2,1.47.0-r2,research-os/data/openwrt-v2-snapshots/releases/24.10.3/x86_64/openwrt-24.10.3-x86-64.manifest
24.10.3,x86/64,libubox20240329,2025.07.23~49056d17-r1,research-os/data/openwrt-v2-snapshots/releases/24.10.3/x86_64/openwrt-24.10.3-x86-64.manifest
24.10.3,x86/64,libubus20250102,2025.07.02~5952b48e-r1,research-os/data/openwrt-v2-snapshots/releases/24.10.3/x86_64/openwrt-24.10.3-x86-64.manifest
24.10.3,x86/64,libuci20250120,2025.01.20~16ff0bad-r1,research-os/data/openwrt-v2-snapshots/releases/24.10.3/x86_64/openwrt-24.10.3-x86-64.manifest
24.10.3,x86/64,libuclient20201210,2024.10.22~88ae8f20-r1,research-os/data/openwrt-v2-snapshots/releases/24.10.3/x86_64/openwrt-24.10.3-x86-64.manifest
24.10.3,x86/64,libucode20230711,2025.07.18~3f64c808-r1,research-os/data/openwrt-v2-snapshots/releases/24.10.3/x86_64/openwrt-24.10.3-x86-64.manifest
24.10.3,x86/64,libudebug,2025.08.24~edeb4d6d,research-os/data/openwrt-v2-snapshots/releases/24.10.3/x86_64/openwrt-24.10.3-x86-64.manifest
24.10.3,x86/64,libustream-mbedtls20201210,2024.07.28~99bd3d2b-r1,research-os/data/openwrt-v2-snapshots/releases/24.10.3/x86_64/openwrt-24.10.3-x86-64.manifest
24.10.3,x86/64,libuuid1,2.40.2-r1,research-os/data/openwrt-v2-snapshots/releases/24.10.3/x86_64/openwrt-24.10.3-x86-64.manifest
24.10.3,x86/64,logd,2024.04.26~85f10530-r1,research-os/data/openwrt-v2-snapshots/releases/24.10.3/x86_64/openwrt-24.10.3-x86-64.manifest
24.10.3,x86/64,luci,25.250.61039~923f8d9,research-os/data/openwrt-v2-snapshots/releases/24.10.3/x86_64/openwrt-24.10.3-x86-64.manifest
24.10.3,x86/64,luci-app-firewall,25.250.61039~923f8d9,research-os/data/openwrt-v2-snapshots/releases/24.10.3/x86_64/openwrt-24.10.3-x86-64.manifest
24.10.3,x86/64,luci-app-package-manager,25.250.61039~923f8d9,research-os/data/openwrt-v2-snapshots/releases/24.10.3/x86_64/openwrt-24.10.3-x86-64.manifest
24.10.3,x86/64,luci-base,25.250.61039~923f8d9,research-os/data/openwrt-v2-snapshots/releases/24.10.3/x86_64/openwrt-24.10.3-x86-64.manifest
24.10.3,x86/64,luci-light,25.250.61039~923f8d9,research-os/data/openwrt-v2-snapshots/releases/24.10.3/x86_64/openwrt-24.10.3-x86-64.manifest
24.10.3,x86/64,luci-mod-admin-full,25.250.61039~923f8d9,research-os/data/openwrt-v2-snapshots/releases/24.10.3/x86_64/openwrt-24.10.3-x86-64.manifest
24.10.3,x86/64,luci-mod-network,25.250.61039~923f8d9,research-os/data/openwrt-v2-snapshots/releases/24.10.3/x86_64/openwrt-24.10.3-x86-64.manifest
24.10.3,x86/64,luci-mod-status,25.250.61039~923f8d9,research-os/data/openwrt-v2-snapshots/releases/24.10.3/x86_64/openwrt-24.10.3-x86-64.manifest
24.10.3,x86/64,luci-mod-system,25.250.61039~923f8d9,research-os/data/openwrt-v2-snapshots/releases/24.10.3/x86_64/openwrt-24.10.3-x86-64.manifest
24.10.3,x86/64,luci-proto-ipv6,25.250.61039~923f8d9,research-os/data/openwrt-v2-snapshots/releases/24.10.3/x86_64/openwrt-24.10.3-x86-64.manifest
24.10.3,x86/64,luci-proto-ppp,25.250.61039~923f8d9,research-os/data/openwrt-v2-snapshots/releases/24.10.3/x86_64/openwrt-24.10.3-x86-64.manifest
24.10.3,x86/64,luci-ssl,25.250.61039~923f8d9,research-os/data/openwrt-v2-snapshots/releases/24.10.3/x86_64/openwrt-24.10.3-x86-64.manifest
24.10.3,x86/64,luci-theme-bootstrap,25.250.61039~923f8d9,research-os/data/openwrt-v2-snapshots/releases/24.10.3/x86_64/openwrt-24.10.3-x86-64.manifest
24.10.3,x86/64,mkf2fs,1.16.0-r3,research-os/data/openwrt-v2-snapshots/releases/24.10.3/x86_64/openwrt-24.10.3-x86-64.manifest
24.10.3,x86/64,mtd,26,research-os/data/openwrt-v2-snapshots/releases/24.10.3/x86_64/openwrt-24.10.3-x86-64.manifest
24.10.3,x86/64,netifd,2025.05.23~7901e66c-r1,research-os/data/openwrt-v2-snapshots/releases/24.10.3/x86_64/openwrt-24.10.3-x86-64.manifest
24.10.3,x86/64,nftables-json,1.1.1-r1,research-os/data/openwrt-v2-snapshots/releases/24.10.3/x86_64/openwrt-24.10.3-x86-64.manifest
24.10.3,x86/64,odhcp6c,2024.09.25~b6ae9ffa-r1,research-os/data/openwrt-v2-snapshots/releases/24.10.3/x86_64/openwrt-24.10.3-x86-64.manifest
24.10.3,x86/64,odhcpd-ipv6only,2024.05.08~a2988231-r1,research-os/data/openwrt-v2-snapshots/releases/24.10.3/x86_64/openwrt-24.10.3-x86-64.manifest
24.10.3,x86/64,openwrt-keyring,2024.11.01~fbae29d7-r2,research-os/data/openwrt-v2-snapshots/releases/24.10.3/x86_64/openwrt-24.10.3-x86-64.manifest
24.10.3,x86/64,opkg,2024.10.16~38eccbb1-r1,research-os/data/openwrt-v2-snapshots/releases/24.10.3/x86_64/openwrt-24.10.3-x86-64.manifest
24.10.3,x86/64,partx-utils,2.40.2-r1,research-os/data/openwrt-v2-snapshots/releases/24.10.3/x86_64/openwrt-24.10.3-x86-64.manifest
24.10.3,x86/64,ppp,2.5.1-r1,research-os/data/openwrt-v2-snapshots/releases/24.10.3/x86_64/openwrt-24.10.3-x86-64.manifest
24.10.3,x86/64,ppp-mod-pppoe,2.5.1-r1,research-os/data/openwrt-v2-snapshots/releases/24.10.3/x86_64/openwrt-24.10.3-x86-64.manifest
24.10.3,x86/64,procd,2024.12.22~42d39376-r1,research-os/data/openwrt-v2-snapshots/releases/24.10.3/x86_64/openwrt-24.10.3-x86-64.manifest
24.10.3,x86/64,procd-seccomp,2024.12.22~42d39376-r1,research-os/data/openwrt-v2-snapshots/releases/24.10.3/x86_64/openwrt-24.10.3-x86-64.manifest
24.10.3,x86/64,procd-ujail,2024.12.22~42d39376-r1,research-os/data/openwrt-v2-snapshots/releases/24.10.3/x86_64/openwrt-24.10.3-x86-64.manifest
24.10.3,x86/64,px5g-mbedtls,11,research-os/data/openwrt-v2-snapshots/releases/24.10.3/x86_64/openwrt-24.10.3-x86-64.manifest
24.10.3,x86/64,rpcd,2025.09.01~bba95191-r1,research-os/data/openwrt-v2-snapshots/releases/24.10.3/x86_64/openwrt-24.10.3-x86-64.manifest
24.10.3,x86/64,rpcd-mod-file,2025.09.01~bba95191-r1,research-os/data/openwrt-v2-snapshots/releases/24.10.3/x86_64/openwrt-24.10.3-x86-64.manifest
24.10.3,x86/64,rpcd-mod-iwinfo,2025.09.01~bba95191-r1,research-os/data/openwrt-v2-snapshots/releases/24.10.3/x86_64/openwrt-24.10.3-x86-64.manifest
24.10.3,x86/64,rpcd-mod-luci,20240305-r1,research-os/data/openwrt-v2-snapshots/releases/24.10.3/x86_64/openwrt-24.10.3-x86-64.manifest
24.10.3,x86/64,rpcd-mod-rrdns,20170710,research-os/data/openwrt-v2-snapshots/releases/24.10.3/x86_64/openwrt-24.10.3-x86-64.manifest
24.10.3,x86/64,rpcd-mod-ucode,2025.09.01~bba95191-r1,research-os/data/openwrt-v2-snapshots/releases/24.10.3/x86_64/openwrt-24.10.3-x86-64.manifest
24.10.3,x86/64,ubox,2024.04.26~85f10530-r1,research-os/data/openwrt-v2-snapshots/releases/24.10.3/x86_64/openwrt-24.10.3-x86-64.manifest
24.10.3,x86/64,ubus,2025.07.02~5952b48e-r1,research-os/data/openwrt-v2-snapshots/releases/24.10.3/x86_64/openwrt-24.10.3-x86-64.manifest
24.10.3,x86/64,ubusd,2025.07.02~5952b48e-r1,research-os/data/openwrt-v2-snapshots/releases/24.10.3/x86_64/openwrt-24.10.3-x86-64.manifest
24.10.3,x86/64,uci,2025.01.20~16ff0bad-r1,research-os/data/openwrt-v2-snapshots/releases/24.10.3/x86_64/openwrt-24.10.3-x86-64.manifest
24.10.3,x86/64,uclient-fetch,2024.10.22~88ae8f20-r1,research-os/data/openwrt-v2-snapshots/releases/24.10.3/x86_64/openwrt-24.10.3-x86-64.manifest
24.10.3,x86/64,ucode,2025.07.18~3f64c808-r1,research-os/data/openwrt-v2-snapshots/releases/24.10.3/x86_64/openwrt-24.10.3-x86-64.manifest
24.10.3,x86/64,ucode-mod-fs,2025.07.18~3f64c808-r1,research-os/data/openwrt-v2-snapshots/releases/24.10.3/x86_64/openwrt-24.10.3-x86-64.manifest
24.10.3,x86/64,ucode-mod-html,1,research-os/data/openwrt-v2-snapshots/releases/24.10.3/x86_64/openwrt-24.10.3-x86-64.manifest
24.10.3,x86/64,ucode-mod-math,2025.07.18~3f64c808-r1,research-os/data/openwrt-v2-snapshots/releases/24.10.3/x86_64/openwrt-24.10.3-x86-64.manifest
24.10.3,x86/64,ucode-mod-ubus,2025.07.18~3f64c808-r1,research-os/data/openwrt-v2-snapshots/releases/24.10.3/x86_64/openwrt-24.10.3-x86-64.manifest
24.10.3,x86/64,ucode-mod-uci,2025.07.18~3f64c808-r1,research-os/data/openwrt-v2-snapshots/releases/24.10.3/x86_64/openwrt-24.10.3-x86-64.manifest
24.10.3,x86/64,uhttpd,2025.07.06~7e64e8ba-r4,research-os/data/openwrt-v2-snapshots/releases/24.10.3/x86_64/openwrt-24.10.3-x86-64.manifest
24.10.3,x86/64,uhttpd-mod-ubus,2025.07.06~7e64e8ba-r4,research-os/data/openwrt-v2-snapshots/releases/24.10.3/x86_64/openwrt-24.10.3-x86-64.manifest
24.10.3,x86/64,urandom-seed,3,research-os/data/openwrt-v2-snapshots/releases/24.10.3/x86_64/openwrt-24.10.3-x86-64.manifest
24.10.3,x86/64,urngd,2023.11.01~44365eb1-r1,research-os/data/openwrt-v2-snapshots/releases/24.10.3/x86_64/openwrt-24.10.3-x86-64.manifest
24.10.3,x86/64,usign,2020.05.23~f1f65026-r1,research-os/data/openwrt-v2-snapshots/releases/24.10.3/x86_64/openwrt-24.10.3-x86-64.manifest
24.10.4,ath79/generic,base-files,1665~29397011cc,research-os/data/openwrt-v2-snapshots/releases/24.10.4/ath79_generic/openwrt-24.10.4-ath79-generic.manifest
24.10.4,ath79/generic,busybox,1.36.1-r2,research-os/data/openwrt-v2-snapshots/releases/24.10.4/ath79_generic/openwrt-24.10.4-ath79-generic.manifest
24.10.4,ath79/generic,ca-bundle,20250419-r1,research-os/data/openwrt-v2-snapshots/releases/24.10.4/ath79_generic/openwrt-24.10.4-ath79-generic.manifest
24.10.4,ath79/generic,cgi-io,2022.08.10~901b0f04-r21,research-os/data/openwrt-v2-snapshots/releases/24.10.4/ath79_generic/openwrt-24.10.4-ath79-generic.manifest
24.10.4,ath79/generic,dnsmasq,2.90-r4,research-os/data/openwrt-v2-snapshots/releases/24.10.4/ath79_generic/openwrt-24.10.4-ath79-generic.manifest
24.10.4,ath79/generic,dropbear,2024.86-r1,research-os/data/openwrt-v2-snapshots/releases/24.10.4/ath79_generic/openwrt-24.10.4-ath79-generic.manifest
24.10.4,ath79/generic,firewall4,2024.12.18~18fc0ead-r1,research-os/data/openwrt-v2-snapshots/releases/24.10.4/ath79_generic/openwrt-24.10.4-ath79-generic.manifest
24.10.4,ath79/generic,fstools,2024.07.14~408c2cc4-r1,research-os/data/openwrt-v2-snapshots/releases/24.10.4/ath79_generic/openwrt-24.10.4-ath79-generic.manifest
24.10.4,ath79/generic,fwtool,2019.11.12~8f7fe925-r1,research-os/data/openwrt-v2-snapshots/releases/24.10.4/ath79_generic/openwrt-24.10.4-ath79-generic.manifest
24.10.4,ath79/generic,getrandom,2024.04.26~85f10530-r1,research-os/data/openwrt-v2-snapshots/releases/24.10.4/ath79_generic/openwrt-24.10.4-ath79-generic.manifest
24.10.4,ath79/generic,hostapd-common,2024.09.15~5ace39b0-r2,research-os/data/openwrt-v2-snapshots/releases/24.10.4/ath79_generic/openwrt-24.10.4-ath79-generic.manifest
24.10.4,ath79/generic,iw,6.9-r1,research-os/data/openwrt-v2-snapshots/releases/24.10.4/ath79_generic/openwrt-24.10.4-ath79-generic.manifest
24.10.4,ath79/generic,iwinfo,2024.10.20~b94f066e-r1,research-os/data/openwrt-v2-snapshots/releases/24.10.4/ath79_generic/openwrt-24.10.4-ath79-generic.manifest
24.10.4,ath79/generic,jansson4,2.14-r3,research-os/data/openwrt-v2-snapshots/releases/24.10.4/ath79_generic/openwrt-24.10.4-ath79-generic.manifest
24.10.4,ath79/generic,jshn,2025.07.23~49056d17-r1,research-os/data/openwrt-v2-snapshots/releases/24.10.4/ath79_generic/openwrt-24.10.4-ath79-generic.manifest
24.10.4,ath79/generic,jsonfilter,2025.04.18~8a86fb78-r1,research-os/data/openwrt-v2-snapshots/releases/24.10.4/ath79_generic/openwrt-24.10.4-ath79-generic.manifest
24.10.4,ath79/generic,kernel,6.6.110~35ef4dd36891d37023436baa842fa311-r1,research-os/data/openwrt-v2-snapshots/releases/24.10.4/ath79_generic/openwrt-24.10.4-ath79-generic.manifest
24.10.4,ath79/generic,kmod-ath,6.6.110.6.12.52-r1,research-os/data/openwrt-v2-snapshots/releases/24.10.4/ath79_generic/openwrt-24.10.4-ath79-generic.manifest
24.10.4,ath79/generic,kmod-ath9k,6.6.110.6.12.52-r1,research-os/data/openwrt-v2-snapshots/releases/24.10.4/ath79_generic/openwrt-24.10.4-ath79-generic.manifest
24.10.4,ath79/generic,kmod-ath9k-common,6.6.110.6.12.52-r1,research-os/data/openwrt-v2-snapshots/releases/24.10.4/ath79_generic/openwrt-24.10.4-ath79-generic.manifest
24.10.4,ath79/generic,kmod-cfg80211,6.6.110.6.12.52-r1,research-os/data/openwrt-v2-snapshots/releases/24.10.4/ath79_generic/openwrt-24.10.4-ath79-generic.manifest
24.10.4,ath79/generic,kmod-crypto-acompress,6.6.110-r1,research-os/data/openwrt-v2-snapshots/releases/24.10.4/ath79_generic/openwrt-24.10.4-ath79-generic.manifest
24.10.4,ath79/generic,kmod-crypto-aead,6.6.110-r1,research-os/data/openwrt-v2-snapshots/releases/24.10.4/ath79_generic/openwrt-24.10.4-ath79-generic.manifest
24.10.4,ath79/generic,kmod-crypto-ccm,6.6.110-r1,research-os/data/openwrt-v2-snapshots/releases/24.10.4/ath79_generic/openwrt-24.10.4-ath79-generic.manifest
24.10.4,ath79/generic,kmod-crypto-cmac,6.6.110-r1,research-os/data/openwrt-v2-snapshots/releases/24.10.4/ath79_generic/openwrt-24.10.4-ath79-generic.manifest
24.10.4,ath79/generic,kmod-crypto-crc32c,6.6.110-r1,research-os/data/openwrt-v2-snapshots/releases/24.10.4/ath79_generic/openwrt-24.10.4-ath79-generic.manifest
24.10.4,ath79/generic,kmod-crypto-ctr,6.6.110-r1,research-os/data/openwrt-v2-snapshots/releases/24.10.4/ath79_generic/openwrt-24.10.4-ath79-generic.manifest
24.10.4,ath79/generic,kmod-crypto-gcm,6.6.110-r1,research-os/data/openwrt-v2-snapshots/releases/24.10.4/ath79_generic/openwrt-24.10.4-ath79-generic.manifest
24.10.4,ath79/generic,kmod-crypto-geniv,6.6.110-r1,research-os/data/openwrt-v2-snapshots/releases/24.10.4/ath79_generic/openwrt-24.10.4-ath79-generic.manifest
24.10.4,ath79/generic,kmod-crypto-gf128,6.6.110-r1,research-os/data/openwrt-v2-snapshots/releases/24.10.4/ath79_generic/openwrt-24.10.4-ath79-generic.manifest
24.10.4,ath79/generic,kmod-crypto-ghash,6.6.110-r1,research-os/data/openwrt-v2-snapshots/releases/24.10.4/ath79_generic/openwrt-24.10.4-ath79-generic.manifest
24.10.4,ath79/generic,kmod-crypto-hash,6.6.110-r1,research-os/data/openwrt-v2-snapshots/releases/24.10.4/ath79_generic/openwrt-24.10.4-ath79-generic.manifest
24.10.4,ath79/generic,kmod-crypto-hmac,6.6.110-r1,research-os/data/openwrt-v2-snapshots/releases/24.10.4/ath79_generic/openwrt-24.10.4-ath79-generic.manifest
24.10.4,ath79/generic,kmod-crypto-manager,6.6.110-r1,research-os/data/openwrt-v2-snapshots/releases/24.10.4/ath79_generic/openwrt-24.10.4-ath79-generic.manifest
24.10.4,ath79/generic,kmod-crypto-null,6.6.110-r1,research-os/data/openwrt-v2-snapshots/releases/24.10.4/ath79_generic/openwrt-24.10.4-ath79-generic.manifest
24.10.4,ath79/generic,kmod-crypto-rng,6.6.110-r1,research-os/data/openwrt-v2-snapshots/releases/24.10.4/ath79_generic/openwrt-24.10.4-ath79-generic.manifest
24.10.4,ath79/generic,kmod-crypto-seqiv,6.6.110-r1,research-os/data/openwrt-v2-snapshots/releases/24.10.4/ath79_generic/openwrt-24.10.4-ath79-generic.manifest
24.10.4,ath79/generic,kmod-crypto-sha3,6.6.110-r1,research-os/data/openwrt-v2-snapshots/releases/24.10.4/ath79_generic/openwrt-24.10.4-ath79-generic.manifest
24.10.4,ath79/generic,kmod-crypto-sha512,6.6.110-r1,research-os/data/openwrt-v2-snapshots/releases/24.10.4/ath79_generic/openwrt-24.10.4-ath79-generic.manifest
24.10.4,ath79/generic,kmod-gpio-button-hotplug,6.6.110-r5,research-os/data/openwrt-v2-snapshots/releases/24.10.4/ath79_generic/openwrt-24.10.4-ath79-generic.manifest
24.10.4,ath79/generic,kmod-lib-crc-ccitt,6.6.110-r1,research-os/data/openwrt-v2-snapshots/releases/24.10.4/ath79_generic/openwrt-24.10.4-ath79-generic.manifest
24.10.4,ath79/generic,kmod-lib-crc32c,6.6.110-r1,research-os/data/openwrt-v2-snapshots/releases/24.10.4/ath79_generic/openwrt-24.10.4-ath79-generic.manifest
24.10.4,ath79/generic,kmod-lib-lzo,6.6.110-r1,research-os/data/openwrt-v2-snapshots/releases/24.10.4/ath79_generic/openwrt-24.10.4-ath79-generic.manifest
24.10.4,ath79/generic,kmod-mac80211,6.6.110.6.12.52-r1,research-os/data/openwrt-v2-snapshots/releases/24.10.4/ath79_generic/openwrt-24.10.4-ath79-generic.manifest
24.10.4,ath79/generic,kmod-nf-conntrack,6.6.110-r1,research-os/data/openwrt-v2-snapshots/releases/24.10.4/ath79_generic/openwrt-24.10.4-ath79-generic.manifest
24.10.4,ath79/generic,kmod-nf-conntrack6,6.6.110-r1,research-os/data/openwrt-v2-snapshots/releases/24.10.4/ath79_generic/openwrt-24.10.4-ath79-generic.manifest
24.10.4,ath79/generic,kmod-nf-flow,6.6.110-r1,research-os/data/openwrt-v2-snapshots/releases/24.10.4/ath79_generic/openwrt-24.10.4-ath79-generic.manifest
24.10.4,ath79/generic,kmod-nf-log,6.6.110-r1,research-os/data/openwrt-v2-snapshots/releases/24.10.4/ath79_generic/openwrt-24.10.4-ath79-generic.manifest
24.10.4,ath79/generic,kmod-nf-log6,6.6.110-r1,research-os/data/openwrt-v2-snapshots/releases/24.10.4/ath79_generic/openwrt-24.10.4-ath79-generic.manifest
24.10.4,ath79/generic,kmod-nf-nat,6.6.110-r1,research-os/data/openwrt-v2-snapshots/releases/24.10.4/ath79_generic/openwrt-24.10.4-ath79-generic.manifest
24.10.4,ath79/generic,kmod-nf-reject,6.6.110-r1,research-os/data/openwrt-v2-snapshots/releases/24.10.4/ath79_generic/openwrt-24.10.4-ath79-generic.manifest
24.10.4,ath79/generic,kmod-nf-reject6,6.6.110-r1,research-os/data/openwrt-v2-snapshots/releases/24.10.4/ath79_generic/openwrt-24.10.4-ath79-generic.manifest
24.10.4,ath79/generic,kmod-nfnetlink,6.6.110-r1,research-os/data/openwrt-v2-snapshots/releases/24.10.4/ath79_generic/openwrt-24.10.4-ath79-generic.manifest
24.10.4,ath79/generic,kmod-nft-core,6.6.110-r1,research-os/data/openwrt-v2-snapshots/releases/24.10.4/ath79_generic/openwrt-24.10.4-ath79-generic.manifest
24.10.4,ath79/generic,kmod-nft-fib,6.6.110-r1,research-os/data/openwrt-v2-snapshots/releases/24.10.4/ath79_generic/openwrt-24.10.4-ath79-generic.manifest
24.10.4,ath79/generic,kmod-nft-nat,6.6.110-r1,research-os/data/openwrt-v2-snapshots/releases/24.10.4/ath79_generic/openwrt-24.10.4-ath79-generic.manifest
24.10.4,ath79/generic,kmod-nft-offload,6.6.110-r1,research-os/data/openwrt-v2-snapshots/releases/24.10.4/ath79_generic/openwrt-24.10.4-ath79-generic.manifest
24.10.4,ath79/generic,kmod-ppp,6.6.110-r1,research-os/data/openwrt-v2-snapshots/releases/24.10.4/ath79_generic/openwrt-24.10.4-ath79-generic.manifest
24.10.4,ath79/generic,kmod-pppoe,6.6.110-r1,research-os/data/openwrt-v2-snapshots/releases/24.10.4/ath79_generic/openwrt-24.10.4-ath79-generic.manifest
24.10.4,ath79/generic,kmod-pppox,6.6.110-r1,research-os/data/openwrt-v2-snapshots/releases/24.10.4/ath79_generic/openwrt-24.10.4-ath79-generic.manifest
24.10.4,ath79/generic,kmod-random-core,6.6.110-r1,research-os/data/openwrt-v2-snapshots/releases/24.10.4/ath79_generic/openwrt-24.10.4-ath79-generic.manifest
24.10.4,ath79/generic,kmod-slhc,6.6.110-r1,research-os/data/openwrt-v2-snapshots/releases/24.10.4/ath79_generic/openwrt-24.10.4-ath79-generic.manifest
24.10.4,ath79/generic,libblobmsg-json20240329,2025.07.23~49056d17-r1,research-os/data/openwrt-v2-snapshots/releases/24.10.4/ath79_generic/openwrt-24.10.4-ath79-generic.manifest
24.10.4,ath79/generic,libc,1.2.5-r4,research-os/data/openwrt-v2-snapshots/releases/24.10.4/ath79_generic/openwrt-24.10.4-ath79-generic.manifest
24.10.4,ath79/generic,libgcc1,13.3.0-r4,research-os/data/openwrt-v2-snapshots/releases/24.10.4/ath79_generic/openwrt-24.10.4-ath79-generic.manifest
24.10.4,ath79/generic,libiwinfo-data,2024.10.20~b94f066e-r1,research-os/data/openwrt-v2-snapshots/releases/24.10.4/ath79_generic/openwrt-24.10.4-ath79-generic.manifest
24.10.4,ath79/generic,libiwinfo20230701,2024.10.20~b94f066e-r1,research-os/data/openwrt-v2-snapshots/releases/24.10.4/ath79_generic/openwrt-24.10.4-ath79-generic.manifest
24.10.4,ath79/generic,libjson-c5,0.18-r1,research-os/data/openwrt-v2-snapshots/releases/24.10.4/ath79_generic/openwrt-24.10.4-ath79-generic.manifest
24.10.4,ath79/generic,libjson-script20240329,2025.07.23~49056d17-r1,research-os/data/openwrt-v2-snapshots/releases/24.10.4/ath79_generic/openwrt-24.10.4-ath79-generic.manifest
24.10.4,ath79/generic,liblucihttp-ucode,2023.03.15~9b5b683f-r1,research-os/data/openwrt-v2-snapshots/releases/24.10.4/ath79_generic/openwrt-24.10.4-ath79-generic.manifest
24.10.4,ath79/generic,liblucihttp0,2023.03.15~9b5b683f-r1,research-os/data/openwrt-v2-snapshots/releases/24.10.4/ath79_generic/openwrt-24.10.4-ath79-generic.manifest
24.10.4,ath79/generic,libmbedtls21,3.6.5-r1,research-os/data/openwrt-v2-snapshots/releases/24.10.4/ath79_generic/openwrt-24.10.4-ath79-generic.manifest
24.10.4,ath79/generic,libmnl0,1.0.5-r1,research-os/data/openwrt-v2-snapshots/releases/24.10.4/ath79_generic/openwrt-24.10.4-ath79-generic.manifest
24.10.4,ath79/generic,libnftnl11,1.2.8-r1,research-os/data/openwrt-v2-snapshots/releases/24.10.4/ath79_generic/openwrt-24.10.4-ath79-generic.manifest
24.10.4,ath79/generic,libnl-tiny1,2025.03.19~c0df580a-r1,research-os/data/openwrt-v2-snapshots/releases/24.10.4/ath79_generic/openwrt-24.10.4-ath79-generic.manifest
24.10.4,ath79/generic,libpthread,1.2.5-r4,research-os/data/openwrt-v2-snapshots/releases/24.10.4/ath79_generic/openwrt-24.10.4-ath79-generic.manifest
24.10.4,ath79/generic,libubox20240329,2025.07.23~49056d17-r1,research-os/data/openwrt-v2-snapshots/releases/24.10.4/ath79_generic/openwrt-24.10.4-ath79-generic.manifest
24.10.4,ath79/generic,libubus20250102,2025.10.17~60e04048-r1,research-os/data/openwrt-v2-snapshots/releases/24.10.4/ath79_generic/openwrt-24.10.4-ath79-generic.manifest
24.10.4,ath79/generic,libuci20250120,2025.01.20~16ff0bad-r1,research-os/data/openwrt-v2-snapshots/releases/24.10.4/ath79_generic/openwrt-24.10.4-ath79-generic.manifest
24.10.4,ath79/generic,libuclient20201210,2024.10.22~88ae8f20-r1,research-os/data/openwrt-v2-snapshots/releases/24.10.4/ath79_generic/openwrt-24.10.4-ath79-generic.manifest
24.10.4,ath79/generic,libucode20230711,2025.07.18~3f64c808-r1,research-os/data/openwrt-v2-snapshots/releases/24.10.4/ath79_generic/openwrt-24.10.4-ath79-generic.manifest
24.10.4,ath79/generic,libudebug,2025.08.24~edeb4d6d,research-os/data/openwrt-v2-snapshots/releases/24.10.4/ath79_generic/openwrt-24.10.4-ath79-generic.manifest
24.10.4,ath79/generic,libustream-mbedtls20201210,2024.07.28~99bd3d2b-r1,research-os/data/openwrt-v2-snapshots/releases/24.10.4/ath79_generic/openwrt-24.10.4-ath79-generic.manifest
24.10.4,ath79/generic,logd,2024.04.26~85f10530-r1,research-os/data/openwrt-v2-snapshots/releases/24.10.4/ath79_generic/openwrt-24.10.4-ath79-generic.manifest
24.10.4,ath79/generic,luci,25.292.66247~75e41cb,research-os/data/openwrt-v2-snapshots/releases/24.10.4/ath79_generic/openwrt-24.10.4-ath79-generic.manifest
24.10.4,ath79/generic,luci-app-firewall,25.292.66247~75e41cb,research-os/data/openwrt-v2-snapshots/releases/24.10.4/ath79_generic/openwrt-24.10.4-ath79-generic.manifest
24.10.4,ath79/generic,luci-app-package-manager,25.292.66247~75e41cb,research-os/data/openwrt-v2-snapshots/releases/24.10.4/ath79_generic/openwrt-24.10.4-ath79-generic.manifest
24.10.4,ath79/generic,luci-base,25.292.66247~75e41cb,research-os/data/openwrt-v2-snapshots/releases/24.10.4/ath79_generic/openwrt-24.10.4-ath79-generic.manifest
24.10.4,ath79/generic,luci-light,25.292.66247~75e41cb,research-os/data/openwrt-v2-snapshots/releases/24.10.4/ath79_generic/openwrt-24.10.4-ath79-generic.manifest
24.10.4,ath79/generic,luci-mod-admin-full,25.292.66247~75e41cb,research-os/data/openwrt-v2-snapshots/releases/24.10.4/ath79_generic/openwrt-24.10.4-ath79-generic.manifest
24.10.4,ath79/generic,luci-mod-network,25.292.66247~75e41cb,research-os/data/openwrt-v2-snapshots/releases/24.10.4/ath79_generic/openwrt-24.10.4-ath79-generic.manifest
24.10.4,ath79/generic,luci-mod-status,25.292.66247~75e41cb,research-os/data/openwrt-v2-snapshots/releases/24.10.4/ath79_generic/openwrt-24.10.4-ath79-generic.manifest
24.10.4,ath79/generic,luci-mod-system,25.292.66247~75e41cb,research-os/data/openwrt-v2-snapshots/releases/24.10.4/ath79_generic/openwrt-24.10.4-ath79-generic.manifest
24.10.4,ath79/generic,luci-proto-ipv6,25.292.66247~75e41cb,research-os/data/openwrt-v2-snapshots/releases/24.10.4/ath79_generic/openwrt-24.10.4-ath79-generic.manifest
24.10.4,ath79/generic,luci-proto-ppp,25.292.66247~75e41cb,research-os/data/openwrt-v2-snapshots/releases/24.10.4/ath79_generic/openwrt-24.10.4-ath79-generic.manifest
24.10.4,ath79/generic,luci-ssl,25.292.66247~75e41cb,research-os/data/openwrt-v2-snapshots/releases/24.10.4/ath79_generic/openwrt-24.10.4-ath79-generic.manifest
24.10.4,ath79/generic,luci-theme-bootstrap,25.292.66247~75e41cb,research-os/data/openwrt-v2-snapshots/releases/24.10.4/ath79_generic/openwrt-24.10.4-ath79-generic.manifest
24.10.4,ath79/generic,mtd,26,research-os/data/openwrt-v2-snapshots/releases/24.10.4/ath79_generic/openwrt-24.10.4-ath79-generic.manifest
24.10.4,ath79/generic,netifd,2025.05.23~7901e66c-r1,research-os/data/openwrt-v2-snapshots/releases/24.10.4/ath79_generic/openwrt-24.10.4-ath79-generic.manifest
24.10.4,ath79/generic,nftables-json,1.1.1-r1,research-os/data/openwrt-v2-snapshots/releases/24.10.4/ath79_generic/openwrt-24.10.4-ath79-generic.manifest
24.10.4,ath79/generic,odhcp6c,2024.09.25~b6ae9ffa-r1,research-os/data/openwrt-v2-snapshots/releases/24.10.4/ath79_generic/openwrt-24.10.4-ath79-generic.manifest
24.10.4,ath79/generic,odhcpd-ipv6only,2025.10.02~b14cf98c-r1,research-os/data/openwrt-v2-snapshots/releases/24.10.4/ath79_generic/openwrt-24.10.4-ath79-generic.manifest
24.10.4,ath79/generic,openwrt-keyring,2024.11.01~fbae29d7-r2,research-os/data/openwrt-v2-snapshots/releases/24.10.4/ath79_generic/openwrt-24.10.4-ath79-generic.manifest
24.10.4,ath79/generic,opkg,2024.10.16~38eccbb1-r1,research-os/data/openwrt-v2-snapshots/releases/24.10.4/ath79_generic/openwrt-24.10.4-ath79-generic.manifest
24.10.4,ath79/generic,ppp,2.5.1-r1,research-os/data/openwrt-v2-snapshots/releases/24.10.4/ath79_generic/openwrt-24.10.4-ath79-generic.manifest
24.10.4,ath79/generic,ppp-mod-pppoe,2.5.1-r1,research-os/data/openwrt-v2-snapshots/releases/24.10.4/ath79_generic/openwrt-24.10.4-ath79-generic.manifest
24.10.4,ath79/generic,procd,2024.12.22~42d39376-r1,research-os/data/openwrt-v2-snapshots/releases/24.10.4/ath79_generic/openwrt-24.10.4-ath79-generic.manifest
24.10.4,ath79/generic,procd-seccomp,2024.12.22~42d39376-r1,research-os/data/openwrt-v2-snapshots/releases/24.10.4/ath79_generic/openwrt-24.10.4-ath79-generic.manifest
24.10.4,ath79/generic,procd-ujail,2024.12.22~42d39376-r1,research-os/data/openwrt-v2-snapshots/releases/24.10.4/ath79_generic/openwrt-24.10.4-ath79-generic.manifest
24.10.4,ath79/generic,px5g-mbedtls,11,research-os/data/openwrt-v2-snapshots/releases/24.10.4/ath79_generic/openwrt-24.10.4-ath79-generic.manifest
24.10.4,ath79/generic,rpcd,2025.09.01~bba95191-r1,research-os/data/openwrt-v2-snapshots/releases/24.10.4/ath79_generic/openwrt-24.10.4-ath79-generic.manifest
24.10.4,ath79/generic,rpcd-mod-file,2025.09.01~bba95191-r1,research-os/data/openwrt-v2-snapshots/releases/24.10.4/ath79_generic/openwrt-24.10.4-ath79-generic.manifest
24.10.4,ath79/generic,rpcd-mod-iwinfo,2025.09.01~bba95191-r1,research-os/data/openwrt-v2-snapshots/releases/24.10.4/ath79_generic/openwrt-24.10.4-ath79-generic.manifest
24.10.4,ath79/generic,rpcd-mod-luci,20240305-r1,research-os/data/openwrt-v2-snapshots/releases/24.10.4/ath79_generic/openwrt-24.10.4-ath79-generic.manifest
24.10.4,ath79/generic,rpcd-mod-rrdns,20170710,research-os/data/openwrt-v2-snapshots/releases/24.10.4/ath79_generic/openwrt-24.10.4-ath79-generic.manifest
24.10.4,ath79/generic,rpcd-mod-ucode,2025.09.01~bba95191-r1,research-os/data/openwrt-v2-snapshots/releases/24.10.4/ath79_generic/openwrt-24.10.4-ath79-generic.manifest
24.10.4,ath79/generic,swconfig,12,research-os/data/openwrt-v2-snapshots/releases/24.10.4/ath79_generic/openwrt-24.10.4-ath79-generic.manifest
24.10.4,ath79/generic,uboot-envtools,2024.07-r1,research-os/data/openwrt-v2-snapshots/releases/24.10.4/ath79_generic/openwrt-24.10.4-ath79-generic.manifest
24.10.4,ath79/generic,ubox,2024.04.26~85f10530-r1,research-os/data/openwrt-v2-snapshots/releases/24.10.4/ath79_generic/openwrt-24.10.4-ath79-generic.manifest
24.10.4,ath79/generic,ubus,2025.10.17~60e04048-r1,research-os/data/openwrt-v2-snapshots/releases/24.10.4/ath79_generic/openwrt-24.10.4-ath79-generic.manifest
24.10.4,ath79/generic,ubusd,2025.10.17~60e04048-r1,research-os/data/openwrt-v2-snapshots/releases/24.10.4/ath79_generic/openwrt-24.10.4-ath79-generic.manifest
24.10.4,ath79/generic,uci,2025.01.20~16ff0bad-r1,research-os/data/openwrt-v2-snapshots/releases/24.10.4/ath79_generic/openwrt-24.10.4-ath79-generic.manifest
24.10.4,ath79/generic,uclient-fetch,2024.10.22~88ae8f20-r1,research-os/data/openwrt-v2-snapshots/releases/24.10.4/ath79_generic/openwrt-24.10.4-ath79-generic.manifest
24.10.4,ath79/generic,ucode,2025.07.18~3f64c808-r1,research-os/data/openwrt-v2-snapshots/releases/24.10.4/ath79_generic/openwrt-24.10.4-ath79-generic.manifest
24.10.4,ath79/generic,ucode-mod-fs,2025.07.18~3f64c808-r1,research-os/data/openwrt-v2-snapshots/releases/24.10.4/ath79_generic/openwrt-24.10.4-ath79-generic.manifest
24.10.4,ath79/generic,ucode-mod-html,1,research-os/data/openwrt-v2-snapshots/releases/24.10.4/ath79_generic/openwrt-24.10.4-ath79-generic.manifest
24.10.4,ath79/generic,ucode-mod-math,2025.07.18~3f64c808-r1,research-os/data/openwrt-v2-snapshots/releases/24.10.4/ath79_generic/openwrt-24.10.4-ath79-generic.manifest
24.10.4,ath79/generic,ucode-mod-nl80211,2025.07.18~3f64c808-r1,research-os/data/openwrt-v2-snapshots/releases/24.10.4/ath79_generic/openwrt-24.10.4-ath79-generic.manifest
24.10.4,ath79/generic,ucode-mod-rtnl,2025.07.18~3f64c808-r1,research-os/data/openwrt-v2-snapshots/releases/24.10.4/ath79_generic/openwrt-24.10.4-ath79-generic.manifest
24.10.4,ath79/generic,ucode-mod-ubus,2025.07.18~3f64c808-r1,research-os/data/openwrt-v2-snapshots/releases/24.10.4/ath79_generic/openwrt-24.10.4-ath79-generic.manifest
24.10.4,ath79/generic,ucode-mod-uci,2025.07.18~3f64c808-r1,research-os/data/openwrt-v2-snapshots/releases/24.10.4/ath79_generic/openwrt-24.10.4-ath79-generic.manifest
24.10.4,ath79/generic,ucode-mod-uloop,2025.07.18~3f64c808-r1,research-os/data/openwrt-v2-snapshots/releases/24.10.4/ath79_generic/openwrt-24.10.4-ath79-generic.manifest
24.10.4,ath79/generic,uhttpd,2025.07.06~7e64e8ba-r4,research-os/data/openwrt-v2-snapshots/releases/24.10.4/ath79_generic/openwrt-24.10.4-ath79-generic.manifest
24.10.4,ath79/generic,uhttpd-mod-ubus,2025.07.06~7e64e8ba-r4,research-os/data/openwrt-v2-snapshots/releases/24.10.4/ath79_generic/openwrt-24.10.4-ath79-generic.manifest
24.10.4,ath79/generic,urandom-seed,3,research-os/data/openwrt-v2-snapshots/releases/24.10.4/ath79_generic/openwrt-24.10.4-ath79-generic.manifest
24.10.4,ath79/generic,urngd,2023.11.01~44365eb1-r1,research-os/data/openwrt-v2-snapshots/releases/24.10.4/ath79_generic/openwrt-24.10.4-ath79-generic.manifest
24.10.4,ath79/generic,usign,2020.05.23~f1f65026-r1,research-os/data/openwrt-v2-snapshots/releases/24.10.4/ath79_generic/openwrt-24.10.4-ath79-generic.manifest
24.10.4,ath79/generic,wifi-scripts,1.0-r1,research-os/data/openwrt-v2-snapshots/releases/24.10.4/ath79_generic/openwrt-24.10.4-ath79-generic.manifest
24.10.4,ath79/generic,wireless-regdb,2025.07.10-r1,research-os/data/openwrt-v2-snapshots/releases/24.10.4/ath79_generic/openwrt-24.10.4-ath79-generic.manifest
24.10.4,ath79/generic,wpad-basic-mbedtls,2024.09.15~5ace39b0-r2,research-os/data/openwrt-v2-snapshots/releases/24.10.4/ath79_generic/openwrt-24.10.4-ath79-generic.manifest
24.10.4,x86/64,base-files,1665~29397011cc,research-os/data/openwrt-v2-snapshots/releases/24.10.4/x86_64/openwrt-24.10.4-x86-64.manifest
24.10.4,x86/64,busybox,1.36.1-r2,research-os/data/openwrt-v2-snapshots/releases/24.10.4/x86_64/openwrt-24.10.4-x86-64.manifest
24.10.4,x86/64,ca-bundle,20250419-r1,research-os/data/openwrt-v2-snapshots/releases/24.10.4/x86_64/openwrt-24.10.4-x86-64.manifest
24.10.4,x86/64,cgi-io,2022.08.10~901b0f04-r21,research-os/data/openwrt-v2-snapshots/releases/24.10.4/x86_64/openwrt-24.10.4-x86-64.manifest
24.10.4,x86/64,dnsmasq,2.90-r4,research-os/data/openwrt-v2-snapshots/releases/24.10.4/x86_64/openwrt-24.10.4-x86-64.manifest
24.10.4,x86/64,dropbear,2024.86-r1,research-os/data/openwrt-v2-snapshots/releases/24.10.4/x86_64/openwrt-24.10.4-x86-64.manifest
24.10.4,x86/64,e2fsprogs,1.47.0-r2,research-os/data/openwrt-v2-snapshots/releases/24.10.4/x86_64/openwrt-24.10.4-x86-64.manifest
24.10.4,x86/64,firewall4,2024.12.18~18fc0ead-r1,research-os/data/openwrt-v2-snapshots/releases/24.10.4/x86_64/openwrt-24.10.4-x86-64.manifest
24.10.4,x86/64,fstools,2024.07.14~408c2cc4-r1,research-os/data/openwrt-v2-snapshots/releases/24.10.4/x86_64/openwrt-24.10.4-x86-64.manifest
24.10.4,x86/64,fwtool,2019.11.12~8f7fe925-r1,research-os/data/openwrt-v2-snapshots/releases/24.10.4/x86_64/openwrt-24.10.4-x86-64.manifest
24.10.4,x86/64,getrandom,2024.04.26~85f10530-r1,research-os/data/openwrt-v2-snapshots/releases/24.10.4/x86_64/openwrt-24.10.4-x86-64.manifest
24.10.4,x86/64,grub2,2.12-r1,research-os/data/openwrt-v2-snapshots/releases/24.10.4/x86_64/openwrt-24.10.4-x86-64.manifest
24.10.4,x86/64,grub2-bios-setup,2.12-r1,research-os/data/openwrt-v2-snapshots/releases/24.10.4/x86_64/openwrt-24.10.4-x86-64.manifest
24.10.4,x86/64,grub2-efi,2.12-r1,research-os/data/openwrt-v2-snapshots/releases/24.10.4/x86_64/openwrt-24.10.4-x86-64.manifest
24.10.4,x86/64,jansson4,2.14-r3,research-os/data/openwrt-v2-snapshots/releases/24.10.4/x86_64/openwrt-24.10.4-x86-64.manifest
24.10.4,x86/64,jshn,2025.07.23~49056d17-r1,research-os/data/openwrt-v2-snapshots/releases/24.10.4/x86_64/openwrt-24.10.4-x86-64.manifest
24.10.4,x86/64,jsonfilter,2025.04.18~8a86fb78-r1,research-os/data/openwrt-v2-snapshots/releases/24.10.4/x86_64/openwrt-24.10.4-x86-64.manifest
24.10.4,x86/64,kernel,6.6.110~484466e2719a743506c36b4bb2103582-r1,research-os/data/openwrt-v2-snapshots/releases/24.10.4/x86_64/openwrt-24.10.4-x86-64.manifest
24.10.4,x86/64,kmod-button-hotplug,6.6.110-r3,research-os/data/openwrt-v2-snapshots/releases/24.10.4/x86_64/openwrt-24.10.4-x86-64.manifest
24.10.4,x86/64,kmod-crypto-acompress,6.6.110-r1,research-os/data/openwrt-v2-snapshots/releases/24.10.4/x86_64/openwrt-24.10.4-x86-64.manifest
24.10.4,x86/64,kmod-crypto-crc32c,6.6.110-r1,research-os/data/openwrt-v2-snapshots/releases/24.10.4/x86_64/openwrt-24.10.4-x86-64.manifest
24.10.4,x86/64,kmod-crypto-hash,6.6.110-r1,research-os/data/openwrt-v2-snapshots/releases/24.10.4/x86_64/openwrt-24.10.4-x86-64.manifest
24.10.4,x86/64,kmod-fs-vfat,6.6.110-r1,research-os/data/openwrt-v2-snapshots/releases/24.10.4/x86_64/openwrt-24.10.4-x86-64.manifest
24.10.4,x86/64,kmod-input-core,6.6.110-r1,research-os/data/openwrt-v2-snapshots/releases/24.10.4/x86_64/openwrt-24.10.4-x86-64.manifest
24.10.4,x86/64,kmod-lib-crc-ccitt,6.6.110-r1,research-os/data/openwrt-v2-snapshots/releases/24.10.4/x86_64/openwrt-24.10.4-x86-64.manifest
24.10.4,x86/64,kmod-lib-crc32c,6.6.110-r1,research-os/data/openwrt-v2-snapshots/releases/24.10.4/x86_64/openwrt-24.10.4-x86-64.manifest
24.10.4,x86/64,kmod-lib-lzo,6.6.110-r1,research-os/data/openwrt-v2-snapshots/releases/24.10.4/x86_64/openwrt-24.10.4-x86-64.manifest
24.10.4,x86/64,kmod-nf-conntrack,6.6.110-r1,research-os/data/openwrt-v2-snapshots/releases/24.10.4/x86_64/openwrt-24.10.4-x86-64.manifest
24.10.4,x86/64,kmod-nf-conntrack6,6.6.110-r1,research-os/data/openwrt-v2-snapshots/releases/24.10.4/x86_64/openwrt-24.10.4-x86-64.manifest
24.10.4,x86/64,kmod-nf-flow,6.6.110-r1,research-os/data/openwrt-v2-snapshots/releases/24.10.4/x86_64/openwrt-24.10.4-x86-64.manifest
24.10.4,x86/64,kmod-nf-log,6.6.110-r1,research-os/data/openwrt-v2-snapshots/releases/24.10.4/x86_64/openwrt-24.10.4-x86-64.manifest
24.10.4,x86/64,kmod-nf-log6,6.6.110-r1,research-os/data/openwrt-v2-snapshots/releases/24.10.4/x86_64/openwrt-24.10.4-x86-64.manifest
24.10.4,x86/64,kmod-nf-nat,6.6.110-r1,research-os/data/openwrt-v2-snapshots/releases/24.10.4/x86_64/openwrt-24.10.4-x86-64.manifest
24.10.4,x86/64,kmod-nf-reject,6.6.110-r1,research-os/data/openwrt-v2-snapshots/releases/24.10.4/x86_64/openwrt-24.10.4-x86-64.manifest
24.10.4,x86/64,kmod-nf-reject6,6.6.110-r1,research-os/data/openwrt-v2-snapshots/releases/24.10.4/x86_64/openwrt-24.10.4-x86-64.manifest
24.10.4,x86/64,kmod-nfnetlink,6.6.110-r1,research-os/data/openwrt-v2-snapshots/releases/24.10.4/x86_64/openwrt-24.10.4-x86-64.manifest
24.10.4,x86/64,kmod-nft-core,6.6.110-r1,research-os/data/openwrt-v2-snapshots/releases/24.10.4/x86_64/openwrt-24.10.4-x86-64.manifest
24.10.4,x86/64,kmod-nft-fib,6.6.110-r1,research-os/data/openwrt-v2-snapshots/releases/24.10.4/x86_64/openwrt-24.10.4-x86-64.manifest
24.10.4,x86/64,kmod-nft-nat,6.6.110-r1,research-os/data/openwrt-v2-snapshots/releases/24.10.4/x86_64/openwrt-24.10.4-x86-64.manifest
24.10.4,x86/64,kmod-nft-offload,6.6.110-r1,research-os/data/openwrt-v2-snapshots/releases/24.10.4/x86_64/openwrt-24.10.4-x86-64.manifest
24.10.4,x86/64,kmod-nls-base,6.6.110-r1,research-os/data/openwrt-v2-snapshots/releases/24.10.4/x86_64/openwrt-24.10.4-x86-64.manifest
24.10.4,x86/64,kmod-nls-cp437,6.6.110-r1,research-os/data/openwrt-v2-snapshots/releases/24.10.4/x86_64/openwrt-24.10.4-x86-64.manifest
24.10.4,x86/64,kmod-nls-iso8859-1,6.6.110-r1,research-os/data/openwrt-v2-snapshots/releases/24.10.4/x86_64/openwrt-24.10.4-x86-64.manifest
24.10.4,x86/64,kmod-nls-utf8,6.6.110-r1,research-os/data/openwrt-v2-snapshots/releases/24.10.4/x86_64/openwrt-24.10.4-x86-64.manifest
24.10.4,x86/64,kmod-ppp,6.6.110-r1,research-os/data/openwrt-v2-snapshots/releases/24.10.4/x86_64/openwrt-24.10.4-x86-64.manifest
24.10.4,x86/64,kmod-pppoe,6.6.110-r1,research-os/data/openwrt-v2-snapshots/releases/24.10.4/x86_64/openwrt-24.10.4-x86-64.manifest
24.10.4,x86/64,kmod-pppox,6.6.110-r1,research-os/data/openwrt-v2-snapshots/releases/24.10.4/x86_64/openwrt-24.10.4-x86-64.manifest
24.10.4,x86/64,kmod-slhc,6.6.110-r1,research-os/data/openwrt-v2-snapshots/releases/24.10.4/x86_64/openwrt-24.10.4-x86-64.manifest
24.10.4,x86/64,libblkid1,2.40.2-r1,research-os/data/openwrt-v2-snapshots/releases/24.10.4/x86_64/openwrt-24.10.4-x86-64.manifest
24.10.4,x86/64,libblobmsg-json20240329,2025.07.23~49056d17-r1,research-os/data/openwrt-v2-snapshots/releases/24.10.4/x86_64/openwrt-24.10.4-x86-64.manifest
24.10.4,x86/64,libc,1.2.5-r4,research-os/data/openwrt-v2-snapshots/releases/24.10.4/x86_64/openwrt-24.10.4-x86-64.manifest
24.10.4,x86/64,libcomerr0,1.47.0-r2,research-os/data/openwrt-v2-snapshots/releases/24.10.4/x86_64/openwrt-24.10.4-x86-64.manifest
24.10.4,x86/64,libe2p2,1.47.0-r2,research-os/data/openwrt-v2-snapshots/releases/24.10.4/x86_64/openwrt-24.10.4-x86-64.manifest
24.10.4,x86/64,libext2fs2,1.47.0-r2,research-os/data/openwrt-v2-snapshots/releases/24.10.4/x86_64/openwrt-24.10.4-x86-64.manifest
24.10.4,x86/64,libf2fs6,1.16.0-r3,research-os/data/openwrt-v2-snapshots/releases/24.10.4/x86_64/openwrt-24.10.4-x86-64.manifest
24.10.4,x86/64,libgcc1,13.3.0-r4,research-os/data/openwrt-v2-snapshots/releases/24.10.4/x86_64/openwrt-24.10.4-x86-64.manifest
24.10.4,x86/64,libiwinfo-data,2024.10.20~b94f066e-r1,research-os/data/openwrt-v2-snapshots/releases/24.10.4/x86_64/openwrt-24.10.4-x86-64.manifest
24.10.4,x86/64,libiwinfo20230701,2024.10.20~b94f066e-r1,research-os/data/openwrt-v2-snapshots/releases/24.10.4/x86_64/openwrt-24.10.4-x86-64.manifest
24.10.4,x86/64,libjson-c5,0.18-r1,research-os/data/openwrt-v2-snapshots/releases/24.10.4/x86_64/openwrt-24.10.4-x86-64.manifest
24.10.4,x86/64,libjson-script20240329,2025.07.23~49056d17-r1,research-os/data/openwrt-v2-snapshots/releases/24.10.4/x86_64/openwrt-24.10.4-x86-64.manifest
24.10.4,x86/64,liblucihttp-ucode,2023.03.15~9b5b683f-r1,research-os/data/openwrt-v2-snapshots/releases/24.10.4/x86_64/openwrt-24.10.4-x86-64.manifest
24.10.4,x86/64,liblucihttp0,2023.03.15~9b5b683f-r1,research-os/data/openwrt-v2-snapshots/releases/24.10.4/x86_64/openwrt-24.10.4-x86-64.manifest
24.10.4,x86/64,libmbedtls21,3.6.5-r1,research-os/data/openwrt-v2-snapshots/releases/24.10.4/x86_64/openwrt-24.10.4-x86-64.manifest
24.10.4,x86/64,libmnl0,1.0.5-r1,research-os/data/openwrt-v2-snapshots/releases/24.10.4/x86_64/openwrt-24.10.4-x86-64.manifest
24.10.4,x86/64,libnftnl11,1.2.8-r1,research-os/data/openwrt-v2-snapshots/releases/24.10.4/x86_64/openwrt-24.10.4-x86-64.manifest
24.10.4,x86/64,libnl-tiny1,2025.03.19~c0df580a-r1,research-os/data/openwrt-v2-snapshots/releases/24.10.4/x86_64/openwrt-24.10.4-x86-64.manifest
24.10.4,x86/64,libpthread,1.2.5-r4,research-os/data/openwrt-v2-snapshots/releases/24.10.4/x86_64/openwrt-24.10.4-x86-64.manifest
24.10.4,x86/64,librt,1.2.5-r4,research-os/data/openwrt-v2-snapshots/releases/24.10.4/x86_64/openwrt-24.10.4-x86-64.manifest
24.10.4,x86/64,libsmartcols1,2.40.2-r1,research-os/data/openwrt-v2-snapshots/releases/24.10.4/x86_64/openwrt-24.10.4-x86-64.manifest
24.10.4,x86/64,libss2,1.47.0-r2,research-os/data/openwrt-v2-snapshots/releases/24.10.4/x86_64/openwrt-24.10.4-x86-64.manifest
24.10.4,x86/64,libubox20240329,2025.07.23~49056d17-r1,research-os/data/openwrt-v2-snapshots/releases/24.10.4/x86_64/openwrt-24.10.4-x86-64.manifest
24.10.4,x86/64,libubus20250102,2025.10.17~60e04048-r1,research-os/data/openwrt-v2-snapshots/releases/24.10.4/x86_64/openwrt-24.10.4-x86-64.manifest
24.10.4,x86/64,libuci20250120,2025.01.20~16ff0bad-r1,research-os/data/openwrt-v2-snapshots/releases/24.10.4/x86_64/openwrt-24.10.4-x86-64.manifest
24.10.4,x86/64,libuclient20201210,2024.10.22~88ae8f20-r1,research-os/data/openwrt-v2-snapshots/releases/24.10.4/x86_64/openwrt-24.10.4-x86-64.manifest
24.10.4,x86/64,libucode20230711,2025.07.18~3f64c808-r1,research-os/data/openwrt-v2-snapshots/releases/24.10.4/x86_64/openwrt-24.10.4-x86-64.manifest
24.10.4,x86/64,libudebug,2025.08.24~edeb4d6d,research-os/data/openwrt-v2-snapshots/releases/24.10.4/x86_64/openwrt-24.10.4-x86-64.manifest
24.10.4,x86/64,libustream-mbedtls20201210,2024.07.28~99bd3d2b-r1,research-os/data/openwrt-v2-snapshots/releases/24.10.4/x86_64/openwrt-24.10.4-x86-64.manifest
24.10.4,x86/64,libuuid1,2.40.2-r1,research-os/data/openwrt-v2-snapshots/releases/24.10.4/x86_64/openwrt-24.10.4-x86-64.manifest
24.10.4,x86/64,logd,2024.04.26~85f10530-r1,research-os/data/openwrt-v2-snapshots/releases/24.10.4/x86_64/openwrt-24.10.4-x86-64.manifest
24.10.4,x86/64,luci,25.292.66247~75e41cb,research-os/data/openwrt-v2-snapshots/releases/24.10.4/x86_64/openwrt-24.10.4-x86-64.manifest
24.10.4,x86/64,luci-app-firewall,25.292.66247~75e41cb,research-os/data/openwrt-v2-snapshots/releases/24.10.4/x86_64/openwrt-24.10.4-x86-64.manifest
24.10.4,x86/64,luci-app-package-manager,25.292.66247~75e41cb,research-os/data/openwrt-v2-snapshots/releases/24.10.4/x86_64/openwrt-24.10.4-x86-64.manifest
24.10.4,x86/64,luci-base,25.292.66247~75e41cb,research-os/data/openwrt-v2-snapshots/releases/24.10.4/x86_64/openwrt-24.10.4-x86-64.manifest
24.10.4,x86/64,luci-light,25.292.66247~75e41cb,research-os/data/openwrt-v2-snapshots/releases/24.10.4/x86_64/openwrt-24.10.4-x86-64.manifest
24.10.4,x86/64,luci-mod-admin-full,25.292.66247~75e41cb,research-os/data/openwrt-v2-snapshots/releases/24.10.4/x86_64/openwrt-24.10.4-x86-64.manifest
24.10.4,x86/64,luci-mod-network,25.292.66247~75e41cb,research-os/data/openwrt-v2-snapshots/releases/24.10.4/x86_64/openwrt-24.10.4-x86-64.manifest
24.10.4,x86/64,luci-mod-status,25.292.66247~75e41cb,research-os/data/openwrt-v2-snapshots/releases/24.10.4/x86_64/openwrt-24.10.4-x86-64.manifest
24.10.4,x86/64,luci-mod-system,25.292.66247~75e41cb,research-os/data/openwrt-v2-snapshots/releases/24.10.4/x86_64/openwrt-24.10.4-x86-64.manifest
24.10.4,x86/64,luci-proto-ipv6,25.292.66247~75e41cb,research-os/data/openwrt-v2-snapshots/releases/24.10.4/x86_64/openwrt-24.10.4-x86-64.manifest
24.10.4,x86/64,luci-proto-ppp,25.292.66247~75e41cb,research-os/data/openwrt-v2-snapshots/releases/24.10.4/x86_64/openwrt-24.10.4-x86-64.manifest
24.10.4,x86/64,luci-ssl,25.292.66247~75e41cb,research-os/data/openwrt-v2-snapshots/releases/24.10.4/x86_64/openwrt-24.10.4-x86-64.manifest
24.10.4,x86/64,luci-theme-bootstrap,25.292.66247~75e41cb,research-os/data/openwrt-v2-snapshots/releases/24.10.4/x86_64/openwrt-24.10.4-x86-64.manifest
24.10.4,x86/64,mkf2fs,1.16.0-r3,research-os/data/openwrt-v2-snapshots/releases/24.10.4/x86_64/openwrt-24.10.4-x86-64.manifest
24.10.4,x86/64,mtd,26,research-os/data/openwrt-v2-snapshots/releases/24.10.4/x86_64/openwrt-24.10.4-x86-64.manifest
24.10.4,x86/64,netifd,2025.05.23~7901e66c-r1,research-os/data/openwrt-v2-snapshots/releases/24.10.4/x86_64/openwrt-24.10.4-x86-64.manifest
24.10.4,x86/64,nftables-json,1.1.1-r1,research-os/data/openwrt-v2-snapshots/releases/24.10.4/x86_64/openwrt-24.10.4-x86-64.manifest
24.10.4,x86/64,odhcp6c,2024.09.25~b6ae9ffa-r1,research-os/data/openwrt-v2-snapshots/releases/24.10.4/x86_64/openwrt-24.10.4-x86-64.manifest
24.10.4,x86/64,odhcpd-ipv6only,2025.10.02~b14cf98c-r1,research-os/data/openwrt-v2-snapshots/releases/24.10.4/x86_64/openwrt-24.10.4-x86-64.manifest
24.10.4,x86/64,openwrt-keyring,2024.11.01~fbae29d7-r2,research-os/data/openwrt-v2-snapshots/releases/24.10.4/x86_64/openwrt-24.10.4-x86-64.manifest
24.10.4,x86/64,opkg,2024.10.16~38eccbb1-r1,research-os/data/openwrt-v2-snapshots/releases/24.10.4/x86_64/openwrt-24.10.4-x86-64.manifest
24.10.4,x86/64,partx-utils,2.40.2-r1,research-os/data/openwrt-v2-snapshots/releases/24.10.4/x86_64/openwrt-24.10.4-x86-64.manifest
24.10.4,x86/64,ppp,2.5.1-r1,research-os/data/openwrt-v2-snapshots/releases/24.10.4/x86_64/openwrt-24.10.4-x86-64.manifest
24.10.4,x86/64,ppp-mod-pppoe,2.5.1-r1,research-os/data/openwrt-v2-snapshots/releases/24.10.4/x86_64/openwrt-24.10.4-x86-64.manifest
24.10.4,x86/64,procd,2024.12.22~42d39376-r1,research-os/data/openwrt-v2-snapshots/releases/24.10.4/x86_64/openwrt-24.10.4-x86-64.manifest
24.10.4,x86/64,procd-seccomp,2024.12.22~42d39376-r1,research-os/data/openwrt-v2-snapshots/releases/24.10.4/x86_64/openwrt-24.10.4-x86-64.manifest
24.10.4,x86/64,procd-ujail,2024.12.22~42d39376-r1,research-os/data/openwrt-v2-snapshots/releases/24.10.4/x86_64/openwrt-24.10.4-x86-64.manifest
24.10.4,x86/64,px5g-mbedtls,11,research-os/data/openwrt-v2-snapshots/releases/24.10.4/x86_64/openwrt-24.10.4-x86-64.manifest
24.10.4,x86/64,rpcd,2025.09.01~bba95191-r1,research-os/data/openwrt-v2-snapshots/releases/24.10.4/x86_64/openwrt-24.10.4-x86-64.manifest
24.10.4,x86/64,rpcd-mod-file,2025.09.01~bba95191-r1,research-os/data/openwrt-v2-snapshots/releases/24.10.4/x86_64/openwrt-24.10.4-x86-64.manifest
24.10.4,x86/64,rpcd-mod-iwinfo,2025.09.01~bba95191-r1,research-os/data/openwrt-v2-snapshots/releases/24.10.4/x86_64/openwrt-24.10.4-x86-64.manifest
24.10.4,x86/64,rpcd-mod-luci,20240305-r1,research-os/data/openwrt-v2-snapshots/releases/24.10.4/x86_64/openwrt-24.10.4-x86-64.manifest
24.10.4,x86/64,rpcd-mod-rrdns,20170710,research-os/data/openwrt-v2-snapshots/releases/24.10.4/x86_64/openwrt-24.10.4-x86-64.manifest
24.10.4,x86/64,rpcd-mod-ucode,2025.09.01~bba95191-r1,research-os/data/openwrt-v2-snapshots/releases/24.10.4/x86_64/openwrt-24.10.4-x86-64.manifest
24.10.4,x86/64,ubox,2024.04.26~85f10530-r1,research-os/data/openwrt-v2-snapshots/releases/24.10.4/x86_64/openwrt-24.10.4-x86-64.manifest
24.10.4,x86/64,ubus,2025.10.17~60e04048-r1,research-os/data/openwrt-v2-snapshots/releases/24.10.4/x86_64/openwrt-24.10.4-x86-64.manifest
24.10.4,x86/64,ubusd,2025.10.17~60e04048-r1,research-os/data/openwrt-v2-snapshots/releases/24.10.4/x86_64/openwrt-24.10.4-x86-64.manifest
24.10.4,x86/64,uci,2025.01.20~16ff0bad-r1,research-os/data/openwrt-v2-snapshots/releases/24.10.4/x86_64/openwrt-24.10.4-x86-64.manifest
24.10.4,x86/64,uclient-fetch,2024.10.22~88ae8f20-r1,research-os/data/openwrt-v2-snapshots/releases/24.10.4/x86_64/openwrt-24.10.4-x86-64.manifest
24.10.4,x86/64,ucode,2025.07.18~3f64c808-r1,research-os/data/openwrt-v2-snapshots/releases/24.10.4/x86_64/openwrt-24.10.4-x86-64.manifest
24.10.4,x86/64,ucode-mod-fs,2025.07.18~3f64c808-r1,research-os/data/openwrt-v2-snapshots/releases/24.10.4/x86_64/openwrt-24.10.4-x86-64.manifest
24.10.4,x86/64,ucode-mod-html,1,research-os/data/openwrt-v2-snapshots/releases/24.10.4/x86_64/openwrt-24.10.4-x86-64.manifest
24.10.4,x86/64,ucode-mod-math,2025.07.18~3f64c808-r1,research-os/data/openwrt-v2-snapshots/releases/24.10.4/x86_64/openwrt-24.10.4-x86-64.manifest
24.10.4,x86/64,ucode-mod-ubus,2025.07.18~3f64c808-r1,research-os/data/openwrt-v2-snapshots/releases/24.10.4/x86_64/openwrt-24.10.4-x86-64.manifest
24.10.4,x86/64,ucode-mod-uci,2025.07.18~3f64c808-r1,research-os/data/openwrt-v2-snapshots/releases/24.10.4/x86_64/openwrt-24.10.4-x86-64.manifest
24.10.4,x86/64,uhttpd,2025.07.06~7e64e8ba-r4,research-os/data/openwrt-v2-snapshots/releases/24.10.4/x86_64/openwrt-24.10.4-x86-64.manifest
24.10.4,x86/64,uhttpd-mod-ubus,2025.07.06~7e64e8ba-r4,research-os/data/openwrt-v2-snapshots/releases/24.10.4/x86_64/openwrt-24.10.4-x86-64.manifest
24.10.4,x86/64,urandom-seed,3,research-os/data/openwrt-v2-snapshots/releases/24.10.4/x86_64/openwrt-24.10.4-x86-64.manifest
24.10.4,x86/64,urngd,2023.11.01~44365eb1-r1,research-os/data/openwrt-v2-snapshots/releases/24.10.4/x86_64/openwrt-24.10.4-x86-64.manifest
24.10.4,x86/64,usign,2020.05.23~f1f65026-r1,research-os/data/openwrt-v2-snapshots/releases/24.10.4/x86_64/openwrt-24.10.4-x86-64.manifest
24.10.5,ath79/generic,base-files,1668~d9c5716d1d,research-os/data/openwrt-v2-snapshots/releases/24.10.5/ath79_generic/openwrt-24.10.5-ath79-generic.manifest
24.10.5,ath79/generic,busybox,1.36.1-r2,research-os/data/openwrt-v2-snapshots/releases/24.10.5/ath79_generic/openwrt-24.10.5-ath79-generic.manifest
24.10.5,ath79/generic,ca-bundle,20250419-r1,research-os/data/openwrt-v2-snapshots/releases/24.10.5/ath79_generic/openwrt-24.10.5-ath79-generic.manifest
24.10.5,ath79/generic,cgi-io,2022.08.10~901b0f04-r21,research-os/data/openwrt-v2-snapshots/releases/24.10.5/ath79_generic/openwrt-24.10.5-ath79-generic.manifest
24.10.5,ath79/generic,dnsmasq,2.90-r4,research-os/data/openwrt-v2-snapshots/releases/24.10.5/ath79_generic/openwrt-24.10.5-ath79-generic.manifest
24.10.5,ath79/generic,dropbear,2024.86-r2,research-os/data/openwrt-v2-snapshots/releases/24.10.5/ath79_generic/openwrt-24.10.5-ath79-generic.manifest
24.10.5,ath79/generic,firewall4,2024.12.18~18fc0ead-r1,research-os/data/openwrt-v2-snapshots/releases/24.10.5/ath79_generic/openwrt-24.10.5-ath79-generic.manifest
24.10.5,ath79/generic,fstools,2024.07.14~408c2cc4-r1,research-os/data/openwrt-v2-snapshots/releases/24.10.5/ath79_generic/openwrt-24.10.5-ath79-generic.manifest
24.10.5,ath79/generic,fwtool,2019.11.12~8f7fe925-r1,research-os/data/openwrt-v2-snapshots/releases/24.10.5/ath79_generic/openwrt-24.10.5-ath79-generic.manifest
24.10.5,ath79/generic,getrandom,2024.04.26~85f10530-r1,research-os/data/openwrt-v2-snapshots/releases/24.10.5/ath79_generic/openwrt-24.10.5-ath79-generic.manifest
24.10.5,ath79/generic,hostapd-common,2024.09.15~5ace39b0-r2,research-os/data/openwrt-v2-snapshots/releases/24.10.5/ath79_generic/openwrt-24.10.5-ath79-generic.manifest
24.10.5,ath79/generic,iw,6.9-r1,research-os/data/openwrt-v2-snapshots/releases/24.10.5/ath79_generic/openwrt-24.10.5-ath79-generic.manifest
24.10.5,ath79/generic,iwinfo,2024.10.20~b94f066e-r1,research-os/data/openwrt-v2-snapshots/releases/24.10.5/ath79_generic/openwrt-24.10.5-ath79-generic.manifest
24.10.5,ath79/generic,jansson4,2.14-r3,research-os/data/openwrt-v2-snapshots/releases/24.10.5/ath79_generic/openwrt-24.10.5-ath79-generic.manifest
24.10.5,ath79/generic,jshn,2025.07.23~49056d17-r1,research-os/data/openwrt-v2-snapshots/releases/24.10.5/ath79_generic/openwrt-24.10.5-ath79-generic.manifest
24.10.5,ath79/generic,jsonfilter,2025.04.18~8a86fb78-r1,research-os/data/openwrt-v2-snapshots/releases/24.10.5/ath79_generic/openwrt-24.10.5-ath79-generic.manifest
24.10.5,ath79/generic,kernel,6.6.119~35ef4dd36891d37023436baa842fa311-r1,research-os/data/openwrt-v2-snapshots/releases/24.10.5/ath79_generic/openwrt-24.10.5-ath79-generic.manifest
24.10.5,ath79/generic,kmod-ath,6.6.119.6.12.61-r1,research-os/data/openwrt-v2-snapshots/releases/24.10.5/ath79_generic/openwrt-24.10.5-ath79-generic.manifest
24.10.5,ath79/generic,kmod-ath9k,6.6.119.6.12.61-r1,research-os/data/openwrt-v2-snapshots/releases/24.10.5/ath79_generic/openwrt-24.10.5-ath79-generic.manifest
24.10.5,ath79/generic,kmod-ath9k-common,6.6.119.6.12.61-r1,research-os/data/openwrt-v2-snapshots/releases/24.10.5/ath79_generic/openwrt-24.10.5-ath79-generic.manifest
24.10.5,ath79/generic,kmod-cfg80211,6.6.119.6.12.61-r1,research-os/data/openwrt-v2-snapshots/releases/24.10.5/ath79_generic/openwrt-24.10.5-ath79-generic.manifest
24.10.5,ath79/generic,kmod-crypto-acompress,6.6.119-r1,research-os/data/openwrt-v2-snapshots/releases/24.10.5/ath79_generic/openwrt-24.10.5-ath79-generic.manifest
24.10.5,ath79/generic,kmod-crypto-aead,6.6.119-r1,research-os/data/openwrt-v2-snapshots/releases/24.10.5/ath79_generic/openwrt-24.10.5-ath79-generic.manifest
24.10.5,ath79/generic,kmod-crypto-ccm,6.6.119-r1,research-os/data/openwrt-v2-snapshots/releases/24.10.5/ath79_generic/openwrt-24.10.5-ath79-generic.manifest
24.10.5,ath79/generic,kmod-crypto-cmac,6.6.119-r1,research-os/data/openwrt-v2-snapshots/releases/24.10.5/ath79_generic/openwrt-24.10.5-ath79-generic.manifest
24.10.5,ath79/generic,kmod-crypto-crc32c,6.6.119-r1,research-os/data/openwrt-v2-snapshots/releases/24.10.5/ath79_generic/openwrt-24.10.5-ath79-generic.manifest
24.10.5,ath79/generic,kmod-crypto-ctr,6.6.119-r1,research-os/data/openwrt-v2-snapshots/releases/24.10.5/ath79_generic/openwrt-24.10.5-ath79-generic.manifest
24.10.5,ath79/generic,kmod-crypto-gcm,6.6.119-r1,research-os/data/openwrt-v2-snapshots/releases/24.10.5/ath79_generic/openwrt-24.10.5-ath79-generic.manifest
24.10.5,ath79/generic,kmod-crypto-geniv,6.6.119-r1,research-os/data/openwrt-v2-snapshots/releases/24.10.5/ath79_generic/openwrt-24.10.5-ath79-generic.manifest
24.10.5,ath79/generic,kmod-crypto-gf128,6.6.119-r1,research-os/data/openwrt-v2-snapshots/releases/24.10.5/ath79_generic/openwrt-24.10.5-ath79-generic.manifest
24.10.5,ath79/generic,kmod-crypto-ghash,6.6.119-r1,research-os/data/openwrt-v2-snapshots/releases/24.10.5/ath79_generic/openwrt-24.10.5-ath79-generic.manifest
24.10.5,ath79/generic,kmod-crypto-hash,6.6.119-r1,research-os/data/openwrt-v2-snapshots/releases/24.10.5/ath79_generic/openwrt-24.10.5-ath79-generic.manifest
24.10.5,ath79/generic,kmod-crypto-hmac,6.6.119-r1,research-os/data/openwrt-v2-snapshots/releases/24.10.5/ath79_generic/openwrt-24.10.5-ath79-generic.manifest
24.10.5,ath79/generic,kmod-crypto-manager,6.6.119-r1,research-os/data/openwrt-v2-snapshots/releases/24.10.5/ath79_generic/openwrt-24.10.5-ath79-generic.manifest
24.10.5,ath79/generic,kmod-crypto-null,6.6.119-r1,research-os/data/openwrt-v2-snapshots/releases/24.10.5/ath79_generic/openwrt-24.10.5-ath79-generic.manifest
24.10.5,ath79/generic,kmod-crypto-rng,6.6.119-r1,research-os/data/openwrt-v2-snapshots/releases/24.10.5/ath79_generic/openwrt-24.10.5-ath79-generic.manifest
24.10.5,ath79/generic,kmod-crypto-seqiv,6.6.119-r1,research-os/data/openwrt-v2-snapshots/releases/24.10.5/ath79_generic/openwrt-24.10.5-ath79-generic.manifest
24.10.5,ath79/generic,kmod-crypto-sha3,6.6.119-r1,research-os/data/openwrt-v2-snapshots/releases/24.10.5/ath79_generic/openwrt-24.10.5-ath79-generic.manifest
24.10.5,ath79/generic,kmod-crypto-sha512,6.6.119-r1,research-os/data/openwrt-v2-snapshots/releases/24.10.5/ath79_generic/openwrt-24.10.5-ath79-generic.manifest
24.10.5,ath79/generic,kmod-gpio-button-hotplug,6.6.119-r5,research-os/data/openwrt-v2-snapshots/releases/24.10.5/ath79_generic/openwrt-24.10.5-ath79-generic.manifest
24.10.5,ath79/generic,kmod-lib-crc-ccitt,6.6.119-r1,research-os/data/openwrt-v2-snapshots/releases/24.10.5/ath79_generic/openwrt-24.10.5-ath79-generic.manifest
24.10.5,ath79/generic,kmod-lib-crc32c,6.6.119-r1,research-os/data/openwrt-v2-snapshots/releases/24.10.5/ath79_generic/openwrt-24.10.5-ath79-generic.manifest
24.10.5,ath79/generic,kmod-lib-lzo,6.6.119-r1,research-os/data/openwrt-v2-snapshots/releases/24.10.5/ath79_generic/openwrt-24.10.5-ath79-generic.manifest
24.10.5,ath79/generic,kmod-mac80211,6.6.119.6.12.61-r1,research-os/data/openwrt-v2-snapshots/releases/24.10.5/ath79_generic/openwrt-24.10.5-ath79-generic.manifest
24.10.5,ath79/generic,kmod-nf-conntrack,6.6.119-r1,research-os/data/openwrt-v2-snapshots/releases/24.10.5/ath79_generic/openwrt-24.10.5-ath79-generic.manifest
24.10.5,ath79/generic,kmod-nf-conntrack6,6.6.119-r1,research-os/data/openwrt-v2-snapshots/releases/24.10.5/ath79_generic/openwrt-24.10.5-ath79-generic.manifest
24.10.5,ath79/generic,kmod-nf-flow,6.6.119-r1,research-os/data/openwrt-v2-snapshots/releases/24.10.5/ath79_generic/openwrt-24.10.5-ath79-generic.manifest
24.10.5,ath79/generic,kmod-nf-log,6.6.119-r1,research-os/data/openwrt-v2-snapshots/releases/24.10.5/ath79_generic/openwrt-24.10.5-ath79-generic.manifest
24.10.5,ath79/generic,kmod-nf-log6,6.6.119-r1,research-os/data/openwrt-v2-snapshots/releases/24.10.5/ath79_generic/openwrt-24.10.5-ath79-generic.manifest
24.10.5,ath79/generic,kmod-nf-nat,6.6.119-r1,research-os/data/openwrt-v2-snapshots/releases/24.10.5/ath79_generic/openwrt-24.10.5-ath79-generic.manifest
24.10.5,ath79/generic,kmod-nf-reject,6.6.119-r1,research-os/data/openwrt-v2-snapshots/releases/24.10.5/ath79_generic/openwrt-24.10.5-ath79-generic.manifest
24.10.5,ath79/generic,kmod-nf-reject6,6.6.119-r1,research-os/data/openwrt-v2-snapshots/releases/24.10.5/ath79_generic/openwrt-24.10.5-ath79-generic.manifest
24.10.5,ath79/generic,kmod-nfnetlink,6.6.119-r1,research-os/data/openwrt-v2-snapshots/releases/24.10.5/ath79_generic/openwrt-24.10.5-ath79-generic.manifest
24.10.5,ath79/generic,kmod-nft-core,6.6.119-r1,research-os/data/openwrt-v2-snapshots/releases/24.10.5/ath79_generic/openwrt-24.10.5-ath79-generic.manifest
24.10.5,ath79/generic,kmod-nft-fib,6.6.119-r1,research-os/data/openwrt-v2-snapshots/releases/24.10.5/ath79_generic/openwrt-24.10.5-ath79-generic.manifest
24.10.5,ath79/generic,kmod-nft-nat,6.6.119-r1,research-os/data/openwrt-v2-snapshots/releases/24.10.5/ath79_generic/openwrt-24.10.5-ath79-generic.manifest
24.10.5,ath79/generic,kmod-nft-offload,6.6.119-r1,research-os/data/openwrt-v2-snapshots/releases/24.10.5/ath79_generic/openwrt-24.10.5-ath79-generic.manifest
24.10.5,ath79/generic,kmod-ppp,6.6.119-r1,research-os/data/openwrt-v2-snapshots/releases/24.10.5/ath79_generic/openwrt-24.10.5-ath79-generic.manifest
24.10.5,ath79/generic,kmod-pppoe,6.6.119-r1,research-os/data/openwrt-v2-snapshots/releases/24.10.5/ath79_generic/openwrt-24.10.5-ath79-generic.manifest
24.10.5,ath79/generic,kmod-pppox,6.6.119-r1,research-os/data/openwrt-v2-snapshots/releases/24.10.5/ath79_generic/openwrt-24.10.5-ath79-generic.manifest
24.10.5,ath79/generic,kmod-random-core,6.6.119-r1,research-os/data/openwrt-v2-snapshots/releases/24.10.5/ath79_generic/openwrt-24.10.5-ath79-generic.manifest
24.10.5,ath79/generic,kmod-slhc,6.6.119-r1,research-os/data/openwrt-v2-snapshots/releases/24.10.5/ath79_generic/openwrt-24.10.5-ath79-generic.manifest
24.10.5,ath79/generic,libblobmsg-json20240329,2025.07.23~49056d17-r1,research-os/data/openwrt-v2-snapshots/releases/24.10.5/ath79_generic/openwrt-24.10.5-ath79-generic.manifest
24.10.5,ath79/generic,libc,1.2.5-r4,research-os/data/openwrt-v2-snapshots/releases/24.10.5/ath79_generic/openwrt-24.10.5-ath79-generic.manifest
24.10.5,ath79/generic,libgcc1,13.3.0-r4,research-os/data/openwrt-v2-snapshots/releases/24.10.5/ath79_generic/openwrt-24.10.5-ath79-generic.manifest
24.10.5,ath79/generic,libiwinfo-data,2024.10.20~b94f066e-r1,research-os/data/openwrt-v2-snapshots/releases/24.10.5/ath79_generic/openwrt-24.10.5-ath79-generic.manifest
24.10.5,ath79/generic,libiwinfo20230701,2024.10.20~b94f066e-r1,research-os/data/openwrt-v2-snapshots/releases/24.10.5/ath79_generic/openwrt-24.10.5-ath79-generic.manifest
24.10.5,ath79/generic,libjson-c5,0.18-r1,research-os/data/openwrt-v2-snapshots/releases/24.10.5/ath79_generic/openwrt-24.10.5-ath79-generic.manifest
24.10.5,ath79/generic,libjson-script20240329,2025.07.23~49056d17-r1,research-os/data/openwrt-v2-snapshots/releases/24.10.5/ath79_generic/openwrt-24.10.5-ath79-generic.manifest
24.10.5,ath79/generic,liblucihttp-ucode,2023.03.15~9b5b683f-r1,research-os/data/openwrt-v2-snapshots/releases/24.10.5/ath79_generic/openwrt-24.10.5-ath79-generic.manifest
24.10.5,ath79/generic,liblucihttp0,2023.03.15~9b5b683f-r1,research-os/data/openwrt-v2-snapshots/releases/24.10.5/ath79_generic/openwrt-24.10.5-ath79-generic.manifest
24.10.5,ath79/generic,libmbedtls21,3.6.5-r1,research-os/data/openwrt-v2-snapshots/releases/24.10.5/ath79_generic/openwrt-24.10.5-ath79-generic.manifest
24.10.5,ath79/generic,libmnl0,1.0.5-r1,research-os/data/openwrt-v2-snapshots/releases/24.10.5/ath79_generic/openwrt-24.10.5-ath79-generic.manifest
24.10.5,ath79/generic,libnftnl11,1.2.8-r1,research-os/data/openwrt-v2-snapshots/releases/24.10.5/ath79_generic/openwrt-24.10.5-ath79-generic.manifest
24.10.5,ath79/generic,libnl-tiny1,2025.03.19~c0df580a-r1,research-os/data/openwrt-v2-snapshots/releases/24.10.5/ath79_generic/openwrt-24.10.5-ath79-generic.manifest
24.10.5,ath79/generic,libpthread,1.2.5-r4,research-os/data/openwrt-v2-snapshots/releases/24.10.5/ath79_generic/openwrt-24.10.5-ath79-generic.manifest
24.10.5,ath79/generic,libubox20240329,2025.07.23~49056d17-r1,research-os/data/openwrt-v2-snapshots/releases/24.10.5/ath79_generic/openwrt-24.10.5-ath79-generic.manifest
24.10.5,ath79/generic,libubus20250102,2025.10.17~60e04048-r1,research-os/data/openwrt-v2-snapshots/releases/24.10.5/ath79_generic/openwrt-24.10.5-ath79-generic.manifest
24.10.5,ath79/generic,libuci20250120,2025.01.20~16ff0bad-r1,research-os/data/openwrt-v2-snapshots/releases/24.10.5/ath79_generic/openwrt-24.10.5-ath79-generic.manifest
24.10.5,ath79/generic,libuclient20201210,2024.10.22~88ae8f20-r1,research-os/data/openwrt-v2-snapshots/releases/24.10.5/ath79_generic/openwrt-24.10.5-ath79-generic.manifest
24.10.5,ath79/generic,libucode20230711,2025.07.18~3f64c808-r1,research-os/data/openwrt-v2-snapshots/releases/24.10.5/ath79_generic/openwrt-24.10.5-ath79-generic.manifest
24.10.5,ath79/generic,libudebug,2025.08.24~edeb4d6d,research-os/data/openwrt-v2-snapshots/releases/24.10.5/ath79_generic/openwrt-24.10.5-ath79-generic.manifest
24.10.5,ath79/generic,libustream-mbedtls20201210,2024.07.28~99bd3d2b-r1,research-os/data/openwrt-v2-snapshots/releases/24.10.5/ath79_generic/openwrt-24.10.5-ath79-generic.manifest
24.10.5,ath79/generic,logd,2024.04.26~85f10530-r1,research-os/data/openwrt-v2-snapshots/releases/24.10.5/ath79_generic/openwrt-24.10.5-ath79-generic.manifest
24.10.5,ath79/generic,luci,25.340.26705~d88390b,research-os/data/openwrt-v2-snapshots/releases/24.10.5/ath79_generic/openwrt-24.10.5-ath79-generic.manifest
24.10.5,ath79/generic,luci-app-firewall,25.340.26705~d88390b,research-os/data/openwrt-v2-snapshots/releases/24.10.5/ath79_generic/openwrt-24.10.5-ath79-generic.manifest
24.10.5,ath79/generic,luci-app-package-manager,25.340.26705~d88390b,research-os/data/openwrt-v2-snapshots/releases/24.10.5/ath79_generic/openwrt-24.10.5-ath79-generic.manifest
24.10.5,ath79/generic,luci-base,25.340.26705~d88390b,research-os/data/openwrt-v2-snapshots/releases/24.10.5/ath79_generic/openwrt-24.10.5-ath79-generic.manifest
24.10.5,ath79/generic,luci-light,25.340.26705~d88390b,research-os/data/openwrt-v2-snapshots/releases/24.10.5/ath79_generic/openwrt-24.10.5-ath79-generic.manifest
24.10.5,ath79/generic,luci-mod-admin-full,25.340.26705~d88390b,research-os/data/openwrt-v2-snapshots/releases/24.10.5/ath79_generic/openwrt-24.10.5-ath79-generic.manifest
24.10.5,ath79/generic,luci-mod-network,25.340.26705~d88390b,research-os/data/openwrt-v2-snapshots/releases/24.10.5/ath79_generic/openwrt-24.10.5-ath79-generic.manifest
24.10.5,ath79/generic,luci-mod-status,25.340.26705~d88390b,research-os/data/openwrt-v2-snapshots/releases/24.10.5/ath79_generic/openwrt-24.10.5-ath79-generic.manifest
24.10.5,ath79/generic,luci-mod-system,25.340.26705~d88390b,research-os/data/openwrt-v2-snapshots/releases/24.10.5/ath79_generic/openwrt-24.10.5-ath79-generic.manifest
24.10.5,ath79/generic,luci-proto-ipv6,25.340.26705~d88390b,research-os/data/openwrt-v2-snapshots/releases/24.10.5/ath79_generic/openwrt-24.10.5-ath79-generic.manifest
24.10.5,ath79/generic,luci-proto-ppp,25.340.26705~d88390b,research-os/data/openwrt-v2-snapshots/releases/24.10.5/ath79_generic/openwrt-24.10.5-ath79-generic.manifest
24.10.5,ath79/generic,luci-ssl,25.340.26705~d88390b,research-os/data/openwrt-v2-snapshots/releases/24.10.5/ath79_generic/openwrt-24.10.5-ath79-generic.manifest
24.10.5,ath79/generic,luci-theme-bootstrap,25.340.26705~d88390b,research-os/data/openwrt-v2-snapshots/releases/24.10.5/ath79_generic/openwrt-24.10.5-ath79-generic.manifest
24.10.5,ath79/generic,mtd,26,research-os/data/openwrt-v2-snapshots/releases/24.10.5/ath79_generic/openwrt-24.10.5-ath79-generic.manifest
24.10.5,ath79/generic,netifd,2025.05.23~7901e66c-r1,research-os/data/openwrt-v2-snapshots/releases/24.10.5/ath79_generic/openwrt-24.10.5-ath79-generic.manifest
24.10.5,ath79/generic,nftables-json,1.1.1-r1,research-os/data/openwrt-v2-snapshots/releases/24.10.5/ath79_generic/openwrt-24.10.5-ath79-generic.manifest
24.10.5,ath79/generic,odhcp6c,2024.09.25~b6ae9ffa-r1,research-os/data/openwrt-v2-snapshots/releases/24.10.5/ath79_generic/openwrt-24.10.5-ath79-generic.manifest
24.10.5,ath79/generic,odhcpd-ipv6only,2025.10.02~b14cf98c-r2,research-os/data/openwrt-v2-snapshots/releases/24.10.5/ath79_generic/openwrt-24.10.5-ath79-generic.manifest
24.10.5,ath79/generic,openwrt-keyring,2024.11.01~fbae29d7-r2,research-os/data/openwrt-v2-snapshots/releases/24.10.5/ath79_generic/openwrt-24.10.5-ath79-generic.manifest
24.10.5,ath79/generic,opkg,2024.10.16~38eccbb1-r1,research-os/data/openwrt-v2-snapshots/releases/24.10.5/ath79_generic/openwrt-24.10.5-ath79-generic.manifest
24.10.5,ath79/generic,ppp,2.5.1-r1,research-os/data/openwrt-v2-snapshots/releases/24.10.5/ath79_generic/openwrt-24.10.5-ath79-generic.manifest
24.10.5,ath79/generic,ppp-mod-pppoe,2.5.1-r1,research-os/data/openwrt-v2-snapshots/releases/24.10.5/ath79_generic/openwrt-24.10.5-ath79-generic.manifest
24.10.5,ath79/generic,procd,2024.12.22~42d39376-r1,research-os/data/openwrt-v2-snapshots/releases/24.10.5/ath79_generic/openwrt-24.10.5-ath79-generic.manifest
24.10.5,ath79/generic,procd-seccomp,2024.12.22~42d39376-r1,research-os/data/openwrt-v2-snapshots/releases/24.10.5/ath79_generic/openwrt-24.10.5-ath79-generic.manifest
24.10.5,ath79/generic,procd-ujail,2024.12.22~42d39376-r1,research-os/data/openwrt-v2-snapshots/releases/24.10.5/ath79_generic/openwrt-24.10.5-ath79-generic.manifest
24.10.5,ath79/generic,px5g-mbedtls,11,research-os/data/openwrt-v2-snapshots/releases/24.10.5/ath79_generic/openwrt-24.10.5-ath79-generic.manifest
24.10.5,ath79/generic,rpcd,2025.09.01~bba95191-r1,research-os/data/openwrt-v2-snapshots/releases/24.10.5/ath79_generic/openwrt-24.10.5-ath79-generic.manifest
24.10.5,ath79/generic,rpcd-mod-file,2025.09.01~bba95191-r1,research-os/data/openwrt-v2-snapshots/releases/24.10.5/ath79_generic/openwrt-24.10.5-ath79-generic.manifest
24.10.5,ath79/generic,rpcd-mod-iwinfo,2025.09.01~bba95191-r1,research-os/data/openwrt-v2-snapshots/releases/24.10.5/ath79_generic/openwrt-24.10.5-ath79-generic.manifest
24.10.5,ath79/generic,rpcd-mod-luci,20240305-r1,research-os/data/openwrt-v2-snapshots/releases/24.10.5/ath79_generic/openwrt-24.10.5-ath79-generic.manifest
24.10.5,ath79/generic,rpcd-mod-rrdns,20170710,research-os/data/openwrt-v2-snapshots/releases/24.10.5/ath79_generic/openwrt-24.10.5-ath79-generic.manifest
24.10.5,ath79/generic,rpcd-mod-ucode,2025.09.01~bba95191-r1,research-os/data/openwrt-v2-snapshots/releases/24.10.5/ath79_generic/openwrt-24.10.5-ath79-generic.manifest
24.10.5,ath79/generic,swconfig,12,research-os/data/openwrt-v2-snapshots/releases/24.10.5/ath79_generic/openwrt-24.10.5-ath79-generic.manifest
24.10.5,ath79/generic,uboot-envtools,2024.07-r1,research-os/data/openwrt-v2-snapshots/releases/24.10.5/ath79_generic/openwrt-24.10.5-ath79-generic.manifest
24.10.5,ath79/generic,ubox,2024.04.26~85f10530-r1,research-os/data/openwrt-v2-snapshots/releases/24.10.5/ath79_generic/openwrt-24.10.5-ath79-generic.manifest
24.10.5,ath79/generic,ubus,2025.10.17~60e04048-r1,research-os/data/openwrt-v2-snapshots/releases/24.10.5/ath79_generic/openwrt-24.10.5-ath79-generic.manifest
24.10.5,ath79/generic,ubusd,2025.10.17~60e04048-r1,research-os/data/openwrt-v2-snapshots/releases/24.10.5/ath79_generic/openwrt-24.10.5-ath79-generic.manifest
24.10.5,ath79/generic,uci,2025.01.20~16ff0bad-r1,research-os/data/openwrt-v2-snapshots/releases/24.10.5/ath79_generic/openwrt-24.10.5-ath79-generic.manifest
24.10.5,ath79/generic,uclient-fetch,2024.10.22~88ae8f20-r1,research-os/data/openwrt-v2-snapshots/releases/24.10.5/ath79_generic/openwrt-24.10.5-ath79-generic.manifest
24.10.5,ath79/generic,ucode,2025.07.18~3f64c808-r1,research-os/data/openwrt-v2-snapshots/releases/24.10.5/ath79_generic/openwrt-24.10.5-ath79-generic.manifest
24.10.5,ath79/generic,ucode-mod-fs,2025.07.18~3f64c808-r1,research-os/data/openwrt-v2-snapshots/releases/24.10.5/ath79_generic/openwrt-24.10.5-ath79-generic.manifest
24.10.5,ath79/generic,ucode-mod-html,1,research-os/data/openwrt-v2-snapshots/releases/24.10.5/ath79_generic/openwrt-24.10.5-ath79-generic.manifest
24.10.5,ath79/generic,ucode-mod-math,2025.07.18~3f64c808-r1,research-os/data/openwrt-v2-snapshots/releases/24.10.5/ath79_generic/openwrt-24.10.5-ath79-generic.manifest
24.10.5,ath79/generic,ucode-mod-nl80211,2025.07.18~3f64c808-r1,research-os/data/openwrt-v2-snapshots/releases/24.10.5/ath79_generic/openwrt-24.10.5-ath79-generic.manifest
24.10.5,ath79/generic,ucode-mod-rtnl,2025.07.18~3f64c808-r1,research-os/data/openwrt-v2-snapshots/releases/24.10.5/ath79_generic/openwrt-24.10.5-ath79-generic.manifest
24.10.5,ath79/generic,ucode-mod-ubus,2025.07.18~3f64c808-r1,research-os/data/openwrt-v2-snapshots/releases/24.10.5/ath79_generic/openwrt-24.10.5-ath79-generic.manifest
24.10.5,ath79/generic,ucode-mod-uci,2025.07.18~3f64c808-r1,research-os/data/openwrt-v2-snapshots/releases/24.10.5/ath79_generic/openwrt-24.10.5-ath79-generic.manifest
24.10.5,ath79/generic,ucode-mod-uloop,2025.07.18~3f64c808-r1,research-os/data/openwrt-v2-snapshots/releases/24.10.5/ath79_generic/openwrt-24.10.5-ath79-generic.manifest
24.10.5,ath79/generic,uhttpd,2025.07.06~7e64e8ba-r4,research-os/data/openwrt-v2-snapshots/releases/24.10.5/ath79_generic/openwrt-24.10.5-ath79-generic.manifest
24.10.5,ath79/generic,uhttpd-mod-ubus,2025.07.06~7e64e8ba-r4,research-os/data/openwrt-v2-snapshots/releases/24.10.5/ath79_generic/openwrt-24.10.5-ath79-generic.manifest
24.10.5,ath79/generic,urandom-seed,3,research-os/data/openwrt-v2-snapshots/releases/24.10.5/ath79_generic/openwrt-24.10.5-ath79-generic.manifest
24.10.5,ath79/generic,urngd,2023.11.01~44365eb1-r1,research-os/data/openwrt-v2-snapshots/releases/24.10.5/ath79_generic/openwrt-24.10.5-ath79-generic.manifest
24.10.5,ath79/generic,usign,2020.05.23~f1f65026-r1,research-os/data/openwrt-v2-snapshots/releases/24.10.5/ath79_generic/openwrt-24.10.5-ath79-generic.manifest
24.10.5,ath79/generic,wifi-scripts,1.0-r1,research-os/data/openwrt-v2-snapshots/releases/24.10.5/ath79_generic/openwrt-24.10.5-ath79-generic.manifest
24.10.5,ath79/generic,wireless-regdb,2025.10.07-r1,research-os/data/openwrt-v2-snapshots/releases/24.10.5/ath79_generic/openwrt-24.10.5-ath79-generic.manifest
24.10.5,ath79/generic,wpad-basic-mbedtls,2024.09.15~5ace39b0-r2,research-os/data/openwrt-v2-snapshots/releases/24.10.5/ath79_generic/openwrt-24.10.5-ath79-generic.manifest
24.10.5,x86/64,base-files,1668~d9c5716d1d,research-os/data/openwrt-v2-snapshots/releases/24.10.5/x86_64/openwrt-24.10.5-x86-64.manifest
24.10.5,x86/64,busybox,1.36.1-r2,research-os/data/openwrt-v2-snapshots/releases/24.10.5/x86_64/openwrt-24.10.5-x86-64.manifest
24.10.5,x86/64,ca-bundle,20250419-r1,research-os/data/openwrt-v2-snapshots/releases/24.10.5/x86_64/openwrt-24.10.5-x86-64.manifest
24.10.5,x86/64,cgi-io,2022.08.10~901b0f04-r21,research-os/data/openwrt-v2-snapshots/releases/24.10.5/x86_64/openwrt-24.10.5-x86-64.manifest
24.10.5,x86/64,dnsmasq,2.90-r4,research-os/data/openwrt-v2-snapshots/releases/24.10.5/x86_64/openwrt-24.10.5-x86-64.manifest
24.10.5,x86/64,dropbear,2024.86-r2,research-os/data/openwrt-v2-snapshots/releases/24.10.5/x86_64/openwrt-24.10.5-x86-64.manifest
24.10.5,x86/64,e2fsprogs,1.47.0-r2,research-os/data/openwrt-v2-snapshots/releases/24.10.5/x86_64/openwrt-24.10.5-x86-64.manifest
24.10.5,x86/64,firewall4,2024.12.18~18fc0ead-r1,research-os/data/openwrt-v2-snapshots/releases/24.10.5/x86_64/openwrt-24.10.5-x86-64.manifest
24.10.5,x86/64,fstools,2024.07.14~408c2cc4-r1,research-os/data/openwrt-v2-snapshots/releases/24.10.5/x86_64/openwrt-24.10.5-x86-64.manifest
24.10.5,x86/64,fwtool,2019.11.12~8f7fe925-r1,research-os/data/openwrt-v2-snapshots/releases/24.10.5/x86_64/openwrt-24.10.5-x86-64.manifest
24.10.5,x86/64,getrandom,2024.04.26~85f10530-r1,research-os/data/openwrt-v2-snapshots/releases/24.10.5/x86_64/openwrt-24.10.5-x86-64.manifest
24.10.5,x86/64,grub2,2.12-r1,research-os/data/openwrt-v2-snapshots/releases/24.10.5/x86_64/openwrt-24.10.5-x86-64.manifest
24.10.5,x86/64,grub2-bios-setup,2.12-r1,research-os/data/openwrt-v2-snapshots/releases/24.10.5/x86_64/openwrt-24.10.5-x86-64.manifest
24.10.5,x86/64,grub2-efi,2.12-r1,research-os/data/openwrt-v2-snapshots/releases/24.10.5/x86_64/openwrt-24.10.5-x86-64.manifest
24.10.5,x86/64,jansson4,2.14-r3,research-os/data/openwrt-v2-snapshots/releases/24.10.5/x86_64/openwrt-24.10.5-x86-64.manifest
24.10.5,x86/64,jshn,2025.07.23~49056d17-r1,research-os/data/openwrt-v2-snapshots/releases/24.10.5/x86_64/openwrt-24.10.5-x86-64.manifest
24.10.5,x86/64,jsonfilter,2025.04.18~8a86fb78-r1,research-os/data/openwrt-v2-snapshots/releases/24.10.5/x86_64/openwrt-24.10.5-x86-64.manifest
24.10.5,x86/64,kernel,6.6.119~484466e2719a743506c36b4bb2103582-r1,research-os/data/openwrt-v2-snapshots/releases/24.10.5/x86_64/openwrt-24.10.5-x86-64.manifest
24.10.5,x86/64,kmod-button-hotplug,6.6.119-r3,research-os/data/openwrt-v2-snapshots/releases/24.10.5/x86_64/openwrt-24.10.5-x86-64.manifest
24.10.5,x86/64,kmod-crypto-acompress,6.6.119-r1,research-os/data/openwrt-v2-snapshots/releases/24.10.5/x86_64/openwrt-24.10.5-x86-64.manifest
24.10.5,x86/64,kmod-crypto-crc32c,6.6.119-r1,research-os/data/openwrt-v2-snapshots/releases/24.10.5/x86_64/openwrt-24.10.5-x86-64.manifest
24.10.5,x86/64,kmod-crypto-hash,6.6.119-r1,research-os/data/openwrt-v2-snapshots/releases/24.10.5/x86_64/openwrt-24.10.5-x86-64.manifest
24.10.5,x86/64,kmod-fs-vfat,6.6.119-r1,research-os/data/openwrt-v2-snapshots/releases/24.10.5/x86_64/openwrt-24.10.5-x86-64.manifest
24.10.5,x86/64,kmod-input-core,6.6.119-r1,research-os/data/openwrt-v2-snapshots/releases/24.10.5/x86_64/openwrt-24.10.5-x86-64.manifest
24.10.5,x86/64,kmod-lib-crc-ccitt,6.6.119-r1,research-os/data/openwrt-v2-snapshots/releases/24.10.5/x86_64/openwrt-24.10.5-x86-64.manifest
24.10.5,x86/64,kmod-lib-crc32c,6.6.119-r1,research-os/data/openwrt-v2-snapshots/releases/24.10.5/x86_64/openwrt-24.10.5-x86-64.manifest
24.10.5,x86/64,kmod-lib-lzo,6.6.119-r1,research-os/data/openwrt-v2-snapshots/releases/24.10.5/x86_64/openwrt-24.10.5-x86-64.manifest
24.10.5,x86/64,kmod-nf-conntrack,6.6.119-r1,research-os/data/openwrt-v2-snapshots/releases/24.10.5/x86_64/openwrt-24.10.5-x86-64.manifest
24.10.5,x86/64,kmod-nf-conntrack6,6.6.119-r1,research-os/data/openwrt-v2-snapshots/releases/24.10.5/x86_64/openwrt-24.10.5-x86-64.manifest
24.10.5,x86/64,kmod-nf-flow,6.6.119-r1,research-os/data/openwrt-v2-snapshots/releases/24.10.5/x86_64/openwrt-24.10.5-x86-64.manifest
24.10.5,x86/64,kmod-nf-log,6.6.119-r1,research-os/data/openwrt-v2-snapshots/releases/24.10.5/x86_64/openwrt-24.10.5-x86-64.manifest
24.10.5,x86/64,kmod-nf-log6,6.6.119-r1,research-os/data/openwrt-v2-snapshots/releases/24.10.5/x86_64/openwrt-24.10.5-x86-64.manifest
24.10.5,x86/64,kmod-nf-nat,6.6.119-r1,research-os/data/openwrt-v2-snapshots/releases/24.10.5/x86_64/openwrt-24.10.5-x86-64.manifest
24.10.5,x86/64,kmod-nf-reject,6.6.119-r1,research-os/data/openwrt-v2-snapshots/releases/24.10.5/x86_64/openwrt-24.10.5-x86-64.manifest
24.10.5,x86/64,kmod-nf-reject6,6.6.119-r1,research-os/data/openwrt-v2-snapshots/releases/24.10.5/x86_64/openwrt-24.10.5-x86-64.manifest
24.10.5,x86/64,kmod-nfnetlink,6.6.119-r1,research-os/data/openwrt-v2-snapshots/releases/24.10.5/x86_64/openwrt-24.10.5-x86-64.manifest
24.10.5,x86/64,kmod-nft-core,6.6.119-r1,research-os/data/openwrt-v2-snapshots/releases/24.10.5/x86_64/openwrt-24.10.5-x86-64.manifest
24.10.5,x86/64,kmod-nft-fib,6.6.119-r1,research-os/data/openwrt-v2-snapshots/releases/24.10.5/x86_64/openwrt-24.10.5-x86-64.manifest
24.10.5,x86/64,kmod-nft-nat,6.6.119-r1,research-os/data/openwrt-v2-snapshots/releases/24.10.5/x86_64/openwrt-24.10.5-x86-64.manifest
24.10.5,x86/64,kmod-nft-offload,6.6.119-r1,research-os/data/openwrt-v2-snapshots/releases/24.10.5/x86_64/openwrt-24.10.5-x86-64.manifest
24.10.5,x86/64,kmod-nls-base,6.6.119-r1,research-os/data/openwrt-v2-snapshots/releases/24.10.5/x86_64/openwrt-24.10.5-x86-64.manifest
24.10.5,x86/64,kmod-nls-cp437,6.6.119-r1,research-os/data/openwrt-v2-snapshots/releases/24.10.5/x86_64/openwrt-24.10.5-x86-64.manifest
24.10.5,x86/64,kmod-nls-iso8859-1,6.6.119-r1,research-os/data/openwrt-v2-snapshots/releases/24.10.5/x86_64/openwrt-24.10.5-x86-64.manifest
24.10.5,x86/64,kmod-nls-utf8,6.6.119-r1,research-os/data/openwrt-v2-snapshots/releases/24.10.5/x86_64/openwrt-24.10.5-x86-64.manifest
24.10.5,x86/64,kmod-ppp,6.6.119-r1,research-os/data/openwrt-v2-snapshots/releases/24.10.5/x86_64/openwrt-24.10.5-x86-64.manifest
24.10.5,x86/64,kmod-pppoe,6.6.119-r1,research-os/data/openwrt-v2-snapshots/releases/24.10.5/x86_64/openwrt-24.10.5-x86-64.manifest
24.10.5,x86/64,kmod-pppox,6.6.119-r1,research-os/data/openwrt-v2-snapshots/releases/24.10.5/x86_64/openwrt-24.10.5-x86-64.manifest
24.10.5,x86/64,kmod-slhc,6.6.119-r1,research-os/data/openwrt-v2-snapshots/releases/24.10.5/x86_64/openwrt-24.10.5-x86-64.manifest
24.10.5,x86/64,libblkid1,2.40.2-r1,research-os/data/openwrt-v2-snapshots/releases/24.10.5/x86_64/openwrt-24.10.5-x86-64.manifest
24.10.5,x86/64,libblobmsg-json20240329,2025.07.23~49056d17-r1,research-os/data/openwrt-v2-snapshots/releases/24.10.5/x86_64/openwrt-24.10.5-x86-64.manifest
24.10.5,x86/64,libc,1.2.5-r4,research-os/data/openwrt-v2-snapshots/releases/24.10.5/x86_64/openwrt-24.10.5-x86-64.manifest
24.10.5,x86/64,libcomerr0,1.47.0-r2,research-os/data/openwrt-v2-snapshots/releases/24.10.5/x86_64/openwrt-24.10.5-x86-64.manifest
24.10.5,x86/64,libe2p2,1.47.0-r2,research-os/data/openwrt-v2-snapshots/releases/24.10.5/x86_64/openwrt-24.10.5-x86-64.manifest
24.10.5,x86/64,libext2fs2,1.47.0-r2,research-os/data/openwrt-v2-snapshots/releases/24.10.5/x86_64/openwrt-24.10.5-x86-64.manifest
24.10.5,x86/64,libf2fs6,1.16.0-r3,research-os/data/openwrt-v2-snapshots/releases/24.10.5/x86_64/openwrt-24.10.5-x86-64.manifest
24.10.5,x86/64,libgcc1,13.3.0-r4,research-os/data/openwrt-v2-snapshots/releases/24.10.5/x86_64/openwrt-24.10.5-x86-64.manifest
24.10.5,x86/64,libiwinfo-data,2024.10.20~b94f066e-r1,research-os/data/openwrt-v2-snapshots/releases/24.10.5/x86_64/openwrt-24.10.5-x86-64.manifest
24.10.5,x86/64,libiwinfo20230701,2024.10.20~b94f066e-r1,research-os/data/openwrt-v2-snapshots/releases/24.10.5/x86_64/openwrt-24.10.5-x86-64.manifest
24.10.5,x86/64,libjson-c5,0.18-r1,research-os/data/openwrt-v2-snapshots/releases/24.10.5/x86_64/openwrt-24.10.5-x86-64.manifest
24.10.5,x86/64,libjson-script20240329,2025.07.23~49056d17-r1,research-os/data/openwrt-v2-snapshots/releases/24.10.5/x86_64/openwrt-24.10.5-x86-64.manifest
24.10.5,x86/64,liblucihttp-ucode,2023.03.15~9b5b683f-r1,research-os/data/openwrt-v2-snapshots/releases/24.10.5/x86_64/openwrt-24.10.5-x86-64.manifest
24.10.5,x86/64,liblucihttp0,2023.03.15~9b5b683f-r1,research-os/data/openwrt-v2-snapshots/releases/24.10.5/x86_64/openwrt-24.10.5-x86-64.manifest
24.10.5,x86/64,libmbedtls21,3.6.5-r1,research-os/data/openwrt-v2-snapshots/releases/24.10.5/x86_64/openwrt-24.10.5-x86-64.manifest
24.10.5,x86/64,libmnl0,1.0.5-r1,research-os/data/openwrt-v2-snapshots/releases/24.10.5/x86_64/openwrt-24.10.5-x86-64.manifest
24.10.5,x86/64,libnftnl11,1.2.8-r1,research-os/data/openwrt-v2-snapshots/releases/24.10.5/x86_64/openwrt-24.10.5-x86-64.manifest
24.10.5,x86/64,libnl-tiny1,2025.03.19~c0df580a-r1,research-os/data/openwrt-v2-snapshots/releases/24.10.5/x86_64/openwrt-24.10.5-x86-64.manifest
24.10.5,x86/64,libpthread,1.2.5-r4,research-os/data/openwrt-v2-snapshots/releases/24.10.5/x86_64/openwrt-24.10.5-x86-64.manifest
24.10.5,x86/64,librt,1.2.5-r4,research-os/data/openwrt-v2-snapshots/releases/24.10.5/x86_64/openwrt-24.10.5-x86-64.manifest
24.10.5,x86/64,libsmartcols1,2.40.2-r1,research-os/data/openwrt-v2-snapshots/releases/24.10.5/x86_64/openwrt-24.10.5-x86-64.manifest
24.10.5,x86/64,libss2,1.47.0-r2,research-os/data/openwrt-v2-snapshots/releases/24.10.5/x86_64/openwrt-24.10.5-x86-64.manifest
24.10.5,x86/64,libubox20240329,2025.07.23~49056d17-r1,research-os/data/openwrt-v2-snapshots/releases/24.10.5/x86_64/openwrt-24.10.5-x86-64.manifest
24.10.5,x86/64,libubus20250102,2025.10.17~60e04048-r1,research-os/data/openwrt-v2-snapshots/releases/24.10.5/x86_64/openwrt-24.10.5-x86-64.manifest
24.10.5,x86/64,libuci20250120,2025.01.20~16ff0bad-r1,research-os/data/openwrt-v2-snapshots/releases/24.10.5/x86_64/openwrt-24.10.5-x86-64.manifest
24.10.5,x86/64,libuclient20201210,2024.10.22~88ae8f20-r1,research-os/data/openwrt-v2-snapshots/releases/24.10.5/x86_64/openwrt-24.10.5-x86-64.manifest
24.10.5,x86/64,libucode20230711,2025.07.18~3f64c808-r1,research-os/data/openwrt-v2-snapshots/releases/24.10.5/x86_64/openwrt-24.10.5-x86-64.manifest
24.10.5,x86/64,libudebug,2025.08.24~edeb4d6d,research-os/data/openwrt-v2-snapshots/releases/24.10.5/x86_64/openwrt-24.10.5-x86-64.manifest
24.10.5,x86/64,libustream-mbedtls20201210,2024.07.28~99bd3d2b-r1,research-os/data/openwrt-v2-snapshots/releases/24.10.5/x86_64/openwrt-24.10.5-x86-64.manifest
24.10.5,x86/64,libuuid1,2.40.2-r1,research-os/data/openwrt-v2-snapshots/releases/24.10.5/x86_64/openwrt-24.10.5-x86-64.manifest
24.10.5,x86/64,logd,2024.04.26~85f10530-r1,research-os/data/openwrt-v2-snapshots/releases/24.10.5/x86_64/openwrt-24.10.5-x86-64.manifest
24.10.5,x86/64,luci,25.340.26705~d88390b,research-os/data/openwrt-v2-snapshots/releases/24.10.5/x86_64/openwrt-24.10.5-x86-64.manifest
24.10.5,x86/64,luci-app-firewall,25.340.26705~d88390b,research-os/data/openwrt-v2-snapshots/releases/24.10.5/x86_64/openwrt-24.10.5-x86-64.manifest
24.10.5,x86/64,luci-app-package-manager,25.340.26705~d88390b,research-os/data/openwrt-v2-snapshots/releases/24.10.5/x86_64/openwrt-24.10.5-x86-64.manifest
24.10.5,x86/64,luci-base,25.340.26705~d88390b,research-os/data/openwrt-v2-snapshots/releases/24.10.5/x86_64/openwrt-24.10.5-x86-64.manifest
24.10.5,x86/64,luci-light,25.340.26705~d88390b,research-os/data/openwrt-v2-snapshots/releases/24.10.5/x86_64/openwrt-24.10.5-x86-64.manifest
24.10.5,x86/64,luci-mod-admin-full,25.340.26705~d88390b,research-os/data/openwrt-v2-snapshots/releases/24.10.5/x86_64/openwrt-24.10.5-x86-64.manifest
24.10.5,x86/64,luci-mod-network,25.340.26705~d88390b,research-os/data/openwrt-v2-snapshots/releases/24.10.5/x86_64/openwrt-24.10.5-x86-64.manifest
24.10.5,x86/64,luci-mod-status,25.340.26705~d88390b,research-os/data/openwrt-v2-snapshots/releases/24.10.5/x86_64/openwrt-24.10.5-x86-64.manifest
24.10.5,x86/64,luci-mod-system,25.340.26705~d88390b,research-os/data/openwrt-v2-snapshots/releases/24.10.5/x86_64/openwrt-24.10.5-x86-64.manifest
24.10.5,x86/64,luci-proto-ipv6,25.340.26705~d88390b,research-os/data/openwrt-v2-snapshots/releases/24.10.5/x86_64/openwrt-24.10.5-x86-64.manifest
24.10.5,x86/64,luci-proto-ppp,25.340.26705~d88390b,research-os/data/openwrt-v2-snapshots/releases/24.10.5/x86_64/openwrt-24.10.5-x86-64.manifest
24.10.5,x86/64,luci-ssl,25.340.26705~d88390b,research-os/data/openwrt-v2-snapshots/releases/24.10.5/x86_64/openwrt-24.10.5-x86-64.manifest
24.10.5,x86/64,luci-theme-bootstrap,25.340.26705~d88390b,research-os/data/openwrt-v2-snapshots/releases/24.10.5/x86_64/openwrt-24.10.5-x86-64.manifest
24.10.5,x86/64,mkf2fs,1.16.0-r3,research-os/data/openwrt-v2-snapshots/releases/24.10.5/x86_64/openwrt-24.10.5-x86-64.manifest
24.10.5,x86/64,mtd,26,research-os/data/openwrt-v2-snapshots/releases/24.10.5/x86_64/openwrt-24.10.5-x86-64.manifest
24.10.5,x86/64,netifd,2025.05.23~7901e66c-r1,research-os/data/openwrt-v2-snapshots/releases/24.10.5/x86_64/openwrt-24.10.5-x86-64.manifest
24.10.5,x86/64,nftables-json,1.1.1-r1,research-os/data/openwrt-v2-snapshots/releases/24.10.5/x86_64/openwrt-24.10.5-x86-64.manifest
24.10.5,x86/64,odhcp6c,2024.09.25~b6ae9ffa-r1,research-os/data/openwrt-v2-snapshots/releases/24.10.5/x86_64/openwrt-24.10.5-x86-64.manifest
24.10.5,x86/64,odhcpd-ipv6only,2025.10.02~b14cf98c-r2,research-os/data/openwrt-v2-snapshots/releases/24.10.5/x86_64/openwrt-24.10.5-x86-64.manifest
24.10.5,x86/64,openwrt-keyring,2024.11.01~fbae29d7-r2,research-os/data/openwrt-v2-snapshots/releases/24.10.5/x86_64/openwrt-24.10.5-x86-64.manifest
24.10.5,x86/64,opkg,2024.10.16~38eccbb1-r1,research-os/data/openwrt-v2-snapshots/releases/24.10.5/x86_64/openwrt-24.10.5-x86-64.manifest
24.10.5,x86/64,partx-utils,2.40.2-r1,research-os/data/openwrt-v2-snapshots/releases/24.10.5/x86_64/openwrt-24.10.5-x86-64.manifest
24.10.5,x86/64,ppp,2.5.1-r1,research-os/data/openwrt-v2-snapshots/releases/24.10.5/x86_64/openwrt-24.10.5-x86-64.manifest
24.10.5,x86/64,ppp-mod-pppoe,2.5.1-r1,research-os/data/openwrt-v2-snapshots/releases/24.10.5/x86_64/openwrt-24.10.5-x86-64.manifest
24.10.5,x86/64,procd,2024.12.22~42d39376-r1,research-os/data/openwrt-v2-snapshots/releases/24.10.5/x86_64/openwrt-24.10.5-x86-64.manifest
24.10.5,x86/64,procd-seccomp,2024.12.22~42d39376-r1,research-os/data/openwrt-v2-snapshots/releases/24.10.5/x86_64/openwrt-24.10.5-x86-64.manifest
24.10.5,x86/64,procd-ujail,2024.12.22~42d39376-r1,research-os/data/openwrt-v2-snapshots/releases/24.10.5/x86_64/openwrt-24.10.5-x86-64.manifest
24.10.5,x86/64,px5g-mbedtls,11,research-os/data/openwrt-v2-snapshots/releases/24.10.5/x86_64/openwrt-24.10.5-x86-64.manifest
24.10.5,x86/64,rpcd,2025.09.01~bba95191-r1,research-os/data/openwrt-v2-snapshots/releases/24.10.5/x86_64/openwrt-24.10.5-x86-64.manifest
24.10.5,x86/64,rpcd-mod-file,2025.09.01~bba95191-r1,research-os/data/openwrt-v2-snapshots/releases/24.10.5/x86_64/openwrt-24.10.5-x86-64.manifest
24.10.5,x86/64,rpcd-mod-iwinfo,2025.09.01~bba95191-r1,research-os/data/openwrt-v2-snapshots/releases/24.10.5/x86_64/openwrt-24.10.5-x86-64.manifest
24.10.5,x86/64,rpcd-mod-luci,20240305-r1,research-os/data/openwrt-v2-snapshots/releases/24.10.5/x86_64/openwrt-24.10.5-x86-64.manifest
24.10.5,x86/64,rpcd-mod-rrdns,20170710,research-os/data/openwrt-v2-snapshots/releases/24.10.5/x86_64/openwrt-24.10.5-x86-64.manifest
24.10.5,x86/64,rpcd-mod-ucode,2025.09.01~bba95191-r1,research-os/data/openwrt-v2-snapshots/releases/24.10.5/x86_64/openwrt-24.10.5-x86-64.manifest
24.10.5,x86/64,ubox,2024.04.26~85f10530-r1,research-os/data/openwrt-v2-snapshots/releases/24.10.5/x86_64/openwrt-24.10.5-x86-64.manifest
24.10.5,x86/64,ubus,2025.10.17~60e04048-r1,research-os/data/openwrt-v2-snapshots/releases/24.10.5/x86_64/openwrt-24.10.5-x86-64.manifest
24.10.5,x86/64,ubusd,2025.10.17~60e04048-r1,research-os/data/openwrt-v2-snapshots/releases/24.10.5/x86_64/openwrt-24.10.5-x86-64.manifest
24.10.5,x86/64,uci,2025.01.20~16ff0bad-r1,research-os/data/openwrt-v2-snapshots/releases/24.10.5/x86_64/openwrt-24.10.5-x86-64.manifest
24.10.5,x86/64,uclient-fetch,2024.10.22~88ae8f20-r1,research-os/data/openwrt-v2-snapshots/releases/24.10.5/x86_64/openwrt-24.10.5-x86-64.manifest
24.10.5,x86/64,ucode,2025.07.18~3f64c808-r1,research-os/data/openwrt-v2-snapshots/releases/24.10.5/x86_64/openwrt-24.10.5-x86-64.manifest
24.10.5,x86/64,ucode-mod-fs,2025.07.18~3f64c808-r1,research-os/data/openwrt-v2-snapshots/releases/24.10.5/x86_64/openwrt-24.10.5-x86-64.manifest
24.10.5,x86/64,ucode-mod-html,1,research-os/data/openwrt-v2-snapshots/releases/24.10.5/x86_64/openwrt-24.10.5-x86-64.manifest
24.10.5,x86/64,ucode-mod-math,2025.07.18~3f64c808-r1,research-os/data/openwrt-v2-snapshots/releases/24.10.5/x86_64/openwrt-24.10.5-x86-64.manifest
24.10.5,x86/64,ucode-mod-ubus,2025.07.18~3f64c808-r1,research-os/data/openwrt-v2-snapshots/releases/24.10.5/x86_64/openwrt-24.10.5-x86-64.manifest
24.10.5,x86/64,ucode-mod-uci,2025.07.18~3f64c808-r1,research-os/data/openwrt-v2-snapshots/releases/24.10.5/x86_64/openwrt-24.10.5-x86-64.manifest
24.10.5,x86/64,uhttpd,2025.07.06~7e64e8ba-r4,research-os/data/openwrt-v2-snapshots/releases/24.10.5/x86_64/openwrt-24.10.5-x86-64.manifest
24.10.5,x86/64,uhttpd-mod-ubus,2025.07.06~7e64e8ba-r4,research-os/data/openwrt-v2-snapshots/releases/24.10.5/x86_64/openwrt-24.10.5-x86-64.manifest
24.10.5,x86/64,urandom-seed,3,research-os/data/openwrt-v2-snapshots/releases/24.10.5/x86_64/openwrt-24.10.5-x86-64.manifest
24.10.5,x86/64,urngd,2023.11.01~44365eb1-r1,research-os/data/openwrt-v2-snapshots/releases/24.10.5/x86_64/openwrt-24.10.5-x86-64.manifest
24.10.5,x86/64,usign,2020.05.23~f1f65026-r1,research-os/data/openwrt-v2-snapshots/releases/24.10.5/x86_64/openwrt-24.10.5-x86-64.manifest
24.10.6,ath79/generic,base-files,1670~81be8a8869,research-os/data/openwrt-v2-snapshots/releases/24.10.6/ath79_generic/openwrt-24.10.6-ath79-generic.manifest
24.10.6,ath79/generic,busybox,1.36.1-r2,research-os/data/openwrt-v2-snapshots/releases/24.10.6/ath79_generic/openwrt-24.10.6-ath79-generic.manifest
24.10.6,ath79/generic,ca-bundle,20250419-r1,research-os/data/openwrt-v2-snapshots/releases/24.10.6/ath79_generic/openwrt-24.10.6-ath79-generic.manifest
24.10.6,ath79/generic,cgi-io,2022.08.10~901b0f04-r21,research-os/data/openwrt-v2-snapshots/releases/24.10.6/ath79_generic/openwrt-24.10.6-ath79-generic.manifest
24.10.6,ath79/generic,dnsmasq,2.90-r4,research-os/data/openwrt-v2-snapshots/releases/24.10.6/ath79_generic/openwrt-24.10.6-ath79-generic.manifest
24.10.6,ath79/generic,dropbear,2024.86-r2,research-os/data/openwrt-v2-snapshots/releases/24.10.6/ath79_generic/openwrt-24.10.6-ath79-generic.manifest
24.10.6,ath79/generic,firewall4,2024.12.18~18fc0ead-r1,research-os/data/openwrt-v2-snapshots/releases/24.10.6/ath79_generic/openwrt-24.10.6-ath79-generic.manifest
24.10.6,ath79/generic,fstools,2024.07.14~408c2cc4-r1,research-os/data/openwrt-v2-snapshots/releases/24.10.6/ath79_generic/openwrt-24.10.6-ath79-generic.manifest
24.10.6,ath79/generic,fwtool,2019.11.12~8f7fe925-r1,research-os/data/openwrt-v2-snapshots/releases/24.10.6/ath79_generic/openwrt-24.10.6-ath79-generic.manifest
24.10.6,ath79/generic,getrandom,2024.04.26~85f10530-r1,research-os/data/openwrt-v2-snapshots/releases/24.10.6/ath79_generic/openwrt-24.10.6-ath79-generic.manifest
24.10.6,ath79/generic,hostapd-common,2024.09.15~5ace39b0-r2,research-os/data/openwrt-v2-snapshots/releases/24.10.6/ath79_generic/openwrt-24.10.6-ath79-generic.manifest
24.10.6,ath79/generic,iw,6.9-r1,research-os/data/openwrt-v2-snapshots/releases/24.10.6/ath79_generic/openwrt-24.10.6-ath79-generic.manifest
24.10.6,ath79/generic,iwinfo,2024.10.20~b94f066e-r1,research-os/data/openwrt-v2-snapshots/releases/24.10.6/ath79_generic/openwrt-24.10.6-ath79-generic.manifest
24.10.6,ath79/generic,jansson4,2.14-r3,research-os/data/openwrt-v2-snapshots/releases/24.10.6/ath79_generic/openwrt-24.10.6-ath79-generic.manifest
24.10.6,ath79/generic,jshn,2025.07.23~49056d17-r1,research-os/data/openwrt-v2-snapshots/releases/24.10.6/ath79_generic/openwrt-24.10.6-ath79-generic.manifest
24.10.6,ath79/generic,jsonfilter,2025.04.18~8a86fb78-r1,research-os/data/openwrt-v2-snapshots/releases/24.10.6/ath79_generic/openwrt-24.10.6-ath79-generic.manifest
24.10.6,ath79/generic,kernel,6.6.127~70248021204b78344d5fb62a0e7f5bea-r1,research-os/data/openwrt-v2-snapshots/releases/24.10.6/ath79_generic/openwrt-24.10.6-ath79-generic.manifest
24.10.6,ath79/generic,kmod-ath,6.6.127.6.12.61-r1,research-os/data/openwrt-v2-snapshots/releases/24.10.6/ath79_generic/openwrt-24.10.6-ath79-generic.manifest
24.10.6,ath79/generic,kmod-ath9k,6.6.127.6.12.61-r1,research-os/data/openwrt-v2-snapshots/releases/24.10.6/ath79_generic/openwrt-24.10.6-ath79-generic.manifest
24.10.6,ath79/generic,kmod-ath9k-common,6.6.127.6.12.61-r1,research-os/data/openwrt-v2-snapshots/releases/24.10.6/ath79_generic/openwrt-24.10.6-ath79-generic.manifest
24.10.6,ath79/generic,kmod-cfg80211,6.6.127.6.12.61-r1,research-os/data/openwrt-v2-snapshots/releases/24.10.6/ath79_generic/openwrt-24.10.6-ath79-generic.manifest
24.10.6,ath79/generic,kmod-crypto-acompress,6.6.127-r1,research-os/data/openwrt-v2-snapshots/releases/24.10.6/ath79_generic/openwrt-24.10.6-ath79-generic.manifest
24.10.6,ath79/generic,kmod-crypto-aead,6.6.127-r1,research-os/data/openwrt-v2-snapshots/releases/24.10.6/ath79_generic/openwrt-24.10.6-ath79-generic.manifest
24.10.6,ath79/generic,kmod-crypto-ccm,6.6.127-r1,research-os/data/openwrt-v2-snapshots/releases/24.10.6/ath79_generic/openwrt-24.10.6-ath79-generic.manifest
24.10.6,ath79/generic,kmod-crypto-cmac,6.6.127-r1,research-os/data/openwrt-v2-snapshots/releases/24.10.6/ath79_generic/openwrt-24.10.6-ath79-generic.manifest
24.10.6,ath79/generic,kmod-crypto-crc32c,6.6.127-r1,research-os/data/openwrt-v2-snapshots/releases/24.10.6/ath79_generic/openwrt-24.10.6-ath79-generic.manifest
24.10.6,ath79/generic,kmod-crypto-ctr,6.6.127-r1,research-os/data/openwrt-v2-snapshots/releases/24.10.6/ath79_generic/openwrt-24.10.6-ath79-generic.manifest
24.10.6,ath79/generic,kmod-crypto-gcm,6.6.127-r1,research-os/data/openwrt-v2-snapshots/releases/24.10.6/ath79_generic/openwrt-24.10.6-ath79-generic.manifest
24.10.6,ath79/generic,kmod-crypto-geniv,6.6.127-r1,research-os/data/openwrt-v2-snapshots/releases/24.10.6/ath79_generic/openwrt-24.10.6-ath79-generic.manifest
24.10.6,ath79/generic,kmod-crypto-gf128,6.6.127-r1,research-os/data/openwrt-v2-snapshots/releases/24.10.6/ath79_generic/openwrt-24.10.6-ath79-generic.manifest
24.10.6,ath79/generic,kmod-crypto-ghash,6.6.127-r1,research-os/data/openwrt-v2-snapshots/releases/24.10.6/ath79_generic/openwrt-24.10.6-ath79-generic.manifest
24.10.6,ath79/generic,kmod-crypto-hash,6.6.127-r1,research-os/data/openwrt-v2-snapshots/releases/24.10.6/ath79_generic/openwrt-24.10.6-ath79-generic.manifest
24.10.6,ath79/generic,kmod-crypto-hmac,6.6.127-r1,research-os/data/openwrt-v2-snapshots/releases/24.10.6/ath79_generic/openwrt-24.10.6-ath79-generic.manifest
24.10.6,ath79/generic,kmod-crypto-manager,6.6.127-r1,research-os/data/openwrt-v2-snapshots/releases/24.10.6/ath79_generic/openwrt-24.10.6-ath79-generic.manifest
24.10.6,ath79/generic,kmod-crypto-null,6.6.127-r1,research-os/data/openwrt-v2-snapshots/releases/24.10.6/ath79_generic/openwrt-24.10.6-ath79-generic.manifest
24.10.6,ath79/generic,kmod-crypto-rng,6.6.127-r1,research-os/data/openwrt-v2-snapshots/releases/24.10.6/ath79_generic/openwrt-24.10.6-ath79-generic.manifest
24.10.6,ath79/generic,kmod-crypto-seqiv,6.6.127-r1,research-os/data/openwrt-v2-snapshots/releases/24.10.6/ath79_generic/openwrt-24.10.6-ath79-generic.manifest
24.10.6,ath79/generic,kmod-crypto-sha3,6.6.127-r1,research-os/data/openwrt-v2-snapshots/releases/24.10.6/ath79_generic/openwrt-24.10.6-ath79-generic.manifest
24.10.6,ath79/generic,kmod-crypto-sha512,6.6.127-r1,research-os/data/openwrt-v2-snapshots/releases/24.10.6/ath79_generic/openwrt-24.10.6-ath79-generic.manifest
24.10.6,ath79/generic,kmod-gpio-button-hotplug,6.6.127-r5,research-os/data/openwrt-v2-snapshots/releases/24.10.6/ath79_generic/openwrt-24.10.6-ath79-generic.manifest
24.10.6,ath79/generic,kmod-lib-crc-ccitt,6.6.127-r1,research-os/data/openwrt-v2-snapshots/releases/24.10.6/ath79_generic/openwrt-24.10.6-ath79-generic.manifest
24.10.6,ath79/generic,kmod-lib-crc32c,6.6.127-r1,research-os/data/openwrt-v2-snapshots/releases/24.10.6/ath79_generic/openwrt-24.10.6-ath79-generic.manifest
24.10.6,ath79/generic,kmod-lib-lzo,6.6.127-r1,research-os/data/openwrt-v2-snapshots/releases/24.10.6/ath79_generic/openwrt-24.10.6-ath79-generic.manifest
24.10.6,ath79/generic,kmod-mac80211,6.6.127.6.12.61-r1,research-os/data/openwrt-v2-snapshots/releases/24.10.6/ath79_generic/openwrt-24.10.6-ath79-generic.manifest
24.10.6,ath79/generic,kmod-nf-conntrack,6.6.127-r1,research-os/data/openwrt-v2-snapshots/releases/24.10.6/ath79_generic/openwrt-24.10.6-ath79-generic.manifest
24.10.6,ath79/generic,kmod-nf-conntrack6,6.6.127-r1,research-os/data/openwrt-v2-snapshots/releases/24.10.6/ath79_generic/openwrt-24.10.6-ath79-generic.manifest
24.10.6,ath79/generic,kmod-nf-flow,6.6.127-r1,research-os/data/openwrt-v2-snapshots/releases/24.10.6/ath79_generic/openwrt-24.10.6-ath79-generic.manifest
24.10.6,ath79/generic,kmod-nf-log,6.6.127-r1,research-os/data/openwrt-v2-snapshots/releases/24.10.6/ath79_generic/openwrt-24.10.6-ath79-generic.manifest
24.10.6,ath79/generic,kmod-nf-log6,6.6.127-r1,research-os/data/openwrt-v2-snapshots/releases/24.10.6/ath79_generic/openwrt-24.10.6-ath79-generic.manifest
24.10.6,ath79/generic,kmod-nf-nat,6.6.127-r1,research-os/data/openwrt-v2-snapshots/releases/24.10.6/ath79_generic/openwrt-24.10.6-ath79-generic.manifest
24.10.6,ath79/generic,kmod-nf-reject,6.6.127-r1,research-os/data/openwrt-v2-snapshots/releases/24.10.6/ath79_generic/openwrt-24.10.6-ath79-generic.manifest
24.10.6,ath79/generic,kmod-nf-reject6,6.6.127-r1,research-os/data/openwrt-v2-snapshots/releases/24.10.6/ath79_generic/openwrt-24.10.6-ath79-generic.manifest
24.10.6,ath79/generic,kmod-nfnetlink,6.6.127-r1,research-os/data/openwrt-v2-snapshots/releases/24.10.6/ath79_generic/openwrt-24.10.6-ath79-generic.manifest
24.10.6,ath79/generic,kmod-nft-core,6.6.127-r1,research-os/data/openwrt-v2-snapshots/releases/24.10.6/ath79_generic/openwrt-24.10.6-ath79-generic.manifest
24.10.6,ath79/generic,kmod-nft-fib,6.6.127-r1,research-os/data/openwrt-v2-snapshots/releases/24.10.6/ath79_generic/openwrt-24.10.6-ath79-generic.manifest
24.10.6,ath79/generic,kmod-nft-nat,6.6.127-r1,research-os/data/openwrt-v2-snapshots/releases/24.10.6/ath79_generic/openwrt-24.10.6-ath79-generic.manifest
24.10.6,ath79/generic,kmod-nft-offload,6.6.127-r1,research-os/data/openwrt-v2-snapshots/releases/24.10.6/ath79_generic/openwrt-24.10.6-ath79-generic.manifest
24.10.6,ath79/generic,kmod-ppp,6.6.127-r1,research-os/data/openwrt-v2-snapshots/releases/24.10.6/ath79_generic/openwrt-24.10.6-ath79-generic.manifest
24.10.6,ath79/generic,kmod-pppoe,6.6.127-r1,research-os/data/openwrt-v2-snapshots/releases/24.10.6/ath79_generic/openwrt-24.10.6-ath79-generic.manifest
24.10.6,ath79/generic,kmod-pppox,6.6.127-r1,research-os/data/openwrt-v2-snapshots/releases/24.10.6/ath79_generic/openwrt-24.10.6-ath79-generic.manifest
24.10.6,ath79/generic,kmod-random-core,6.6.127-r1,research-os/data/openwrt-v2-snapshots/releases/24.10.6/ath79_generic/openwrt-24.10.6-ath79-generic.manifest
24.10.6,ath79/generic,kmod-slhc,6.6.127-r1,research-os/data/openwrt-v2-snapshots/releases/24.10.6/ath79_generic/openwrt-24.10.6-ath79-generic.manifest
24.10.6,ath79/generic,libblobmsg-json20240329,2025.07.23~49056d17-r1,research-os/data/openwrt-v2-snapshots/releases/24.10.6/ath79_generic/openwrt-24.10.6-ath79-generic.manifest
24.10.6,ath79/generic,libc,1.2.5-r4,research-os/data/openwrt-v2-snapshots/releases/24.10.6/ath79_generic/openwrt-24.10.6-ath79-generic.manifest
24.10.6,ath79/generic,libgcc1,13.3.0-r4,research-os/data/openwrt-v2-snapshots/releases/24.10.6/ath79_generic/openwrt-24.10.6-ath79-generic.manifest
24.10.6,ath79/generic,libiwinfo-data,2024.10.20~b94f066e-r1,research-os/data/openwrt-v2-snapshots/releases/24.10.6/ath79_generic/openwrt-24.10.6-ath79-generic.manifest
24.10.6,ath79/generic,libiwinfo20230701,2024.10.20~b94f066e-r1,research-os/data/openwrt-v2-snapshots/releases/24.10.6/ath79_generic/openwrt-24.10.6-ath79-generic.manifest
24.10.6,ath79/generic,libjson-c5,0.18-r1,research-os/data/openwrt-v2-snapshots/releases/24.10.6/ath79_generic/openwrt-24.10.6-ath79-generic.manifest
24.10.6,ath79/generic,libjson-script20240329,2025.07.23~49056d17-r1,research-os/data/openwrt-v2-snapshots/releases/24.10.6/ath79_generic/openwrt-24.10.6-ath79-generic.manifest
24.10.6,ath79/generic,liblucihttp-ucode,2023.03.15~9b5b683f-r1,research-os/data/openwrt-v2-snapshots/releases/24.10.6/ath79_generic/openwrt-24.10.6-ath79-generic.manifest
24.10.6,ath79/generic,liblucihttp0,2023.03.15~9b5b683f-r1,research-os/data/openwrt-v2-snapshots/releases/24.10.6/ath79_generic/openwrt-24.10.6-ath79-generic.manifest
24.10.6,ath79/generic,libmbedtls21,3.6.5-r1,research-os/data/openwrt-v2-snapshots/releases/24.10.6/ath79_generic/openwrt-24.10.6-ath79-generic.manifest
24.10.6,ath79/generic,libmnl0,1.0.5-r1,research-os/data/openwrt-v2-snapshots/releases/24.10.6/ath79_generic/openwrt-24.10.6-ath79-generic.manifest
24.10.6,ath79/generic,libnftnl11,1.2.8-r1,research-os/data/openwrt-v2-snapshots/releases/24.10.6/ath79_generic/openwrt-24.10.6-ath79-generic.manifest
24.10.6,ath79/generic,libnl-tiny1,2025.03.19~c0df580a-r1,research-os/data/openwrt-v2-snapshots/releases/24.10.6/ath79_generic/openwrt-24.10.6-ath79-generic.manifest
24.10.6,ath79/generic,libpthread,1.2.5-r4,research-os/data/openwrt-v2-snapshots/releases/24.10.6/ath79_generic/openwrt-24.10.6-ath79-generic.manifest
24.10.6,ath79/generic,libubox20240329,2025.07.23~49056d17-r1,research-os/data/openwrt-v2-snapshots/releases/24.10.6/ath79_generic/openwrt-24.10.6-ath79-generic.manifest
24.10.6,ath79/generic,libubus20250102,2025.10.17~60e04048-r1,research-os/data/openwrt-v2-snapshots/releases/24.10.6/ath79_generic/openwrt-24.10.6-ath79-generic.manifest
24.10.6,ath79/generic,libuci20250120,2025.01.20~16ff0bad-r1,research-os/data/openwrt-v2-snapshots/releases/24.10.6/ath79_generic/openwrt-24.10.6-ath79-generic.manifest
24.10.6,ath79/generic,libuclient20201210,2024.10.22~88ae8f20-r1,research-os/data/openwrt-v2-snapshots/releases/24.10.6/ath79_generic/openwrt-24.10.6-ath79-generic.manifest
24.10.6,ath79/generic,libucode20230711,2025.07.18~3f64c808-r1,research-os/data/openwrt-v2-snapshots/releases/24.10.6/ath79_generic/openwrt-24.10.6-ath79-generic.manifest
24.10.6,ath79/generic,libudebug,2025.08.24~edeb4d6d,research-os/data/openwrt-v2-snapshots/releases/24.10.6/ath79_generic/openwrt-24.10.6-ath79-generic.manifest
24.10.6,ath79/generic,libustream-mbedtls20201210,2024.07.28~99bd3d2b-r1,research-os/data/openwrt-v2-snapshots/releases/24.10.6/ath79_generic/openwrt-24.10.6-ath79-generic.manifest
24.10.6,ath79/generic,logd,2024.04.26~85f10530-r1,research-os/data/openwrt-v2-snapshots/releases/24.10.6/ath79_generic/openwrt-24.10.6-ath79-generic.manifest
24.10.6,ath79/generic,luci,26.075.78949~edc4547,research-os/data/openwrt-v2-snapshots/releases/24.10.6/ath79_generic/openwrt-24.10.6-ath79-generic.manifest
24.10.6,ath79/generic,luci-app-firewall,26.075.78949~edc4547,research-os/data/openwrt-v2-snapshots/releases/24.10.6/ath79_generic/openwrt-24.10.6-ath79-generic.manifest
24.10.6,ath79/generic,luci-app-package-manager,26.075.78949~edc4547,research-os/data/openwrt-v2-snapshots/releases/24.10.6/ath79_generic/openwrt-24.10.6-ath79-generic.manifest
24.10.6,ath79/generic,luci-base,26.075.78949~edc4547,research-os/data/openwrt-v2-snapshots/releases/24.10.6/ath79_generic/openwrt-24.10.6-ath79-generic.manifest
24.10.6,ath79/generic,luci-light,26.075.78949~edc4547,research-os/data/openwrt-v2-snapshots/releases/24.10.6/ath79_generic/openwrt-24.10.6-ath79-generic.manifest
24.10.6,ath79/generic,luci-mod-admin-full,26.075.78949~edc4547,research-os/data/openwrt-v2-snapshots/releases/24.10.6/ath79_generic/openwrt-24.10.6-ath79-generic.manifest
24.10.6,ath79/generic,luci-mod-network,26.075.78949~edc4547,research-os/data/openwrt-v2-snapshots/releases/24.10.6/ath79_generic/openwrt-24.10.6-ath79-generic.manifest
24.10.6,ath79/generic,luci-mod-status,26.075.78949~edc4547,research-os/data/openwrt-v2-snapshots/releases/24.10.6/ath79_generic/openwrt-24.10.6-ath79-generic.manifest
24.10.6,ath79/generic,luci-mod-system,26.075.78949~edc4547,research-os/data/openwrt-v2-snapshots/releases/24.10.6/ath79_generic/openwrt-24.10.6-ath79-generic.manifest
24.10.6,ath79/generic,luci-proto-ipv6,26.075.78949~edc4547,research-os/data/openwrt-v2-snapshots/releases/24.10.6/ath79_generic/openwrt-24.10.6-ath79-generic.manifest
24.10.6,ath79/generic,luci-proto-ppp,26.075.78949~edc4547,research-os/data/openwrt-v2-snapshots/releases/24.10.6/ath79_generic/openwrt-24.10.6-ath79-generic.manifest
24.10.6,ath79/generic,luci-ssl,26.075.78949~edc4547,research-os/data/openwrt-v2-snapshots/releases/24.10.6/ath79_generic/openwrt-24.10.6-ath79-generic.manifest
24.10.6,ath79/generic,luci-theme-bootstrap,26.075.78949~edc4547,research-os/data/openwrt-v2-snapshots/releases/24.10.6/ath79_generic/openwrt-24.10.6-ath79-generic.manifest
24.10.6,ath79/generic,mtd,26,research-os/data/openwrt-v2-snapshots/releases/24.10.6/ath79_generic/openwrt-24.10.6-ath79-generic.manifest
24.10.6,ath79/generic,netifd,2025.05.23~7901e66c-r1,research-os/data/openwrt-v2-snapshots/releases/24.10.6/ath79_generic/openwrt-24.10.6-ath79-generic.manifest
24.10.6,ath79/generic,nftables-json,1.1.1-r1,research-os/data/openwrt-v2-snapshots/releases/24.10.6/ath79_generic/openwrt-24.10.6-ath79-generic.manifest
24.10.6,ath79/generic,odhcp6c,2024.09.25~b6ae9ffa-r1,research-os/data/openwrt-v2-snapshots/releases/24.10.6/ath79_generic/openwrt-24.10.6-ath79-generic.manifest
24.10.6,ath79/generic,odhcpd-ipv6only,2025.10.02~b14cf98c-r2,research-os/data/openwrt-v2-snapshots/releases/24.10.6/ath79_generic/openwrt-24.10.6-ath79-generic.manifest
24.10.6,ath79/generic,openwrt-keyring,2024.11.01~fbae29d7-r2,research-os/data/openwrt-v2-snapshots/releases/24.10.6/ath79_generic/openwrt-24.10.6-ath79-generic.manifest
24.10.6,ath79/generic,opkg,2024.10.16~38eccbb1-r1,research-os/data/openwrt-v2-snapshots/releases/24.10.6/ath79_generic/openwrt-24.10.6-ath79-generic.manifest
24.10.6,ath79/generic,ppp,2.5.1-r1,research-os/data/openwrt-v2-snapshots/releases/24.10.6/ath79_generic/openwrt-24.10.6-ath79-generic.manifest
24.10.6,ath79/generic,ppp-mod-pppoe,2.5.1-r1,research-os/data/openwrt-v2-snapshots/releases/24.10.6/ath79_generic/openwrt-24.10.6-ath79-generic.manifest
24.10.6,ath79/generic,procd,2026.03.14~c59f2d80-r1,research-os/data/openwrt-v2-snapshots/releases/24.10.6/ath79_generic/openwrt-24.10.6-ath79-generic.manifest
24.10.6,ath79/generic,procd-seccomp,2026.03.14~c59f2d80-r1,research-os/data/openwrt-v2-snapshots/releases/24.10.6/ath79_generic/openwrt-24.10.6-ath79-generic.manifest
24.10.6,ath79/generic,procd-ujail,2026.03.14~c59f2d80-r1,research-os/data/openwrt-v2-snapshots/releases/24.10.6/ath79_generic/openwrt-24.10.6-ath79-generic.manifest
24.10.6,ath79/generic,px5g-mbedtls,11,research-os/data/openwrt-v2-snapshots/releases/24.10.6/ath79_generic/openwrt-24.10.6-ath79-generic.manifest
24.10.6,ath79/generic,rpcd,2025.09.01~bba95191-r1,research-os/data/openwrt-v2-snapshots/releases/24.10.6/ath79_generic/openwrt-24.10.6-ath79-generic.manifest
24.10.6,ath79/generic,rpcd-mod-file,2025.09.01~bba95191-r1,research-os/data/openwrt-v2-snapshots/releases/24.10.6/ath79_generic/openwrt-24.10.6-ath79-generic.manifest
24.10.6,ath79/generic,rpcd-mod-iwinfo,2025.09.01~bba95191-r1,research-os/data/openwrt-v2-snapshots/releases/24.10.6/ath79_generic/openwrt-24.10.6-ath79-generic.manifest
24.10.6,ath79/generic,rpcd-mod-luci,20240305-r1,research-os/data/openwrt-v2-snapshots/releases/24.10.6/ath79_generic/openwrt-24.10.6-ath79-generic.manifest
24.10.6,ath79/generic,rpcd-mod-rrdns,20170710,research-os/data/openwrt-v2-snapshots/releases/24.10.6/ath79_generic/openwrt-24.10.6-ath79-generic.manifest
24.10.6,ath79/generic,rpcd-mod-ucode,2025.09.01~bba95191-r1,research-os/data/openwrt-v2-snapshots/releases/24.10.6/ath79_generic/openwrt-24.10.6-ath79-generic.manifest
24.10.6,ath79/generic,swconfig,12,research-os/data/openwrt-v2-snapshots/releases/24.10.6/ath79_generic/openwrt-24.10.6-ath79-generic.manifest
24.10.6,ath79/generic,uboot-envtools,2024.07-r1,research-os/data/openwrt-v2-snapshots/releases/24.10.6/ath79_generic/openwrt-24.10.6-ath79-generic.manifest
24.10.6,ath79/generic,ubox,2024.04.26~85f10530-r1,research-os/data/openwrt-v2-snapshots/releases/24.10.6/ath79_generic/openwrt-24.10.6-ath79-generic.manifest
24.10.6,ath79/generic,ubus,2025.10.17~60e04048-r1,research-os/data/openwrt-v2-snapshots/releases/24.10.6/ath79_generic/openwrt-24.10.6-ath79-generic.manifest
24.10.6,ath79/generic,ubusd,2025.10.17~60e04048-r1,research-os/data/openwrt-v2-snapshots/releases/24.10.6/ath79_generic/openwrt-24.10.6-ath79-generic.manifest
24.10.6,ath79/generic,uci,2025.01.20~16ff0bad-r1,research-os/data/openwrt-v2-snapshots/releases/24.10.6/ath79_generic/openwrt-24.10.6-ath79-generic.manifest
24.10.6,ath79/generic,uclient-fetch,2024.10.22~88ae8f20-r1,research-os/data/openwrt-v2-snapshots/releases/24.10.6/ath79_generic/openwrt-24.10.6-ath79-generic.manifest
24.10.6,ath79/generic,ucode,2025.07.18~3f64c808-r1,research-os/data/openwrt-v2-snapshots/releases/24.10.6/ath79_generic/openwrt-24.10.6-ath79-generic.manifest
24.10.6,ath79/generic,ucode-mod-fs,2025.07.18~3f64c808-r1,research-os/data/openwrt-v2-snapshots/releases/24.10.6/ath79_generic/openwrt-24.10.6-ath79-generic.manifest
24.10.6,ath79/generic,ucode-mod-html,1,research-os/data/openwrt-v2-snapshots/releases/24.10.6/ath79_generic/openwrt-24.10.6-ath79-generic.manifest
24.10.6,ath79/generic,ucode-mod-math,2025.07.18~3f64c808-r1,research-os/data/openwrt-v2-snapshots/releases/24.10.6/ath79_generic/openwrt-24.10.6-ath79-generic.manifest
24.10.6,ath79/generic,ucode-mod-nl80211,2025.07.18~3f64c808-r1,research-os/data/openwrt-v2-snapshots/releases/24.10.6/ath79_generic/openwrt-24.10.6-ath79-generic.manifest
24.10.6,ath79/generic,ucode-mod-rtnl,2025.07.18~3f64c808-r1,research-os/data/openwrt-v2-snapshots/releases/24.10.6/ath79_generic/openwrt-24.10.6-ath79-generic.manifest
24.10.6,ath79/generic,ucode-mod-ubus,2025.07.18~3f64c808-r1,research-os/data/openwrt-v2-snapshots/releases/24.10.6/ath79_generic/openwrt-24.10.6-ath79-generic.manifest
24.10.6,ath79/generic,ucode-mod-uci,2025.07.18~3f64c808-r1,research-os/data/openwrt-v2-snapshots/releases/24.10.6/ath79_generic/openwrt-24.10.6-ath79-generic.manifest
24.10.6,ath79/generic,ucode-mod-uloop,2025.07.18~3f64c808-r1,research-os/data/openwrt-v2-snapshots/releases/24.10.6/ath79_generic/openwrt-24.10.6-ath79-generic.manifest
24.10.6,ath79/generic,uhttpd,2025.07.06~7e64e8ba-r4,research-os/data/openwrt-v2-snapshots/releases/24.10.6/ath79_generic/openwrt-24.10.6-ath79-generic.manifest
24.10.6,ath79/generic,uhttpd-mod-ubus,2025.07.06~7e64e8ba-r4,research-os/data/openwrt-v2-snapshots/releases/24.10.6/ath79_generic/openwrt-24.10.6-ath79-generic.manifest
24.10.6,ath79/generic,urandom-seed,3,research-os/data/openwrt-v2-snapshots/releases/24.10.6/ath79_generic/openwrt-24.10.6-ath79-generic.manifest
24.10.6,ath79/generic,urngd,2023.11.01~44365eb1-r1,research-os/data/openwrt-v2-snapshots/releases/24.10.6/ath79_generic/openwrt-24.10.6-ath79-generic.manifest
24.10.6,ath79/generic,usign,2020.05.23~f1f65026-r1,research-os/data/openwrt-v2-snapshots/releases/24.10.6/ath79_generic/openwrt-24.10.6-ath79-generic.manifest
24.10.6,ath79/generic,wifi-scripts,1.0-r1,research-os/data/openwrt-v2-snapshots/releases/24.10.6/ath79_generic/openwrt-24.10.6-ath79-generic.manifest
24.10.6,ath79/generic,wireless-regdb,2026.02.04-r1,research-os/data/openwrt-v2-snapshots/releases/24.10.6/ath79_generic/openwrt-24.10.6-ath79-generic.manifest
24.10.6,ath79/generic,wpad-basic-mbedtls,2024.09.15~5ace39b0-r2,research-os/data/openwrt-v2-snapshots/releases/24.10.6/ath79_generic/openwrt-24.10.6-ath79-generic.manifest
24.10.6,x86/64,base-files,1670~81be8a8869,research-os/data/openwrt-v2-snapshots/releases/24.10.6/x86_64/openwrt-24.10.6-x86-64.manifest
24.10.6,x86/64,busybox,1.36.1-r2,research-os/data/openwrt-v2-snapshots/releases/24.10.6/x86_64/openwrt-24.10.6-x86-64.manifest
24.10.6,x86/64,ca-bundle,20250419-r1,research-os/data/openwrt-v2-snapshots/releases/24.10.6/x86_64/openwrt-24.10.6-x86-64.manifest
24.10.6,x86/64,cgi-io,2022.08.10~901b0f04-r21,research-os/data/openwrt-v2-snapshots/releases/24.10.6/x86_64/openwrt-24.10.6-x86-64.manifest
24.10.6,x86/64,dnsmasq,2.90-r4,research-os/data/openwrt-v2-snapshots/releases/24.10.6/x86_64/openwrt-24.10.6-x86-64.manifest
24.10.6,x86/64,dropbear,2024.86-r2,research-os/data/openwrt-v2-snapshots/releases/24.10.6/x86_64/openwrt-24.10.6-x86-64.manifest
24.10.6,x86/64,e2fsprogs,1.47.0-r2,research-os/data/openwrt-v2-snapshots/releases/24.10.6/x86_64/openwrt-24.10.6-x86-64.manifest
24.10.6,x86/64,firewall4,2024.12.18~18fc0ead-r1,research-os/data/openwrt-v2-snapshots/releases/24.10.6/x86_64/openwrt-24.10.6-x86-64.manifest
24.10.6,x86/64,fstools,2024.07.14~408c2cc4-r1,research-os/data/openwrt-v2-snapshots/releases/24.10.6/x86_64/openwrt-24.10.6-x86-64.manifest
24.10.6,x86/64,fwtool,2019.11.12~8f7fe925-r1,research-os/data/openwrt-v2-snapshots/releases/24.10.6/x86_64/openwrt-24.10.6-x86-64.manifest
24.10.6,x86/64,getrandom,2024.04.26~85f10530-r1,research-os/data/openwrt-v2-snapshots/releases/24.10.6/x86_64/openwrt-24.10.6-x86-64.manifest
24.10.6,x86/64,grub2,2.12-r1,research-os/data/openwrt-v2-snapshots/releases/24.10.6/x86_64/openwrt-24.10.6-x86-64.manifest
24.10.6,x86/64,grub2-bios-setup,2.12-r1,research-os/data/openwrt-v2-snapshots/releases/24.10.6/x86_64/openwrt-24.10.6-x86-64.manifest
24.10.6,x86/64,grub2-efi,2.12-r1,research-os/data/openwrt-v2-snapshots/releases/24.10.6/x86_64/openwrt-24.10.6-x86-64.manifest
24.10.6,x86/64,jansson4,2.14-r3,research-os/data/openwrt-v2-snapshots/releases/24.10.6/x86_64/openwrt-24.10.6-x86-64.manifest
24.10.6,x86/64,jshn,2025.07.23~49056d17-r1,research-os/data/openwrt-v2-snapshots/releases/24.10.6/x86_64/openwrt-24.10.6-x86-64.manifest
24.10.6,x86/64,jsonfilter,2025.04.18~8a86fb78-r1,research-os/data/openwrt-v2-snapshots/releases/24.10.6/x86_64/openwrt-24.10.6-x86-64.manifest
24.10.6,x86/64,kernel,6.6.127~50daf8372d971124fb3519e8d87e02ae-r1,research-os/data/openwrt-v2-snapshots/releases/24.10.6/x86_64/openwrt-24.10.6-x86-64.manifest
24.10.6,x86/64,kmod-button-hotplug,6.6.127-r3,research-os/data/openwrt-v2-snapshots/releases/24.10.6/x86_64/openwrt-24.10.6-x86-64.manifest
24.10.6,x86/64,kmod-crypto-acompress,6.6.127-r1,research-os/data/openwrt-v2-snapshots/releases/24.10.6/x86_64/openwrt-24.10.6-x86-64.manifest
24.10.6,x86/64,kmod-crypto-crc32c,6.6.127-r1,research-os/data/openwrt-v2-snapshots/releases/24.10.6/x86_64/openwrt-24.10.6-x86-64.manifest
24.10.6,x86/64,kmod-crypto-hash,6.6.127-r1,research-os/data/openwrt-v2-snapshots/releases/24.10.6/x86_64/openwrt-24.10.6-x86-64.manifest
24.10.6,x86/64,kmod-fs-vfat,6.6.127-r1,research-os/data/openwrt-v2-snapshots/releases/24.10.6/x86_64/openwrt-24.10.6-x86-64.manifest
24.10.6,x86/64,kmod-input-core,6.6.127-r1,research-os/data/openwrt-v2-snapshots/releases/24.10.6/x86_64/openwrt-24.10.6-x86-64.manifest
24.10.6,x86/64,kmod-lib-crc-ccitt,6.6.127-r1,research-os/data/openwrt-v2-snapshots/releases/24.10.6/x86_64/openwrt-24.10.6-x86-64.manifest
24.10.6,x86/64,kmod-lib-crc32c,6.6.127-r1,research-os/data/openwrt-v2-snapshots/releases/24.10.6/x86_64/openwrt-24.10.6-x86-64.manifest
24.10.6,x86/64,kmod-lib-lzo,6.6.127-r1,research-os/data/openwrt-v2-snapshots/releases/24.10.6/x86_64/openwrt-24.10.6-x86-64.manifest
24.10.6,x86/64,kmod-nf-conntrack,6.6.127-r1,research-os/data/openwrt-v2-snapshots/releases/24.10.6/x86_64/openwrt-24.10.6-x86-64.manifest
24.10.6,x86/64,kmod-nf-conntrack6,6.6.127-r1,research-os/data/openwrt-v2-snapshots/releases/24.10.6/x86_64/openwrt-24.10.6-x86-64.manifest
24.10.6,x86/64,kmod-nf-flow,6.6.127-r1,research-os/data/openwrt-v2-snapshots/releases/24.10.6/x86_64/openwrt-24.10.6-x86-64.manifest
24.10.6,x86/64,kmod-nf-log,6.6.127-r1,research-os/data/openwrt-v2-snapshots/releases/24.10.6/x86_64/openwrt-24.10.6-x86-64.manifest
24.10.6,x86/64,kmod-nf-log6,6.6.127-r1,research-os/data/openwrt-v2-snapshots/releases/24.10.6/x86_64/openwrt-24.10.6-x86-64.manifest
24.10.6,x86/64,kmod-nf-nat,6.6.127-r1,research-os/data/openwrt-v2-snapshots/releases/24.10.6/x86_64/openwrt-24.10.6-x86-64.manifest
24.10.6,x86/64,kmod-nf-reject,6.6.127-r1,research-os/data/openwrt-v2-snapshots/releases/24.10.6/x86_64/openwrt-24.10.6-x86-64.manifest
24.10.6,x86/64,kmod-nf-reject6,6.6.127-r1,research-os/data/openwrt-v2-snapshots/releases/24.10.6/x86_64/openwrt-24.10.6-x86-64.manifest
24.10.6,x86/64,kmod-nfnetlink,6.6.127-r1,research-os/data/openwrt-v2-snapshots/releases/24.10.6/x86_64/openwrt-24.10.6-x86-64.manifest
24.10.6,x86/64,kmod-nft-core,6.6.127-r1,research-os/data/openwrt-v2-snapshots/releases/24.10.6/x86_64/openwrt-24.10.6-x86-64.manifest
24.10.6,x86/64,kmod-nft-fib,6.6.127-r1,research-os/data/openwrt-v2-snapshots/releases/24.10.6/x86_64/openwrt-24.10.6-x86-64.manifest
24.10.6,x86/64,kmod-nft-nat,6.6.127-r1,research-os/data/openwrt-v2-snapshots/releases/24.10.6/x86_64/openwrt-24.10.6-x86-64.manifest
24.10.6,x86/64,kmod-nft-offload,6.6.127-r1,research-os/data/openwrt-v2-snapshots/releases/24.10.6/x86_64/openwrt-24.10.6-x86-64.manifest
24.10.6,x86/64,kmod-nls-base,6.6.127-r1,research-os/data/openwrt-v2-snapshots/releases/24.10.6/x86_64/openwrt-24.10.6-x86-64.manifest
24.10.6,x86/64,kmod-nls-cp437,6.6.127-r1,research-os/data/openwrt-v2-snapshots/releases/24.10.6/x86_64/openwrt-24.10.6-x86-64.manifest
24.10.6,x86/64,kmod-nls-iso8859-1,6.6.127-r1,research-os/data/openwrt-v2-snapshots/releases/24.10.6/x86_64/openwrt-24.10.6-x86-64.manifest
24.10.6,x86/64,kmod-nls-utf8,6.6.127-r1,research-os/data/openwrt-v2-snapshots/releases/24.10.6/x86_64/openwrt-24.10.6-x86-64.manifest
24.10.6,x86/64,kmod-ppp,6.6.127-r1,research-os/data/openwrt-v2-snapshots/releases/24.10.6/x86_64/openwrt-24.10.6-x86-64.manifest
24.10.6,x86/64,kmod-pppoe,6.6.127-r1,research-os/data/openwrt-v2-snapshots/releases/24.10.6/x86_64/openwrt-24.10.6-x86-64.manifest
24.10.6,x86/64,kmod-pppox,6.6.127-r1,research-os/data/openwrt-v2-snapshots/releases/24.10.6/x86_64/openwrt-24.10.6-x86-64.manifest
24.10.6,x86/64,kmod-slhc,6.6.127-r1,research-os/data/openwrt-v2-snapshots/releases/24.10.6/x86_64/openwrt-24.10.6-x86-64.manifest
24.10.6,x86/64,libblkid1,2.40.2-r1,research-os/data/openwrt-v2-snapshots/releases/24.10.6/x86_64/openwrt-24.10.6-x86-64.manifest
24.10.6,x86/64,libblobmsg-json20240329,2025.07.23~49056d17-r1,research-os/data/openwrt-v2-snapshots/releases/24.10.6/x86_64/openwrt-24.10.6-x86-64.manifest
24.10.6,x86/64,libc,1.2.5-r4,research-os/data/openwrt-v2-snapshots/releases/24.10.6/x86_64/openwrt-24.10.6-x86-64.manifest
24.10.6,x86/64,libcomerr0,1.47.0-r2,research-os/data/openwrt-v2-snapshots/releases/24.10.6/x86_64/openwrt-24.10.6-x86-64.manifest
24.10.6,x86/64,libe2p2,1.47.0-r2,research-os/data/openwrt-v2-snapshots/releases/24.10.6/x86_64/openwrt-24.10.6-x86-64.manifest
24.10.6,x86/64,libext2fs2,1.47.0-r2,research-os/data/openwrt-v2-snapshots/releases/24.10.6/x86_64/openwrt-24.10.6-x86-64.manifest
24.10.6,x86/64,libf2fs6,1.16.0-r3,research-os/data/openwrt-v2-snapshots/releases/24.10.6/x86_64/openwrt-24.10.6-x86-64.manifest
24.10.6,x86/64,libgcc1,13.3.0-r4,research-os/data/openwrt-v2-snapshots/releases/24.10.6/x86_64/openwrt-24.10.6-x86-64.manifest
24.10.6,x86/64,libiwinfo-data,2024.10.20~b94f066e-r1,research-os/data/openwrt-v2-snapshots/releases/24.10.6/x86_64/openwrt-24.10.6-x86-64.manifest
24.10.6,x86/64,libiwinfo20230701,2024.10.20~b94f066e-r1,research-os/data/openwrt-v2-snapshots/releases/24.10.6/x86_64/openwrt-24.10.6-x86-64.manifest
24.10.6,x86/64,libjson-c5,0.18-r1,research-os/data/openwrt-v2-snapshots/releases/24.10.6/x86_64/openwrt-24.10.6-x86-64.manifest
24.10.6,x86/64,libjson-script20240329,2025.07.23~49056d17-r1,research-os/data/openwrt-v2-snapshots/releases/24.10.6/x86_64/openwrt-24.10.6-x86-64.manifest
24.10.6,x86/64,liblucihttp-ucode,2023.03.15~9b5b683f-r1,research-os/data/openwrt-v2-snapshots/releases/24.10.6/x86_64/openwrt-24.10.6-x86-64.manifest
24.10.6,x86/64,liblucihttp0,2023.03.15~9b5b683f-r1,research-os/data/openwrt-v2-snapshots/releases/24.10.6/x86_64/openwrt-24.10.6-x86-64.manifest
24.10.6,x86/64,libmbedtls21,3.6.5-r1,research-os/data/openwrt-v2-snapshots/releases/24.10.6/x86_64/openwrt-24.10.6-x86-64.manifest
24.10.6,x86/64,libmnl0,1.0.5-r1,research-os/data/openwrt-v2-snapshots/releases/24.10.6/x86_64/openwrt-24.10.6-x86-64.manifest
24.10.6,x86/64,libnftnl11,1.2.8-r1,research-os/data/openwrt-v2-snapshots/releases/24.10.6/x86_64/openwrt-24.10.6-x86-64.manifest
24.10.6,x86/64,libnl-tiny1,2025.03.19~c0df580a-r1,research-os/data/openwrt-v2-snapshots/releases/24.10.6/x86_64/openwrt-24.10.6-x86-64.manifest
24.10.6,x86/64,libpthread,1.2.5-r4,research-os/data/openwrt-v2-snapshots/releases/24.10.6/x86_64/openwrt-24.10.6-x86-64.manifest
24.10.6,x86/64,librt,1.2.5-r4,research-os/data/openwrt-v2-snapshots/releases/24.10.6/x86_64/openwrt-24.10.6-x86-64.manifest
24.10.6,x86/64,libsmartcols1,2.40.2-r1,research-os/data/openwrt-v2-snapshots/releases/24.10.6/x86_64/openwrt-24.10.6-x86-64.manifest
24.10.6,x86/64,libss2,1.47.0-r2,research-os/data/openwrt-v2-snapshots/releases/24.10.6/x86_64/openwrt-24.10.6-x86-64.manifest
24.10.6,x86/64,libubox20240329,2025.07.23~49056d17-r1,research-os/data/openwrt-v2-snapshots/releases/24.10.6/x86_64/openwrt-24.10.6-x86-64.manifest
24.10.6,x86/64,libubus20250102,2025.10.17~60e04048-r1,research-os/data/openwrt-v2-snapshots/releases/24.10.6/x86_64/openwrt-24.10.6-x86-64.manifest
24.10.6,x86/64,libuci20250120,2025.01.20~16ff0bad-r1,research-os/data/openwrt-v2-snapshots/releases/24.10.6/x86_64/openwrt-24.10.6-x86-64.manifest
24.10.6,x86/64,libuclient20201210,2024.10.22~88ae8f20-r1,research-os/data/openwrt-v2-snapshots/releases/24.10.6/x86_64/openwrt-24.10.6-x86-64.manifest
24.10.6,x86/64,libucode20230711,2025.07.18~3f64c808-r1,research-os/data/openwrt-v2-snapshots/releases/24.10.6/x86_64/openwrt-24.10.6-x86-64.manifest
24.10.6,x86/64,libudebug,2025.08.24~edeb4d6d,research-os/data/openwrt-v2-snapshots/releases/24.10.6/x86_64/openwrt-24.10.6-x86-64.manifest
24.10.6,x86/64,libustream-mbedtls20201210,2024.07.28~99bd3d2b-r1,research-os/data/openwrt-v2-snapshots/releases/24.10.6/x86_64/openwrt-24.10.6-x86-64.manifest
24.10.6,x86/64,libuuid1,2.40.2-r1,research-os/data/openwrt-v2-snapshots/releases/24.10.6/x86_64/openwrt-24.10.6-x86-64.manifest
24.10.6,x86/64,logd,2024.04.26~85f10530-r1,research-os/data/openwrt-v2-snapshots/releases/24.10.6/x86_64/openwrt-24.10.6-x86-64.manifest
24.10.6,x86/64,luci,26.075.78949~edc4547,research-os/data/openwrt-v2-snapshots/releases/24.10.6/x86_64/openwrt-24.10.6-x86-64.manifest
24.10.6,x86/64,luci-app-firewall,26.075.78949~edc4547,research-os/data/openwrt-v2-snapshots/releases/24.10.6/x86_64/openwrt-24.10.6-x86-64.manifest
24.10.6,x86/64,luci-app-package-manager,26.075.78949~edc4547,research-os/data/openwrt-v2-snapshots/releases/24.10.6/x86_64/openwrt-24.10.6-x86-64.manifest
24.10.6,x86/64,luci-base,26.075.78949~edc4547,research-os/data/openwrt-v2-snapshots/releases/24.10.6/x86_64/openwrt-24.10.6-x86-64.manifest
24.10.6,x86/64,luci-light,26.075.78949~edc4547,research-os/data/openwrt-v2-snapshots/releases/24.10.6/x86_64/openwrt-24.10.6-x86-64.manifest
24.10.6,x86/64,luci-mod-admin-full,26.075.78949~edc4547,research-os/data/openwrt-v2-snapshots/releases/24.10.6/x86_64/openwrt-24.10.6-x86-64.manifest
24.10.6,x86/64,luci-mod-network,26.075.78949~edc4547,research-os/data/openwrt-v2-snapshots/releases/24.10.6/x86_64/openwrt-24.10.6-x86-64.manifest
24.10.6,x86/64,luci-mod-status,26.075.78949~edc4547,research-os/data/openwrt-v2-snapshots/releases/24.10.6/x86_64/openwrt-24.10.6-x86-64.manifest
24.10.6,x86/64,luci-mod-system,26.075.78949~edc4547,research-os/data/openwrt-v2-snapshots/releases/24.10.6/x86_64/openwrt-24.10.6-x86-64.manifest
24.10.6,x86/64,luci-proto-ipv6,26.075.78949~edc4547,research-os/data/openwrt-v2-snapshots/releases/24.10.6/x86_64/openwrt-24.10.6-x86-64.manifest
24.10.6,x86/64,luci-proto-ppp,26.075.78949~edc4547,research-os/data/openwrt-v2-snapshots/releases/24.10.6/x86_64/openwrt-24.10.6-x86-64.manifest
24.10.6,x86/64,luci-ssl,26.075.78949~edc4547,research-os/data/openwrt-v2-snapshots/releases/24.10.6/x86_64/openwrt-24.10.6-x86-64.manifest
24.10.6,x86/64,luci-theme-bootstrap,26.075.78949~edc4547,research-os/data/openwrt-v2-snapshots/releases/24.10.6/x86_64/openwrt-24.10.6-x86-64.manifest
24.10.6,x86/64,mkf2fs,1.16.0-r3,research-os/data/openwrt-v2-snapshots/releases/24.10.6/x86_64/openwrt-24.10.6-x86-64.manifest
24.10.6,x86/64,mtd,26,research-os/data/openwrt-v2-snapshots/releases/24.10.6/x86_64/openwrt-24.10.6-x86-64.manifest
24.10.6,x86/64,netifd,2025.05.23~7901e66c-r1,research-os/data/openwrt-v2-snapshots/releases/24.10.6/x86_64/openwrt-24.10.6-x86-64.manifest
24.10.6,x86/64,nftables-json,1.1.1-r1,research-os/data/openwrt-v2-snapshots/releases/24.10.6/x86_64/openwrt-24.10.6-x86-64.manifest
24.10.6,x86/64,odhcp6c,2024.09.25~b6ae9ffa-r1,research-os/data/openwrt-v2-snapshots/releases/24.10.6/x86_64/openwrt-24.10.6-x86-64.manifest
24.10.6,x86/64,odhcpd-ipv6only,2025.10.02~b14cf98c-r2,research-os/data/openwrt-v2-snapshots/releases/24.10.6/x86_64/openwrt-24.10.6-x86-64.manifest
24.10.6,x86/64,openwrt-keyring,2024.11.01~fbae29d7-r2,research-os/data/openwrt-v2-snapshots/releases/24.10.6/x86_64/openwrt-24.10.6-x86-64.manifest
24.10.6,x86/64,opkg,2024.10.16~38eccbb1-r1,research-os/data/openwrt-v2-snapshots/releases/24.10.6/x86_64/openwrt-24.10.6-x86-64.manifest
24.10.6,x86/64,partx-utils,2.40.2-r1,research-os/data/openwrt-v2-snapshots/releases/24.10.6/x86_64/openwrt-24.10.6-x86-64.manifest
24.10.6,x86/64,ppp,2.5.1-r1,research-os/data/openwrt-v2-snapshots/releases/24.10.6/x86_64/openwrt-24.10.6-x86-64.manifest
24.10.6,x86/64,ppp-mod-pppoe,2.5.1-r1,research-os/data/openwrt-v2-snapshots/releases/24.10.6/x86_64/openwrt-24.10.6-x86-64.manifest
24.10.6,x86/64,procd,2026.03.14~c59f2d80-r1,research-os/data/openwrt-v2-snapshots/releases/24.10.6/x86_64/openwrt-24.10.6-x86-64.manifest
24.10.6,x86/64,procd-seccomp,2026.03.14~c59f2d80-r1,research-os/data/openwrt-v2-snapshots/releases/24.10.6/x86_64/openwrt-24.10.6-x86-64.manifest
24.10.6,x86/64,procd-ujail,2026.03.14~c59f2d80-r1,research-os/data/openwrt-v2-snapshots/releases/24.10.6/x86_64/openwrt-24.10.6-x86-64.manifest
24.10.6,x86/64,px5g-mbedtls,11,research-os/data/openwrt-v2-snapshots/releases/24.10.6/x86_64/openwrt-24.10.6-x86-64.manifest
24.10.6,x86/64,rpcd,2025.09.01~bba95191-r1,research-os/data/openwrt-v2-snapshots/releases/24.10.6/x86_64/openwrt-24.10.6-x86-64.manifest
24.10.6,x86/64,rpcd-mod-file,2025.09.01~bba95191-r1,research-os/data/openwrt-v2-snapshots/releases/24.10.6/x86_64/openwrt-24.10.6-x86-64.manifest
24.10.6,x86/64,rpcd-mod-iwinfo,2025.09.01~bba95191-r1,research-os/data/openwrt-v2-snapshots/releases/24.10.6/x86_64/openwrt-24.10.6-x86-64.manifest
24.10.6,x86/64,rpcd-mod-luci,20240305-r1,research-os/data/openwrt-v2-snapshots/releases/24.10.6/x86_64/openwrt-24.10.6-x86-64.manifest
24.10.6,x86/64,rpcd-mod-rrdns,20170710,research-os/data/openwrt-v2-snapshots/releases/24.10.6/x86_64/openwrt-24.10.6-x86-64.manifest
24.10.6,x86/64,rpcd-mod-ucode,2025.09.01~bba95191-r1,research-os/data/openwrt-v2-snapshots/releases/24.10.6/x86_64/openwrt-24.10.6-x86-64.manifest
24.10.6,x86/64,ubox,2024.04.26~85f10530-r1,research-os/data/openwrt-v2-snapshots/releases/24.10.6/x86_64/openwrt-24.10.6-x86-64.manifest
24.10.6,x86/64,ubus,2025.10.17~60e04048-r1,research-os/data/openwrt-v2-snapshots/releases/24.10.6/x86_64/openwrt-24.10.6-x86-64.manifest
24.10.6,x86/64,ubusd,2025.10.17~60e04048-r1,research-os/data/openwrt-v2-snapshots/releases/24.10.6/x86_64/openwrt-24.10.6-x86-64.manifest
24.10.6,x86/64,uci,2025.01.20~16ff0bad-r1,research-os/data/openwrt-v2-snapshots/releases/24.10.6/x86_64/openwrt-24.10.6-x86-64.manifest
24.10.6,x86/64,uclient-fetch,2024.10.22~88ae8f20-r1,research-os/data/openwrt-v2-snapshots/releases/24.10.6/x86_64/openwrt-24.10.6-x86-64.manifest
24.10.6,x86/64,ucode,2025.07.18~3f64c808-r1,research-os/data/openwrt-v2-snapshots/releases/24.10.6/x86_64/openwrt-24.10.6-x86-64.manifest
24.10.6,x86/64,ucode-mod-fs,2025.07.18~3f64c808-r1,research-os/data/openwrt-v2-snapshots/releases/24.10.6/x86_64/openwrt-24.10.6-x86-64.manifest
24.10.6,x86/64,ucode-mod-html,1,research-os/data/openwrt-v2-snapshots/releases/24.10.6/x86_64/openwrt-24.10.6-x86-64.manifest
24.10.6,x86/64,ucode-mod-math,2025.07.18~3f64c808-r1,research-os/data/openwrt-v2-snapshots/releases/24.10.6/x86_64/openwrt-24.10.6-x86-64.manifest
24.10.6,x86/64,ucode-mod-ubus,2025.07.18~3f64c808-r1,research-os/data/openwrt-v2-snapshots/releases/24.10.6/x86_64/openwrt-24.10.6-x86-64.manifest
24.10.6,x86/64,ucode-mod-uci,2025.07.18~3f64c808-r1,research-os/data/openwrt-v2-snapshots/releases/24.10.6/x86_64/openwrt-24.10.6-x86-64.manifest
24.10.6,x86/64,uhttpd,2025.07.06~7e64e8ba-r4,research-os/data/openwrt-v2-snapshots/releases/24.10.6/x86_64/openwrt-24.10.6-x86-64.manifest
24.10.6,x86/64,uhttpd-mod-ubus,2025.07.06~7e64e8ba-r4,research-os/data/openwrt-v2-snapshots/releases/24.10.6/x86_64/openwrt-24.10.6-x86-64.manifest
24.10.6,x86/64,urandom-seed,3,research-os/data/openwrt-v2-snapshots/releases/24.10.6/x86_64/openwrt-24.10.6-x86-64.manifest
24.10.6,x86/64,urngd,2023.11.01~44365eb1-r1,research-os/data/openwrt-v2-snapshots/releases/24.10.6/x86_64/openwrt-24.10.6-x86-64.manifest
24.10.6,x86/64,usign,2020.05.23~f1f65026-r1,research-os/data/openwrt-v2-snapshots/releases/24.10.6/x86_64/openwrt-24.10.6-x86-64.manifest
24.10.7,ath79/generic,base-files,1672~ab4c7d6af7,research-os/data/openwrt-v2-snapshots/releases/24.10.7/ath79_generic/openwrt-24.10.7-ath79-generic.manifest
24.10.7,ath79/generic,busybox,1.36.1-r2,research-os/data/openwrt-v2-snapshots/releases/24.10.7/ath79_generic/openwrt-24.10.7-ath79-generic.manifest
24.10.7,ath79/generic,ca-bundle,20260223-r1,research-os/data/openwrt-v2-snapshots/releases/24.10.7/ath79_generic/openwrt-24.10.7-ath79-generic.manifest
24.10.7,ath79/generic,cgi-io,2022.08.10~901b0f04-r21,research-os/data/openwrt-v2-snapshots/releases/24.10.7/ath79_generic/openwrt-24.10.7-ath79-generic.manifest
24.10.7,ath79/generic,dnsmasq,2.90-r5,research-os/data/openwrt-v2-snapshots/releases/24.10.7/ath79_generic/openwrt-24.10.7-ath79-generic.manifest
24.10.7,ath79/generic,dropbear,2024.86-r2,research-os/data/openwrt-v2-snapshots/releases/24.10.7/ath79_generic/openwrt-24.10.7-ath79-generic.manifest
24.10.7,ath79/generic,firewall4,2024.12.18~18fc0ead-r1,research-os/data/openwrt-v2-snapshots/releases/24.10.7/ath79_generic/openwrt-24.10.7-ath79-generic.manifest
24.10.7,ath79/generic,fstools,2024.07.14~408c2cc4-r1,research-os/data/openwrt-v2-snapshots/releases/24.10.7/ath79_generic/openwrt-24.10.7-ath79-generic.manifest
24.10.7,ath79/generic,fwtool,2019.11.12~8f7fe925-r1,research-os/data/openwrt-v2-snapshots/releases/24.10.7/ath79_generic/openwrt-24.10.7-ath79-generic.manifest
24.10.7,ath79/generic,getrandom,2024.04.26~85f10530-r1,research-os/data/openwrt-v2-snapshots/releases/24.10.7/ath79_generic/openwrt-24.10.7-ath79-generic.manifest
24.10.7,ath79/generic,hostapd-common,2024.09.15~5ace39b0-r2,research-os/data/openwrt-v2-snapshots/releases/24.10.7/ath79_generic/openwrt-24.10.7-ath79-generic.manifest
24.10.7,ath79/generic,iw,6.9-r1,research-os/data/openwrt-v2-snapshots/releases/24.10.7/ath79_generic/openwrt-24.10.7-ath79-generic.manifest
24.10.7,ath79/generic,iwinfo,2024.10.20~b94f066e-r1,research-os/data/openwrt-v2-snapshots/releases/24.10.7/ath79_generic/openwrt-24.10.7-ath79-generic.manifest
24.10.7,ath79/generic,jansson4,2.14-r3,research-os/data/openwrt-v2-snapshots/releases/24.10.7/ath79_generic/openwrt-24.10.7-ath79-generic.manifest
24.10.7,ath79/generic,jshn,2025.07.23~49056d17-r1,research-os/data/openwrt-v2-snapshots/releases/24.10.7/ath79_generic/openwrt-24.10.7-ath79-generic.manifest
24.10.7,ath79/generic,jsonfilter,2025.04.18~8a86fb78-r1,research-os/data/openwrt-v2-snapshots/releases/24.10.7/ath79_generic/openwrt-24.10.7-ath79-generic.manifest
24.10.7,ath79/generic,kernel,6.6.141~70248021204b78344d5fb62a0e7f5bea-r1,research-os/data/openwrt-v2-snapshots/releases/24.10.7/ath79_generic/openwrt-24.10.7-ath79-generic.manifest
24.10.7,ath79/generic,kmod-ath,6.6.141.6.12.61-r1,research-os/data/openwrt-v2-snapshots/releases/24.10.7/ath79_generic/openwrt-24.10.7-ath79-generic.manifest
24.10.7,ath79/generic,kmod-ath9k,6.6.141.6.12.61-r1,research-os/data/openwrt-v2-snapshots/releases/24.10.7/ath79_generic/openwrt-24.10.7-ath79-generic.manifest
24.10.7,ath79/generic,kmod-ath9k-common,6.6.141.6.12.61-r1,research-os/data/openwrt-v2-snapshots/releases/24.10.7/ath79_generic/openwrt-24.10.7-ath79-generic.manifest
24.10.7,ath79/generic,kmod-cfg80211,6.6.141.6.12.61-r1,research-os/data/openwrt-v2-snapshots/releases/24.10.7/ath79_generic/openwrt-24.10.7-ath79-generic.manifest
24.10.7,ath79/generic,kmod-crypto-acompress,6.6.141-r1,research-os/data/openwrt-v2-snapshots/releases/24.10.7/ath79_generic/openwrt-24.10.7-ath79-generic.manifest
24.10.7,ath79/generic,kmod-crypto-aead,6.6.141-r1,research-os/data/openwrt-v2-snapshots/releases/24.10.7/ath79_generic/openwrt-24.10.7-ath79-generic.manifest
24.10.7,ath79/generic,kmod-crypto-ccm,6.6.141-r1,research-os/data/openwrt-v2-snapshots/releases/24.10.7/ath79_generic/openwrt-24.10.7-ath79-generic.manifest
24.10.7,ath79/generic,kmod-crypto-cmac,6.6.141-r1,research-os/data/openwrt-v2-snapshots/releases/24.10.7/ath79_generic/openwrt-24.10.7-ath79-generic.manifest
24.10.7,ath79/generic,kmod-crypto-crc32c,6.6.141-r1,research-os/data/openwrt-v2-snapshots/releases/24.10.7/ath79_generic/openwrt-24.10.7-ath79-generic.manifest
24.10.7,ath79/generic,kmod-crypto-ctr,6.6.141-r1,research-os/data/openwrt-v2-snapshots/releases/24.10.7/ath79_generic/openwrt-24.10.7-ath79-generic.manifest
24.10.7,ath79/generic,kmod-crypto-gcm,6.6.141-r1,research-os/data/openwrt-v2-snapshots/releases/24.10.7/ath79_generic/openwrt-24.10.7-ath79-generic.manifest
24.10.7,ath79/generic,kmod-crypto-geniv,6.6.141-r1,research-os/data/openwrt-v2-snapshots/releases/24.10.7/ath79_generic/openwrt-24.10.7-ath79-generic.manifest
24.10.7,ath79/generic,kmod-crypto-gf128,6.6.141-r1,research-os/data/openwrt-v2-snapshots/releases/24.10.7/ath79_generic/openwrt-24.10.7-ath79-generic.manifest
24.10.7,ath79/generic,kmod-crypto-ghash,6.6.141-r1,research-os/data/openwrt-v2-snapshots/releases/24.10.7/ath79_generic/openwrt-24.10.7-ath79-generic.manifest
24.10.7,ath79/generic,kmod-crypto-hash,6.6.141-r1,research-os/data/openwrt-v2-snapshots/releases/24.10.7/ath79_generic/openwrt-24.10.7-ath79-generic.manifest
24.10.7,ath79/generic,kmod-crypto-hmac,6.6.141-r1,research-os/data/openwrt-v2-snapshots/releases/24.10.7/ath79_generic/openwrt-24.10.7-ath79-generic.manifest
24.10.7,ath79/generic,kmod-crypto-manager,6.6.141-r1,research-os/data/openwrt-v2-snapshots/releases/24.10.7/ath79_generic/openwrt-24.10.7-ath79-generic.manifest
24.10.7,ath79/generic,kmod-crypto-null,6.6.141-r1,research-os/data/openwrt-v2-snapshots/releases/24.10.7/ath79_generic/openwrt-24.10.7-ath79-generic.manifest
24.10.7,ath79/generic,kmod-crypto-rng,6.6.141-r1,research-os/data/openwrt-v2-snapshots/releases/24.10.7/ath79_generic/openwrt-24.10.7-ath79-generic.manifest
24.10.7,ath79/generic,kmod-crypto-seqiv,6.6.141-r1,research-os/data/openwrt-v2-snapshots/releases/24.10.7/ath79_generic/openwrt-24.10.7-ath79-generic.manifest
24.10.7,ath79/generic,kmod-crypto-sha3,6.6.141-r1,research-os/data/openwrt-v2-snapshots/releases/24.10.7/ath79_generic/openwrt-24.10.7-ath79-generic.manifest
24.10.7,ath79/generic,kmod-crypto-sha512,6.6.141-r1,research-os/data/openwrt-v2-snapshots/releases/24.10.7/ath79_generic/openwrt-24.10.7-ath79-generic.manifest
24.10.7,ath79/generic,kmod-gpio-button-hotplug,6.6.141-r5,research-os/data/openwrt-v2-snapshots/releases/24.10.7/ath79_generic/openwrt-24.10.7-ath79-generic.manifest
24.10.7,ath79/generic,kmod-lib-crc-ccitt,6.6.141-r1,research-os/data/openwrt-v2-snapshots/releases/24.10.7/ath79_generic/openwrt-24.10.7-ath79-generic.manifest
24.10.7,ath79/generic,kmod-lib-crc32c,6.6.141-r1,research-os/data/openwrt-v2-snapshots/releases/24.10.7/ath79_generic/openwrt-24.10.7-ath79-generic.manifest
24.10.7,ath79/generic,kmod-lib-lzo,6.6.141-r1,research-os/data/openwrt-v2-snapshots/releases/24.10.7/ath79_generic/openwrt-24.10.7-ath79-generic.manifest
24.10.7,ath79/generic,kmod-mac80211,6.6.141.6.12.61-r1,research-os/data/openwrt-v2-snapshots/releases/24.10.7/ath79_generic/openwrt-24.10.7-ath79-generic.manifest
24.10.7,ath79/generic,kmod-nf-conntrack,6.6.141-r1,research-os/data/openwrt-v2-snapshots/releases/24.10.7/ath79_generic/openwrt-24.10.7-ath79-generic.manifest
24.10.7,ath79/generic,kmod-nf-conntrack6,6.6.141-r1,research-os/data/openwrt-v2-snapshots/releases/24.10.7/ath79_generic/openwrt-24.10.7-ath79-generic.manifest
24.10.7,ath79/generic,kmod-nf-flow,6.6.141-r1,research-os/data/openwrt-v2-snapshots/releases/24.10.7/ath79_generic/openwrt-24.10.7-ath79-generic.manifest
24.10.7,ath79/generic,kmod-nf-log,6.6.141-r1,research-os/data/openwrt-v2-snapshots/releases/24.10.7/ath79_generic/openwrt-24.10.7-ath79-generic.manifest
24.10.7,ath79/generic,kmod-nf-log6,6.6.141-r1,research-os/data/openwrt-v2-snapshots/releases/24.10.7/ath79_generic/openwrt-24.10.7-ath79-generic.manifest
24.10.7,ath79/generic,kmod-nf-nat,6.6.141-r1,research-os/data/openwrt-v2-snapshots/releases/24.10.7/ath79_generic/openwrt-24.10.7-ath79-generic.manifest
24.10.7,ath79/generic,kmod-nf-reject,6.6.141-r1,research-os/data/openwrt-v2-snapshots/releases/24.10.7/ath79_generic/openwrt-24.10.7-ath79-generic.manifest
24.10.7,ath79/generic,kmod-nf-reject6,6.6.141-r1,research-os/data/openwrt-v2-snapshots/releases/24.10.7/ath79_generic/openwrt-24.10.7-ath79-generic.manifest
24.10.7,ath79/generic,kmod-nfnetlink,6.6.141-r1,research-os/data/openwrt-v2-snapshots/releases/24.10.7/ath79_generic/openwrt-24.10.7-ath79-generic.manifest
24.10.7,ath79/generic,kmod-nft-core,6.6.141-r1,research-os/data/openwrt-v2-snapshots/releases/24.10.7/ath79_generic/openwrt-24.10.7-ath79-generic.manifest
24.10.7,ath79/generic,kmod-nft-fib,6.6.141-r1,research-os/data/openwrt-v2-snapshots/releases/24.10.7/ath79_generic/openwrt-24.10.7-ath79-generic.manifest
24.10.7,ath79/generic,kmod-nft-nat,6.6.141-r1,research-os/data/openwrt-v2-snapshots/releases/24.10.7/ath79_generic/openwrt-24.10.7-ath79-generic.manifest
24.10.7,ath79/generic,kmod-nft-offload,6.6.141-r1,research-os/data/openwrt-v2-snapshots/releases/24.10.7/ath79_generic/openwrt-24.10.7-ath79-generic.manifest
24.10.7,ath79/generic,kmod-ppp,6.6.141-r1,research-os/data/openwrt-v2-snapshots/releases/24.10.7/ath79_generic/openwrt-24.10.7-ath79-generic.manifest
24.10.7,ath79/generic,kmod-pppoe,6.6.141-r1,research-os/data/openwrt-v2-snapshots/releases/24.10.7/ath79_generic/openwrt-24.10.7-ath79-generic.manifest
24.10.7,ath79/generic,kmod-pppox,6.6.141-r1,research-os/data/openwrt-v2-snapshots/releases/24.10.7/ath79_generic/openwrt-24.10.7-ath79-generic.manifest
24.10.7,ath79/generic,kmod-random-core,6.6.141-r1,research-os/data/openwrt-v2-snapshots/releases/24.10.7/ath79_generic/openwrt-24.10.7-ath79-generic.manifest
24.10.7,ath79/generic,kmod-slhc,6.6.141-r1,research-os/data/openwrt-v2-snapshots/releases/24.10.7/ath79_generic/openwrt-24.10.7-ath79-generic.manifest
24.10.7,ath79/generic,libblobmsg-json20240329,2025.07.23~49056d17-r1,research-os/data/openwrt-v2-snapshots/releases/24.10.7/ath79_generic/openwrt-24.10.7-ath79-generic.manifest
24.10.7,ath79/generic,libc,1.2.5-r4,research-os/data/openwrt-v2-snapshots/releases/24.10.7/ath79_generic/openwrt-24.10.7-ath79-generic.manifest
24.10.7,ath79/generic,libgcc1,13.3.0-r4,research-os/data/openwrt-v2-snapshots/releases/24.10.7/ath79_generic/openwrt-24.10.7-ath79-generic.manifest
24.10.7,ath79/generic,libiwinfo-data,2024.10.20~b94f066e-r1,research-os/data/openwrt-v2-snapshots/releases/24.10.7/ath79_generic/openwrt-24.10.7-ath79-generic.manifest
24.10.7,ath79/generic,libiwinfo20230701,2024.10.20~b94f066e-r1,research-os/data/openwrt-v2-snapshots/releases/24.10.7/ath79_generic/openwrt-24.10.7-ath79-generic.manifest
24.10.7,ath79/generic,libjson-c5,0.18-r1,research-os/data/openwrt-v2-snapshots/releases/24.10.7/ath79_generic/openwrt-24.10.7-ath79-generic.manifest
24.10.7,ath79/generic,libjson-script20240329,2025.07.23~49056d17-r1,research-os/data/openwrt-v2-snapshots/releases/24.10.7/ath79_generic/openwrt-24.10.7-ath79-generic.manifest
24.10.7,ath79/generic,liblucihttp-ucode,2023.03.15~9b5b683f-r1,research-os/data/openwrt-v2-snapshots/releases/24.10.7/ath79_generic/openwrt-24.10.7-ath79-generic.manifest
24.10.7,ath79/generic,liblucihttp0,2023.03.15~9b5b683f-r1,research-os/data/openwrt-v2-snapshots/releases/24.10.7/ath79_generic/openwrt-24.10.7-ath79-generic.manifest
24.10.7,ath79/generic,libmbedtls21,3.6.6-r2,research-os/data/openwrt-v2-snapshots/releases/24.10.7/ath79_generic/openwrt-24.10.7-ath79-generic.manifest
24.10.7,ath79/generic,libmnl0,1.0.5-r1,research-os/data/openwrt-v2-snapshots/releases/24.10.7/ath79_generic/openwrt-24.10.7-ath79-generic.manifest
24.10.7,ath79/generic,libnftnl11,1.2.8-r1,research-os/data/openwrt-v2-snapshots/releases/24.10.7/ath79_generic/openwrt-24.10.7-ath79-generic.manifest
24.10.7,ath79/generic,libnl-tiny1,2025.03.19~c0df580a-r1,research-os/data/openwrt-v2-snapshots/releases/24.10.7/ath79_generic/openwrt-24.10.7-ath79-generic.manifest
24.10.7,ath79/generic,libpthread,1.2.5-r4,research-os/data/openwrt-v2-snapshots/releases/24.10.7/ath79_generic/openwrt-24.10.7-ath79-generic.manifest
24.10.7,ath79/generic,libubox20240329,2025.07.23~49056d17-r1,research-os/data/openwrt-v2-snapshots/releases/24.10.7/ath79_generic/openwrt-24.10.7-ath79-generic.manifest
24.10.7,ath79/generic,libubus20250102,2025.10.17~60e04048-r1,research-os/data/openwrt-v2-snapshots/releases/24.10.7/ath79_generic/openwrt-24.10.7-ath79-generic.manifest
24.10.7,ath79/generic,libuci20250120,2025.01.20~16ff0bad-r1,research-os/data/openwrt-v2-snapshots/releases/24.10.7/ath79_generic/openwrt-24.10.7-ath79-generic.manifest
24.10.7,ath79/generic,libuclient20201210,2024.10.22~88ae8f20-r1,research-os/data/openwrt-v2-snapshots/releases/24.10.7/ath79_generic/openwrt-24.10.7-ath79-generic.manifest
24.10.7,ath79/generic,libucode20230711,2025.07.18~3f64c808-r1,research-os/data/openwrt-v2-snapshots/releases/24.10.7/ath79_generic/openwrt-24.10.7-ath79-generic.manifest
24.10.7,ath79/generic,libudebug,2025.08.24~edeb4d6d,research-os/data/openwrt-v2-snapshots/releases/24.10.7/ath79_generic/openwrt-24.10.7-ath79-generic.manifest
24.10.7,ath79/generic,libustream-mbedtls20201210,2024.07.28~99bd3d2b-r1,research-os/data/openwrt-v2-snapshots/releases/24.10.7/ath79_generic/openwrt-24.10.7-ath79-generic.manifest
24.10.7,ath79/generic,logd,2024.04.26~85f10530-r1,research-os/data/openwrt-v2-snapshots/releases/24.10.7/ath79_generic/openwrt-24.10.7-ath79-generic.manifest
24.10.7,ath79/generic,luci,26.148.37199~3cf713a,research-os/data/openwrt-v2-snapshots/releases/24.10.7/ath79_generic/openwrt-24.10.7-ath79-generic.manifest
24.10.7,ath79/generic,luci-app-firewall,26.148.37199~3cf713a,research-os/data/openwrt-v2-snapshots/releases/24.10.7/ath79_generic/openwrt-24.10.7-ath79-generic.manifest
24.10.7,ath79/generic,luci-app-package-manager,26.148.37199~3cf713a,research-os/data/openwrt-v2-snapshots/releases/24.10.7/ath79_generic/openwrt-24.10.7-ath79-generic.manifest
24.10.7,ath79/generic,luci-base,26.148.37199~3cf713a,research-os/data/openwrt-v2-snapshots/releases/24.10.7/ath79_generic/openwrt-24.10.7-ath79-generic.manifest
24.10.7,ath79/generic,luci-light,26.148.37199~3cf713a,research-os/data/openwrt-v2-snapshots/releases/24.10.7/ath79_generic/openwrt-24.10.7-ath79-generic.manifest
24.10.7,ath79/generic,luci-mod-admin-full,26.148.37199~3cf713a,research-os/data/openwrt-v2-snapshots/releases/24.10.7/ath79_generic/openwrt-24.10.7-ath79-generic.manifest
24.10.7,ath79/generic,luci-mod-network,26.148.37199~3cf713a,research-os/data/openwrt-v2-snapshots/releases/24.10.7/ath79_generic/openwrt-24.10.7-ath79-generic.manifest
24.10.7,ath79/generic,luci-mod-status,26.148.37199~3cf713a,research-os/data/openwrt-v2-snapshots/releases/24.10.7/ath79_generic/openwrt-24.10.7-ath79-generic.manifest
24.10.7,ath79/generic,luci-mod-system,26.148.37199~3cf713a,research-os/data/openwrt-v2-snapshots/releases/24.10.7/ath79_generic/openwrt-24.10.7-ath79-generic.manifest
24.10.7,ath79/generic,luci-proto-ipv6,26.148.37199~3cf713a,research-os/data/openwrt-v2-snapshots/releases/24.10.7/ath79_generic/openwrt-24.10.7-ath79-generic.manifest
24.10.7,ath79/generic,luci-proto-ppp,26.148.37199~3cf713a,research-os/data/openwrt-v2-snapshots/releases/24.10.7/ath79_generic/openwrt-24.10.7-ath79-generic.manifest
24.10.7,ath79/generic,luci-ssl,26.148.37199~3cf713a,research-os/data/openwrt-v2-snapshots/releases/24.10.7/ath79_generic/openwrt-24.10.7-ath79-generic.manifest
24.10.7,ath79/generic,luci-theme-bootstrap,26.148.37199~3cf713a,research-os/data/openwrt-v2-snapshots/releases/24.10.7/ath79_generic/openwrt-24.10.7-ath79-generic.manifest
24.10.7,ath79/generic,mtd,26,research-os/data/openwrt-v2-snapshots/releases/24.10.7/ath79_generic/openwrt-24.10.7-ath79-generic.manifest
24.10.7,ath79/generic,netifd,2025.05.23~7901e66c-r1,research-os/data/openwrt-v2-snapshots/releases/24.10.7/ath79_generic/openwrt-24.10.7-ath79-generic.manifest
24.10.7,ath79/generic,nftables-json,1.1.1-r1,research-os/data/openwrt-v2-snapshots/releases/24.10.7/ath79_generic/openwrt-24.10.7-ath79-generic.manifest
24.10.7,ath79/generic,odhcp6c,2024.09.25~b6ae9ffa-r1,research-os/data/openwrt-v2-snapshots/releases/24.10.7/ath79_generic/openwrt-24.10.7-ath79-generic.manifest
24.10.7,ath79/generic,odhcpd-ipv6only,2025.10.02~b14cf98c-r2,research-os/data/openwrt-v2-snapshots/releases/24.10.7/ath79_generic/openwrt-24.10.7-ath79-generic.manifest
24.10.7,ath79/generic,openwrt-keyring,2024.11.01~fbae29d7-r2,research-os/data/openwrt-v2-snapshots/releases/24.10.7/ath79_generic/openwrt-24.10.7-ath79-generic.manifest
24.10.7,ath79/generic,opkg,2024.10.16~38eccbb1-r1,research-os/data/openwrt-v2-snapshots/releases/24.10.7/ath79_generic/openwrt-24.10.7-ath79-generic.manifest
24.10.7,ath79/generic,ppp,2.5.1-r1,research-os/data/openwrt-v2-snapshots/releases/24.10.7/ath79_generic/openwrt-24.10.7-ath79-generic.manifest
24.10.7,ath79/generic,ppp-mod-pppoe,2.5.1-r1,research-os/data/openwrt-v2-snapshots/releases/24.10.7/ath79_generic/openwrt-24.10.7-ath79-generic.manifest
24.10.7,ath79/generic,procd,2026.03.14~c59f2d80-r1,research-os/data/openwrt-v2-snapshots/releases/24.10.7/ath79_generic/openwrt-24.10.7-ath79-generic.manifest
24.10.7,ath79/generic,procd-seccomp,2026.03.14~c59f2d80-r1,research-os/data/openwrt-v2-snapshots/releases/24.10.7/ath79_generic/openwrt-24.10.7-ath79-generic.manifest
24.10.7,ath79/generic,procd-ujail,2026.03.14~c59f2d80-r1,research-os/data/openwrt-v2-snapshots/releases/24.10.7/ath79_generic/openwrt-24.10.7-ath79-generic.manifest
24.10.7,ath79/generic,px5g-mbedtls,11,research-os/data/openwrt-v2-snapshots/releases/24.10.7/ath79_generic/openwrt-24.10.7-ath79-generic.manifest
24.10.7,ath79/generic,rpcd,2025.09.01~bba95191-r1,research-os/data/openwrt-v2-snapshots/releases/24.10.7/ath79_generic/openwrt-24.10.7-ath79-generic.manifest
24.10.7,ath79/generic,rpcd-mod-file,2025.09.01~bba95191-r1,research-os/data/openwrt-v2-snapshots/releases/24.10.7/ath79_generic/openwrt-24.10.7-ath79-generic.manifest
24.10.7,ath79/generic,rpcd-mod-iwinfo,2025.09.01~bba95191-r1,research-os/data/openwrt-v2-snapshots/releases/24.10.7/ath79_generic/openwrt-24.10.7-ath79-generic.manifest
24.10.7,ath79/generic,rpcd-mod-luci,20240305-r1,research-os/data/openwrt-v2-snapshots/releases/24.10.7/ath79_generic/openwrt-24.10.7-ath79-generic.manifest
24.10.7,ath79/generic,rpcd-mod-rrdns,20170710,research-os/data/openwrt-v2-snapshots/releases/24.10.7/ath79_generic/openwrt-24.10.7-ath79-generic.manifest
24.10.7,ath79/generic,rpcd-mod-ucode,2025.09.01~bba95191-r1,research-os/data/openwrt-v2-snapshots/releases/24.10.7/ath79_generic/openwrt-24.10.7-ath79-generic.manifest
24.10.7,ath79/generic,swconfig,12,research-os/data/openwrt-v2-snapshots/releases/24.10.7/ath79_generic/openwrt-24.10.7-ath79-generic.manifest
24.10.7,ath79/generic,uboot-envtools,2024.07-r1,research-os/data/openwrt-v2-snapshots/releases/24.10.7/ath79_generic/openwrt-24.10.7-ath79-generic.manifest
24.10.7,ath79/generic,ubox,2024.04.26~85f10530-r1,research-os/data/openwrt-v2-snapshots/releases/24.10.7/ath79_generic/openwrt-24.10.7-ath79-generic.manifest
24.10.7,ath79/generic,ubus,2025.10.17~60e04048-r1,research-os/data/openwrt-v2-snapshots/releases/24.10.7/ath79_generic/openwrt-24.10.7-ath79-generic.manifest
24.10.7,ath79/generic,ubusd,2025.10.17~60e04048-r1,research-os/data/openwrt-v2-snapshots/releases/24.10.7/ath79_generic/openwrt-24.10.7-ath79-generic.manifest
24.10.7,ath79/generic,uci,2025.01.20~16ff0bad-r1,research-os/data/openwrt-v2-snapshots/releases/24.10.7/ath79_generic/openwrt-24.10.7-ath79-generic.manifest
24.10.7,ath79/generic,uclient-fetch,2024.10.22~88ae8f20-r1,research-os/data/openwrt-v2-snapshots/releases/24.10.7/ath79_generic/openwrt-24.10.7-ath79-generic.manifest
24.10.7,ath79/generic,ucode,2025.07.18~3f64c808-r1,research-os/data/openwrt-v2-snapshots/releases/24.10.7/ath79_generic/openwrt-24.10.7-ath79-generic.manifest
24.10.7,ath79/generic,ucode-mod-fs,2025.07.18~3f64c808-r1,research-os/data/openwrt-v2-snapshots/releases/24.10.7/ath79_generic/openwrt-24.10.7-ath79-generic.manifest
24.10.7,ath79/generic,ucode-mod-html,1,research-os/data/openwrt-v2-snapshots/releases/24.10.7/ath79_generic/openwrt-24.10.7-ath79-generic.manifest
24.10.7,ath79/generic,ucode-mod-math,2025.07.18~3f64c808-r1,research-os/data/openwrt-v2-snapshots/releases/24.10.7/ath79_generic/openwrt-24.10.7-ath79-generic.manifest
24.10.7,ath79/generic,ucode-mod-nl80211,2025.07.18~3f64c808-r1,research-os/data/openwrt-v2-snapshots/releases/24.10.7/ath79_generic/openwrt-24.10.7-ath79-generic.manifest
24.10.7,ath79/generic,ucode-mod-rtnl,2025.07.18~3f64c808-r1,research-os/data/openwrt-v2-snapshots/releases/24.10.7/ath79_generic/openwrt-24.10.7-ath79-generic.manifest
24.10.7,ath79/generic,ucode-mod-ubus,2025.07.18~3f64c808-r1,research-os/data/openwrt-v2-snapshots/releases/24.10.7/ath79_generic/openwrt-24.10.7-ath79-generic.manifest
24.10.7,ath79/generic,ucode-mod-uci,2025.07.18~3f64c808-r1,research-os/data/openwrt-v2-snapshots/releases/24.10.7/ath79_generic/openwrt-24.10.7-ath79-generic.manifest
24.10.7,ath79/generic,ucode-mod-uloop,2025.07.18~3f64c808-r1,research-os/data/openwrt-v2-snapshots/releases/24.10.7/ath79_generic/openwrt-24.10.7-ath79-generic.manifest
24.10.7,ath79/generic,uhttpd,2025.07.06~7e64e8ba-r4,research-os/data/openwrt-v2-snapshots/releases/24.10.7/ath79_generic/openwrt-24.10.7-ath79-generic.manifest
24.10.7,ath79/generic,uhttpd-mod-ubus,2025.07.06~7e64e8ba-r4,research-os/data/openwrt-v2-snapshots/releases/24.10.7/ath79_generic/openwrt-24.10.7-ath79-generic.manifest
24.10.7,ath79/generic,urandom-seed,3,research-os/data/openwrt-v2-snapshots/releases/24.10.7/ath79_generic/openwrt-24.10.7-ath79-generic.manifest
24.10.7,ath79/generic,urngd,2023.11.01~44365eb1-r1,research-os/data/openwrt-v2-snapshots/releases/24.10.7/ath79_generic/openwrt-24.10.7-ath79-generic.manifest
24.10.7,ath79/generic,usign,2020.05.23~f1f65026-r1,research-os/data/openwrt-v2-snapshots/releases/24.10.7/ath79_generic/openwrt-24.10.7-ath79-generic.manifest
24.10.7,ath79/generic,wifi-scripts,1.0-r1,research-os/data/openwrt-v2-snapshots/releases/24.10.7/ath79_generic/openwrt-24.10.7-ath79-generic.manifest
24.10.7,ath79/generic,wireless-regdb,2026.03.18-r1,research-os/data/openwrt-v2-snapshots/releases/24.10.7/ath79_generic/openwrt-24.10.7-ath79-generic.manifest
24.10.7,ath79/generic,wpad-basic-mbedtls,2024.09.15~5ace39b0-r2,research-os/data/openwrt-v2-snapshots/releases/24.10.7/ath79_generic/openwrt-24.10.7-ath79-generic.manifest
24.10.7,x86/64,base-files,1672~ab4c7d6af7,research-os/data/openwrt-v2-snapshots/releases/24.10.7/x86_64/openwrt-24.10.7-x86-64.manifest
24.10.7,x86/64,busybox,1.36.1-r2,research-os/data/openwrt-v2-snapshots/releases/24.10.7/x86_64/openwrt-24.10.7-x86-64.manifest
24.10.7,x86/64,ca-bundle,20260223-r1,research-os/data/openwrt-v2-snapshots/releases/24.10.7/x86_64/openwrt-24.10.7-x86-64.manifest
24.10.7,x86/64,cgi-io,2022.08.10~901b0f04-r21,research-os/data/openwrt-v2-snapshots/releases/24.10.7/x86_64/openwrt-24.10.7-x86-64.manifest
24.10.7,x86/64,dnsmasq,2.90-r5,research-os/data/openwrt-v2-snapshots/releases/24.10.7/x86_64/openwrt-24.10.7-x86-64.manifest
24.10.7,x86/64,dropbear,2024.86-r2,research-os/data/openwrt-v2-snapshots/releases/24.10.7/x86_64/openwrt-24.10.7-x86-64.manifest
24.10.7,x86/64,e2fsprogs,1.47.0-r2,research-os/data/openwrt-v2-snapshots/releases/24.10.7/x86_64/openwrt-24.10.7-x86-64.manifest
24.10.7,x86/64,firewall4,2024.12.18~18fc0ead-r1,research-os/data/openwrt-v2-snapshots/releases/24.10.7/x86_64/openwrt-24.10.7-x86-64.manifest
24.10.7,x86/64,fstools,2024.07.14~408c2cc4-r1,research-os/data/openwrt-v2-snapshots/releases/24.10.7/x86_64/openwrt-24.10.7-x86-64.manifest
24.10.7,x86/64,fwtool,2019.11.12~8f7fe925-r1,research-os/data/openwrt-v2-snapshots/releases/24.10.7/x86_64/openwrt-24.10.7-x86-64.manifest
24.10.7,x86/64,getrandom,2024.04.26~85f10530-r1,research-os/data/openwrt-v2-snapshots/releases/24.10.7/x86_64/openwrt-24.10.7-x86-64.manifest
24.10.7,x86/64,grub2,2.12-r1,research-os/data/openwrt-v2-snapshots/releases/24.10.7/x86_64/openwrt-24.10.7-x86-64.manifest
24.10.7,x86/64,grub2-bios-setup,2.12-r1,research-os/data/openwrt-v2-snapshots/releases/24.10.7/x86_64/openwrt-24.10.7-x86-64.manifest
24.10.7,x86/64,grub2-efi,2.12-r1,research-os/data/openwrt-v2-snapshots/releases/24.10.7/x86_64/openwrt-24.10.7-x86-64.manifest
24.10.7,x86/64,jansson4,2.14-r3,research-os/data/openwrt-v2-snapshots/releases/24.10.7/x86_64/openwrt-24.10.7-x86-64.manifest
24.10.7,x86/64,jshn,2025.07.23~49056d17-r1,research-os/data/openwrt-v2-snapshots/releases/24.10.7/x86_64/openwrt-24.10.7-x86-64.manifest
24.10.7,x86/64,jsonfilter,2025.04.18~8a86fb78-r1,research-os/data/openwrt-v2-snapshots/releases/24.10.7/x86_64/openwrt-24.10.7-x86-64.manifest
24.10.7,x86/64,kernel,6.6.141~50daf8372d971124fb3519e8d87e02ae-r1,research-os/data/openwrt-v2-snapshots/releases/24.10.7/x86_64/openwrt-24.10.7-x86-64.manifest
24.10.7,x86/64,kmod-button-hotplug,6.6.141-r3,research-os/data/openwrt-v2-snapshots/releases/24.10.7/x86_64/openwrt-24.10.7-x86-64.manifest
24.10.7,x86/64,kmod-crypto-acompress,6.6.141-r1,research-os/data/openwrt-v2-snapshots/releases/24.10.7/x86_64/openwrt-24.10.7-x86-64.manifest
24.10.7,x86/64,kmod-crypto-crc32c,6.6.141-r1,research-os/data/openwrt-v2-snapshots/releases/24.10.7/x86_64/openwrt-24.10.7-x86-64.manifest
24.10.7,x86/64,kmod-crypto-hash,6.6.141-r1,research-os/data/openwrt-v2-snapshots/releases/24.10.7/x86_64/openwrt-24.10.7-x86-64.manifest
24.10.7,x86/64,kmod-fs-vfat,6.6.141-r1,research-os/data/openwrt-v2-snapshots/releases/24.10.7/x86_64/openwrt-24.10.7-x86-64.manifest
24.10.7,x86/64,kmod-input-core,6.6.141-r1,research-os/data/openwrt-v2-snapshots/releases/24.10.7/x86_64/openwrt-24.10.7-x86-64.manifest
24.10.7,x86/64,kmod-lib-crc-ccitt,6.6.141-r1,research-os/data/openwrt-v2-snapshots/releases/24.10.7/x86_64/openwrt-24.10.7-x86-64.manifest
24.10.7,x86/64,kmod-lib-crc32c,6.6.141-r1,research-os/data/openwrt-v2-snapshots/releases/24.10.7/x86_64/openwrt-24.10.7-x86-64.manifest
24.10.7,x86/64,kmod-lib-lzo,6.6.141-r1,research-os/data/openwrt-v2-snapshots/releases/24.10.7/x86_64/openwrt-24.10.7-x86-64.manifest
24.10.7,x86/64,kmod-nf-conntrack,6.6.141-r1,research-os/data/openwrt-v2-snapshots/releases/24.10.7/x86_64/openwrt-24.10.7-x86-64.manifest
24.10.7,x86/64,kmod-nf-conntrack6,6.6.141-r1,research-os/data/openwrt-v2-snapshots/releases/24.10.7/x86_64/openwrt-24.10.7-x86-64.manifest
24.10.7,x86/64,kmod-nf-flow,6.6.141-r1,research-os/data/openwrt-v2-snapshots/releases/24.10.7/x86_64/openwrt-24.10.7-x86-64.manifest
24.10.7,x86/64,kmod-nf-log,6.6.141-r1,research-os/data/openwrt-v2-snapshots/releases/24.10.7/x86_64/openwrt-24.10.7-x86-64.manifest
24.10.7,x86/64,kmod-nf-log6,6.6.141-r1,research-os/data/openwrt-v2-snapshots/releases/24.10.7/x86_64/openwrt-24.10.7-x86-64.manifest
24.10.7,x86/64,kmod-nf-nat,6.6.141-r1,research-os/data/openwrt-v2-snapshots/releases/24.10.7/x86_64/openwrt-24.10.7-x86-64.manifest
24.10.7,x86/64,kmod-nf-reject,6.6.141-r1,research-os/data/openwrt-v2-snapshots/releases/24.10.7/x86_64/openwrt-24.10.7-x86-64.manifest
24.10.7,x86/64,kmod-nf-reject6,6.6.141-r1,research-os/data/openwrt-v2-snapshots/releases/24.10.7/x86_64/openwrt-24.10.7-x86-64.manifest
24.10.7,x86/64,kmod-nfnetlink,6.6.141-r1,research-os/data/openwrt-v2-snapshots/releases/24.10.7/x86_64/openwrt-24.10.7-x86-64.manifest
24.10.7,x86/64,kmod-nft-core,6.6.141-r1,research-os/data/openwrt-v2-snapshots/releases/24.10.7/x86_64/openwrt-24.10.7-x86-64.manifest
24.10.7,x86/64,kmod-nft-fib,6.6.141-r1,research-os/data/openwrt-v2-snapshots/releases/24.10.7/x86_64/openwrt-24.10.7-x86-64.manifest
24.10.7,x86/64,kmod-nft-nat,6.6.141-r1,research-os/data/openwrt-v2-snapshots/releases/24.10.7/x86_64/openwrt-24.10.7-x86-64.manifest
24.10.7,x86/64,kmod-nft-offload,6.6.141-r1,research-os/data/openwrt-v2-snapshots/releases/24.10.7/x86_64/openwrt-24.10.7-x86-64.manifest
24.10.7,x86/64,kmod-nls-base,6.6.141-r1,research-os/data/openwrt-v2-snapshots/releases/24.10.7/x86_64/openwrt-24.10.7-x86-64.manifest
24.10.7,x86/64,kmod-nls-cp437,6.6.141-r1,research-os/data/openwrt-v2-snapshots/releases/24.10.7/x86_64/openwrt-24.10.7-x86-64.manifest
24.10.7,x86/64,kmod-nls-iso8859-1,6.6.141-r1,research-os/data/openwrt-v2-snapshots/releases/24.10.7/x86_64/openwrt-24.10.7-x86-64.manifest
24.10.7,x86/64,kmod-nls-utf8,6.6.141-r1,research-os/data/openwrt-v2-snapshots/releases/24.10.7/x86_64/openwrt-24.10.7-x86-64.manifest
24.10.7,x86/64,kmod-ppp,6.6.141-r1,research-os/data/openwrt-v2-snapshots/releases/24.10.7/x86_64/openwrt-24.10.7-x86-64.manifest
24.10.7,x86/64,kmod-pppoe,6.6.141-r1,research-os/data/openwrt-v2-snapshots/releases/24.10.7/x86_64/openwrt-24.10.7-x86-64.manifest
24.10.7,x86/64,kmod-pppox,6.6.141-r1,research-os/data/openwrt-v2-snapshots/releases/24.10.7/x86_64/openwrt-24.10.7-x86-64.manifest
24.10.7,x86/64,kmod-slhc,6.6.141-r1,research-os/data/openwrt-v2-snapshots/releases/24.10.7/x86_64/openwrt-24.10.7-x86-64.manifest
24.10.7,x86/64,libblkid1,2.40.2-r1,research-os/data/openwrt-v2-snapshots/releases/24.10.7/x86_64/openwrt-24.10.7-x86-64.manifest
24.10.7,x86/64,libblobmsg-json20240329,2025.07.23~49056d17-r1,research-os/data/openwrt-v2-snapshots/releases/24.10.7/x86_64/openwrt-24.10.7-x86-64.manifest
24.10.7,x86/64,libc,1.2.5-r4,research-os/data/openwrt-v2-snapshots/releases/24.10.7/x86_64/openwrt-24.10.7-x86-64.manifest
24.10.7,x86/64,libcomerr0,1.47.0-r2,research-os/data/openwrt-v2-snapshots/releases/24.10.7/x86_64/openwrt-24.10.7-x86-64.manifest
24.10.7,x86/64,libe2p2,1.47.0-r2,research-os/data/openwrt-v2-snapshots/releases/24.10.7/x86_64/openwrt-24.10.7-x86-64.manifest
24.10.7,x86/64,libext2fs2,1.47.0-r2,research-os/data/openwrt-v2-snapshots/releases/24.10.7/x86_64/openwrt-24.10.7-x86-64.manifest
24.10.7,x86/64,libf2fs6,1.16.0-r3,research-os/data/openwrt-v2-snapshots/releases/24.10.7/x86_64/openwrt-24.10.7-x86-64.manifest
24.10.7,x86/64,libgcc1,13.3.0-r4,research-os/data/openwrt-v2-snapshots/releases/24.10.7/x86_64/openwrt-24.10.7-x86-64.manifest
24.10.7,x86/64,libiwinfo-data,2024.10.20~b94f066e-r1,research-os/data/openwrt-v2-snapshots/releases/24.10.7/x86_64/openwrt-24.10.7-x86-64.manifest
24.10.7,x86/64,libiwinfo20230701,2024.10.20~b94f066e-r1,research-os/data/openwrt-v2-snapshots/releases/24.10.7/x86_64/openwrt-24.10.7-x86-64.manifest
24.10.7,x86/64,libjson-c5,0.18-r1,research-os/data/openwrt-v2-snapshots/releases/24.10.7/x86_64/openwrt-24.10.7-x86-64.manifest
24.10.7,x86/64,libjson-script20240329,2025.07.23~49056d17-r1,research-os/data/openwrt-v2-snapshots/releases/24.10.7/x86_64/openwrt-24.10.7-x86-64.manifest
24.10.7,x86/64,liblucihttp-ucode,2023.03.15~9b5b683f-r1,research-os/data/openwrt-v2-snapshots/releases/24.10.7/x86_64/openwrt-24.10.7-x86-64.manifest
24.10.7,x86/64,liblucihttp0,2023.03.15~9b5b683f-r1,research-os/data/openwrt-v2-snapshots/releases/24.10.7/x86_64/openwrt-24.10.7-x86-64.manifest
24.10.7,x86/64,libmbedtls21,3.6.6-r2,research-os/data/openwrt-v2-snapshots/releases/24.10.7/x86_64/openwrt-24.10.7-x86-64.manifest
24.10.7,x86/64,libmnl0,1.0.5-r1,research-os/data/openwrt-v2-snapshots/releases/24.10.7/x86_64/openwrt-24.10.7-x86-64.manifest
24.10.7,x86/64,libnftnl11,1.2.8-r1,research-os/data/openwrt-v2-snapshots/releases/24.10.7/x86_64/openwrt-24.10.7-x86-64.manifest
24.10.7,x86/64,libnl-tiny1,2025.03.19~c0df580a-r1,research-os/data/openwrt-v2-snapshots/releases/24.10.7/x86_64/openwrt-24.10.7-x86-64.manifest
24.10.7,x86/64,libpthread,1.2.5-r4,research-os/data/openwrt-v2-snapshots/releases/24.10.7/x86_64/openwrt-24.10.7-x86-64.manifest
24.10.7,x86/64,librt,1.2.5-r4,research-os/data/openwrt-v2-snapshots/releases/24.10.7/x86_64/openwrt-24.10.7-x86-64.manifest
24.10.7,x86/64,libsmartcols1,2.40.2-r1,research-os/data/openwrt-v2-snapshots/releases/24.10.7/x86_64/openwrt-24.10.7-x86-64.manifest
24.10.7,x86/64,libss2,1.47.0-r2,research-os/data/openwrt-v2-snapshots/releases/24.10.7/x86_64/openwrt-24.10.7-x86-64.manifest
24.10.7,x86/64,libubox20240329,2025.07.23~49056d17-r1,research-os/data/openwrt-v2-snapshots/releases/24.10.7/x86_64/openwrt-24.10.7-x86-64.manifest
24.10.7,x86/64,libubus20250102,2025.10.17~60e04048-r1,research-os/data/openwrt-v2-snapshots/releases/24.10.7/x86_64/openwrt-24.10.7-x86-64.manifest
24.10.7,x86/64,libuci20250120,2025.01.20~16ff0bad-r1,research-os/data/openwrt-v2-snapshots/releases/24.10.7/x86_64/openwrt-24.10.7-x86-64.manifest
24.10.7,x86/64,libuclient20201210,2024.10.22~88ae8f20-r1,research-os/data/openwrt-v2-snapshots/releases/24.10.7/x86_64/openwrt-24.10.7-x86-64.manifest
24.10.7,x86/64,libucode20230711,2025.07.18~3f64c808-r1,research-os/data/openwrt-v2-snapshots/releases/24.10.7/x86_64/openwrt-24.10.7-x86-64.manifest
24.10.7,x86/64,libudebug,2025.08.24~edeb4d6d,research-os/data/openwrt-v2-snapshots/releases/24.10.7/x86_64/openwrt-24.10.7-x86-64.manifest
24.10.7,x86/64,libustream-mbedtls20201210,2024.07.28~99bd3d2b-r1,research-os/data/openwrt-v2-snapshots/releases/24.10.7/x86_64/openwrt-24.10.7-x86-64.manifest
24.10.7,x86/64,libuuid1,2.40.2-r1,research-os/data/openwrt-v2-snapshots/releases/24.10.7/x86_64/openwrt-24.10.7-x86-64.manifest
24.10.7,x86/64,logd,2024.04.26~85f10530-r1,research-os/data/openwrt-v2-snapshots/releases/24.10.7/x86_64/openwrt-24.10.7-x86-64.manifest
24.10.7,x86/64,luci,26.148.37199~3cf713a,research-os/data/openwrt-v2-snapshots/releases/24.10.7/x86_64/openwrt-24.10.7-x86-64.manifest
24.10.7,x86/64,luci-app-firewall,26.148.37199~3cf713a,research-os/data/openwrt-v2-snapshots/releases/24.10.7/x86_64/openwrt-24.10.7-x86-64.manifest
24.10.7,x86/64,luci-app-package-manager,26.148.37199~3cf713a,research-os/data/openwrt-v2-snapshots/releases/24.10.7/x86_64/openwrt-24.10.7-x86-64.manifest
24.10.7,x86/64,luci-base,26.148.37199~3cf713a,research-os/data/openwrt-v2-snapshots/releases/24.10.7/x86_64/openwrt-24.10.7-x86-64.manifest
24.10.7,x86/64,luci-light,26.148.37199~3cf713a,research-os/data/openwrt-v2-snapshots/releases/24.10.7/x86_64/openwrt-24.10.7-x86-64.manifest
24.10.7,x86/64,luci-mod-admin-full,26.148.37199~3cf713a,research-os/data/openwrt-v2-snapshots/releases/24.10.7/x86_64/openwrt-24.10.7-x86-64.manifest
24.10.7,x86/64,luci-mod-network,26.148.37199~3cf713a,research-os/data/openwrt-v2-snapshots/releases/24.10.7/x86_64/openwrt-24.10.7-x86-64.manifest
24.10.7,x86/64,luci-mod-status,26.148.37199~3cf713a,research-os/data/openwrt-v2-snapshots/releases/24.10.7/x86_64/openwrt-24.10.7-x86-64.manifest
24.10.7,x86/64,luci-mod-system,26.148.37199~3cf713a,research-os/data/openwrt-v2-snapshots/releases/24.10.7/x86_64/openwrt-24.10.7-x86-64.manifest
24.10.7,x86/64,luci-proto-ipv6,26.148.37199~3cf713a,research-os/data/openwrt-v2-snapshots/releases/24.10.7/x86_64/openwrt-24.10.7-x86-64.manifest
24.10.7,x86/64,luci-proto-ppp,26.148.37199~3cf713a,research-os/data/openwrt-v2-snapshots/releases/24.10.7/x86_64/openwrt-24.10.7-x86-64.manifest
24.10.7,x86/64,luci-ssl,26.148.37199~3cf713a,research-os/data/openwrt-v2-snapshots/releases/24.10.7/x86_64/openwrt-24.10.7-x86-64.manifest
24.10.7,x86/64,luci-theme-bootstrap,26.148.37199~3cf713a,research-os/data/openwrt-v2-snapshots/releases/24.10.7/x86_64/openwrt-24.10.7-x86-64.manifest
24.10.7,x86/64,mkf2fs,1.16.0-r3,research-os/data/openwrt-v2-snapshots/releases/24.10.7/x86_64/openwrt-24.10.7-x86-64.manifest
24.10.7,x86/64,mtd,26,research-os/data/openwrt-v2-snapshots/releases/24.10.7/x86_64/openwrt-24.10.7-x86-64.manifest
24.10.7,x86/64,netifd,2025.05.23~7901e66c-r1,research-os/data/openwrt-v2-snapshots/releases/24.10.7/x86_64/openwrt-24.10.7-x86-64.manifest
24.10.7,x86/64,nftables-json,1.1.1-r1,research-os/data/openwrt-v2-snapshots/releases/24.10.7/x86_64/openwrt-24.10.7-x86-64.manifest
24.10.7,x86/64,odhcp6c,2024.09.25~b6ae9ffa-r1,research-os/data/openwrt-v2-snapshots/releases/24.10.7/x86_64/openwrt-24.10.7-x86-64.manifest
24.10.7,x86/64,odhcpd-ipv6only,2025.10.02~b14cf98c-r2,research-os/data/openwrt-v2-snapshots/releases/24.10.7/x86_64/openwrt-24.10.7-x86-64.manifest
24.10.7,x86/64,openwrt-keyring,2024.11.01~fbae29d7-r2,research-os/data/openwrt-v2-snapshots/releases/24.10.7/x86_64/openwrt-24.10.7-x86-64.manifest
24.10.7,x86/64,opkg,2024.10.16~38eccbb1-r1,research-os/data/openwrt-v2-snapshots/releases/24.10.7/x86_64/openwrt-24.10.7-x86-64.manifest
24.10.7,x86/64,partx-utils,2.40.2-r1,research-os/data/openwrt-v2-snapshots/releases/24.10.7/x86_64/openwrt-24.10.7-x86-64.manifest
24.10.7,x86/64,ppp,2.5.1-r1,research-os/data/openwrt-v2-snapshots/releases/24.10.7/x86_64/openwrt-24.10.7-x86-64.manifest
24.10.7,x86/64,ppp-mod-pppoe,2.5.1-r1,research-os/data/openwrt-v2-snapshots/releases/24.10.7/x86_64/openwrt-24.10.7-x86-64.manifest
24.10.7,x86/64,procd,2026.03.14~c59f2d80-r1,research-os/data/openwrt-v2-snapshots/releases/24.10.7/x86_64/openwrt-24.10.7-x86-64.manifest
24.10.7,x86/64,procd-seccomp,2026.03.14~c59f2d80-r1,research-os/data/openwrt-v2-snapshots/releases/24.10.7/x86_64/openwrt-24.10.7-x86-64.manifest
24.10.7,x86/64,procd-ujail,2026.03.14~c59f2d80-r1,research-os/data/openwrt-v2-snapshots/releases/24.10.7/x86_64/openwrt-24.10.7-x86-64.manifest
24.10.7,x86/64,px5g-mbedtls,11,research-os/data/openwrt-v2-snapshots/releases/24.10.7/x86_64/openwrt-24.10.7-x86-64.manifest
24.10.7,x86/64,rpcd,2025.09.01~bba95191-r1,research-os/data/openwrt-v2-snapshots/releases/24.10.7/x86_64/openwrt-24.10.7-x86-64.manifest
24.10.7,x86/64,rpcd-mod-file,2025.09.01~bba95191-r1,research-os/data/openwrt-v2-snapshots/releases/24.10.7/x86_64/openwrt-24.10.7-x86-64.manifest
24.10.7,x86/64,rpcd-mod-iwinfo,2025.09.01~bba95191-r1,research-os/data/openwrt-v2-snapshots/releases/24.10.7/x86_64/openwrt-24.10.7-x86-64.manifest
24.10.7,x86/64,rpcd-mod-luci,20240305-r1,research-os/data/openwrt-v2-snapshots/releases/24.10.7/x86_64/openwrt-24.10.7-x86-64.manifest
24.10.7,x86/64,rpcd-mod-rrdns,20170710,research-os/data/openwrt-v2-snapshots/releases/24.10.7/x86_64/openwrt-24.10.7-x86-64.manifest
24.10.7,x86/64,rpcd-mod-ucode,2025.09.01~bba95191-r1,research-os/data/openwrt-v2-snapshots/releases/24.10.7/x86_64/openwrt-24.10.7-x86-64.manifest
24.10.7,x86/64,ubox,2024.04.26~85f10530-r1,research-os/data/openwrt-v2-snapshots/releases/24.10.7/x86_64/openwrt-24.10.7-x86-64.manifest
24.10.7,x86/64,ubus,2025.10.17~60e04048-r1,research-os/data/openwrt-v2-snapshots/releases/24.10.7/x86_64/openwrt-24.10.7-x86-64.manifest
24.10.7,x86/64,ubusd,2025.10.17~60e04048-r1,research-os/data/openwrt-v2-snapshots/releases/24.10.7/x86_64/openwrt-24.10.7-x86-64.manifest
24.10.7,x86/64,uci,2025.01.20~16ff0bad-r1,research-os/data/openwrt-v2-snapshots/releases/24.10.7/x86_64/openwrt-24.10.7-x86-64.manifest
24.10.7,x86/64,uclient-fetch,2024.10.22~88ae8f20-r1,research-os/data/openwrt-v2-snapshots/releases/24.10.7/x86_64/openwrt-24.10.7-x86-64.manifest
24.10.7,x86/64,ucode,2025.07.18~3f64c808-r1,research-os/data/openwrt-v2-snapshots/releases/24.10.7/x86_64/openwrt-24.10.7-x86-64.manifest
24.10.7,x86/64,ucode-mod-fs,2025.07.18~3f64c808-r1,research-os/data/openwrt-v2-snapshots/releases/24.10.7/x86_64/openwrt-24.10.7-x86-64.manifest
24.10.7,x86/64,ucode-mod-html,1,research-os/data/openwrt-v2-snapshots/releases/24.10.7/x86_64/openwrt-24.10.7-x86-64.manifest
24.10.7,x86/64,ucode-mod-math,2025.07.18~3f64c808-r1,research-os/data/openwrt-v2-snapshots/releases/24.10.7/x86_64/openwrt-24.10.7-x86-64.manifest
24.10.7,x86/64,ucode-mod-ubus,2025.07.18~3f64c808-r1,research-os/data/openwrt-v2-snapshots/releases/24.10.7/x86_64/openwrt-24.10.7-x86-64.manifest
24.10.7,x86/64,ucode-mod-uci,2025.07.18~3f64c808-r1,research-os/data/openwrt-v2-snapshots/releases/24.10.7/x86_64/openwrt-24.10.7-x86-64.manifest
24.10.7,x86/64,uhttpd,2025.07.06~7e64e8ba-r4,research-os/data/openwrt-v2-snapshots/releases/24.10.7/x86_64/openwrt-24.10.7-x86-64.manifest
24.10.7,x86/64,uhttpd-mod-ubus,2025.07.06~7e64e8ba-r4,research-os/data/openwrt-v2-snapshots/releases/24.10.7/x86_64/openwrt-24.10.7-x86-64.manifest
24.10.7,x86/64,urandom-seed,3,research-os/data/openwrt-v2-snapshots/releases/24.10.7/x86_64/openwrt-24.10.7-x86-64.manifest
24.10.7,x86/64,urngd,2023.11.01~44365eb1-r1,research-os/data/openwrt-v2-snapshots/releases/24.10.7/x86_64/openwrt-24.10.7-x86-64.manifest
24.10.7,x86/64,usign,2020.05.23~f1f65026-r1,research-os/data/openwrt-v2-snapshots/releases/24.10.7/x86_64/openwrt-24.10.7-x86-64.manifest
24.10.8,ath79/generic,base-files,1674~443ec4032a,research-os/data/openwrt-v2-snapshots/releases/24.10.8/ath79_generic/openwrt-24.10.8-ath79-generic.manifest
24.10.8,ath79/generic,busybox,1.36.1-r3,research-os/data/openwrt-v2-snapshots/releases/24.10.8/ath79_generic/openwrt-24.10.8-ath79-generic.manifest
24.10.8,ath79/generic,ca-bundle,20260601-r1,research-os/data/openwrt-v2-snapshots/releases/24.10.8/ath79_generic/openwrt-24.10.8-ath79-generic.manifest
24.10.8,ath79/generic,cgi-io,2026.07.21~31cb3c89-r1,research-os/data/openwrt-v2-snapshots/releases/24.10.8/ath79_generic/openwrt-24.10.8-ath79-generic.manifest
24.10.8,ath79/generic,dnsmasq,2.93-r1,research-os/data/openwrt-v2-snapshots/releases/24.10.8/ath79_generic/openwrt-24.10.8-ath79-generic.manifest
24.10.8,ath79/generic,dropbear,2024.86-r3,research-os/data/openwrt-v2-snapshots/releases/24.10.8/ath79_generic/openwrt-24.10.8-ath79-generic.manifest
24.10.8,ath79/generic,firewall4,2024.12.18~18fc0ead-r1,research-os/data/openwrt-v2-snapshots/releases/24.10.8/ath79_generic/openwrt-24.10.8-ath79-generic.manifest
24.10.8,ath79/generic,fstools,2024.07.14~408c2cc4-r1,research-os/data/openwrt-v2-snapshots/releases/24.10.8/ath79_generic/openwrt-24.10.8-ath79-generic.manifest
24.10.8,ath79/generic,fwtool,2019.11.12~8f7fe925-r1,research-os/data/openwrt-v2-snapshots/releases/24.10.8/ath79_generic/openwrt-24.10.8-ath79-generic.manifest
24.10.8,ath79/generic,getrandom,2024.04.26~85f10530-r1,research-os/data/openwrt-v2-snapshots/releases/24.10.8/ath79_generic/openwrt-24.10.8-ath79-generic.manifest
24.10.8,ath79/generic,hostapd-common,2024.09.15~5ace39b0-r3,research-os/data/openwrt-v2-snapshots/releases/24.10.8/ath79_generic/openwrt-24.10.8-ath79-generic.manifest
24.10.8,ath79/generic,iw,6.9-r1,research-os/data/openwrt-v2-snapshots/releases/24.10.8/ath79_generic/openwrt-24.10.8-ath79-generic.manifest
24.10.8,ath79/generic,iwinfo,2024.10.20~b94f066e-r1,research-os/data/openwrt-v2-snapshots/releases/24.10.8/ath79_generic/openwrt-24.10.8-ath79-generic.manifest
24.10.8,ath79/generic,jansson4,2.14-r3,research-os/data/openwrt-v2-snapshots/releases/24.10.8/ath79_generic/openwrt-24.10.8-ath79-generic.manifest
24.10.8,ath79/generic,jshn,2025.07.23~49056d17-r1,research-os/data/openwrt-v2-snapshots/releases/24.10.8/ath79_generic/openwrt-24.10.8-ath79-generic.manifest
24.10.8,ath79/generic,jsonfilter,2025.04.18~8a86fb78-r1,research-os/data/openwrt-v2-snapshots/releases/24.10.8/ath79_generic/openwrt-24.10.8-ath79-generic.manifest
24.10.8,ath79/generic,kernel,6.6.144~70248021204b78344d5fb62a0e7f5bea-r1,research-os/data/openwrt-v2-snapshots/releases/24.10.8/ath79_generic/openwrt-24.10.8-ath79-generic.manifest
24.10.8,ath79/generic,kmod-ath,6.6.144.6.12.96-r1,research-os/data/openwrt-v2-snapshots/releases/24.10.8/ath79_generic/openwrt-24.10.8-ath79-generic.manifest
24.10.8,ath79/generic,kmod-ath9k,6.6.144.6.12.96-r1,research-os/data/openwrt-v2-snapshots/releases/24.10.8/ath79_generic/openwrt-24.10.8-ath79-generic.manifest
24.10.8,ath79/generic,kmod-ath9k-common,6.6.144.6.12.96-r1,research-os/data/openwrt-v2-snapshots/releases/24.10.8/ath79_generic/openwrt-24.10.8-ath79-generic.manifest
24.10.8,ath79/generic,kmod-cfg80211,6.6.144.6.12.96-r1,research-os/data/openwrt-v2-snapshots/releases/24.10.8/ath79_generic/openwrt-24.10.8-ath79-generic.manifest
24.10.8,ath79/generic,kmod-crypto-acompress,6.6.144-r1,research-os/data/openwrt-v2-snapshots/releases/24.10.8/ath79_generic/openwrt-24.10.8-ath79-generic.manifest
24.10.8,ath79/generic,kmod-crypto-aead,6.6.144-r1,research-os/data/openwrt-v2-snapshots/releases/24.10.8/ath79_generic/openwrt-24.10.8-ath79-generic.manifest
24.10.8,ath79/generic,kmod-crypto-ccm,6.6.144-r1,research-os/data/openwrt-v2-snapshots/releases/24.10.8/ath79_generic/openwrt-24.10.8-ath79-generic.manifest
24.10.8,ath79/generic,kmod-crypto-cmac,6.6.144-r1,research-os/data/openwrt-v2-snapshots/releases/24.10.8/ath79_generic/openwrt-24.10.8-ath79-generic.manifest
24.10.8,ath79/generic,kmod-crypto-crc32c,6.6.144-r1,research-os/data/openwrt-v2-snapshots/releases/24.10.8/ath79_generic/openwrt-24.10.8-ath79-generic.manifest
24.10.8,ath79/generic,kmod-crypto-ctr,6.6.144-r1,research-os/data/openwrt-v2-snapshots/releases/24.10.8/ath79_generic/openwrt-24.10.8-ath79-generic.manifest
24.10.8,ath79/generic,kmod-crypto-gcm,6.6.144-r1,research-os/data/openwrt-v2-snapshots/releases/24.10.8/ath79_generic/openwrt-24.10.8-ath79-generic.manifest
24.10.8,ath79/generic,kmod-crypto-geniv,6.6.144-r1,research-os/data/openwrt-v2-snapshots/releases/24.10.8/ath79_generic/openwrt-24.10.8-ath79-generic.manifest
24.10.8,ath79/generic,kmod-crypto-gf128,6.6.144-r1,research-os/data/openwrt-v2-snapshots/releases/24.10.8/ath79_generic/openwrt-24.10.8-ath79-generic.manifest
24.10.8,ath79/generic,kmod-crypto-ghash,6.6.144-r1,research-os/data/openwrt-v2-snapshots/releases/24.10.8/ath79_generic/openwrt-24.10.8-ath79-generic.manifest
24.10.8,ath79/generic,kmod-crypto-hash,6.6.144-r1,research-os/data/openwrt-v2-snapshots/releases/24.10.8/ath79_generic/openwrt-24.10.8-ath79-generic.manifest
24.10.8,ath79/generic,kmod-crypto-hmac,6.6.144-r1,research-os/data/openwrt-v2-snapshots/releases/24.10.8/ath79_generic/openwrt-24.10.8-ath79-generic.manifest
24.10.8,ath79/generic,kmod-crypto-manager,6.6.144-r1,research-os/data/openwrt-v2-snapshots/releases/24.10.8/ath79_generic/openwrt-24.10.8-ath79-generic.manifest
24.10.8,ath79/generic,kmod-crypto-null,6.6.144-r1,research-os/data/openwrt-v2-snapshots/releases/24.10.8/ath79_generic/openwrt-24.10.8-ath79-generic.manifest
24.10.8,ath79/generic,kmod-crypto-rng,6.6.144-r1,research-os/data/openwrt-v2-snapshots/releases/24.10.8/ath79_generic/openwrt-24.10.8-ath79-generic.manifest
24.10.8,ath79/generic,kmod-crypto-seqiv,6.6.144-r1,research-os/data/openwrt-v2-snapshots/releases/24.10.8/ath79_generic/openwrt-24.10.8-ath79-generic.manifest
24.10.8,ath79/generic,kmod-crypto-sha3,6.6.144-r1,research-os/data/openwrt-v2-snapshots/releases/24.10.8/ath79_generic/openwrt-24.10.8-ath79-generic.manifest
24.10.8,ath79/generic,kmod-crypto-sha512,6.6.144-r1,research-os/data/openwrt-v2-snapshots/releases/24.10.8/ath79_generic/openwrt-24.10.8-ath79-generic.manifest
24.10.8,ath79/generic,kmod-gpio-button-hotplug,6.6.144-r5,research-os/data/openwrt-v2-snapshots/releases/24.10.8/ath79_generic/openwrt-24.10.8-ath79-generic.manifest
24.10.8,ath79/generic,kmod-lib-crc-ccitt,6.6.144-r1,research-os/data/openwrt-v2-snapshots/releases/24.10.8/ath79_generic/openwrt-24.10.8-ath79-generic.manifest
24.10.8,ath79/generic,kmod-lib-crc32c,6.6.144-r1,research-os/data/openwrt-v2-snapshots/releases/24.10.8/ath79_generic/openwrt-24.10.8-ath79-generic.manifest
24.10.8,ath79/generic,kmod-lib-lzo,6.6.144-r1,research-os/data/openwrt-v2-snapshots/releases/24.10.8/ath79_generic/openwrt-24.10.8-ath79-generic.manifest
24.10.8,ath79/generic,kmod-mac80211,6.6.144.6.12.96-r1,research-os/data/openwrt-v2-snapshots/releases/24.10.8/ath79_generic/openwrt-24.10.8-ath79-generic.manifest
24.10.8,ath79/generic,kmod-nf-conntrack,6.6.144-r1,research-os/data/openwrt-v2-snapshots/releases/24.10.8/ath79_generic/openwrt-24.10.8-ath79-generic.manifest
24.10.8,ath79/generic,kmod-nf-conntrack6,6.6.144-r1,research-os/data/openwrt-v2-snapshots/releases/24.10.8/ath79_generic/openwrt-24.10.8-ath79-generic.manifest
24.10.8,ath79/generic,kmod-nf-flow,6.6.144-r1,research-os/data/openwrt-v2-snapshots/releases/24.10.8/ath79_generic/openwrt-24.10.8-ath79-generic.manifest
24.10.8,ath79/generic,kmod-nf-log,6.6.144-r1,research-os/data/openwrt-v2-snapshots/releases/24.10.8/ath79_generic/openwrt-24.10.8-ath79-generic.manifest
24.10.8,ath79/generic,kmod-nf-log6,6.6.144-r1,research-os/data/openwrt-v2-snapshots/releases/24.10.8/ath79_generic/openwrt-24.10.8-ath79-generic.manifest
24.10.8,ath79/generic,kmod-nf-nat,6.6.144-r1,research-os/data/openwrt-v2-snapshots/releases/24.10.8/ath79_generic/openwrt-24.10.8-ath79-generic.manifest
24.10.8,ath79/generic,kmod-nf-reject,6.6.144-r1,research-os/data/openwrt-v2-snapshots/releases/24.10.8/ath79_generic/openwrt-24.10.8-ath79-generic.manifest
24.10.8,ath79/generic,kmod-nf-reject6,6.6.144-r1,research-os/data/openwrt-v2-snapshots/releases/24.10.8/ath79_generic/openwrt-24.10.8-ath79-generic.manifest
24.10.8,ath79/generic,kmod-nfnetlink,6.6.144-r1,research-os/data/openwrt-v2-snapshots/releases/24.10.8/ath79_generic/openwrt-24.10.8-ath79-generic.manifest
24.10.8,ath79/generic,kmod-nft-core,6.6.144-r1,research-os/data/openwrt-v2-snapshots/releases/24.10.8/ath79_generic/openwrt-24.10.8-ath79-generic.manifest
24.10.8,ath79/generic,kmod-nft-fib,6.6.144-r1,research-os/data/openwrt-v2-snapshots/releases/24.10.8/ath79_generic/openwrt-24.10.8-ath79-generic.manifest
24.10.8,ath79/generic,kmod-nft-nat,6.6.144-r1,research-os/data/openwrt-v2-snapshots/releases/24.10.8/ath79_generic/openwrt-24.10.8-ath79-generic.manifest
24.10.8,ath79/generic,kmod-nft-offload,6.6.144-r1,research-os/data/openwrt-v2-snapshots/releases/24.10.8/ath79_generic/openwrt-24.10.8-ath79-generic.manifest
24.10.8,ath79/generic,kmod-ppp,6.6.144-r1,research-os/data/openwrt-v2-snapshots/releases/24.10.8/ath79_generic/openwrt-24.10.8-ath79-generic.manifest
24.10.8,ath79/generic,kmod-pppoe,6.6.144-r1,research-os/data/openwrt-v2-snapshots/releases/24.10.8/ath79_generic/openwrt-24.10.8-ath79-generic.manifest
24.10.8,ath79/generic,kmod-pppox,6.6.144-r1,research-os/data/openwrt-v2-snapshots/releases/24.10.8/ath79_generic/openwrt-24.10.8-ath79-generic.manifest
24.10.8,ath79/generic,kmod-random-core,6.6.144-r1,research-os/data/openwrt-v2-snapshots/releases/24.10.8/ath79_generic/openwrt-24.10.8-ath79-generic.manifest
24.10.8,ath79/generic,kmod-slhc,6.6.144-r1,research-os/data/openwrt-v2-snapshots/releases/24.10.8/ath79_generic/openwrt-24.10.8-ath79-generic.manifest
24.10.8,ath79/generic,libblobmsg-json20240329,2025.07.23~49056d17-r1,research-os/data/openwrt-v2-snapshots/releases/24.10.8/ath79_generic/openwrt-24.10.8-ath79-generic.manifest
24.10.8,ath79/generic,libc,1.2.5-r4,research-os/data/openwrt-v2-snapshots/releases/24.10.8/ath79_generic/openwrt-24.10.8-ath79-generic.manifest
24.10.8,ath79/generic,libgcc1,13.3.0-r4,research-os/data/openwrt-v2-snapshots/releases/24.10.8/ath79_generic/openwrt-24.10.8-ath79-generic.manifest
24.10.8,ath79/generic,libiwinfo-data,2024.10.20~b94f066e-r1,research-os/data/openwrt-v2-snapshots/releases/24.10.8/ath79_generic/openwrt-24.10.8-ath79-generic.manifest
24.10.8,ath79/generic,libiwinfo20230701,2024.10.20~b94f066e-r1,research-os/data/openwrt-v2-snapshots/releases/24.10.8/ath79_generic/openwrt-24.10.8-ath79-generic.manifest
24.10.8,ath79/generic,libjson-c5,0.18-r1,research-os/data/openwrt-v2-snapshots/releases/24.10.8/ath79_generic/openwrt-24.10.8-ath79-generic.manifest
24.10.8,ath79/generic,libjson-script20240329,2025.07.23~49056d17-r1,research-os/data/openwrt-v2-snapshots/releases/24.10.8/ath79_generic/openwrt-24.10.8-ath79-generic.manifest
24.10.8,ath79/generic,liblucihttp-ucode,2023.03.15~9b5b683f-r1,research-os/data/openwrt-v2-snapshots/releases/24.10.8/ath79_generic/openwrt-24.10.8-ath79-generic.manifest
24.10.8,ath79/generic,liblucihttp0,2023.03.15~9b5b683f-r1,research-os/data/openwrt-v2-snapshots/releases/24.10.8/ath79_generic/openwrt-24.10.8-ath79-generic.manifest
24.10.8,ath79/generic,libmbedtls21,3.6.6-r2,research-os/data/openwrt-v2-snapshots/releases/24.10.8/ath79_generic/openwrt-24.10.8-ath79-generic.manifest
24.10.8,ath79/generic,libmnl0,1.0.5-r1,research-os/data/openwrt-v2-snapshots/releases/24.10.8/ath79_generic/openwrt-24.10.8-ath79-generic.manifest
24.10.8,ath79/generic,libnftnl11,1.2.8-r1,research-os/data/openwrt-v2-snapshots/releases/24.10.8/ath79_generic/openwrt-24.10.8-ath79-generic.manifest
24.10.8,ath79/generic,libnl-tiny1,2025.03.19~c0df580a-r1,research-os/data/openwrt-v2-snapshots/releases/24.10.8/ath79_generic/openwrt-24.10.8-ath79-generic.manifest
24.10.8,ath79/generic,libpthread,1.2.5-r4,research-os/data/openwrt-v2-snapshots/releases/24.10.8/ath79_generic/openwrt-24.10.8-ath79-generic.manifest
24.10.8,ath79/generic,libubox20240329,2025.07.23~49056d17-r1,research-os/data/openwrt-v2-snapshots/releases/24.10.8/ath79_generic/openwrt-24.10.8-ath79-generic.manifest
24.10.8,ath79/generic,libubus20250102,2025.10.17~60e04048-r1,research-os/data/openwrt-v2-snapshots/releases/24.10.8/ath79_generic/openwrt-24.10.8-ath79-generic.manifest
24.10.8,ath79/generic,libuci20250120,2025.01.20~16ff0bad-r1,research-os/data/openwrt-v2-snapshots/releases/24.10.8/ath79_generic/openwrt-24.10.8-ath79-generic.manifest
24.10.8,ath79/generic,libuclient20201210,2024.10.22~88ae8f20-r1,research-os/data/openwrt-v2-snapshots/releases/24.10.8/ath79_generic/openwrt-24.10.8-ath79-generic.manifest
24.10.8,ath79/generic,libucode20230711,2025.07.18~3f64c808-r1,research-os/data/openwrt-v2-snapshots/releases/24.10.8/ath79_generic/openwrt-24.10.8-ath79-generic.manifest
24.10.8,ath79/generic,libudebug,2025.08.24~edeb4d6d,research-os/data/openwrt-v2-snapshots/releases/24.10.8/ath79_generic/openwrt-24.10.8-ath79-generic.manifest
24.10.8,ath79/generic,libustream-mbedtls20201210,2024.07.28~99bd3d2b-r1,research-os/data/openwrt-v2-snapshots/releases/24.10.8/ath79_generic/openwrt-24.10.8-ath79-generic.manifest
24.10.8,ath79/generic,logd,2024.04.26~85f10530-r1,research-os/data/openwrt-v2-snapshots/releases/24.10.8/ath79_generic/openwrt-24.10.8-ath79-generic.manifest
24.10.8,ath79/generic,luci,26.205.85413~cac97ed,research-os/data/openwrt-v2-snapshots/releases/24.10.8/ath79_generic/openwrt-24.10.8-ath79-generic.manifest
24.10.8,ath79/generic,luci-app-firewall,26.205.85413~cac97ed,research-os/data/openwrt-v2-snapshots/releases/24.10.8/ath79_generic/openwrt-24.10.8-ath79-generic.manifest
24.10.8,ath79/generic,luci-app-package-manager,26.205.85413~cac97ed,research-os/data/openwrt-v2-snapshots/releases/24.10.8/ath79_generic/openwrt-24.10.8-ath79-generic.manifest
24.10.8,ath79/generic,luci-base,26.205.85413~cac97ed,research-os/data/openwrt-v2-snapshots/releases/24.10.8/ath79_generic/openwrt-24.10.8-ath79-generic.manifest
24.10.8,ath79/generic,luci-light,26.205.85413~cac97ed,research-os/data/openwrt-v2-snapshots/releases/24.10.8/ath79_generic/openwrt-24.10.8-ath79-generic.manifest
24.10.8,ath79/generic,luci-mod-admin-full,26.205.85413~cac97ed,research-os/data/openwrt-v2-snapshots/releases/24.10.8/ath79_generic/openwrt-24.10.8-ath79-generic.manifest
24.10.8,ath79/generic,luci-mod-network,26.205.85413~cac97ed,research-os/data/openwrt-v2-snapshots/releases/24.10.8/ath79_generic/openwrt-24.10.8-ath79-generic.manifest
24.10.8,ath79/generic,luci-mod-status,26.205.85413~cac97ed,research-os/data/openwrt-v2-snapshots/releases/24.10.8/ath79_generic/openwrt-24.10.8-ath79-generic.manifest
24.10.8,ath79/generic,luci-mod-system,26.205.85413~cac97ed,research-os/data/openwrt-v2-snapshots/releases/24.10.8/ath79_generic/openwrt-24.10.8-ath79-generic.manifest
24.10.8,ath79/generic,luci-proto-ipv6,26.205.85413~cac97ed,research-os/data/openwrt-v2-snapshots/releases/24.10.8/ath79_generic/openwrt-24.10.8-ath79-generic.manifest
24.10.8,ath79/generic,luci-proto-ppp,26.205.85413~cac97ed,research-os/data/openwrt-v2-snapshots/releases/24.10.8/ath79_generic/openwrt-24.10.8-ath79-generic.manifest
24.10.8,ath79/generic,luci-ssl,26.205.85413~cac97ed,research-os/data/openwrt-v2-snapshots/releases/24.10.8/ath79_generic/openwrt-24.10.8-ath79-generic.manifest
24.10.8,ath79/generic,luci-theme-bootstrap,26.205.85413~cac97ed,research-os/data/openwrt-v2-snapshots/releases/24.10.8/ath79_generic/openwrt-24.10.8-ath79-generic.manifest
24.10.8,ath79/generic,mtd,26,research-os/data/openwrt-v2-snapshots/releases/24.10.8/ath79_generic/openwrt-24.10.8-ath79-generic.manifest
24.10.8,ath79/generic,netifd,2025.05.23~7901e66c-r1,research-os/data/openwrt-v2-snapshots/releases/24.10.8/ath79_generic/openwrt-24.10.8-ath79-generic.manifest
24.10.8,ath79/generic,nftables-json,1.1.1-r1,research-os/data/openwrt-v2-snapshots/releases/24.10.8/ath79_generic/openwrt-24.10.8-ath79-generic.manifest
24.10.8,ath79/generic,odhcp6c,2024.09.25~b6ae9ffa-r2,research-os/data/openwrt-v2-snapshots/releases/24.10.8/ath79_generic/openwrt-24.10.8-ath79-generic.manifest
24.10.8,ath79/generic,odhcpd-ipv6only,2025.10.02~b14cf98c-r3,research-os/data/openwrt-v2-snapshots/releases/24.10.8/ath79_generic/openwrt-24.10.8-ath79-generic.manifest
24.10.8,ath79/generic,openwrt-keyring,2024.11.01~fbae29d7-r2,research-os/data/openwrt-v2-snapshots/releases/24.10.8/ath79_generic/openwrt-24.10.8-ath79-generic.manifest
24.10.8,ath79/generic,opkg,2024.10.16~38eccbb1-r1,research-os/data/openwrt-v2-snapshots/releases/24.10.8/ath79_generic/openwrt-24.10.8-ath79-generic.manifest
24.10.8,ath79/generic,ppp,2.5.1-r1,research-os/data/openwrt-v2-snapshots/releases/24.10.8/ath79_generic/openwrt-24.10.8-ath79-generic.manifest
24.10.8,ath79/generic,ppp-mod-pppoe,2.5.1-r1,research-os/data/openwrt-v2-snapshots/releases/24.10.8/ath79_generic/openwrt-24.10.8-ath79-generic.manifest
24.10.8,ath79/generic,procd,2026.03.14~c59f2d80-r1,research-os/data/openwrt-v2-snapshots/releases/24.10.8/ath79_generic/openwrt-24.10.8-ath79-generic.manifest
24.10.8,ath79/generic,procd-seccomp,2026.03.14~c59f2d80-r1,research-os/data/openwrt-v2-snapshots/releases/24.10.8/ath79_generic/openwrt-24.10.8-ath79-generic.manifest
24.10.8,ath79/generic,procd-ujail,2026.03.14~c59f2d80-r1,research-os/data/openwrt-v2-snapshots/releases/24.10.8/ath79_generic/openwrt-24.10.8-ath79-generic.manifest
24.10.8,ath79/generic,px5g-mbedtls,11,research-os/data/openwrt-v2-snapshots/releases/24.10.8/ath79_generic/openwrt-24.10.8-ath79-generic.manifest
24.10.8,ath79/generic,rpcd,2025.09.01~bba95191-r2,research-os/data/openwrt-v2-snapshots/releases/24.10.8/ath79_generic/openwrt-24.10.8-ath79-generic.manifest
24.10.8,ath79/generic,rpcd-mod-file,2025.09.01~bba95191-r2,research-os/data/openwrt-v2-snapshots/releases/24.10.8/ath79_generic/openwrt-24.10.8-ath79-generic.manifest
24.10.8,ath79/generic,rpcd-mod-iwinfo,2025.09.01~bba95191-r2,research-os/data/openwrt-v2-snapshots/releases/24.10.8/ath79_generic/openwrt-24.10.8-ath79-generic.manifest
24.10.8,ath79/generic,rpcd-mod-luci,20240305-r1,research-os/data/openwrt-v2-snapshots/releases/24.10.8/ath79_generic/openwrt-24.10.8-ath79-generic.manifest
24.10.8,ath79/generic,rpcd-mod-rrdns,20170710,research-os/data/openwrt-v2-snapshots/releases/24.10.8/ath79_generic/openwrt-24.10.8-ath79-generic.manifest
24.10.8,ath79/generic,rpcd-mod-ucode,2025.09.01~bba95191-r2,research-os/data/openwrt-v2-snapshots/releases/24.10.8/ath79_generic/openwrt-24.10.8-ath79-generic.manifest
24.10.8,ath79/generic,swconfig,12,research-os/data/openwrt-v2-snapshots/releases/24.10.8/ath79_generic/openwrt-24.10.8-ath79-generic.manifest
24.10.8,ath79/generic,uboot-envtools,2024.07-r1,research-os/data/openwrt-v2-snapshots/releases/24.10.8/ath79_generic/openwrt-24.10.8-ath79-generic.manifest
24.10.8,ath79/generic,ubox,2024.04.26~85f10530-r1,research-os/data/openwrt-v2-snapshots/releases/24.10.8/ath79_generic/openwrt-24.10.8-ath79-generic.manifest
24.10.8,ath79/generic,ubus,2025.10.17~60e04048-r1,research-os/data/openwrt-v2-snapshots/releases/24.10.8/ath79_generic/openwrt-24.10.8-ath79-generic.manifest
24.10.8,ath79/generic,ubusd,2025.10.17~60e04048-r1,research-os/data/openwrt-v2-snapshots/releases/24.10.8/ath79_generic/openwrt-24.10.8-ath79-generic.manifest
24.10.8,ath79/generic,uci,2025.01.20~16ff0bad-r1,research-os/data/openwrt-v2-snapshots/releases/24.10.8/ath79_generic/openwrt-24.10.8-ath79-generic.manifest
24.10.8,ath79/generic,uclient-fetch,2024.10.22~88ae8f20-r1,research-os/data/openwrt-v2-snapshots/releases/24.10.8/ath79_generic/openwrt-24.10.8-ath79-generic.manifest
24.10.8,ath79/generic,ucode,2025.07.18~3f64c808-r1,research-os/data/openwrt-v2-snapshots/releases/24.10.8/ath79_generic/openwrt-24.10.8-ath79-generic.manifest
24.10.8,ath79/generic,ucode-mod-fs,2025.07.18~3f64c808-r1,research-os/data/openwrt-v2-snapshots/releases/24.10.8/ath79_generic/openwrt-24.10.8-ath79-generic.manifest
24.10.8,ath79/generic,ucode-mod-html,1,research-os/data/openwrt-v2-snapshots/releases/24.10.8/ath79_generic/openwrt-24.10.8-ath79-generic.manifest
24.10.8,ath79/generic,ucode-mod-math,2025.07.18~3f64c808-r1,research-os/data/openwrt-v2-snapshots/releases/24.10.8/ath79_generic/openwrt-24.10.8-ath79-generic.manifest
24.10.8,ath79/generic,ucode-mod-nl80211,2025.07.18~3f64c808-r1,research-os/data/openwrt-v2-snapshots/releases/24.10.8/ath79_generic/openwrt-24.10.8-ath79-generic.manifest
24.10.8,ath79/generic,ucode-mod-rtnl,2025.07.18~3f64c808-r1,research-os/data/openwrt-v2-snapshots/releases/24.10.8/ath79_generic/openwrt-24.10.8-ath79-generic.manifest
24.10.8,ath79/generic,ucode-mod-ubus,2025.07.18~3f64c808-r1,research-os/data/openwrt-v2-snapshots/releases/24.10.8/ath79_generic/openwrt-24.10.8-ath79-generic.manifest
24.10.8,ath79/generic,ucode-mod-uci,2025.07.18~3f64c808-r1,research-os/data/openwrt-v2-snapshots/releases/24.10.8/ath79_generic/openwrt-24.10.8-ath79-generic.manifest
24.10.8,ath79/generic,ucode-mod-uloop,2025.07.18~3f64c808-r1,research-os/data/openwrt-v2-snapshots/releases/24.10.8/ath79_generic/openwrt-24.10.8-ath79-generic.manifest
24.10.8,ath79/generic,uhttpd,2025.07.06~7e64e8ba-r5,research-os/data/openwrt-v2-snapshots/releases/24.10.8/ath79_generic/openwrt-24.10.8-ath79-generic.manifest
24.10.8,ath79/generic,uhttpd-mod-ubus,2025.07.06~7e64e8ba-r5,research-os/data/openwrt-v2-snapshots/releases/24.10.8/ath79_generic/openwrt-24.10.8-ath79-generic.manifest
24.10.8,ath79/generic,urandom-seed,3,research-os/data/openwrt-v2-snapshots/releases/24.10.8/ath79_generic/openwrt-24.10.8-ath79-generic.manifest
24.10.8,ath79/generic,urngd,2023.11.01~44365eb1-r1,research-os/data/openwrt-v2-snapshots/releases/24.10.8/ath79_generic/openwrt-24.10.8-ath79-generic.manifest
24.10.8,ath79/generic,usign,2020.05.23~f1f65026-r1,research-os/data/openwrt-v2-snapshots/releases/24.10.8/ath79_generic/openwrt-24.10.8-ath79-generic.manifest
24.10.8,ath79/generic,wifi-scripts,1.0-r1,research-os/data/openwrt-v2-snapshots/releases/24.10.8/ath79_generic/openwrt-24.10.8-ath79-generic.manifest
24.10.8,ath79/generic,wireless-regdb,2026.05.30-r1,research-os/data/openwrt-v2-snapshots/releases/24.10.8/ath79_generic/openwrt-24.10.8-ath79-generic.manifest
24.10.8,ath79/generic,wpad-basic-mbedtls,2024.09.15~5ace39b0-r3,research-os/data/openwrt-v2-snapshots/releases/24.10.8/ath79_generic/openwrt-24.10.8-ath79-generic.manifest
24.10.8,x86/64,base-files,1674~443ec4032a,research-os/data/openwrt-v2-snapshots/releases/24.10.8/x86_64/openwrt-24.10.8-x86-64.manifest
24.10.8,x86/64,busybox,1.36.1-r3,research-os/data/openwrt-v2-snapshots/releases/24.10.8/x86_64/openwrt-24.10.8-x86-64.manifest
24.10.8,x86/64,ca-bundle,20260601-r1,research-os/data/openwrt-v2-snapshots/releases/24.10.8/x86_64/openwrt-24.10.8-x86-64.manifest
24.10.8,x86/64,cgi-io,2026.07.21~31cb3c89-r1,research-os/data/openwrt-v2-snapshots/releases/24.10.8/x86_64/openwrt-24.10.8-x86-64.manifest
24.10.8,x86/64,dnsmasq,2.93-r1,research-os/data/openwrt-v2-snapshots/releases/24.10.8/x86_64/openwrt-24.10.8-x86-64.manifest
24.10.8,x86/64,dropbear,2024.86-r3,research-os/data/openwrt-v2-snapshots/releases/24.10.8/x86_64/openwrt-24.10.8-x86-64.manifest
24.10.8,x86/64,e2fsprogs,1.47.0-r2,research-os/data/openwrt-v2-snapshots/releases/24.10.8/x86_64/openwrt-24.10.8-x86-64.manifest
24.10.8,x86/64,firewall4,2024.12.18~18fc0ead-r1,research-os/data/openwrt-v2-snapshots/releases/24.10.8/x86_64/openwrt-24.10.8-x86-64.manifest
24.10.8,x86/64,fstools,2024.07.14~408c2cc4-r1,research-os/data/openwrt-v2-snapshots/releases/24.10.8/x86_64/openwrt-24.10.8-x86-64.manifest
24.10.8,x86/64,fwtool,2019.11.12~8f7fe925-r1,research-os/data/openwrt-v2-snapshots/releases/24.10.8/x86_64/openwrt-24.10.8-x86-64.manifest
24.10.8,x86/64,getrandom,2024.04.26~85f10530-r1,research-os/data/openwrt-v2-snapshots/releases/24.10.8/x86_64/openwrt-24.10.8-x86-64.manifest
24.10.8,x86/64,grub2,2.12-r1,research-os/data/openwrt-v2-snapshots/releases/24.10.8/x86_64/openwrt-24.10.8-x86-64.manifest
24.10.8,x86/64,grub2-bios-setup,2.12-r1,research-os/data/openwrt-v2-snapshots/releases/24.10.8/x86_64/openwrt-24.10.8-x86-64.manifest
24.10.8,x86/64,grub2-efi,2.12-r1,research-os/data/openwrt-v2-snapshots/releases/24.10.8/x86_64/openwrt-24.10.8-x86-64.manifest
24.10.8,x86/64,jansson4,2.14-r3,research-os/data/openwrt-v2-snapshots/releases/24.10.8/x86_64/openwrt-24.10.8-x86-64.manifest
24.10.8,x86/64,jshn,2025.07.23~49056d17-r1,research-os/data/openwrt-v2-snapshots/releases/24.10.8/x86_64/openwrt-24.10.8-x86-64.manifest
24.10.8,x86/64,jsonfilter,2025.04.18~8a86fb78-r1,research-os/data/openwrt-v2-snapshots/releases/24.10.8/x86_64/openwrt-24.10.8-x86-64.manifest
24.10.8,x86/64,kernel,6.6.144~50daf8372d971124fb3519e8d87e02ae-r1,research-os/data/openwrt-v2-snapshots/releases/24.10.8/x86_64/openwrt-24.10.8-x86-64.manifest
24.10.8,x86/64,kmod-button-hotplug,6.6.144-r3,research-os/data/openwrt-v2-snapshots/releases/24.10.8/x86_64/openwrt-24.10.8-x86-64.manifest
24.10.8,x86/64,kmod-crypto-acompress,6.6.144-r1,research-os/data/openwrt-v2-snapshots/releases/24.10.8/x86_64/openwrt-24.10.8-x86-64.manifest
24.10.8,x86/64,kmod-crypto-crc32c,6.6.144-r1,research-os/data/openwrt-v2-snapshots/releases/24.10.8/x86_64/openwrt-24.10.8-x86-64.manifest
24.10.8,x86/64,kmod-crypto-hash,6.6.144-r1,research-os/data/openwrt-v2-snapshots/releases/24.10.8/x86_64/openwrt-24.10.8-x86-64.manifest
24.10.8,x86/64,kmod-fs-vfat,6.6.144-r1,research-os/data/openwrt-v2-snapshots/releases/24.10.8/x86_64/openwrt-24.10.8-x86-64.manifest
24.10.8,x86/64,kmod-input-core,6.6.144-r1,research-os/data/openwrt-v2-snapshots/releases/24.10.8/x86_64/openwrt-24.10.8-x86-64.manifest
24.10.8,x86/64,kmod-lib-crc-ccitt,6.6.144-r1,research-os/data/openwrt-v2-snapshots/releases/24.10.8/x86_64/openwrt-24.10.8-x86-64.manifest
24.10.8,x86/64,kmod-lib-crc32c,6.6.144-r1,research-os/data/openwrt-v2-snapshots/releases/24.10.8/x86_64/openwrt-24.10.8-x86-64.manifest
24.10.8,x86/64,kmod-lib-lzo,6.6.144-r1,research-os/data/openwrt-v2-snapshots/releases/24.10.8/x86_64/openwrt-24.10.8-x86-64.manifest
24.10.8,x86/64,kmod-nf-conntrack,6.6.144-r1,research-os/data/openwrt-v2-snapshots/releases/24.10.8/x86_64/openwrt-24.10.8-x86-64.manifest
24.10.8,x86/64,kmod-nf-conntrack6,6.6.144-r1,research-os/data/openwrt-v2-snapshots/releases/24.10.8/x86_64/openwrt-24.10.8-x86-64.manifest
24.10.8,x86/64,kmod-nf-flow,6.6.144-r1,research-os/data/openwrt-v2-snapshots/releases/24.10.8/x86_64/openwrt-24.10.8-x86-64.manifest
24.10.8,x86/64,kmod-nf-log,6.6.144-r1,research-os/data/openwrt-v2-snapshots/releases/24.10.8/x86_64/openwrt-24.10.8-x86-64.manifest
24.10.8,x86/64,kmod-nf-log6,6.6.144-r1,research-os/data/openwrt-v2-snapshots/releases/24.10.8/x86_64/openwrt-24.10.8-x86-64.manifest
24.10.8,x86/64,kmod-nf-nat,6.6.144-r1,research-os/data/openwrt-v2-snapshots/releases/24.10.8/x86_64/openwrt-24.10.8-x86-64.manifest
24.10.8,x86/64,kmod-nf-reject,6.6.144-r1,research-os/data/openwrt-v2-snapshots/releases/24.10.8/x86_64/openwrt-24.10.8-x86-64.manifest
24.10.8,x86/64,kmod-nf-reject6,6.6.144-r1,research-os/data/openwrt-v2-snapshots/releases/24.10.8/x86_64/openwrt-24.10.8-x86-64.manifest
24.10.8,x86/64,kmod-nfnetlink,6.6.144-r1,research-os/data/openwrt-v2-snapshots/releases/24.10.8/x86_64/openwrt-24.10.8-x86-64.manifest
24.10.8,x86/64,kmod-nft-core,6.6.144-r1,research-os/data/openwrt-v2-snapshots/releases/24.10.8/x86_64/openwrt-24.10.8-x86-64.manifest
24.10.8,x86/64,kmod-nft-fib,6.6.144-r1,research-os/data/openwrt-v2-snapshots/releases/24.10.8/x86_64/openwrt-24.10.8-x86-64.manifest
24.10.8,x86/64,kmod-nft-nat,6.6.144-r1,research-os/data/openwrt-v2-snapshots/releases/24.10.8/x86_64/openwrt-24.10.8-x86-64.manifest
24.10.8,x86/64,kmod-nft-offload,6.6.144-r1,research-os/data/openwrt-v2-snapshots/releases/24.10.8/x86_64/openwrt-24.10.8-x86-64.manifest
24.10.8,x86/64,kmod-nls-base,6.6.144-r1,research-os/data/openwrt-v2-snapshots/releases/24.10.8/x86_64/openwrt-24.10.8-x86-64.manifest
24.10.8,x86/64,kmod-nls-cp437,6.6.144-r1,research-os/data/openwrt-v2-snapshots/releases/24.10.8/x86_64/openwrt-24.10.8-x86-64.manifest
24.10.8,x86/64,kmod-nls-iso8859-1,6.6.144-r1,research-os/data/openwrt-v2-snapshots/releases/24.10.8/x86_64/openwrt-24.10.8-x86-64.manifest
24.10.8,x86/64,kmod-nls-utf8,6.6.144-r1,research-os/data/openwrt-v2-snapshots/releases/24.10.8/x86_64/openwrt-24.10.8-x86-64.manifest
24.10.8,x86/64,kmod-ppp,6.6.144-r1,research-os/data/openwrt-v2-snapshots/releases/24.10.8/x86_64/openwrt-24.10.8-x86-64.manifest
24.10.8,x86/64,kmod-pppoe,6.6.144-r1,research-os/data/openwrt-v2-snapshots/releases/24.10.8/x86_64/openwrt-24.10.8-x86-64.manifest
24.10.8,x86/64,kmod-pppox,6.6.144-r1,research-os/data/openwrt-v2-snapshots/releases/24.10.8/x86_64/openwrt-24.10.8-x86-64.manifest
24.10.8,x86/64,kmod-slhc,6.6.144-r1,research-os/data/openwrt-v2-snapshots/releases/24.10.8/x86_64/openwrt-24.10.8-x86-64.manifest
24.10.8,x86/64,libblkid1,2.40.2-r1,research-os/data/openwrt-v2-snapshots/releases/24.10.8/x86_64/openwrt-24.10.8-x86-64.manifest
24.10.8,x86/64,libblobmsg-json20240329,2025.07.23~49056d17-r1,research-os/data/openwrt-v2-snapshots/releases/24.10.8/x86_64/openwrt-24.10.8-x86-64.manifest
24.10.8,x86/64,libc,1.2.5-r4,research-os/data/openwrt-v2-snapshots/releases/24.10.8/x86_64/openwrt-24.10.8-x86-64.manifest
24.10.8,x86/64,libcomerr0,1.47.0-r2,research-os/data/openwrt-v2-snapshots/releases/24.10.8/x86_64/openwrt-24.10.8-x86-64.manifest
24.10.8,x86/64,libe2p2,1.47.0-r2,research-os/data/openwrt-v2-snapshots/releases/24.10.8/x86_64/openwrt-24.10.8-x86-64.manifest
24.10.8,x86/64,libext2fs2,1.47.0-r2,research-os/data/openwrt-v2-snapshots/releases/24.10.8/x86_64/openwrt-24.10.8-x86-64.manifest
24.10.8,x86/64,libf2fs6,1.16.0-r3,research-os/data/openwrt-v2-snapshots/releases/24.10.8/x86_64/openwrt-24.10.8-x86-64.manifest
24.10.8,x86/64,libgcc1,13.3.0-r4,research-os/data/openwrt-v2-snapshots/releases/24.10.8/x86_64/openwrt-24.10.8-x86-64.manifest
24.10.8,x86/64,libiwinfo-data,2024.10.20~b94f066e-r1,research-os/data/openwrt-v2-snapshots/releases/24.10.8/x86_64/openwrt-24.10.8-x86-64.manifest
24.10.8,x86/64,libiwinfo20230701,2024.10.20~b94f066e-r1,research-os/data/openwrt-v2-snapshots/releases/24.10.8/x86_64/openwrt-24.10.8-x86-64.manifest
24.10.8,x86/64,libjson-c5,0.18-r1,research-os/data/openwrt-v2-snapshots/releases/24.10.8/x86_64/openwrt-24.10.8-x86-64.manifest
24.10.8,x86/64,libjson-script20240329,2025.07.23~49056d17-r1,research-os/data/openwrt-v2-snapshots/releases/24.10.8/x86_64/openwrt-24.10.8-x86-64.manifest
24.10.8,x86/64,liblucihttp-ucode,2023.03.15~9b5b683f-r1,research-os/data/openwrt-v2-snapshots/releases/24.10.8/x86_64/openwrt-24.10.8-x86-64.manifest
24.10.8,x86/64,liblucihttp0,2023.03.15~9b5b683f-r1,research-os/data/openwrt-v2-snapshots/releases/24.10.8/x86_64/openwrt-24.10.8-x86-64.manifest
24.10.8,x86/64,libmbedtls21,3.6.6-r2,research-os/data/openwrt-v2-snapshots/releases/24.10.8/x86_64/openwrt-24.10.8-x86-64.manifest
24.10.8,x86/64,libmnl0,1.0.5-r1,research-os/data/openwrt-v2-snapshots/releases/24.10.8/x86_64/openwrt-24.10.8-x86-64.manifest
24.10.8,x86/64,libnftnl11,1.2.8-r1,research-os/data/openwrt-v2-snapshots/releases/24.10.8/x86_64/openwrt-24.10.8-x86-64.manifest
24.10.8,x86/64,libnl-tiny1,2025.03.19~c0df580a-r1,research-os/data/openwrt-v2-snapshots/releases/24.10.8/x86_64/openwrt-24.10.8-x86-64.manifest
24.10.8,x86/64,libpthread,1.2.5-r4,research-os/data/openwrt-v2-snapshots/releases/24.10.8/x86_64/openwrt-24.10.8-x86-64.manifest
24.10.8,x86/64,librt,1.2.5-r4,research-os/data/openwrt-v2-snapshots/releases/24.10.8/x86_64/openwrt-24.10.8-x86-64.manifest
24.10.8,x86/64,libsmartcols1,2.40.2-r1,research-os/data/openwrt-v2-snapshots/releases/24.10.8/x86_64/openwrt-24.10.8-x86-64.manifest
24.10.8,x86/64,libss2,1.47.0-r2,research-os/data/openwrt-v2-snapshots/releases/24.10.8/x86_64/openwrt-24.10.8-x86-64.manifest
24.10.8,x86/64,libubox20240329,2025.07.23~49056d17-r1,research-os/data/openwrt-v2-snapshots/releases/24.10.8/x86_64/openwrt-24.10.8-x86-64.manifest
24.10.8,x86/64,libubus20250102,2025.10.17~60e04048-r1,research-os/data/openwrt-v2-snapshots/releases/24.10.8/x86_64/openwrt-24.10.8-x86-64.manifest
24.10.8,x86/64,libuci20250120,2025.01.20~16ff0bad-r1,research-os/data/openwrt-v2-snapshots/releases/24.10.8/x86_64/openwrt-24.10.8-x86-64.manifest
24.10.8,x86/64,libuclient20201210,2024.10.22~88ae8f20-r1,research-os/data/openwrt-v2-snapshots/releases/24.10.8/x86_64/openwrt-24.10.8-x86-64.manifest
24.10.8,x86/64,libucode20230711,2025.07.18~3f64c808-r1,research-os/data/openwrt-v2-snapshots/releases/24.10.8/x86_64/openwrt-24.10.8-x86-64.manifest
24.10.8,x86/64,libudebug,2025.08.24~edeb4d6d,research-os/data/openwrt-v2-snapshots/releases/24.10.8/x86_64/openwrt-24.10.8-x86-64.manifest
24.10.8,x86/64,libustream-mbedtls20201210,2024.07.28~99bd3d2b-r1,research-os/data/openwrt-v2-snapshots/releases/24.10.8/x86_64/openwrt-24.10.8-x86-64.manifest
24.10.8,x86/64,libuuid1,2.40.2-r1,research-os/data/openwrt-v2-snapshots/releases/24.10.8/x86_64/openwrt-24.10.8-x86-64.manifest
24.10.8,x86/64,logd,2024.04.26~85f10530-r1,research-os/data/openwrt-v2-snapshots/releases/24.10.8/x86_64/openwrt-24.10.8-x86-64.manifest
24.10.8,x86/64,luci,26.205.85413~cac97ed,research-os/data/openwrt-v2-snapshots/releases/24.10.8/x86_64/openwrt-24.10.8-x86-64.manifest
24.10.8,x86/64,luci-app-firewall,26.205.85413~cac97ed,research-os/data/openwrt-v2-snapshots/releases/24.10.8/x86_64/openwrt-24.10.8-x86-64.manifest
24.10.8,x86/64,luci-app-package-manager,26.205.85413~cac97ed,research-os/data/openwrt-v2-snapshots/releases/24.10.8/x86_64/openwrt-24.10.8-x86-64.manifest
24.10.8,x86/64,luci-base,26.205.85413~cac97ed,research-os/data/openwrt-v2-snapshots/releases/24.10.8/x86_64/openwrt-24.10.8-x86-64.manifest
24.10.8,x86/64,luci-light,26.205.85413~cac97ed,research-os/data/openwrt-v2-snapshots/releases/24.10.8/x86_64/openwrt-24.10.8-x86-64.manifest
24.10.8,x86/64,luci-mod-admin-full,26.205.85413~cac97ed,research-os/data/openwrt-v2-snapshots/releases/24.10.8/x86_64/openwrt-24.10.8-x86-64.manifest
24.10.8,x86/64,luci-mod-network,26.205.85413~cac97ed,research-os/data/openwrt-v2-snapshots/releases/24.10.8/x86_64/openwrt-24.10.8-x86-64.manifest
24.10.8,x86/64,luci-mod-status,26.205.85413~cac97ed,research-os/data/openwrt-v2-snapshots/releases/24.10.8/x86_64/openwrt-24.10.8-x86-64.manifest
24.10.8,x86/64,luci-mod-system,26.205.85413~cac97ed,research-os/data/openwrt-v2-snapshots/releases/24.10.8/x86_64/openwrt-24.10.8-x86-64.manifest
24.10.8,x86/64,luci-proto-ipv6,26.205.85413~cac97ed,research-os/data/openwrt-v2-snapshots/releases/24.10.8/x86_64/openwrt-24.10.8-x86-64.manifest
24.10.8,x86/64,luci-proto-ppp,26.205.85413~cac97ed,research-os/data/openwrt-v2-snapshots/releases/24.10.8/x86_64/openwrt-24.10.8-x86-64.manifest
24.10.8,x86/64,luci-ssl,26.205.85413~cac97ed,research-os/data/openwrt-v2-snapshots/releases/24.10.8/x86_64/openwrt-24.10.8-x86-64.manifest
24.10.8,x86/64,luci-theme-bootstrap,26.205.85413~cac97ed,research-os/data/openwrt-v2-snapshots/releases/24.10.8/x86_64/openwrt-24.10.8-x86-64.manifest
24.10.8,x86/64,mkf2fs,1.16.0-r3,research-os/data/openwrt-v2-snapshots/releases/24.10.8/x86_64/openwrt-24.10.8-x86-64.manifest
24.10.8,x86/64,mtd,26,research-os/data/openwrt-v2-snapshots/releases/24.10.8/x86_64/openwrt-24.10.8-x86-64.manifest
24.10.8,x86/64,netifd,2025.05.23~7901e66c-r1,research-os/data/openwrt-v2-snapshots/releases/24.10.8/x86_64/openwrt-24.10.8-x86-64.manifest
24.10.8,x86/64,nftables-json,1.1.1-r1,research-os/data/openwrt-v2-snapshots/releases/24.10.8/x86_64/openwrt-24.10.8-x86-64.manifest
24.10.8,x86/64,odhcp6c,2024.09.25~b6ae9ffa-r2,research-os/data/openwrt-v2-snapshots/releases/24.10.8/x86_64/openwrt-24.10.8-x86-64.manifest
24.10.8,x86/64,odhcpd-ipv6only,2025.10.02~b14cf98c-r3,research-os/data/openwrt-v2-snapshots/releases/24.10.8/x86_64/openwrt-24.10.8-x86-64.manifest
24.10.8,x86/64,openwrt-keyring,2024.11.01~fbae29d7-r2,research-os/data/openwrt-v2-snapshots/releases/24.10.8/x86_64/openwrt-24.10.8-x86-64.manifest
24.10.8,x86/64,opkg,2024.10.16~38eccbb1-r1,research-os/data/openwrt-v2-snapshots/releases/24.10.8/x86_64/openwrt-24.10.8-x86-64.manifest
24.10.8,x86/64,partx-utils,2.40.2-r1,research-os/data/openwrt-v2-snapshots/releases/24.10.8/x86_64/openwrt-24.10.8-x86-64.manifest
24.10.8,x86/64,ppp,2.5.1-r1,research-os/data/openwrt-v2-snapshots/releases/24.10.8/x86_64/openwrt-24.10.8-x86-64.manifest
24.10.8,x86/64,ppp-mod-pppoe,2.5.1-r1,research-os/data/openwrt-v2-snapshots/releases/24.10.8/x86_64/openwrt-24.10.8-x86-64.manifest
24.10.8,x86/64,procd,2026.03.14~c59f2d80-r1,research-os/data/openwrt-v2-snapshots/releases/24.10.8/x86_64/openwrt-24.10.8-x86-64.manifest
24.10.8,x86/64,procd-seccomp,2026.03.14~c59f2d80-r1,research-os/data/openwrt-v2-snapshots/releases/24.10.8/x86_64/openwrt-24.10.8-x86-64.manifest
24.10.8,x86/64,procd-ujail,2026.03.14~c59f2d80-r1,research-os/data/openwrt-v2-snapshots/releases/24.10.8/x86_64/openwrt-24.10.8-x86-64.manifest
24.10.8,x86/64,px5g-mbedtls,11,research-os/data/openwrt-v2-snapshots/releases/24.10.8/x86_64/openwrt-24.10.8-x86-64.manifest
24.10.8,x86/64,rpcd,2025.09.01~bba95191-r2,research-os/data/openwrt-v2-snapshots/releases/24.10.8/x86_64/openwrt-24.10.8-x86-64.manifest
24.10.8,x86/64,rpcd-mod-file,2025.09.01~bba95191-r2,research-os/data/openwrt-v2-snapshots/releases/24.10.8/x86_64/openwrt-24.10.8-x86-64.manifest
24.10.8,x86/64,rpcd-mod-iwinfo,2025.09.01~bba95191-r2,research-os/data/openwrt-v2-snapshots/releases/24.10.8/x86_64/openwrt-24.10.8-x86-64.manifest
24.10.8,x86/64,rpcd-mod-luci,20240305-r1,research-os/data/openwrt-v2-snapshots/releases/24.10.8/x86_64/openwrt-24.10.8-x86-64.manifest
24.10.8,x86/64,rpcd-mod-rrdns,20170710,research-os/data/openwrt-v2-snapshots/releases/24.10.8/x86_64/openwrt-24.10.8-x86-64.manifest
24.10.8,x86/64,rpcd-mod-ucode,2025.09.01~bba95191-r2,research-os/data/openwrt-v2-snapshots/releases/24.10.8/x86_64/openwrt-24.10.8-x86-64.manifest
24.10.8,x86/64,ubox,2024.04.26~85f10530-r1,research-os/data/openwrt-v2-snapshots/releases/24.10.8/x86_64/openwrt-24.10.8-x86-64.manifest
24.10.8,x86/64,ubus,2025.10.17~60e04048-r1,research-os/data/openwrt-v2-snapshots/releases/24.10.8/x86_64/openwrt-24.10.8-x86-64.manifest
24.10.8,x86/64,ubusd,2025.10.17~60e04048-r1,research-os/data/openwrt-v2-snapshots/releases/24.10.8/x86_64/openwrt-24.10.8-x86-64.manifest
24.10.8,x86/64,uci,2025.01.20~16ff0bad-r1,research-os/data/openwrt-v2-snapshots/releases/24.10.8/x86_64/openwrt-24.10.8-x86-64.manifest
24.10.8,x86/64,uclient-fetch,2024.10.22~88ae8f20-r1,research-os/data/openwrt-v2-snapshots/releases/24.10.8/x86_64/openwrt-24.10.8-x86-64.manifest
24.10.8,x86/64,ucode,2025.07.18~3f64c808-r1,research-os/data/openwrt-v2-snapshots/releases/24.10.8/x86_64/openwrt-24.10.8-x86-64.manifest
24.10.8,x86/64,ucode-mod-fs,2025.07.18~3f64c808-r1,research-os/data/openwrt-v2-snapshots/releases/24.10.8/x86_64/openwrt-24.10.8-x86-64.manifest
24.10.8,x86/64,ucode-mod-html,1,research-os/data/openwrt-v2-snapshots/releases/24.10.8/x86_64/openwrt-24.10.8-x86-64.manifest
24.10.8,x86/64,ucode-mod-math,2025.07.18~3f64c808-r1,research-os/data/openwrt-v2-snapshots/releases/24.10.8/x86_64/openwrt-24.10.8-x86-64.manifest
24.10.8,x86/64,ucode-mod-ubus,2025.07.18~3f64c808-r1,research-os/data/openwrt-v2-snapshots/releases/24.10.8/x86_64/openwrt-24.10.8-x86-64.manifest
24.10.8,x86/64,ucode-mod-uci,2025.07.18~3f64c808-r1,research-os/data/openwrt-v2-snapshots/releases/24.10.8/x86_64/openwrt-24.10.8-x86-64.manifest
24.10.8,x86/64,uhttpd,2025.07.06~7e64e8ba-r5,research-os/data/openwrt-v2-snapshots/releases/24.10.8/x86_64/openwrt-24.10.8-x86-64.manifest
24.10.8,x86/64,uhttpd-mod-ubus,2025.07.06~7e64e8ba-r5,research-os/data/openwrt-v2-snapshots/releases/24.10.8/x86_64/openwrt-24.10.8-x86-64.manifest
24.10.8,x86/64,urandom-seed,3,research-os/data/openwrt-v2-snapshots/releases/24.10.8/x86_64/openwrt-24.10.8-x86-64.manifest
24.10.8,x86/64,urngd,2023.11.01~44365eb1-r1,research-os/data/openwrt-v2-snapshots/releases/24.10.8/x86_64/openwrt-24.10.8-x86-64.manifest
24.10.8,x86/64,usign,2020.05.23~f1f65026-r1,research-os/data/openwrt-v2-snapshots/releases/24.10.8/x86_64/openwrt-24.10.8-x86-64.manifest
