release,release_tag_commit,commit_sha,commit_subject,cve_id,package_subject_hint,evidence_type,review_status,target,manifest_package,manifest_version,manifest_path,selection_basis
22.03.0,17bd6b04777d71d081ddf4ff8fbf44ccaf6f422e,13397b2b95b4800fb0a29c3d483fa280d10f0eb0,busybox: backport fix for CVE-2021-28831,CVE-2021-28831,busybox,explicit_CVE_in_commit_message,unreviewed,ath79/generic,busybox,1.35.0-3,research-os/data/openwrt-v2-snapshots/releases/22.03.0/ath79_generic/openwrt-22.03.0-ath79-generic.manifest,explicit_backport_or_cherry_pick_in_commit_message
22.03.0,17bd6b04777d71d081ddf4ff8fbf44ccaf6f422e,13397b2b95b4800fb0a29c3d483fa280d10f0eb0,busybox: backport fix for CVE-2021-28831,CVE-2021-28831,busybox,explicit_CVE_in_commit_message,unreviewed,x86/64,busybox,1.35.0-3,research-os/data/openwrt-v2-snapshots/releases/22.03.0/x86_64/openwrt-22.03.0-x86-64.manifest,explicit_backport_or_cherry_pick_in_commit_message
22.03.0,17bd6b04777d71d081ddf4ff8fbf44ccaf6f422e,2211ee0037764e1c6b1576fe7a0975722cd4acdc,dropbear: backport upstream fix for CVE-2018-15599,CVE-2018-15473,dropbear,explicit_CVE_in_commit_message,unreviewed,ath79/generic,dropbear,2022.82-2,research-os/data/openwrt-v2-snapshots/releases/22.03.0/ath79_generic/openwrt-22.03.0-ath79-generic.manifest,explicit_backport_or_cherry_pick_in_commit_message
22.03.0,17bd6b04777d71d081ddf4ff8fbf44ccaf6f422e,2211ee0037764e1c6b1576fe7a0975722cd4acdc,dropbear: backport upstream fix for CVE-2018-15599,CVE-2018-15473,dropbear,explicit_CVE_in_commit_message,unreviewed,x86/64,dropbear,2022.82-2,research-os/data/openwrt-v2-snapshots/releases/22.03.0/x86_64/openwrt-22.03.0-x86-64.manifest,explicit_backport_or_cherry_pick_in_commit_message
22.03.0,17bd6b04777d71d081ddf4ff8fbf44ccaf6f422e,2211ee0037764e1c6b1576fe7a0975722cd4acdc,dropbear: backport upstream fix for CVE-2018-15599,CVE-2018-15599,dropbear,explicit_CVE_in_commit_message,unreviewed,ath79/generic,dropbear,2022.82-2,research-os/data/openwrt-v2-snapshots/releases/22.03.0/ath79_generic/openwrt-22.03.0-ath79-generic.manifest,explicit_backport_or_cherry_pick_in_commit_message
22.03.0,17bd6b04777d71d081ddf4ff8fbf44ccaf6f422e,2211ee0037764e1c6b1576fe7a0975722cd4acdc,dropbear: backport upstream fix for CVE-2018-15599,CVE-2018-15599,dropbear,explicit_CVE_in_commit_message,unreviewed,x86/64,dropbear,2022.82-2,research-os/data/openwrt-v2-snapshots/releases/22.03.0/x86_64/openwrt-22.03.0-x86-64.manifest,explicit_backport_or_cherry_pick_in_commit_message
22.03.0,17bd6b04777d71d081ddf4ff8fbf44ccaf6f422e,22b9f99b87fa1ff991180cabf02dd04d1bddce2b,kernel: bump 4.14 to 4.14.59,CVE-2018-10876,kernel,explicit_CVE_in_commit_message,unreviewed,ath79/generic,kernel,5.10.138-1-abf0c66378f3d0588b20489662c12426,research-os/data/openwrt-v2-snapshots/releases/22.03.0/ath79_generic/openwrt-22.03.0-ath79-generic.manifest,explicit_backport_or_cherry_pick_in_commit_message
22.03.0,17bd6b04777d71d081ddf4ff8fbf44ccaf6f422e,22b9f99b87fa1ff991180cabf02dd04d1bddce2b,kernel: bump 4.14 to 4.14.59,CVE-2018-10876,kernel,explicit_CVE_in_commit_message,unreviewed,x86/64,kernel,5.10.138-1-789565457d2f287975d7d943ddbe4eeb,research-os/data/openwrt-v2-snapshots/releases/22.03.0/x86_64/openwrt-22.03.0-x86-64.manifest,explicit_backport_or_cherry_pick_in_commit_message
22.03.0,17bd6b04777d71d081ddf4ff8fbf44ccaf6f422e,22b9f99b87fa1ff991180cabf02dd04d1bddce2b,kernel: bump 4.14 to 4.14.59,CVE-2018-10877,kernel,explicit_CVE_in_commit_message,unreviewed,ath79/generic,kernel,5.10.138-1-abf0c66378f3d0588b20489662c12426,research-os/data/openwrt-v2-snapshots/releases/22.03.0/ath79_generic/openwrt-22.03.0-ath79-generic.manifest,explicit_backport_or_cherry_pick_in_commit_message
22.03.0,17bd6b04777d71d081ddf4ff8fbf44ccaf6f422e,22b9f99b87fa1ff991180cabf02dd04d1bddce2b,kernel: bump 4.14 to 4.14.59,CVE-2018-10877,kernel,explicit_CVE_in_commit_message,unreviewed,x86/64,kernel,5.10.138-1-789565457d2f287975d7d943ddbe4eeb,research-os/data/openwrt-v2-snapshots/releases/22.03.0/x86_64/openwrt-22.03.0-x86-64.manifest,explicit_backport_or_cherry_pick_in_commit_message
22.03.0,17bd6b04777d71d081ddf4ff8fbf44ccaf6f422e,22b9f99b87fa1ff991180cabf02dd04d1bddce2b,kernel: bump 4.14 to 4.14.59,CVE-2018-10879,kernel,explicit_CVE_in_commit_message,unreviewed,ath79/generic,kernel,5.10.138-1-abf0c66378f3d0588b20489662c12426,research-os/data/openwrt-v2-snapshots/releases/22.03.0/ath79_generic/openwrt-22.03.0-ath79-generic.manifest,explicit_backport_or_cherry_pick_in_commit_message
22.03.0,17bd6b04777d71d081ddf4ff8fbf44ccaf6f422e,22b9f99b87fa1ff991180cabf02dd04d1bddce2b,kernel: bump 4.14 to 4.14.59,CVE-2018-10879,kernel,explicit_CVE_in_commit_message,unreviewed,x86/64,kernel,5.10.138-1-789565457d2f287975d7d943ddbe4eeb,research-os/data/openwrt-v2-snapshots/releases/22.03.0/x86_64/openwrt-22.03.0-x86-64.manifest,explicit_backport_or_cherry_pick_in_commit_message
22.03.0,17bd6b04777d71d081ddf4ff8fbf44ccaf6f422e,22b9f99b87fa1ff991180cabf02dd04d1bddce2b,kernel: bump 4.14 to 4.14.59,CVE-2018-10880,kernel,explicit_CVE_in_commit_message,unreviewed,ath79/generic,kernel,5.10.138-1-abf0c66378f3d0588b20489662c12426,research-os/data/openwrt-v2-snapshots/releases/22.03.0/ath79_generic/openwrt-22.03.0-ath79-generic.manifest,explicit_backport_or_cherry_pick_in_commit_message
22.03.0,17bd6b04777d71d081ddf4ff8fbf44ccaf6f422e,22b9f99b87fa1ff991180cabf02dd04d1bddce2b,kernel: bump 4.14 to 4.14.59,CVE-2018-10880,kernel,explicit_CVE_in_commit_message,unreviewed,x86/64,kernel,5.10.138-1-789565457d2f287975d7d943ddbe4eeb,research-os/data/openwrt-v2-snapshots/releases/22.03.0/x86_64/openwrt-22.03.0-x86-64.manifest,explicit_backport_or_cherry_pick_in_commit_message
22.03.0,17bd6b04777d71d081ddf4ff8fbf44ccaf6f422e,22b9f99b87fa1ff991180cabf02dd04d1bddce2b,kernel: bump 4.14 to 4.14.59,CVE-2018-10881,kernel,explicit_CVE_in_commit_message,unreviewed,ath79/generic,kernel,5.10.138-1-abf0c66378f3d0588b20489662c12426,research-os/data/openwrt-v2-snapshots/releases/22.03.0/ath79_generic/openwrt-22.03.0-ath79-generic.manifest,explicit_backport_or_cherry_pick_in_commit_message
22.03.0,17bd6b04777d71d081ddf4ff8fbf44ccaf6f422e,22b9f99b87fa1ff991180cabf02dd04d1bddce2b,kernel: bump 4.14 to 4.14.59,CVE-2018-10881,kernel,explicit_CVE_in_commit_message,unreviewed,x86/64,kernel,5.10.138-1-789565457d2f287975d7d943ddbe4eeb,research-os/data/openwrt-v2-snapshots/releases/22.03.0/x86_64/openwrt-22.03.0-x86-64.manifest,explicit_backport_or_cherry_pick_in_commit_message
22.03.0,17bd6b04777d71d081ddf4ff8fbf44ccaf6f422e,22b9f99b87fa1ff991180cabf02dd04d1bddce2b,kernel: bump 4.14 to 4.14.59,CVE-2018-10882,kernel,explicit_CVE_in_commit_message,unreviewed,ath79/generic,kernel,5.10.138-1-abf0c66378f3d0588b20489662c12426,research-os/data/openwrt-v2-snapshots/releases/22.03.0/ath79_generic/openwrt-22.03.0-ath79-generic.manifest,explicit_backport_or_cherry_pick_in_commit_message
22.03.0,17bd6b04777d71d081ddf4ff8fbf44ccaf6f422e,22b9f99b87fa1ff991180cabf02dd04d1bddce2b,kernel: bump 4.14 to 4.14.59,CVE-2018-10882,kernel,explicit_CVE_in_commit_message,unreviewed,x86/64,kernel,5.10.138-1-789565457d2f287975d7d943ddbe4eeb,research-os/data/openwrt-v2-snapshots/releases/22.03.0/x86_64/openwrt-22.03.0-x86-64.manifest,explicit_backport_or_cherry_pick_in_commit_message
22.03.0,17bd6b04777d71d081ddf4ff8fbf44ccaf6f422e,22b9f99b87fa1ff991180cabf02dd04d1bddce2b,kernel: bump 4.14 to 4.14.59,CVE-2018-10883,kernel,explicit_CVE_in_commit_message,unreviewed,ath79/generic,kernel,5.10.138-1-abf0c66378f3d0588b20489662c12426,research-os/data/openwrt-v2-snapshots/releases/22.03.0/ath79_generic/openwrt-22.03.0-ath79-generic.manifest,explicit_backport_or_cherry_pick_in_commit_message
22.03.0,17bd6b04777d71d081ddf4ff8fbf44ccaf6f422e,22b9f99b87fa1ff991180cabf02dd04d1bddce2b,kernel: bump 4.14 to 4.14.59,CVE-2018-10883,kernel,explicit_CVE_in_commit_message,unreviewed,x86/64,kernel,5.10.138-1-789565457d2f287975d7d943ddbe4eeb,research-os/data/openwrt-v2-snapshots/releases/22.03.0/x86_64/openwrt-22.03.0-x86-64.manifest,explicit_backport_or_cherry_pick_in_commit_message
22.03.0,17bd6b04777d71d081ddf4ff8fbf44ccaf6f422e,35890514bb191de3ab96dcd684714850a9142efc,ppp: backport security fixes,CVE-2020-8597,ppp,explicit_CVE_in_commit_message,unreviewed,ath79/generic,ppp,2.4.9.git-2021-01-04-3,research-os/data/openwrt-v2-snapshots/releases/22.03.0/ath79_generic/openwrt-22.03.0-ath79-generic.manifest,explicit_backport_or_cherry_pick_in_commit_message
22.03.0,17bd6b04777d71d081ddf4ff8fbf44ccaf6f422e,35890514bb191de3ab96dcd684714850a9142efc,ppp: backport security fixes,CVE-2020-8597,ppp,explicit_CVE_in_commit_message,unreviewed,x86/64,ppp,2.4.9.git-2021-01-04-3,research-os/data/openwrt-v2-snapshots/releases/22.03.0/x86_64/openwrt-22.03.0-x86-64.manifest,explicit_backport_or_cherry_pick_in_commit_message
22.03.0,17bd6b04777d71d081ddf4ff8fbf44ccaf6f422e,3c2c31bb66e5b247ffbb3cafac2a21d441daef39,kernel: backport upstream challenge ACK fix (CVE-2016-5696),CVE-2016-5696,kernel,explicit_CVE_in_commit_message,unreviewed,ath79/generic,kernel,5.10.138-1-abf0c66378f3d0588b20489662c12426,research-os/data/openwrt-v2-snapshots/releases/22.03.0/ath79_generic/openwrt-22.03.0-ath79-generic.manifest,explicit_backport_or_cherry_pick_in_commit_message
22.03.0,17bd6b04777d71d081ddf4ff8fbf44ccaf6f422e,3c2c31bb66e5b247ffbb3cafac2a21d441daef39,kernel: backport upstream challenge ACK fix (CVE-2016-5696),CVE-2016-5696,kernel,explicit_CVE_in_commit_message,unreviewed,x86/64,kernel,5.10.138-1-789565457d2f287975d7d943ddbe4eeb,research-os/data/openwrt-v2-snapshots/releases/22.03.0/x86_64/openwrt-22.03.0-x86-64.manifest,explicit_backport_or_cherry_pick_in_commit_message
22.03.0,17bd6b04777d71d081ddf4ff8fbf44ccaf6f422e,6713fe030fca32fc3d5ad9761f3b2f96501aedd6,busybox: update to 1.33.1,CVE-2021-28831,busybox,explicit_CVE_in_commit_message,unreviewed,ath79/generic,busybox,1.35.0-3,research-os/data/openwrt-v2-snapshots/releases/22.03.0/ath79_generic/openwrt-22.03.0-ath79-generic.manifest,explicit_backport_or_cherry_pick_in_commit_message
22.03.0,17bd6b04777d71d081ddf4ff8fbf44ccaf6f422e,6713fe030fca32fc3d5ad9761f3b2f96501aedd6,busybox: update to 1.33.1,CVE-2021-28831,busybox,explicit_CVE_in_commit_message,unreviewed,x86/64,busybox,1.35.0-3,research-os/data/openwrt-v2-snapshots/releases/22.03.0/x86_64/openwrt-22.03.0-x86-64.manifest,explicit_backport_or_cherry_pick_in_commit_message
22.03.0,17bd6b04777d71d081ddf4ff8fbf44ccaf6f422e,7c0a2bc93077f52c033e406864b34af3a4fab245,busybox: backport cve-2017-16544 fix,CVE-2017-16544,busybox,explicit_CVE_in_commit_message,unreviewed,ath79/generic,busybox,1.35.0-3,research-os/data/openwrt-v2-snapshots/releases/22.03.0/ath79_generic/openwrt-22.03.0-ath79-generic.manifest,explicit_backport_or_cherry_pick_in_commit_message
22.03.0,17bd6b04777d71d081ddf4ff8fbf44ccaf6f422e,7c0a2bc93077f52c033e406864b34af3a4fab245,busybox: backport cve-2017-16544 fix,CVE-2017-16544,busybox,explicit_CVE_in_commit_message,unreviewed,x86/64,busybox,1.35.0-3,research-os/data/openwrt-v2-snapshots/releases/22.03.0/x86_64/openwrt-22.03.0-x86-64.manifest,explicit_backport_or_cherry_pick_in_commit_message
22.03.0,17bd6b04777d71d081ddf4ff8fbf44ccaf6f422e,7c0a2bc93077f52c033e406864b34af3a4fab245,busybox: backport cve-2017-16544 fix,CVE-2017-16544,busybox,explicit_CVE_in_commit_message,unreviewed,ath79/generic,busybox,1.35.0-3,research-os/data/openwrt-v2-snapshots/releases/22.03.0/ath79_generic/openwrt-22.03.0-ath79-generic.manifest,explicit_backport_or_cherry_pick_in_commit_message
22.03.0,17bd6b04777d71d081ddf4ff8fbf44ccaf6f422e,7c0a2bc93077f52c033e406864b34af3a4fab245,busybox: backport cve-2017-16544 fix,CVE-2017-16544,busybox,explicit_CVE_in_commit_message,unreviewed,x86/64,busybox,1.35.0-3,research-os/data/openwrt-v2-snapshots/releases/22.03.0/x86_64/openwrt-22.03.0-x86-64.manifest,explicit_backport_or_cherry_pick_in_commit_message
22.03.0,17bd6b04777d71d081ddf4ff8fbf44ccaf6f422e,88ba41453dbc65e1d5d596073d66bdf2e59a43a1,kernel: bump 4.14 to 4.14.20,CVE-2017-8824,kernel,explicit_CVE_in_commit_message,unreviewed,ath79/generic,kernel,5.10.138-1-abf0c66378f3d0588b20489662c12426,research-os/data/openwrt-v2-snapshots/releases/22.03.0/ath79_generic/openwrt-22.03.0-ath79-generic.manifest,explicit_backport_or_cherry_pick_in_commit_message
22.03.0,17bd6b04777d71d081ddf4ff8fbf44ccaf6f422e,88ba41453dbc65e1d5d596073d66bdf2e59a43a1,kernel: bump 4.14 to 4.14.20,CVE-2017-8824,kernel,explicit_CVE_in_commit_message,unreviewed,x86/64,kernel,5.10.138-1-789565457d2f287975d7d943ddbe4eeb,research-os/data/openwrt-v2-snapshots/releases/22.03.0/x86_64/openwrt-22.03.0-x86-64.manifest,explicit_backport_or_cherry_pick_in_commit_message
22.03.0,17bd6b04777d71d081ddf4ff8fbf44ccaf6f422e,9a753c49ea7053f3592f9ec1ce9d97882edb332d,dnsmasq: backport official fix for CVE-2017-13704,CVE-2017-13704,dnsmasq,explicit_CVE_in_commit_message,unreviewed,ath79/generic,dnsmasq,2.86-14,research-os/data/openwrt-v2-snapshots/releases/22.03.0/ath79_generic/openwrt-22.03.0-ath79-generic.manifest,explicit_backport_or_cherry_pick_in_commit_message
22.03.0,17bd6b04777d71d081ddf4ff8fbf44ccaf6f422e,9a753c49ea7053f3592f9ec1ce9d97882edb332d,dnsmasq: backport official fix for CVE-2017-13704,CVE-2017-13704,dnsmasq,explicit_CVE_in_commit_message,unreviewed,x86/64,dnsmasq,2.86-14,research-os/data/openwrt-v2-snapshots/releases/22.03.0/x86_64/openwrt-22.03.0-x86-64.manifest,explicit_backport_or_cherry_pick_in_commit_message
22.03.0,17bd6b04777d71d081ddf4ff8fbf44ccaf6f422e,a3198061f80a7f3933810cd99206b085e4cf49f9,dnsmasq: backport dnssec security fix,CVE-2017-15107,dnsmasq,explicit_CVE_in_commit_message,unreviewed,ath79/generic,dnsmasq,2.86-14,research-os/data/openwrt-v2-snapshots/releases/22.03.0/ath79_generic/openwrt-22.03.0-ath79-generic.manifest,explicit_backport_or_cherry_pick_in_commit_message
22.03.0,17bd6b04777d71d081ddf4ff8fbf44ccaf6f422e,a3198061f80a7f3933810cd99206b085e4cf49f9,dnsmasq: backport dnssec security fix,CVE-2017-15107,dnsmasq,explicit_CVE_in_commit_message,unreviewed,x86/64,dnsmasq,2.86-14,research-os/data/openwrt-v2-snapshots/releases/22.03.0/x86_64/openwrt-22.03.0-x86-64.manifest,explicit_backport_or_cherry_pick_in_commit_message
22.03.0,17bd6b04777d71d081ddf4ff8fbf44ccaf6f422e,adaf1cbcc8b253ea807dbe0416b4b04c33dceadf,dnsmasq: backport validation fix in dnssec security fix,CVE-2017-15107,dnsmasq,explicit_CVE_in_commit_message,unreviewed,ath79/generic,dnsmasq,2.86-14,research-os/data/openwrt-v2-snapshots/releases/22.03.0/ath79_generic/openwrt-22.03.0-ath79-generic.manifest,explicit_backport_or_cherry_pick_in_commit_message
22.03.0,17bd6b04777d71d081ddf4ff8fbf44ccaf6f422e,adaf1cbcc8b253ea807dbe0416b4b04c33dceadf,dnsmasq: backport validation fix in dnssec security fix,CVE-2017-15107,dnsmasq,explicit_CVE_in_commit_message,unreviewed,x86/64,dnsmasq,2.86-14,research-os/data/openwrt-v2-snapshots/releases/22.03.0/x86_64/openwrt-22.03.0-x86-64.manifest,explicit_backport_or_cherry_pick_in_commit_message
22.03.0,17bd6b04777d71d081ddf4ff8fbf44ccaf6f422e,b547ab3143e5f9116c19698292d1bd9e08feda3e,kernel: bump kernel 4.9 to version 4.9.120,CVE-2018-3620,kernel,explicit_CVE_in_commit_message,unreviewed,ath79/generic,kernel,5.10.138-1-abf0c66378f3d0588b20489662c12426,research-os/data/openwrt-v2-snapshots/releases/22.03.0/ath79_generic/openwrt-22.03.0-ath79-generic.manifest,explicit_backport_or_cherry_pick_in_commit_message
22.03.0,17bd6b04777d71d081ddf4ff8fbf44ccaf6f422e,b547ab3143e5f9116c19698292d1bd9e08feda3e,kernel: bump kernel 4.9 to version 4.9.120,CVE-2018-3620,kernel,explicit_CVE_in_commit_message,unreviewed,x86/64,kernel,5.10.138-1-789565457d2f287975d7d943ddbe4eeb,research-os/data/openwrt-v2-snapshots/releases/22.03.0/x86_64/openwrt-22.03.0-x86-64.manifest,explicit_backport_or_cherry_pick_in_commit_message
22.03.0,17bd6b04777d71d081ddf4ff8fbf44ccaf6f422e,b547ab3143e5f9116c19698292d1bd9e08feda3e,kernel: bump kernel 4.9 to version 4.9.120,CVE-2018-3646,kernel,explicit_CVE_in_commit_message,unreviewed,ath79/generic,kernel,5.10.138-1-abf0c66378f3d0588b20489662c12426,research-os/data/openwrt-v2-snapshots/releases/22.03.0/ath79_generic/openwrt-22.03.0-ath79-generic.manifest,explicit_backport_or_cherry_pick_in_commit_message
22.03.0,17bd6b04777d71d081ddf4ff8fbf44ccaf6f422e,b547ab3143e5f9116c19698292d1bd9e08feda3e,kernel: bump kernel 4.9 to version 4.9.120,CVE-2018-3646,kernel,explicit_CVE_in_commit_message,unreviewed,x86/64,kernel,5.10.138-1-789565457d2f287975d7d943ddbe4eeb,research-os/data/openwrt-v2-snapshots/releases/22.03.0/x86_64/openwrt-22.03.0-x86-64.manifest,explicit_backport_or_cherry_pick_in_commit_message
22.03.0,17bd6b04777d71d081ddf4ff8fbf44ccaf6f422e,d8565a06dc01b55ed1018d571e655c122b9d2a33,kernel: bump 4.9 to 4.9.77,CVE-2017-1000410,kernel,explicit_CVE_in_commit_message,unreviewed,ath79/generic,kernel,5.10.138-1-abf0c66378f3d0588b20489662c12426,research-os/data/openwrt-v2-snapshots/releases/22.03.0/ath79_generic/openwrt-22.03.0-ath79-generic.manifest,explicit_backport_or_cherry_pick_in_commit_message
22.03.0,17bd6b04777d71d081ddf4ff8fbf44ccaf6f422e,d8565a06dc01b55ed1018d571e655c122b9d2a33,kernel: bump 4.9 to 4.9.77,CVE-2017-1000410,kernel,explicit_CVE_in_commit_message,unreviewed,x86/64,kernel,5.10.138-1-789565457d2f287975d7d943ddbe4eeb,research-os/data/openwrt-v2-snapshots/releases/22.03.0/x86_64/openwrt-22.03.0-x86-64.manifest,explicit_backport_or_cherry_pick_in_commit_message
22.03.0,17bd6b04777d71d081ddf4ff8fbf44ccaf6f422e,d8565a06dc01b55ed1018d571e655c122b9d2a33,kernel: bump 4.9 to 4.9.77,CVE-2017-17741,kernel,explicit_CVE_in_commit_message,unreviewed,ath79/generic,kernel,5.10.138-1-abf0c66378f3d0588b20489662c12426,research-os/data/openwrt-v2-snapshots/releases/22.03.0/ath79_generic/openwrt-22.03.0-ath79-generic.manifest,explicit_backport_or_cherry_pick_in_commit_message
22.03.0,17bd6b04777d71d081ddf4ff8fbf44ccaf6f422e,d8565a06dc01b55ed1018d571e655c122b9d2a33,kernel: bump 4.9 to 4.9.77,CVE-2017-17741,kernel,explicit_CVE_in_commit_message,unreviewed,x86/64,kernel,5.10.138-1-789565457d2f287975d7d943ddbe4eeb,research-os/data/openwrt-v2-snapshots/releases/22.03.0/x86_64/openwrt-22.03.0-x86-64.manifest,explicit_backport_or_cherry_pick_in_commit_message
22.03.0,17bd6b04777d71d081ddf4ff8fbf44ccaf6f422e,d8565a06dc01b55ed1018d571e655c122b9d2a33,kernel: bump 4.9 to 4.9.77,CVE-2017-5715,kernel,explicit_CVE_in_commit_message,unreviewed,ath79/generic,kernel,5.10.138-1-abf0c66378f3d0588b20489662c12426,research-os/data/openwrt-v2-snapshots/releases/22.03.0/ath79_generic/openwrt-22.03.0-ath79-generic.manifest,explicit_backport_or_cherry_pick_in_commit_message
22.03.0,17bd6b04777d71d081ddf4ff8fbf44ccaf6f422e,d8565a06dc01b55ed1018d571e655c122b9d2a33,kernel: bump 4.9 to 4.9.77,CVE-2017-5715,kernel,explicit_CVE_in_commit_message,unreviewed,x86/64,kernel,5.10.138-1-789565457d2f287975d7d943ddbe4eeb,research-os/data/openwrt-v2-snapshots/releases/22.03.0/x86_64/openwrt-22.03.0-x86-64.manifest,explicit_backport_or_cherry_pick_in_commit_message
22.03.0,17bd6b04777d71d081ddf4ff8fbf44ccaf6f422e,d8565a06dc01b55ed1018d571e655c122b9d2a33,kernel: bump 4.9 to 4.9.77,CVE-2017-5753,kernel,explicit_CVE_in_commit_message,unreviewed,ath79/generic,kernel,5.10.138-1-abf0c66378f3d0588b20489662c12426,research-os/data/openwrt-v2-snapshots/releases/22.03.0/ath79_generic/openwrt-22.03.0-ath79-generic.manifest,explicit_backport_or_cherry_pick_in_commit_message
22.03.0,17bd6b04777d71d081ddf4ff8fbf44ccaf6f422e,d8565a06dc01b55ed1018d571e655c122b9d2a33,kernel: bump 4.9 to 4.9.77,CVE-2017-5753,kernel,explicit_CVE_in_commit_message,unreviewed,x86/64,kernel,5.10.138-1-789565457d2f287975d7d943ddbe4eeb,research-os/data/openwrt-v2-snapshots/releases/22.03.0/x86_64/openwrt-22.03.0-x86-64.manifest,explicit_backport_or_cherry_pick_in_commit_message
22.03.0,17bd6b04777d71d081ddf4ff8fbf44ccaf6f422e,f621b539512e5b6c83dd2de1bc2dba06e40cd7ea,kernel: bump 4.9 to 4.9.82,CVE-2017-8824,kernel,explicit_CVE_in_commit_message,unreviewed,ath79/generic,kernel,5.10.138-1-abf0c66378f3d0588b20489662c12426,research-os/data/openwrt-v2-snapshots/releases/22.03.0/ath79_generic/openwrt-22.03.0-ath79-generic.manifest,explicit_backport_or_cherry_pick_in_commit_message
22.03.0,17bd6b04777d71d081ddf4ff8fbf44ccaf6f422e,f621b539512e5b6c83dd2de1bc2dba06e40cd7ea,kernel: bump 4.9 to 4.9.82,CVE-2017-8824,kernel,explicit_CVE_in_commit_message,unreviewed,x86/64,kernel,5.10.138-1-789565457d2f287975d7d943ddbe4eeb,research-os/data/openwrt-v2-snapshots/releases/22.03.0/x86_64/openwrt-22.03.0-x86-64.manifest,explicit_backport_or_cherry_pick_in_commit_message
22.03.0,17bd6b04777d71d081ddf4ff8fbf44ccaf6f422e,fefe1da440eede8dfaa23975c30ae2f6fcac744d,kernel: backport upstream fix for CVE-2018-5390,CVE-2018-5390,kernel,explicit_CVE_in_commit_message,unreviewed,ath79/generic,kernel,5.10.138-1-abf0c66378f3d0588b20489662c12426,research-os/data/openwrt-v2-snapshots/releases/22.03.0/ath79_generic/openwrt-22.03.0-ath79-generic.manifest,explicit_backport_or_cherry_pick_in_commit_message
22.03.0,17bd6b04777d71d081ddf4ff8fbf44ccaf6f422e,fefe1da440eede8dfaa23975c30ae2f6fcac744d,kernel: backport upstream fix for CVE-2018-5390,CVE-2018-5390,kernel,explicit_CVE_in_commit_message,unreviewed,x86/64,kernel,5.10.138-1-789565457d2f287975d7d943ddbe4eeb,research-os/data/openwrt-v2-snapshots/releases/22.03.0/x86_64/openwrt-22.03.0-x86-64.manifest,explicit_backport_or_cherry_pick_in_commit_message
22.03.1,eca6fc6ea0bc6b30988cf2076f55f60b10e91019,13397b2b95b4800fb0a29c3d483fa280d10f0eb0,busybox: backport fix for CVE-2021-28831,CVE-2021-28831,busybox,explicit_CVE_in_commit_message,unreviewed,ath79/generic,busybox,1.35.0-3,research-os/data/openwrt-v2-snapshots/releases/22.03.1/ath79_generic/openwrt-22.03.1-ath79-generic.manifest,explicit_backport_or_cherry_pick_in_commit_message
22.03.1,eca6fc6ea0bc6b30988cf2076f55f60b10e91019,13397b2b95b4800fb0a29c3d483fa280d10f0eb0,busybox: backport fix for CVE-2021-28831,CVE-2021-28831,busybox,explicit_CVE_in_commit_message,unreviewed,x86/64,busybox,1.35.0-3,research-os/data/openwrt-v2-snapshots/releases/22.03.1/x86_64/openwrt-22.03.1-x86-64.manifest,explicit_backport_or_cherry_pick_in_commit_message
22.03.1,eca6fc6ea0bc6b30988cf2076f55f60b10e91019,2211ee0037764e1c6b1576fe7a0975722cd4acdc,dropbear: backport upstream fix for CVE-2018-15599,CVE-2018-15473,dropbear,explicit_CVE_in_commit_message,unreviewed,ath79/generic,dropbear,2022.82-2,research-os/data/openwrt-v2-snapshots/releases/22.03.1/ath79_generic/openwrt-22.03.1-ath79-generic.manifest,explicit_backport_or_cherry_pick_in_commit_message
22.03.1,eca6fc6ea0bc6b30988cf2076f55f60b10e91019,2211ee0037764e1c6b1576fe7a0975722cd4acdc,dropbear: backport upstream fix for CVE-2018-15599,CVE-2018-15473,dropbear,explicit_CVE_in_commit_message,unreviewed,x86/64,dropbear,2022.82-2,research-os/data/openwrt-v2-snapshots/releases/22.03.1/x86_64/openwrt-22.03.1-x86-64.manifest,explicit_backport_or_cherry_pick_in_commit_message
22.03.1,eca6fc6ea0bc6b30988cf2076f55f60b10e91019,2211ee0037764e1c6b1576fe7a0975722cd4acdc,dropbear: backport upstream fix for CVE-2018-15599,CVE-2018-15599,dropbear,explicit_CVE_in_commit_message,unreviewed,ath79/generic,dropbear,2022.82-2,research-os/data/openwrt-v2-snapshots/releases/22.03.1/ath79_generic/openwrt-22.03.1-ath79-generic.manifest,explicit_backport_or_cherry_pick_in_commit_message
22.03.1,eca6fc6ea0bc6b30988cf2076f55f60b10e91019,2211ee0037764e1c6b1576fe7a0975722cd4acdc,dropbear: backport upstream fix for CVE-2018-15599,CVE-2018-15599,dropbear,explicit_CVE_in_commit_message,unreviewed,x86/64,dropbear,2022.82-2,research-os/data/openwrt-v2-snapshots/releases/22.03.1/x86_64/openwrt-22.03.1-x86-64.manifest,explicit_backport_or_cherry_pick_in_commit_message
22.03.1,eca6fc6ea0bc6b30988cf2076f55f60b10e91019,22b9f99b87fa1ff991180cabf02dd04d1bddce2b,kernel: bump 4.14 to 4.14.59,CVE-2018-10876,kernel,explicit_CVE_in_commit_message,unreviewed,ath79/generic,kernel,5.10.146-1-72e39b50629eaf33fc9600ab703ee2ab,research-os/data/openwrt-v2-snapshots/releases/22.03.1/ath79_generic/openwrt-22.03.1-ath79-generic.manifest,explicit_backport_or_cherry_pick_in_commit_message
22.03.1,eca6fc6ea0bc6b30988cf2076f55f60b10e91019,22b9f99b87fa1ff991180cabf02dd04d1bddce2b,kernel: bump 4.14 to 4.14.59,CVE-2018-10876,kernel,explicit_CVE_in_commit_message,unreviewed,x86/64,kernel,5.10.146-1-5d4fa2bd675198961db287e63a2370e2,research-os/data/openwrt-v2-snapshots/releases/22.03.1/x86_64/openwrt-22.03.1-x86-64.manifest,explicit_backport_or_cherry_pick_in_commit_message
22.03.1,eca6fc6ea0bc6b30988cf2076f55f60b10e91019,22b9f99b87fa1ff991180cabf02dd04d1bddce2b,kernel: bump 4.14 to 4.14.59,CVE-2018-10877,kernel,explicit_CVE_in_commit_message,unreviewed,ath79/generic,kernel,5.10.146-1-72e39b50629eaf33fc9600ab703ee2ab,research-os/data/openwrt-v2-snapshots/releases/22.03.1/ath79_generic/openwrt-22.03.1-ath79-generic.manifest,explicit_backport_or_cherry_pick_in_commit_message
22.03.1,eca6fc6ea0bc6b30988cf2076f55f60b10e91019,22b9f99b87fa1ff991180cabf02dd04d1bddce2b,kernel: bump 4.14 to 4.14.59,CVE-2018-10877,kernel,explicit_CVE_in_commit_message,unreviewed,x86/64,kernel,5.10.146-1-5d4fa2bd675198961db287e63a2370e2,research-os/data/openwrt-v2-snapshots/releases/22.03.1/x86_64/openwrt-22.03.1-x86-64.manifest,explicit_backport_or_cherry_pick_in_commit_message
22.03.1,eca6fc6ea0bc6b30988cf2076f55f60b10e91019,22b9f99b87fa1ff991180cabf02dd04d1bddce2b,kernel: bump 4.14 to 4.14.59,CVE-2018-10879,kernel,explicit_CVE_in_commit_message,unreviewed,ath79/generic,kernel,5.10.146-1-72e39b50629eaf33fc9600ab703ee2ab,research-os/data/openwrt-v2-snapshots/releases/22.03.1/ath79_generic/openwrt-22.03.1-ath79-generic.manifest,explicit_backport_or_cherry_pick_in_commit_message
22.03.1,eca6fc6ea0bc6b30988cf2076f55f60b10e91019,22b9f99b87fa1ff991180cabf02dd04d1bddce2b,kernel: bump 4.14 to 4.14.59,CVE-2018-10879,kernel,explicit_CVE_in_commit_message,unreviewed,x86/64,kernel,5.10.146-1-5d4fa2bd675198961db287e63a2370e2,research-os/data/openwrt-v2-snapshots/releases/22.03.1/x86_64/openwrt-22.03.1-x86-64.manifest,explicit_backport_or_cherry_pick_in_commit_message
22.03.1,eca6fc6ea0bc6b30988cf2076f55f60b10e91019,22b9f99b87fa1ff991180cabf02dd04d1bddce2b,kernel: bump 4.14 to 4.14.59,CVE-2018-10880,kernel,explicit_CVE_in_commit_message,unreviewed,ath79/generic,kernel,5.10.146-1-72e39b50629eaf33fc9600ab703ee2ab,research-os/data/openwrt-v2-snapshots/releases/22.03.1/ath79_generic/openwrt-22.03.1-ath79-generic.manifest,explicit_backport_or_cherry_pick_in_commit_message
22.03.1,eca6fc6ea0bc6b30988cf2076f55f60b10e91019,22b9f99b87fa1ff991180cabf02dd04d1bddce2b,kernel: bump 4.14 to 4.14.59,CVE-2018-10880,kernel,explicit_CVE_in_commit_message,unreviewed,x86/64,kernel,5.10.146-1-5d4fa2bd675198961db287e63a2370e2,research-os/data/openwrt-v2-snapshots/releases/22.03.1/x86_64/openwrt-22.03.1-x86-64.manifest,explicit_backport_or_cherry_pick_in_commit_message
22.03.1,eca6fc6ea0bc6b30988cf2076f55f60b10e91019,22b9f99b87fa1ff991180cabf02dd04d1bddce2b,kernel: bump 4.14 to 4.14.59,CVE-2018-10881,kernel,explicit_CVE_in_commit_message,unreviewed,ath79/generic,kernel,5.10.146-1-72e39b50629eaf33fc9600ab703ee2ab,research-os/data/openwrt-v2-snapshots/releases/22.03.1/ath79_generic/openwrt-22.03.1-ath79-generic.manifest,explicit_backport_or_cherry_pick_in_commit_message
22.03.1,eca6fc6ea0bc6b30988cf2076f55f60b10e91019,22b9f99b87fa1ff991180cabf02dd04d1bddce2b,kernel: bump 4.14 to 4.14.59,CVE-2018-10881,kernel,explicit_CVE_in_commit_message,unreviewed,x86/64,kernel,5.10.146-1-5d4fa2bd675198961db287e63a2370e2,research-os/data/openwrt-v2-snapshots/releases/22.03.1/x86_64/openwrt-22.03.1-x86-64.manifest,explicit_backport_or_cherry_pick_in_commit_message
22.03.1,eca6fc6ea0bc6b30988cf2076f55f60b10e91019,22b9f99b87fa1ff991180cabf02dd04d1bddce2b,kernel: bump 4.14 to 4.14.59,CVE-2018-10882,kernel,explicit_CVE_in_commit_message,unreviewed,ath79/generic,kernel,5.10.146-1-72e39b50629eaf33fc9600ab703ee2ab,research-os/data/openwrt-v2-snapshots/releases/22.03.1/ath79_generic/openwrt-22.03.1-ath79-generic.manifest,explicit_backport_or_cherry_pick_in_commit_message
22.03.1,eca6fc6ea0bc6b30988cf2076f55f60b10e91019,22b9f99b87fa1ff991180cabf02dd04d1bddce2b,kernel: bump 4.14 to 4.14.59,CVE-2018-10882,kernel,explicit_CVE_in_commit_message,unreviewed,x86/64,kernel,5.10.146-1-5d4fa2bd675198961db287e63a2370e2,research-os/data/openwrt-v2-snapshots/releases/22.03.1/x86_64/openwrt-22.03.1-x86-64.manifest,explicit_backport_or_cherry_pick_in_commit_message
22.03.1,eca6fc6ea0bc6b30988cf2076f55f60b10e91019,22b9f99b87fa1ff991180cabf02dd04d1bddce2b,kernel: bump 4.14 to 4.14.59,CVE-2018-10883,kernel,explicit_CVE_in_commit_message,unreviewed,ath79/generic,kernel,5.10.146-1-72e39b50629eaf33fc9600ab703ee2ab,research-os/data/openwrt-v2-snapshots/releases/22.03.1/ath79_generic/openwrt-22.03.1-ath79-generic.manifest,explicit_backport_or_cherry_pick_in_commit_message
22.03.1,eca6fc6ea0bc6b30988cf2076f55f60b10e91019,22b9f99b87fa1ff991180cabf02dd04d1bddce2b,kernel: bump 4.14 to 4.14.59,CVE-2018-10883,kernel,explicit_CVE_in_commit_message,unreviewed,x86/64,kernel,5.10.146-1-5d4fa2bd675198961db287e63a2370e2,research-os/data/openwrt-v2-snapshots/releases/22.03.1/x86_64/openwrt-22.03.1-x86-64.manifest,explicit_backport_or_cherry_pick_in_commit_message
22.03.1,eca6fc6ea0bc6b30988cf2076f55f60b10e91019,35890514bb191de3ab96dcd684714850a9142efc,ppp: backport security fixes,CVE-2020-8597,ppp,explicit_CVE_in_commit_message,unreviewed,ath79/generic,ppp,2.4.9.git-2021-01-04-3,research-os/data/openwrt-v2-snapshots/releases/22.03.1/ath79_generic/openwrt-22.03.1-ath79-generic.manifest,explicit_backport_or_cherry_pick_in_commit_message
22.03.1,eca6fc6ea0bc6b30988cf2076f55f60b10e91019,35890514bb191de3ab96dcd684714850a9142efc,ppp: backport security fixes,CVE-2020-8597,ppp,explicit_CVE_in_commit_message,unreviewed,x86/64,ppp,2.4.9.git-2021-01-04-3,research-os/data/openwrt-v2-snapshots/releases/22.03.1/x86_64/openwrt-22.03.1-x86-64.manifest,explicit_backport_or_cherry_pick_in_commit_message
22.03.1,eca6fc6ea0bc6b30988cf2076f55f60b10e91019,3c2c31bb66e5b247ffbb3cafac2a21d441daef39,kernel: backport upstream challenge ACK fix (CVE-2016-5696),CVE-2016-5696,kernel,explicit_CVE_in_commit_message,unreviewed,ath79/generic,kernel,5.10.146-1-72e39b50629eaf33fc9600ab703ee2ab,research-os/data/openwrt-v2-snapshots/releases/22.03.1/ath79_generic/openwrt-22.03.1-ath79-generic.manifest,explicit_backport_or_cherry_pick_in_commit_message
22.03.1,eca6fc6ea0bc6b30988cf2076f55f60b10e91019,3c2c31bb66e5b247ffbb3cafac2a21d441daef39,kernel: backport upstream challenge ACK fix (CVE-2016-5696),CVE-2016-5696,kernel,explicit_CVE_in_commit_message,unreviewed,x86/64,kernel,5.10.146-1-5d4fa2bd675198961db287e63a2370e2,research-os/data/openwrt-v2-snapshots/releases/22.03.1/x86_64/openwrt-22.03.1-x86-64.manifest,explicit_backport_or_cherry_pick_in_commit_message
22.03.1,eca6fc6ea0bc6b30988cf2076f55f60b10e91019,6713fe030fca32fc3d5ad9761f3b2f96501aedd6,busybox: update to 1.33.1,CVE-2021-28831,busybox,explicit_CVE_in_commit_message,unreviewed,ath79/generic,busybox,1.35.0-3,research-os/data/openwrt-v2-snapshots/releases/22.03.1/ath79_generic/openwrt-22.03.1-ath79-generic.manifest,explicit_backport_or_cherry_pick_in_commit_message
22.03.1,eca6fc6ea0bc6b30988cf2076f55f60b10e91019,6713fe030fca32fc3d5ad9761f3b2f96501aedd6,busybox: update to 1.33.1,CVE-2021-28831,busybox,explicit_CVE_in_commit_message,unreviewed,x86/64,busybox,1.35.0-3,research-os/data/openwrt-v2-snapshots/releases/22.03.1/x86_64/openwrt-22.03.1-x86-64.manifest,explicit_backport_or_cherry_pick_in_commit_message
22.03.1,eca6fc6ea0bc6b30988cf2076f55f60b10e91019,7c0a2bc93077f52c033e406864b34af3a4fab245,busybox: backport cve-2017-16544 fix,CVE-2017-16544,busybox,explicit_CVE_in_commit_message,unreviewed,ath79/generic,busybox,1.35.0-3,research-os/data/openwrt-v2-snapshots/releases/22.03.1/ath79_generic/openwrt-22.03.1-ath79-generic.manifest,explicit_backport_or_cherry_pick_in_commit_message
22.03.1,eca6fc6ea0bc6b30988cf2076f55f60b10e91019,7c0a2bc93077f52c033e406864b34af3a4fab245,busybox: backport cve-2017-16544 fix,CVE-2017-16544,busybox,explicit_CVE_in_commit_message,unreviewed,x86/64,busybox,1.35.0-3,research-os/data/openwrt-v2-snapshots/releases/22.03.1/x86_64/openwrt-22.03.1-x86-64.manifest,explicit_backport_or_cherry_pick_in_commit_message
22.03.1,eca6fc6ea0bc6b30988cf2076f55f60b10e91019,7c0a2bc93077f52c033e406864b34af3a4fab245,busybox: backport cve-2017-16544 fix,CVE-2017-16544,busybox,explicit_CVE_in_commit_message,unreviewed,ath79/generic,busybox,1.35.0-3,research-os/data/openwrt-v2-snapshots/releases/22.03.1/ath79_generic/openwrt-22.03.1-ath79-generic.manifest,explicit_backport_or_cherry_pick_in_commit_message
22.03.1,eca6fc6ea0bc6b30988cf2076f55f60b10e91019,7c0a2bc93077f52c033e406864b34af3a4fab245,busybox: backport cve-2017-16544 fix,CVE-2017-16544,busybox,explicit_CVE_in_commit_message,unreviewed,x86/64,busybox,1.35.0-3,research-os/data/openwrt-v2-snapshots/releases/22.03.1/x86_64/openwrt-22.03.1-x86-64.manifest,explicit_backport_or_cherry_pick_in_commit_message
22.03.1,eca6fc6ea0bc6b30988cf2076f55f60b10e91019,88ba41453dbc65e1d5d596073d66bdf2e59a43a1,kernel: bump 4.14 to 4.14.20,CVE-2017-8824,kernel,explicit_CVE_in_commit_message,unreviewed,ath79/generic,kernel,5.10.146-1-72e39b50629eaf33fc9600ab703ee2ab,research-os/data/openwrt-v2-snapshots/releases/22.03.1/ath79_generic/openwrt-22.03.1-ath79-generic.manifest,explicit_backport_or_cherry_pick_in_commit_message
22.03.1,eca6fc6ea0bc6b30988cf2076f55f60b10e91019,88ba41453dbc65e1d5d596073d66bdf2e59a43a1,kernel: bump 4.14 to 4.14.20,CVE-2017-8824,kernel,explicit_CVE_in_commit_message,unreviewed,x86/64,kernel,5.10.146-1-5d4fa2bd675198961db287e63a2370e2,research-os/data/openwrt-v2-snapshots/releases/22.03.1/x86_64/openwrt-22.03.1-x86-64.manifest,explicit_backport_or_cherry_pick_in_commit_message
22.03.1,eca6fc6ea0bc6b30988cf2076f55f60b10e91019,9a753c49ea7053f3592f9ec1ce9d97882edb332d,dnsmasq: backport official fix for CVE-2017-13704,CVE-2017-13704,dnsmasq,explicit_CVE_in_commit_message,unreviewed,ath79/generic,dnsmasq,2.86-14,research-os/data/openwrt-v2-snapshots/releases/22.03.1/ath79_generic/openwrt-22.03.1-ath79-generic.manifest,explicit_backport_or_cherry_pick_in_commit_message
22.03.1,eca6fc6ea0bc6b30988cf2076f55f60b10e91019,9a753c49ea7053f3592f9ec1ce9d97882edb332d,dnsmasq: backport official fix for CVE-2017-13704,CVE-2017-13704,dnsmasq,explicit_CVE_in_commit_message,unreviewed,x86/64,dnsmasq,2.86-14,research-os/data/openwrt-v2-snapshots/releases/22.03.1/x86_64/openwrt-22.03.1-x86-64.manifest,explicit_backport_or_cherry_pick_in_commit_message
22.03.1,eca6fc6ea0bc6b30988cf2076f55f60b10e91019,a3198061f80a7f3933810cd99206b085e4cf49f9,dnsmasq: backport dnssec security fix,CVE-2017-15107,dnsmasq,explicit_CVE_in_commit_message,unreviewed,ath79/generic,dnsmasq,2.86-14,research-os/data/openwrt-v2-snapshots/releases/22.03.1/ath79_generic/openwrt-22.03.1-ath79-generic.manifest,explicit_backport_or_cherry_pick_in_commit_message
22.03.1,eca6fc6ea0bc6b30988cf2076f55f60b10e91019,a3198061f80a7f3933810cd99206b085e4cf49f9,dnsmasq: backport dnssec security fix,CVE-2017-15107,dnsmasq,explicit_CVE_in_commit_message,unreviewed,x86/64,dnsmasq,2.86-14,research-os/data/openwrt-v2-snapshots/releases/22.03.1/x86_64/openwrt-22.03.1-x86-64.manifest,explicit_backport_or_cherry_pick_in_commit_message
22.03.1,eca6fc6ea0bc6b30988cf2076f55f60b10e91019,adaf1cbcc8b253ea807dbe0416b4b04c33dceadf,dnsmasq: backport validation fix in dnssec security fix,CVE-2017-15107,dnsmasq,explicit_CVE_in_commit_message,unreviewed,ath79/generic,dnsmasq,2.86-14,research-os/data/openwrt-v2-snapshots/releases/22.03.1/ath79_generic/openwrt-22.03.1-ath79-generic.manifest,explicit_backport_or_cherry_pick_in_commit_message
22.03.1,eca6fc6ea0bc6b30988cf2076f55f60b10e91019,adaf1cbcc8b253ea807dbe0416b4b04c33dceadf,dnsmasq: backport validation fix in dnssec security fix,CVE-2017-15107,dnsmasq,explicit_CVE_in_commit_message,unreviewed,x86/64,dnsmasq,2.86-14,research-os/data/openwrt-v2-snapshots/releases/22.03.1/x86_64/openwrt-22.03.1-x86-64.manifest,explicit_backport_or_cherry_pick_in_commit_message
22.03.1,eca6fc6ea0bc6b30988cf2076f55f60b10e91019,b547ab3143e5f9116c19698292d1bd9e08feda3e,kernel: bump kernel 4.9 to version 4.9.120,CVE-2018-3620,kernel,explicit_CVE_in_commit_message,unreviewed,ath79/generic,kernel,5.10.146-1-72e39b50629eaf33fc9600ab703ee2ab,research-os/data/openwrt-v2-snapshots/releases/22.03.1/ath79_generic/openwrt-22.03.1-ath79-generic.manifest,explicit_backport_or_cherry_pick_in_commit_message
22.03.1,eca6fc6ea0bc6b30988cf2076f55f60b10e91019,b547ab3143e5f9116c19698292d1bd9e08feda3e,kernel: bump kernel 4.9 to version 4.9.120,CVE-2018-3620,kernel,explicit_CVE_in_commit_message,unreviewed,x86/64,kernel,5.10.146-1-5d4fa2bd675198961db287e63a2370e2,research-os/data/openwrt-v2-snapshots/releases/22.03.1/x86_64/openwrt-22.03.1-x86-64.manifest,explicit_backport_or_cherry_pick_in_commit_message
22.03.1,eca6fc6ea0bc6b30988cf2076f55f60b10e91019,b547ab3143e5f9116c19698292d1bd9e08feda3e,kernel: bump kernel 4.9 to version 4.9.120,CVE-2018-3646,kernel,explicit_CVE_in_commit_message,unreviewed,ath79/generic,kernel,5.10.146-1-72e39b50629eaf33fc9600ab703ee2ab,research-os/data/openwrt-v2-snapshots/releases/22.03.1/ath79_generic/openwrt-22.03.1-ath79-generic.manifest,explicit_backport_or_cherry_pick_in_commit_message
22.03.1,eca6fc6ea0bc6b30988cf2076f55f60b10e91019,b547ab3143e5f9116c19698292d1bd9e08feda3e,kernel: bump kernel 4.9 to version 4.9.120,CVE-2018-3646,kernel,explicit_CVE_in_commit_message,unreviewed,x86/64,kernel,5.10.146-1-5d4fa2bd675198961db287e63a2370e2,research-os/data/openwrt-v2-snapshots/releases/22.03.1/x86_64/openwrt-22.03.1-x86-64.manifest,explicit_backport_or_cherry_pick_in_commit_message
22.03.1,eca6fc6ea0bc6b30988cf2076f55f60b10e91019,d8565a06dc01b55ed1018d571e655c122b9d2a33,kernel: bump 4.9 to 4.9.77,CVE-2017-1000410,kernel,explicit_CVE_in_commit_message,unreviewed,ath79/generic,kernel,5.10.146-1-72e39b50629eaf33fc9600ab703ee2ab,research-os/data/openwrt-v2-snapshots/releases/22.03.1/ath79_generic/openwrt-22.03.1-ath79-generic.manifest,explicit_backport_or_cherry_pick_in_commit_message
22.03.1,eca6fc6ea0bc6b30988cf2076f55f60b10e91019,d8565a06dc01b55ed1018d571e655c122b9d2a33,kernel: bump 4.9 to 4.9.77,CVE-2017-1000410,kernel,explicit_CVE_in_commit_message,unreviewed,x86/64,kernel,5.10.146-1-5d4fa2bd675198961db287e63a2370e2,research-os/data/openwrt-v2-snapshots/releases/22.03.1/x86_64/openwrt-22.03.1-x86-64.manifest,explicit_backport_or_cherry_pick_in_commit_message
22.03.1,eca6fc6ea0bc6b30988cf2076f55f60b10e91019,d8565a06dc01b55ed1018d571e655c122b9d2a33,kernel: bump 4.9 to 4.9.77,CVE-2017-17741,kernel,explicit_CVE_in_commit_message,unreviewed,ath79/generic,kernel,5.10.146-1-72e39b50629eaf33fc9600ab703ee2ab,research-os/data/openwrt-v2-snapshots/releases/22.03.1/ath79_generic/openwrt-22.03.1-ath79-generic.manifest,explicit_backport_or_cherry_pick_in_commit_message
22.03.1,eca6fc6ea0bc6b30988cf2076f55f60b10e91019,d8565a06dc01b55ed1018d571e655c122b9d2a33,kernel: bump 4.9 to 4.9.77,CVE-2017-17741,kernel,explicit_CVE_in_commit_message,unreviewed,x86/64,kernel,5.10.146-1-5d4fa2bd675198961db287e63a2370e2,research-os/data/openwrt-v2-snapshots/releases/22.03.1/x86_64/openwrt-22.03.1-x86-64.manifest,explicit_backport_or_cherry_pick_in_commit_message
22.03.1,eca6fc6ea0bc6b30988cf2076f55f60b10e91019,d8565a06dc01b55ed1018d571e655c122b9d2a33,kernel: bump 4.9 to 4.9.77,CVE-2017-5715,kernel,explicit_CVE_in_commit_message,unreviewed,ath79/generic,kernel,5.10.146-1-72e39b50629eaf33fc9600ab703ee2ab,research-os/data/openwrt-v2-snapshots/releases/22.03.1/ath79_generic/openwrt-22.03.1-ath79-generic.manifest,explicit_backport_or_cherry_pick_in_commit_message
22.03.1,eca6fc6ea0bc6b30988cf2076f55f60b10e91019,d8565a06dc01b55ed1018d571e655c122b9d2a33,kernel: bump 4.9 to 4.9.77,CVE-2017-5715,kernel,explicit_CVE_in_commit_message,unreviewed,x86/64,kernel,5.10.146-1-5d4fa2bd675198961db287e63a2370e2,research-os/data/openwrt-v2-snapshots/releases/22.03.1/x86_64/openwrt-22.03.1-x86-64.manifest,explicit_backport_or_cherry_pick_in_commit_message
22.03.1,eca6fc6ea0bc6b30988cf2076f55f60b10e91019,d8565a06dc01b55ed1018d571e655c122b9d2a33,kernel: bump 4.9 to 4.9.77,CVE-2017-5753,kernel,explicit_CVE_in_commit_message,unreviewed,ath79/generic,kernel,5.10.146-1-72e39b50629eaf33fc9600ab703ee2ab,research-os/data/openwrt-v2-snapshots/releases/22.03.1/ath79_generic/openwrt-22.03.1-ath79-generic.manifest,explicit_backport_or_cherry_pick_in_commit_message
22.03.1,eca6fc6ea0bc6b30988cf2076f55f60b10e91019,d8565a06dc01b55ed1018d571e655c122b9d2a33,kernel: bump 4.9 to 4.9.77,CVE-2017-5753,kernel,explicit_CVE_in_commit_message,unreviewed,x86/64,kernel,5.10.146-1-5d4fa2bd675198961db287e63a2370e2,research-os/data/openwrt-v2-snapshots/releases/22.03.1/x86_64/openwrt-22.03.1-x86-64.manifest,explicit_backport_or_cherry_pick_in_commit_message
22.03.1,eca6fc6ea0bc6b30988cf2076f55f60b10e91019,f621b539512e5b6c83dd2de1bc2dba06e40cd7ea,kernel: bump 4.9 to 4.9.82,CVE-2017-8824,kernel,explicit_CVE_in_commit_message,unreviewed,ath79/generic,kernel,5.10.146-1-72e39b50629eaf33fc9600ab703ee2ab,research-os/data/openwrt-v2-snapshots/releases/22.03.1/ath79_generic/openwrt-22.03.1-ath79-generic.manifest,explicit_backport_or_cherry_pick_in_commit_message
22.03.1,eca6fc6ea0bc6b30988cf2076f55f60b10e91019,f621b539512e5b6c83dd2de1bc2dba06e40cd7ea,kernel: bump 4.9 to 4.9.82,CVE-2017-8824,kernel,explicit_CVE_in_commit_message,unreviewed,x86/64,kernel,5.10.146-1-5d4fa2bd675198961db287e63a2370e2,research-os/data/openwrt-v2-snapshots/releases/22.03.1/x86_64/openwrt-22.03.1-x86-64.manifest,explicit_backport_or_cherry_pick_in_commit_message
22.03.1,eca6fc6ea0bc6b30988cf2076f55f60b10e91019,fefe1da440eede8dfaa23975c30ae2f6fcac744d,kernel: backport upstream fix for CVE-2018-5390,CVE-2018-5390,kernel,explicit_CVE_in_commit_message,unreviewed,ath79/generic,kernel,5.10.146-1-72e39b50629eaf33fc9600ab703ee2ab,research-os/data/openwrt-v2-snapshots/releases/22.03.1/ath79_generic/openwrt-22.03.1-ath79-generic.manifest,explicit_backport_or_cherry_pick_in_commit_message
22.03.1,eca6fc6ea0bc6b30988cf2076f55f60b10e91019,fefe1da440eede8dfaa23975c30ae2f6fcac744d,kernel: backport upstream fix for CVE-2018-5390,CVE-2018-5390,kernel,explicit_CVE_in_commit_message,unreviewed,x86/64,kernel,5.10.146-1-5d4fa2bd675198961db287e63a2370e2,research-os/data/openwrt-v2-snapshots/releases/22.03.1/x86_64/openwrt-22.03.1-x86-64.manifest,explicit_backport_or_cherry_pick_in_commit_message
22.03.2,ea845f76ea2406a4c70d96141d6386b81bba5431,13397b2b95b4800fb0a29c3d483fa280d10f0eb0,busybox: backport fix for CVE-2021-28831,CVE-2021-28831,busybox,explicit_CVE_in_commit_message,unreviewed,ath79/generic,busybox,1.35.0-4,research-os/data/openwrt-v2-snapshots/releases/22.03.2/ath79_generic/openwrt-22.03.2-ath79-generic.manifest,explicit_backport_or_cherry_pick_in_commit_message
22.03.2,ea845f76ea2406a4c70d96141d6386b81bba5431,13397b2b95b4800fb0a29c3d483fa280d10f0eb0,busybox: backport fix for CVE-2021-28831,CVE-2021-28831,busybox,explicit_CVE_in_commit_message,unreviewed,x86/64,busybox,1.35.0-4,research-os/data/openwrt-v2-snapshots/releases/22.03.2/x86_64/openwrt-22.03.2-x86-64.manifest,explicit_backport_or_cherry_pick_in_commit_message
22.03.2,ea845f76ea2406a4c70d96141d6386b81bba5431,2211ee0037764e1c6b1576fe7a0975722cd4acdc,dropbear: backport upstream fix for CVE-2018-15599,CVE-2018-15473,dropbear,explicit_CVE_in_commit_message,unreviewed,ath79/generic,dropbear,2022.82-2,research-os/data/openwrt-v2-snapshots/releases/22.03.2/ath79_generic/openwrt-22.03.2-ath79-generic.manifest,explicit_backport_or_cherry_pick_in_commit_message
22.03.2,ea845f76ea2406a4c70d96141d6386b81bba5431,2211ee0037764e1c6b1576fe7a0975722cd4acdc,dropbear: backport upstream fix for CVE-2018-15599,CVE-2018-15473,dropbear,explicit_CVE_in_commit_message,unreviewed,x86/64,dropbear,2022.82-2,research-os/data/openwrt-v2-snapshots/releases/22.03.2/x86_64/openwrt-22.03.2-x86-64.manifest,explicit_backport_or_cherry_pick_in_commit_message
22.03.2,ea845f76ea2406a4c70d96141d6386b81bba5431,2211ee0037764e1c6b1576fe7a0975722cd4acdc,dropbear: backport upstream fix for CVE-2018-15599,CVE-2018-15599,dropbear,explicit_CVE_in_commit_message,unreviewed,ath79/generic,dropbear,2022.82-2,research-os/data/openwrt-v2-snapshots/releases/22.03.2/ath79_generic/openwrt-22.03.2-ath79-generic.manifest,explicit_backport_or_cherry_pick_in_commit_message
22.03.2,ea845f76ea2406a4c70d96141d6386b81bba5431,2211ee0037764e1c6b1576fe7a0975722cd4acdc,dropbear: backport upstream fix for CVE-2018-15599,CVE-2018-15599,dropbear,explicit_CVE_in_commit_message,unreviewed,x86/64,dropbear,2022.82-2,research-os/data/openwrt-v2-snapshots/releases/22.03.2/x86_64/openwrt-22.03.2-x86-64.manifest,explicit_backport_or_cherry_pick_in_commit_message
22.03.2,ea845f76ea2406a4c70d96141d6386b81bba5431,22b9f99b87fa1ff991180cabf02dd04d1bddce2b,kernel: bump 4.14 to 4.14.59,CVE-2018-10876,kernel,explicit_CVE_in_commit_message,unreviewed,ath79/generic,kernel,5.10.146-1-72e39b50629eaf33fc9600ab703ee2ab,research-os/data/openwrt-v2-snapshots/releases/22.03.2/ath79_generic/openwrt-22.03.2-ath79-generic.manifest,explicit_backport_or_cherry_pick_in_commit_message
22.03.2,ea845f76ea2406a4c70d96141d6386b81bba5431,22b9f99b87fa1ff991180cabf02dd04d1bddce2b,kernel: bump 4.14 to 4.14.59,CVE-2018-10876,kernel,explicit_CVE_in_commit_message,unreviewed,x86/64,kernel,5.10.146-1-5d4fa2bd675198961db287e63a2370e2,research-os/data/openwrt-v2-snapshots/releases/22.03.2/x86_64/openwrt-22.03.2-x86-64.manifest,explicit_backport_or_cherry_pick_in_commit_message
22.03.2,ea845f76ea2406a4c70d96141d6386b81bba5431,22b9f99b87fa1ff991180cabf02dd04d1bddce2b,kernel: bump 4.14 to 4.14.59,CVE-2018-10877,kernel,explicit_CVE_in_commit_message,unreviewed,ath79/generic,kernel,5.10.146-1-72e39b50629eaf33fc9600ab703ee2ab,research-os/data/openwrt-v2-snapshots/releases/22.03.2/ath79_generic/openwrt-22.03.2-ath79-generic.manifest,explicit_backport_or_cherry_pick_in_commit_message
22.03.2,ea845f76ea2406a4c70d96141d6386b81bba5431,22b9f99b87fa1ff991180cabf02dd04d1bddce2b,kernel: bump 4.14 to 4.14.59,CVE-2018-10877,kernel,explicit_CVE_in_commit_message,unreviewed,x86/64,kernel,5.10.146-1-5d4fa2bd675198961db287e63a2370e2,research-os/data/openwrt-v2-snapshots/releases/22.03.2/x86_64/openwrt-22.03.2-x86-64.manifest,explicit_backport_or_cherry_pick_in_commit_message
22.03.2,ea845f76ea2406a4c70d96141d6386b81bba5431,22b9f99b87fa1ff991180cabf02dd04d1bddce2b,kernel: bump 4.14 to 4.14.59,CVE-2018-10879,kernel,explicit_CVE_in_commit_message,unreviewed,ath79/generic,kernel,5.10.146-1-72e39b50629eaf33fc9600ab703ee2ab,research-os/data/openwrt-v2-snapshots/releases/22.03.2/ath79_generic/openwrt-22.03.2-ath79-generic.manifest,explicit_backport_or_cherry_pick_in_commit_message
22.03.2,ea845f76ea2406a4c70d96141d6386b81bba5431,22b9f99b87fa1ff991180cabf02dd04d1bddce2b,kernel: bump 4.14 to 4.14.59,CVE-2018-10879,kernel,explicit_CVE_in_commit_message,unreviewed,x86/64,kernel,5.10.146-1-5d4fa2bd675198961db287e63a2370e2,research-os/data/openwrt-v2-snapshots/releases/22.03.2/x86_64/openwrt-22.03.2-x86-64.manifest,explicit_backport_or_cherry_pick_in_commit_message
22.03.2,ea845f76ea2406a4c70d96141d6386b81bba5431,22b9f99b87fa1ff991180cabf02dd04d1bddce2b,kernel: bump 4.14 to 4.14.59,CVE-2018-10880,kernel,explicit_CVE_in_commit_message,unreviewed,ath79/generic,kernel,5.10.146-1-72e39b50629eaf33fc9600ab703ee2ab,research-os/data/openwrt-v2-snapshots/releases/22.03.2/ath79_generic/openwrt-22.03.2-ath79-generic.manifest,explicit_backport_or_cherry_pick_in_commit_message
22.03.2,ea845f76ea2406a4c70d96141d6386b81bba5431,22b9f99b87fa1ff991180cabf02dd04d1bddce2b,kernel: bump 4.14 to 4.14.59,CVE-2018-10880,kernel,explicit_CVE_in_commit_message,unreviewed,x86/64,kernel,5.10.146-1-5d4fa2bd675198961db287e63a2370e2,research-os/data/openwrt-v2-snapshots/releases/22.03.2/x86_64/openwrt-22.03.2-x86-64.manifest,explicit_backport_or_cherry_pick_in_commit_message
22.03.2,ea845f76ea2406a4c70d96141d6386b81bba5431,22b9f99b87fa1ff991180cabf02dd04d1bddce2b,kernel: bump 4.14 to 4.14.59,CVE-2018-10881,kernel,explicit_CVE_in_commit_message,unreviewed,ath79/generic,kernel,5.10.146-1-72e39b50629eaf33fc9600ab703ee2ab,research-os/data/openwrt-v2-snapshots/releases/22.03.2/ath79_generic/openwrt-22.03.2-ath79-generic.manifest,explicit_backport_or_cherry_pick_in_commit_message
22.03.2,ea845f76ea2406a4c70d96141d6386b81bba5431,22b9f99b87fa1ff991180cabf02dd04d1bddce2b,kernel: bump 4.14 to 4.14.59,CVE-2018-10881,kernel,explicit_CVE_in_commit_message,unreviewed,x86/64,kernel,5.10.146-1-5d4fa2bd675198961db287e63a2370e2,research-os/data/openwrt-v2-snapshots/releases/22.03.2/x86_64/openwrt-22.03.2-x86-64.manifest,explicit_backport_or_cherry_pick_in_commit_message
22.03.2,ea845f76ea2406a4c70d96141d6386b81bba5431,22b9f99b87fa1ff991180cabf02dd04d1bddce2b,kernel: bump 4.14 to 4.14.59,CVE-2018-10882,kernel,explicit_CVE_in_commit_message,unreviewed,ath79/generic,kernel,5.10.146-1-72e39b50629eaf33fc9600ab703ee2ab,research-os/data/openwrt-v2-snapshots/releases/22.03.2/ath79_generic/openwrt-22.03.2-ath79-generic.manifest,explicit_backport_or_cherry_pick_in_commit_message
22.03.2,ea845f76ea2406a4c70d96141d6386b81bba5431,22b9f99b87fa1ff991180cabf02dd04d1bddce2b,kernel: bump 4.14 to 4.14.59,CVE-2018-10882,kernel,explicit_CVE_in_commit_message,unreviewed,x86/64,kernel,5.10.146-1-5d4fa2bd675198961db287e63a2370e2,research-os/data/openwrt-v2-snapshots/releases/22.03.2/x86_64/openwrt-22.03.2-x86-64.manifest,explicit_backport_or_cherry_pick_in_commit_message
22.03.2,ea845f76ea2406a4c70d96141d6386b81bba5431,22b9f99b87fa1ff991180cabf02dd04d1bddce2b,kernel: bump 4.14 to 4.14.59,CVE-2018-10883,kernel,explicit_CVE_in_commit_message,unreviewed,ath79/generic,kernel,5.10.146-1-72e39b50629eaf33fc9600ab703ee2ab,research-os/data/openwrt-v2-snapshots/releases/22.03.2/ath79_generic/openwrt-22.03.2-ath79-generic.manifest,explicit_backport_or_cherry_pick_in_commit_message
22.03.2,ea845f76ea2406a4c70d96141d6386b81bba5431,22b9f99b87fa1ff991180cabf02dd04d1bddce2b,kernel: bump 4.14 to 4.14.59,CVE-2018-10883,kernel,explicit_CVE_in_commit_message,unreviewed,x86/64,kernel,5.10.146-1-5d4fa2bd675198961db287e63a2370e2,research-os/data/openwrt-v2-snapshots/releases/22.03.2/x86_64/openwrt-22.03.2-x86-64.manifest,explicit_backport_or_cherry_pick_in_commit_message
22.03.2,ea845f76ea2406a4c70d96141d6386b81bba5431,35890514bb191de3ab96dcd684714850a9142efc,ppp: backport security fixes,CVE-2020-8597,ppp,explicit_CVE_in_commit_message,unreviewed,ath79/generic,ppp,2.4.9.git-2021-01-04-3,research-os/data/openwrt-v2-snapshots/releases/22.03.2/ath79_generic/openwrt-22.03.2-ath79-generic.manifest,explicit_backport_or_cherry_pick_in_commit_message
22.03.2,ea845f76ea2406a4c70d96141d6386b81bba5431,35890514bb191de3ab96dcd684714850a9142efc,ppp: backport security fixes,CVE-2020-8597,ppp,explicit_CVE_in_commit_message,unreviewed,x86/64,ppp,2.4.9.git-2021-01-04-3,research-os/data/openwrt-v2-snapshots/releases/22.03.2/x86_64/openwrt-22.03.2-x86-64.manifest,explicit_backport_or_cherry_pick_in_commit_message
22.03.2,ea845f76ea2406a4c70d96141d6386b81bba5431,3c2c31bb66e5b247ffbb3cafac2a21d441daef39,kernel: backport upstream challenge ACK fix (CVE-2016-5696),CVE-2016-5696,kernel,explicit_CVE_in_commit_message,unreviewed,ath79/generic,kernel,5.10.146-1-72e39b50629eaf33fc9600ab703ee2ab,research-os/data/openwrt-v2-snapshots/releases/22.03.2/ath79_generic/openwrt-22.03.2-ath79-generic.manifest,explicit_backport_or_cherry_pick_in_commit_message
22.03.2,ea845f76ea2406a4c70d96141d6386b81bba5431,3c2c31bb66e5b247ffbb3cafac2a21d441daef39,kernel: backport upstream challenge ACK fix (CVE-2016-5696),CVE-2016-5696,kernel,explicit_CVE_in_commit_message,unreviewed,x86/64,kernel,5.10.146-1-5d4fa2bd675198961db287e63a2370e2,research-os/data/openwrt-v2-snapshots/releases/22.03.2/x86_64/openwrt-22.03.2-x86-64.manifest,explicit_backport_or_cherry_pick_in_commit_message
22.03.2,ea845f76ea2406a4c70d96141d6386b81bba5431,6713fe030fca32fc3d5ad9761f3b2f96501aedd6,busybox: update to 1.33.1,CVE-2021-28831,busybox,explicit_CVE_in_commit_message,unreviewed,ath79/generic,busybox,1.35.0-4,research-os/data/openwrt-v2-snapshots/releases/22.03.2/ath79_generic/openwrt-22.03.2-ath79-generic.manifest,explicit_backport_or_cherry_pick_in_commit_message
22.03.2,ea845f76ea2406a4c70d96141d6386b81bba5431,6713fe030fca32fc3d5ad9761f3b2f96501aedd6,busybox: update to 1.33.1,CVE-2021-28831,busybox,explicit_CVE_in_commit_message,unreviewed,x86/64,busybox,1.35.0-4,research-os/data/openwrt-v2-snapshots/releases/22.03.2/x86_64/openwrt-22.03.2-x86-64.manifest,explicit_backport_or_cherry_pick_in_commit_message
22.03.2,ea845f76ea2406a4c70d96141d6386b81bba5431,7c0a2bc93077f52c033e406864b34af3a4fab245,busybox: backport cve-2017-16544 fix,CVE-2017-16544,busybox,explicit_CVE_in_commit_message,unreviewed,ath79/generic,busybox,1.35.0-4,research-os/data/openwrt-v2-snapshots/releases/22.03.2/ath79_generic/openwrt-22.03.2-ath79-generic.manifest,explicit_backport_or_cherry_pick_in_commit_message
22.03.2,ea845f76ea2406a4c70d96141d6386b81bba5431,7c0a2bc93077f52c033e406864b34af3a4fab245,busybox: backport cve-2017-16544 fix,CVE-2017-16544,busybox,explicit_CVE_in_commit_message,unreviewed,x86/64,busybox,1.35.0-4,research-os/data/openwrt-v2-snapshots/releases/22.03.2/x86_64/openwrt-22.03.2-x86-64.manifest,explicit_backport_or_cherry_pick_in_commit_message
22.03.2,ea845f76ea2406a4c70d96141d6386b81bba5431,7c0a2bc93077f52c033e406864b34af3a4fab245,busybox: backport cve-2017-16544 fix,CVE-2017-16544,busybox,explicit_CVE_in_commit_message,unreviewed,ath79/generic,busybox,1.35.0-4,research-os/data/openwrt-v2-snapshots/releases/22.03.2/ath79_generic/openwrt-22.03.2-ath79-generic.manifest,explicit_backport_or_cherry_pick_in_commit_message
22.03.2,ea845f76ea2406a4c70d96141d6386b81bba5431,7c0a2bc93077f52c033e406864b34af3a4fab245,busybox: backport cve-2017-16544 fix,CVE-2017-16544,busybox,explicit_CVE_in_commit_message,unreviewed,x86/64,busybox,1.35.0-4,research-os/data/openwrt-v2-snapshots/releases/22.03.2/x86_64/openwrt-22.03.2-x86-64.manifest,explicit_backport_or_cherry_pick_in_commit_message
22.03.2,ea845f76ea2406a4c70d96141d6386b81bba5431,88ba41453dbc65e1d5d596073d66bdf2e59a43a1,kernel: bump 4.14 to 4.14.20,CVE-2017-8824,kernel,explicit_CVE_in_commit_message,unreviewed,ath79/generic,kernel,5.10.146-1-72e39b50629eaf33fc9600ab703ee2ab,research-os/data/openwrt-v2-snapshots/releases/22.03.2/ath79_generic/openwrt-22.03.2-ath79-generic.manifest,explicit_backport_or_cherry_pick_in_commit_message
22.03.2,ea845f76ea2406a4c70d96141d6386b81bba5431,88ba41453dbc65e1d5d596073d66bdf2e59a43a1,kernel: bump 4.14 to 4.14.20,CVE-2017-8824,kernel,explicit_CVE_in_commit_message,unreviewed,x86/64,kernel,5.10.146-1-5d4fa2bd675198961db287e63a2370e2,research-os/data/openwrt-v2-snapshots/releases/22.03.2/x86_64/openwrt-22.03.2-x86-64.manifest,explicit_backport_or_cherry_pick_in_commit_message
22.03.2,ea845f76ea2406a4c70d96141d6386b81bba5431,9a753c49ea7053f3592f9ec1ce9d97882edb332d,dnsmasq: backport official fix for CVE-2017-13704,CVE-2017-13704,dnsmasq,explicit_CVE_in_commit_message,unreviewed,ath79/generic,dnsmasq,2.86-14,research-os/data/openwrt-v2-snapshots/releases/22.03.2/ath79_generic/openwrt-22.03.2-ath79-generic.manifest,explicit_backport_or_cherry_pick_in_commit_message
22.03.2,ea845f76ea2406a4c70d96141d6386b81bba5431,9a753c49ea7053f3592f9ec1ce9d97882edb332d,dnsmasq: backport official fix for CVE-2017-13704,CVE-2017-13704,dnsmasq,explicit_CVE_in_commit_message,unreviewed,x86/64,dnsmasq,2.86-14,research-os/data/openwrt-v2-snapshots/releases/22.03.2/x86_64/openwrt-22.03.2-x86-64.manifest,explicit_backport_or_cherry_pick_in_commit_message
22.03.2,ea845f76ea2406a4c70d96141d6386b81bba5431,a3198061f80a7f3933810cd99206b085e4cf49f9,dnsmasq: backport dnssec security fix,CVE-2017-15107,dnsmasq,explicit_CVE_in_commit_message,unreviewed,ath79/generic,dnsmasq,2.86-14,research-os/data/openwrt-v2-snapshots/releases/22.03.2/ath79_generic/openwrt-22.03.2-ath79-generic.manifest,explicit_backport_or_cherry_pick_in_commit_message
22.03.2,ea845f76ea2406a4c70d96141d6386b81bba5431,a3198061f80a7f3933810cd99206b085e4cf49f9,dnsmasq: backport dnssec security fix,CVE-2017-15107,dnsmasq,explicit_CVE_in_commit_message,unreviewed,x86/64,dnsmasq,2.86-14,research-os/data/openwrt-v2-snapshots/releases/22.03.2/x86_64/openwrt-22.03.2-x86-64.manifest,explicit_backport_or_cherry_pick_in_commit_message
22.03.2,ea845f76ea2406a4c70d96141d6386b81bba5431,adaf1cbcc8b253ea807dbe0416b4b04c33dceadf,dnsmasq: backport validation fix in dnssec security fix,CVE-2017-15107,dnsmasq,explicit_CVE_in_commit_message,unreviewed,ath79/generic,dnsmasq,2.86-14,research-os/data/openwrt-v2-snapshots/releases/22.03.2/ath79_generic/openwrt-22.03.2-ath79-generic.manifest,explicit_backport_or_cherry_pick_in_commit_message
22.03.2,ea845f76ea2406a4c70d96141d6386b81bba5431,adaf1cbcc8b253ea807dbe0416b4b04c33dceadf,dnsmasq: backport validation fix in dnssec security fix,CVE-2017-15107,dnsmasq,explicit_CVE_in_commit_message,unreviewed,x86/64,dnsmasq,2.86-14,research-os/data/openwrt-v2-snapshots/releases/22.03.2/x86_64/openwrt-22.03.2-x86-64.manifest,explicit_backport_or_cherry_pick_in_commit_message
22.03.2,ea845f76ea2406a4c70d96141d6386b81bba5431,b547ab3143e5f9116c19698292d1bd9e08feda3e,kernel: bump kernel 4.9 to version 4.9.120,CVE-2018-3620,kernel,explicit_CVE_in_commit_message,unreviewed,ath79/generic,kernel,5.10.146-1-72e39b50629eaf33fc9600ab703ee2ab,research-os/data/openwrt-v2-snapshots/releases/22.03.2/ath79_generic/openwrt-22.03.2-ath79-generic.manifest,explicit_backport_or_cherry_pick_in_commit_message
22.03.2,ea845f76ea2406a4c70d96141d6386b81bba5431,b547ab3143e5f9116c19698292d1bd9e08feda3e,kernel: bump kernel 4.9 to version 4.9.120,CVE-2018-3620,kernel,explicit_CVE_in_commit_message,unreviewed,x86/64,kernel,5.10.146-1-5d4fa2bd675198961db287e63a2370e2,research-os/data/openwrt-v2-snapshots/releases/22.03.2/x86_64/openwrt-22.03.2-x86-64.manifest,explicit_backport_or_cherry_pick_in_commit_message
22.03.2,ea845f76ea2406a4c70d96141d6386b81bba5431,b547ab3143e5f9116c19698292d1bd9e08feda3e,kernel: bump kernel 4.9 to version 4.9.120,CVE-2018-3646,kernel,explicit_CVE_in_commit_message,unreviewed,ath79/generic,kernel,5.10.146-1-72e39b50629eaf33fc9600ab703ee2ab,research-os/data/openwrt-v2-snapshots/releases/22.03.2/ath79_generic/openwrt-22.03.2-ath79-generic.manifest,explicit_backport_or_cherry_pick_in_commit_message
22.03.2,ea845f76ea2406a4c70d96141d6386b81bba5431,b547ab3143e5f9116c19698292d1bd9e08feda3e,kernel: bump kernel 4.9 to version 4.9.120,CVE-2018-3646,kernel,explicit_CVE_in_commit_message,unreviewed,x86/64,kernel,5.10.146-1-5d4fa2bd675198961db287e63a2370e2,research-os/data/openwrt-v2-snapshots/releases/22.03.2/x86_64/openwrt-22.03.2-x86-64.manifest,explicit_backport_or_cherry_pick_in_commit_message
22.03.2,ea845f76ea2406a4c70d96141d6386b81bba5431,d8565a06dc01b55ed1018d571e655c122b9d2a33,kernel: bump 4.9 to 4.9.77,CVE-2017-1000410,kernel,explicit_CVE_in_commit_message,unreviewed,ath79/generic,kernel,5.10.146-1-72e39b50629eaf33fc9600ab703ee2ab,research-os/data/openwrt-v2-snapshots/releases/22.03.2/ath79_generic/openwrt-22.03.2-ath79-generic.manifest,explicit_backport_or_cherry_pick_in_commit_message
22.03.2,ea845f76ea2406a4c70d96141d6386b81bba5431,d8565a06dc01b55ed1018d571e655c122b9d2a33,kernel: bump 4.9 to 4.9.77,CVE-2017-1000410,kernel,explicit_CVE_in_commit_message,unreviewed,x86/64,kernel,5.10.146-1-5d4fa2bd675198961db287e63a2370e2,research-os/data/openwrt-v2-snapshots/releases/22.03.2/x86_64/openwrt-22.03.2-x86-64.manifest,explicit_backport_or_cherry_pick_in_commit_message
22.03.2,ea845f76ea2406a4c70d96141d6386b81bba5431,d8565a06dc01b55ed1018d571e655c122b9d2a33,kernel: bump 4.9 to 4.9.77,CVE-2017-17741,kernel,explicit_CVE_in_commit_message,unreviewed,ath79/generic,kernel,5.10.146-1-72e39b50629eaf33fc9600ab703ee2ab,research-os/data/openwrt-v2-snapshots/releases/22.03.2/ath79_generic/openwrt-22.03.2-ath79-generic.manifest,explicit_backport_or_cherry_pick_in_commit_message
22.03.2,ea845f76ea2406a4c70d96141d6386b81bba5431,d8565a06dc01b55ed1018d571e655c122b9d2a33,kernel: bump 4.9 to 4.9.77,CVE-2017-17741,kernel,explicit_CVE_in_commit_message,unreviewed,x86/64,kernel,5.10.146-1-5d4fa2bd675198961db287e63a2370e2,research-os/data/openwrt-v2-snapshots/releases/22.03.2/x86_64/openwrt-22.03.2-x86-64.manifest,explicit_backport_or_cherry_pick_in_commit_message
22.03.2,ea845f76ea2406a4c70d96141d6386b81bba5431,d8565a06dc01b55ed1018d571e655c122b9d2a33,kernel: bump 4.9 to 4.9.77,CVE-2017-5715,kernel,explicit_CVE_in_commit_message,unreviewed,ath79/generic,kernel,5.10.146-1-72e39b50629eaf33fc9600ab703ee2ab,research-os/data/openwrt-v2-snapshots/releases/22.03.2/ath79_generic/openwrt-22.03.2-ath79-generic.manifest,explicit_backport_or_cherry_pick_in_commit_message
22.03.2,ea845f76ea2406a4c70d96141d6386b81bba5431,d8565a06dc01b55ed1018d571e655c122b9d2a33,kernel: bump 4.9 to 4.9.77,CVE-2017-5715,kernel,explicit_CVE_in_commit_message,unreviewed,x86/64,kernel,5.10.146-1-5d4fa2bd675198961db287e63a2370e2,research-os/data/openwrt-v2-snapshots/releases/22.03.2/x86_64/openwrt-22.03.2-x86-64.manifest,explicit_backport_or_cherry_pick_in_commit_message
22.03.2,ea845f76ea2406a4c70d96141d6386b81bba5431,d8565a06dc01b55ed1018d571e655c122b9d2a33,kernel: bump 4.9 to 4.9.77,CVE-2017-5753,kernel,explicit_CVE_in_commit_message,unreviewed,ath79/generic,kernel,5.10.146-1-72e39b50629eaf33fc9600ab703ee2ab,research-os/data/openwrt-v2-snapshots/releases/22.03.2/ath79_generic/openwrt-22.03.2-ath79-generic.manifest,explicit_backport_or_cherry_pick_in_commit_message
22.03.2,ea845f76ea2406a4c70d96141d6386b81bba5431,d8565a06dc01b55ed1018d571e655c122b9d2a33,kernel: bump 4.9 to 4.9.77,CVE-2017-5753,kernel,explicit_CVE_in_commit_message,unreviewed,x86/64,kernel,5.10.146-1-5d4fa2bd675198961db287e63a2370e2,research-os/data/openwrt-v2-snapshots/releases/22.03.2/x86_64/openwrt-22.03.2-x86-64.manifest,explicit_backport_or_cherry_pick_in_commit_message
22.03.2,ea845f76ea2406a4c70d96141d6386b81bba5431,f621b539512e5b6c83dd2de1bc2dba06e40cd7ea,kernel: bump 4.9 to 4.9.82,CVE-2017-8824,kernel,explicit_CVE_in_commit_message,unreviewed,ath79/generic,kernel,5.10.146-1-72e39b50629eaf33fc9600ab703ee2ab,research-os/data/openwrt-v2-snapshots/releases/22.03.2/ath79_generic/openwrt-22.03.2-ath79-generic.manifest,explicit_backport_or_cherry_pick_in_commit_message
22.03.2,ea845f76ea2406a4c70d96141d6386b81bba5431,f621b539512e5b6c83dd2de1bc2dba06e40cd7ea,kernel: bump 4.9 to 4.9.82,CVE-2017-8824,kernel,explicit_CVE_in_commit_message,unreviewed,x86/64,kernel,5.10.146-1-5d4fa2bd675198961db287e63a2370e2,research-os/data/openwrt-v2-snapshots/releases/22.03.2/x86_64/openwrt-22.03.2-x86-64.manifest,explicit_backport_or_cherry_pick_in_commit_message
22.03.2,ea845f76ea2406a4c70d96141d6386b81bba5431,fefe1da440eede8dfaa23975c30ae2f6fcac744d,kernel: backport upstream fix for CVE-2018-5390,CVE-2018-5390,kernel,explicit_CVE_in_commit_message,unreviewed,ath79/generic,kernel,5.10.146-1-72e39b50629eaf33fc9600ab703ee2ab,research-os/data/openwrt-v2-snapshots/releases/22.03.2/ath79_generic/openwrt-22.03.2-ath79-generic.manifest,explicit_backport_or_cherry_pick_in_commit_message
22.03.2,ea845f76ea2406a4c70d96141d6386b81bba5431,fefe1da440eede8dfaa23975c30ae2f6fcac744d,kernel: backport upstream fix for CVE-2018-5390,CVE-2018-5390,kernel,explicit_CVE_in_commit_message,unreviewed,x86/64,kernel,5.10.146-1-5d4fa2bd675198961db287e63a2370e2,research-os/data/openwrt-v2-snapshots/releases/22.03.2/x86_64/openwrt-22.03.2-x86-64.manifest,explicit_backport_or_cherry_pick_in_commit_message
22.03.3,221fbfa2d854ccb6cd003c065ec308fbc0651b11,13397b2b95b4800fb0a29c3d483fa280d10f0eb0,busybox: backport fix for CVE-2021-28831,CVE-2021-28831,busybox,explicit_CVE_in_commit_message,unreviewed,ath79/generic,busybox,1.35.0-5,research-os/data/openwrt-v2-snapshots/releases/22.03.3/ath79_generic/openwrt-22.03.3-ath79-generic.manifest,explicit_backport_or_cherry_pick_in_commit_message
22.03.3,221fbfa2d854ccb6cd003c065ec308fbc0651b11,13397b2b95b4800fb0a29c3d483fa280d10f0eb0,busybox: backport fix for CVE-2021-28831,CVE-2021-28831,busybox,explicit_CVE_in_commit_message,unreviewed,x86/64,busybox,1.35.0-5,research-os/data/openwrt-v2-snapshots/releases/22.03.3/x86_64/openwrt-22.03.3-x86-64.manifest,explicit_backport_or_cherry_pick_in_commit_message
22.03.3,221fbfa2d854ccb6cd003c065ec308fbc0651b11,2211ee0037764e1c6b1576fe7a0975722cd4acdc,dropbear: backport upstream fix for CVE-2018-15599,CVE-2018-15473,dropbear,explicit_CVE_in_commit_message,unreviewed,ath79/generic,dropbear,2022.82-2,research-os/data/openwrt-v2-snapshots/releases/22.03.3/ath79_generic/openwrt-22.03.3-ath79-generic.manifest,explicit_backport_or_cherry_pick_in_commit_message
22.03.3,221fbfa2d854ccb6cd003c065ec308fbc0651b11,2211ee0037764e1c6b1576fe7a0975722cd4acdc,dropbear: backport upstream fix for CVE-2018-15599,CVE-2018-15473,dropbear,explicit_CVE_in_commit_message,unreviewed,x86/64,dropbear,2022.82-2,research-os/data/openwrt-v2-snapshots/releases/22.03.3/x86_64/openwrt-22.03.3-x86-64.manifest,explicit_backport_or_cherry_pick_in_commit_message
22.03.3,221fbfa2d854ccb6cd003c065ec308fbc0651b11,2211ee0037764e1c6b1576fe7a0975722cd4acdc,dropbear: backport upstream fix for CVE-2018-15599,CVE-2018-15599,dropbear,explicit_CVE_in_commit_message,unreviewed,ath79/generic,dropbear,2022.82-2,research-os/data/openwrt-v2-snapshots/releases/22.03.3/ath79_generic/openwrt-22.03.3-ath79-generic.manifest,explicit_backport_or_cherry_pick_in_commit_message
22.03.3,221fbfa2d854ccb6cd003c065ec308fbc0651b11,2211ee0037764e1c6b1576fe7a0975722cd4acdc,dropbear: backport upstream fix for CVE-2018-15599,CVE-2018-15599,dropbear,explicit_CVE_in_commit_message,unreviewed,x86/64,dropbear,2022.82-2,research-os/data/openwrt-v2-snapshots/releases/22.03.3/x86_64/openwrt-22.03.3-x86-64.manifest,explicit_backport_or_cherry_pick_in_commit_message
22.03.3,221fbfa2d854ccb6cd003c065ec308fbc0651b11,22b9f99b87fa1ff991180cabf02dd04d1bddce2b,kernel: bump 4.14 to 4.14.59,CVE-2018-10876,kernel,explicit_CVE_in_commit_message,unreviewed,ath79/generic,kernel,5.10.161-1-597dfd90b9cbdd7e9f0f4cbf4279a279,research-os/data/openwrt-v2-snapshots/releases/22.03.3/ath79_generic/openwrt-22.03.3-ath79-generic.manifest,explicit_backport_or_cherry_pick_in_commit_message
22.03.3,221fbfa2d854ccb6cd003c065ec308fbc0651b11,22b9f99b87fa1ff991180cabf02dd04d1bddce2b,kernel: bump 4.14 to 4.14.59,CVE-2018-10876,kernel,explicit_CVE_in_commit_message,unreviewed,x86/64,kernel,5.10.161-1-9309db0b721b9fb3fe826181264a78c4,research-os/data/openwrt-v2-snapshots/releases/22.03.3/x86_64/openwrt-22.03.3-x86-64.manifest,explicit_backport_or_cherry_pick_in_commit_message
22.03.3,221fbfa2d854ccb6cd003c065ec308fbc0651b11,22b9f99b87fa1ff991180cabf02dd04d1bddce2b,kernel: bump 4.14 to 4.14.59,CVE-2018-10877,kernel,explicit_CVE_in_commit_message,unreviewed,ath79/generic,kernel,5.10.161-1-597dfd90b9cbdd7e9f0f4cbf4279a279,research-os/data/openwrt-v2-snapshots/releases/22.03.3/ath79_generic/openwrt-22.03.3-ath79-generic.manifest,explicit_backport_or_cherry_pick_in_commit_message
22.03.3,221fbfa2d854ccb6cd003c065ec308fbc0651b11,22b9f99b87fa1ff991180cabf02dd04d1bddce2b,kernel: bump 4.14 to 4.14.59,CVE-2018-10877,kernel,explicit_CVE_in_commit_message,unreviewed,x86/64,kernel,5.10.161-1-9309db0b721b9fb3fe826181264a78c4,research-os/data/openwrt-v2-snapshots/releases/22.03.3/x86_64/openwrt-22.03.3-x86-64.manifest,explicit_backport_or_cherry_pick_in_commit_message
22.03.3,221fbfa2d854ccb6cd003c065ec308fbc0651b11,22b9f99b87fa1ff991180cabf02dd04d1bddce2b,kernel: bump 4.14 to 4.14.59,CVE-2018-10879,kernel,explicit_CVE_in_commit_message,unreviewed,ath79/generic,kernel,5.10.161-1-597dfd90b9cbdd7e9f0f4cbf4279a279,research-os/data/openwrt-v2-snapshots/releases/22.03.3/ath79_generic/openwrt-22.03.3-ath79-generic.manifest,explicit_backport_or_cherry_pick_in_commit_message
22.03.3,221fbfa2d854ccb6cd003c065ec308fbc0651b11,22b9f99b87fa1ff991180cabf02dd04d1bddce2b,kernel: bump 4.14 to 4.14.59,CVE-2018-10879,kernel,explicit_CVE_in_commit_message,unreviewed,x86/64,kernel,5.10.161-1-9309db0b721b9fb3fe826181264a78c4,research-os/data/openwrt-v2-snapshots/releases/22.03.3/x86_64/openwrt-22.03.3-x86-64.manifest,explicit_backport_or_cherry_pick_in_commit_message
22.03.3,221fbfa2d854ccb6cd003c065ec308fbc0651b11,22b9f99b87fa1ff991180cabf02dd04d1bddce2b,kernel: bump 4.14 to 4.14.59,CVE-2018-10880,kernel,explicit_CVE_in_commit_message,unreviewed,ath79/generic,kernel,5.10.161-1-597dfd90b9cbdd7e9f0f4cbf4279a279,research-os/data/openwrt-v2-snapshots/releases/22.03.3/ath79_generic/openwrt-22.03.3-ath79-generic.manifest,explicit_backport_or_cherry_pick_in_commit_message
22.03.3,221fbfa2d854ccb6cd003c065ec308fbc0651b11,22b9f99b87fa1ff991180cabf02dd04d1bddce2b,kernel: bump 4.14 to 4.14.59,CVE-2018-10880,kernel,explicit_CVE_in_commit_message,unreviewed,x86/64,kernel,5.10.161-1-9309db0b721b9fb3fe826181264a78c4,research-os/data/openwrt-v2-snapshots/releases/22.03.3/x86_64/openwrt-22.03.3-x86-64.manifest,explicit_backport_or_cherry_pick_in_commit_message
22.03.3,221fbfa2d854ccb6cd003c065ec308fbc0651b11,22b9f99b87fa1ff991180cabf02dd04d1bddce2b,kernel: bump 4.14 to 4.14.59,CVE-2018-10881,kernel,explicit_CVE_in_commit_message,unreviewed,ath79/generic,kernel,5.10.161-1-597dfd90b9cbdd7e9f0f4cbf4279a279,research-os/data/openwrt-v2-snapshots/releases/22.03.3/ath79_generic/openwrt-22.03.3-ath79-generic.manifest,explicit_backport_or_cherry_pick_in_commit_message
22.03.3,221fbfa2d854ccb6cd003c065ec308fbc0651b11,22b9f99b87fa1ff991180cabf02dd04d1bddce2b,kernel: bump 4.14 to 4.14.59,CVE-2018-10881,kernel,explicit_CVE_in_commit_message,unreviewed,x86/64,kernel,5.10.161-1-9309db0b721b9fb3fe826181264a78c4,research-os/data/openwrt-v2-snapshots/releases/22.03.3/x86_64/openwrt-22.03.3-x86-64.manifest,explicit_backport_or_cherry_pick_in_commit_message
22.03.3,221fbfa2d854ccb6cd003c065ec308fbc0651b11,22b9f99b87fa1ff991180cabf02dd04d1bddce2b,kernel: bump 4.14 to 4.14.59,CVE-2018-10882,kernel,explicit_CVE_in_commit_message,unreviewed,ath79/generic,kernel,5.10.161-1-597dfd90b9cbdd7e9f0f4cbf4279a279,research-os/data/openwrt-v2-snapshots/releases/22.03.3/ath79_generic/openwrt-22.03.3-ath79-generic.manifest,explicit_backport_or_cherry_pick_in_commit_message
22.03.3,221fbfa2d854ccb6cd003c065ec308fbc0651b11,22b9f99b87fa1ff991180cabf02dd04d1bddce2b,kernel: bump 4.14 to 4.14.59,CVE-2018-10882,kernel,explicit_CVE_in_commit_message,unreviewed,x86/64,kernel,5.10.161-1-9309db0b721b9fb3fe826181264a78c4,research-os/data/openwrt-v2-snapshots/releases/22.03.3/x86_64/openwrt-22.03.3-x86-64.manifest,explicit_backport_or_cherry_pick_in_commit_message
22.03.3,221fbfa2d854ccb6cd003c065ec308fbc0651b11,22b9f99b87fa1ff991180cabf02dd04d1bddce2b,kernel: bump 4.14 to 4.14.59,CVE-2018-10883,kernel,explicit_CVE_in_commit_message,unreviewed,ath79/generic,kernel,5.10.161-1-597dfd90b9cbdd7e9f0f4cbf4279a279,research-os/data/openwrt-v2-snapshots/releases/22.03.3/ath79_generic/openwrt-22.03.3-ath79-generic.manifest,explicit_backport_or_cherry_pick_in_commit_message
22.03.3,221fbfa2d854ccb6cd003c065ec308fbc0651b11,22b9f99b87fa1ff991180cabf02dd04d1bddce2b,kernel: bump 4.14 to 4.14.59,CVE-2018-10883,kernel,explicit_CVE_in_commit_message,unreviewed,x86/64,kernel,5.10.161-1-9309db0b721b9fb3fe826181264a78c4,research-os/data/openwrt-v2-snapshots/releases/22.03.3/x86_64/openwrt-22.03.3-x86-64.manifest,explicit_backport_or_cherry_pick_in_commit_message
22.03.3,221fbfa2d854ccb6cd003c065ec308fbc0651b11,35890514bb191de3ab96dcd684714850a9142efc,ppp: backport security fixes,CVE-2020-8597,ppp,explicit_CVE_in_commit_message,unreviewed,ath79/generic,ppp,2.4.9.git-2021-01-04-3,research-os/data/openwrt-v2-snapshots/releases/22.03.3/ath79_generic/openwrt-22.03.3-ath79-generic.manifest,explicit_backport_or_cherry_pick_in_commit_message
22.03.3,221fbfa2d854ccb6cd003c065ec308fbc0651b11,35890514bb191de3ab96dcd684714850a9142efc,ppp: backport security fixes,CVE-2020-8597,ppp,explicit_CVE_in_commit_message,unreviewed,x86/64,ppp,2.4.9.git-2021-01-04-3,research-os/data/openwrt-v2-snapshots/releases/22.03.3/x86_64/openwrt-22.03.3-x86-64.manifest,explicit_backport_or_cherry_pick_in_commit_message
22.03.3,221fbfa2d854ccb6cd003c065ec308fbc0651b11,3c2c31bb66e5b247ffbb3cafac2a21d441daef39,kernel: backport upstream challenge ACK fix (CVE-2016-5696),CVE-2016-5696,kernel,explicit_CVE_in_commit_message,unreviewed,ath79/generic,kernel,5.10.161-1-597dfd90b9cbdd7e9f0f4cbf4279a279,research-os/data/openwrt-v2-snapshots/releases/22.03.3/ath79_generic/openwrt-22.03.3-ath79-generic.manifest,explicit_backport_or_cherry_pick_in_commit_message
22.03.3,221fbfa2d854ccb6cd003c065ec308fbc0651b11,3c2c31bb66e5b247ffbb3cafac2a21d441daef39,kernel: backport upstream challenge ACK fix (CVE-2016-5696),CVE-2016-5696,kernel,explicit_CVE_in_commit_message,unreviewed,x86/64,kernel,5.10.161-1-9309db0b721b9fb3fe826181264a78c4,research-os/data/openwrt-v2-snapshots/releases/22.03.3/x86_64/openwrt-22.03.3-x86-64.manifest,explicit_backport_or_cherry_pick_in_commit_message
22.03.3,221fbfa2d854ccb6cd003c065ec308fbc0651b11,6713fe030fca32fc3d5ad9761f3b2f96501aedd6,busybox: update to 1.33.1,CVE-2021-28831,busybox,explicit_CVE_in_commit_message,unreviewed,ath79/generic,busybox,1.35.0-5,research-os/data/openwrt-v2-snapshots/releases/22.03.3/ath79_generic/openwrt-22.03.3-ath79-generic.manifest,explicit_backport_or_cherry_pick_in_commit_message
22.03.3,221fbfa2d854ccb6cd003c065ec308fbc0651b11,6713fe030fca32fc3d5ad9761f3b2f96501aedd6,busybox: update to 1.33.1,CVE-2021-28831,busybox,explicit_CVE_in_commit_message,unreviewed,x86/64,busybox,1.35.0-5,research-os/data/openwrt-v2-snapshots/releases/22.03.3/x86_64/openwrt-22.03.3-x86-64.manifest,explicit_backport_or_cherry_pick_in_commit_message
22.03.3,221fbfa2d854ccb6cd003c065ec308fbc0651b11,77522d4eb7ef7df6805d7aa377bc3fad84a2910a,dnsmasq: Backport DHCPv6 server fix (CVE-2022-0934),CVE-2022-0934,dnsmasq,explicit_CVE_in_commit_message,unreviewed,ath79/generic,dnsmasq,2.86-15,research-os/data/openwrt-v2-snapshots/releases/22.03.3/ath79_generic/openwrt-22.03.3-ath79-generic.manifest,explicit_backport_or_cherry_pick_in_commit_message
22.03.3,221fbfa2d854ccb6cd003c065ec308fbc0651b11,77522d4eb7ef7df6805d7aa377bc3fad84a2910a,dnsmasq: Backport DHCPv6 server fix (CVE-2022-0934),CVE-2022-0934,dnsmasq,explicit_CVE_in_commit_message,unreviewed,x86/64,dnsmasq,2.86-15,research-os/data/openwrt-v2-snapshots/releases/22.03.3/x86_64/openwrt-22.03.3-x86-64.manifest,explicit_backport_or_cherry_pick_in_commit_message
22.03.3,221fbfa2d854ccb6cd003c065ec308fbc0651b11,7c0a2bc93077f52c033e406864b34af3a4fab245,busybox: backport cve-2017-16544 fix,CVE-2017-16544,busybox,explicit_CVE_in_commit_message,unreviewed,ath79/generic,busybox,1.35.0-5,research-os/data/openwrt-v2-snapshots/releases/22.03.3/ath79_generic/openwrt-22.03.3-ath79-generic.manifest,explicit_backport_or_cherry_pick_in_commit_message
22.03.3,221fbfa2d854ccb6cd003c065ec308fbc0651b11,7c0a2bc93077f52c033e406864b34af3a4fab245,busybox: backport cve-2017-16544 fix,CVE-2017-16544,busybox,explicit_CVE_in_commit_message,unreviewed,x86/64,busybox,1.35.0-5,research-os/data/openwrt-v2-snapshots/releases/22.03.3/x86_64/openwrt-22.03.3-x86-64.manifest,explicit_backport_or_cherry_pick_in_commit_message
22.03.3,221fbfa2d854ccb6cd003c065ec308fbc0651b11,7c0a2bc93077f52c033e406864b34af3a4fab245,busybox: backport cve-2017-16544 fix,CVE-2017-16544,busybox,explicit_CVE_in_commit_message,unreviewed,ath79/generic,busybox,1.35.0-5,research-os/data/openwrt-v2-snapshots/releases/22.03.3/ath79_generic/openwrt-22.03.3-ath79-generic.manifest,explicit_backport_or_cherry_pick_in_commit_message
22.03.3,221fbfa2d854ccb6cd003c065ec308fbc0651b11,7c0a2bc93077f52c033e406864b34af3a4fab245,busybox: backport cve-2017-16544 fix,CVE-2017-16544,busybox,explicit_CVE_in_commit_message,unreviewed,x86/64,busybox,1.35.0-5,research-os/data/openwrt-v2-snapshots/releases/22.03.3/x86_64/openwrt-22.03.3-x86-64.manifest,explicit_backport_or_cherry_pick_in_commit_message
22.03.3,221fbfa2d854ccb6cd003c065ec308fbc0651b11,88ba41453dbc65e1d5d596073d66bdf2e59a43a1,kernel: bump 4.14 to 4.14.20,CVE-2017-8824,kernel,explicit_CVE_in_commit_message,unreviewed,ath79/generic,kernel,5.10.161-1-597dfd90b9cbdd7e9f0f4cbf4279a279,research-os/data/openwrt-v2-snapshots/releases/22.03.3/ath79_generic/openwrt-22.03.3-ath79-generic.manifest,explicit_backport_or_cherry_pick_in_commit_message
22.03.3,221fbfa2d854ccb6cd003c065ec308fbc0651b11,88ba41453dbc65e1d5d596073d66bdf2e59a43a1,kernel: bump 4.14 to 4.14.20,CVE-2017-8824,kernel,explicit_CVE_in_commit_message,unreviewed,x86/64,kernel,5.10.161-1-9309db0b721b9fb3fe826181264a78c4,research-os/data/openwrt-v2-snapshots/releases/22.03.3/x86_64/openwrt-22.03.3-x86-64.manifest,explicit_backport_or_cherry_pick_in_commit_message
22.03.3,221fbfa2d854ccb6cd003c065ec308fbc0651b11,9a753c49ea7053f3592f9ec1ce9d97882edb332d,dnsmasq: backport official fix for CVE-2017-13704,CVE-2017-13704,dnsmasq,explicit_CVE_in_commit_message,unreviewed,ath79/generic,dnsmasq,2.86-15,research-os/data/openwrt-v2-snapshots/releases/22.03.3/ath79_generic/openwrt-22.03.3-ath79-generic.manifest,explicit_backport_or_cherry_pick_in_commit_message
22.03.3,221fbfa2d854ccb6cd003c065ec308fbc0651b11,9a753c49ea7053f3592f9ec1ce9d97882edb332d,dnsmasq: backport official fix for CVE-2017-13704,CVE-2017-13704,dnsmasq,explicit_CVE_in_commit_message,unreviewed,x86/64,dnsmasq,2.86-15,research-os/data/openwrt-v2-snapshots/releases/22.03.3/x86_64/openwrt-22.03.3-x86-64.manifest,explicit_backport_or_cherry_pick_in_commit_message
22.03.3,221fbfa2d854ccb6cd003c065ec308fbc0651b11,a3198061f80a7f3933810cd99206b085e4cf49f9,dnsmasq: backport dnssec security fix,CVE-2017-15107,dnsmasq,explicit_CVE_in_commit_message,unreviewed,ath79/generic,dnsmasq,2.86-15,research-os/data/openwrt-v2-snapshots/releases/22.03.3/ath79_generic/openwrt-22.03.3-ath79-generic.manifest,explicit_backport_or_cherry_pick_in_commit_message
22.03.3,221fbfa2d854ccb6cd003c065ec308fbc0651b11,a3198061f80a7f3933810cd99206b085e4cf49f9,dnsmasq: backport dnssec security fix,CVE-2017-15107,dnsmasq,explicit_CVE_in_commit_message,unreviewed,x86/64,dnsmasq,2.86-15,research-os/data/openwrt-v2-snapshots/releases/22.03.3/x86_64/openwrt-22.03.3-x86-64.manifest,explicit_backport_or_cherry_pick_in_commit_message
22.03.3,221fbfa2d854ccb6cd003c065ec308fbc0651b11,adaf1cbcc8b253ea807dbe0416b4b04c33dceadf,dnsmasq: backport validation fix in dnssec security fix,CVE-2017-15107,dnsmasq,explicit_CVE_in_commit_message,unreviewed,ath79/generic,dnsmasq,2.86-15,research-os/data/openwrt-v2-snapshots/releases/22.03.3/ath79_generic/openwrt-22.03.3-ath79-generic.manifest,explicit_backport_or_cherry_pick_in_commit_message
22.03.3,221fbfa2d854ccb6cd003c065ec308fbc0651b11,adaf1cbcc8b253ea807dbe0416b4b04c33dceadf,dnsmasq: backport validation fix in dnssec security fix,CVE-2017-15107,dnsmasq,explicit_CVE_in_commit_message,unreviewed,x86/64,dnsmasq,2.86-15,research-os/data/openwrt-v2-snapshots/releases/22.03.3/x86_64/openwrt-22.03.3-x86-64.manifest,explicit_backport_or_cherry_pick_in_commit_message
22.03.3,221fbfa2d854ccb6cd003c065ec308fbc0651b11,b547ab3143e5f9116c19698292d1bd9e08feda3e,kernel: bump kernel 4.9 to version 4.9.120,CVE-2018-3620,kernel,explicit_CVE_in_commit_message,unreviewed,ath79/generic,kernel,5.10.161-1-597dfd90b9cbdd7e9f0f4cbf4279a279,research-os/data/openwrt-v2-snapshots/releases/22.03.3/ath79_generic/openwrt-22.03.3-ath79-generic.manifest,explicit_backport_or_cherry_pick_in_commit_message
22.03.3,221fbfa2d854ccb6cd003c065ec308fbc0651b11,b547ab3143e5f9116c19698292d1bd9e08feda3e,kernel: bump kernel 4.9 to version 4.9.120,CVE-2018-3620,kernel,explicit_CVE_in_commit_message,unreviewed,x86/64,kernel,5.10.161-1-9309db0b721b9fb3fe826181264a78c4,research-os/data/openwrt-v2-snapshots/releases/22.03.3/x86_64/openwrt-22.03.3-x86-64.manifest,explicit_backport_or_cherry_pick_in_commit_message
22.03.3,221fbfa2d854ccb6cd003c065ec308fbc0651b11,b547ab3143e5f9116c19698292d1bd9e08feda3e,kernel: bump kernel 4.9 to version 4.9.120,CVE-2018-3646,kernel,explicit_CVE_in_commit_message,unreviewed,ath79/generic,kernel,5.10.161-1-597dfd90b9cbdd7e9f0f4cbf4279a279,research-os/data/openwrt-v2-snapshots/releases/22.03.3/ath79_generic/openwrt-22.03.3-ath79-generic.manifest,explicit_backport_or_cherry_pick_in_commit_message
22.03.3,221fbfa2d854ccb6cd003c065ec308fbc0651b11,b547ab3143e5f9116c19698292d1bd9e08feda3e,kernel: bump kernel 4.9 to version 4.9.120,CVE-2018-3646,kernel,explicit_CVE_in_commit_message,unreviewed,x86/64,kernel,5.10.161-1-9309db0b721b9fb3fe826181264a78c4,research-os/data/openwrt-v2-snapshots/releases/22.03.3/x86_64/openwrt-22.03.3-x86-64.manifest,explicit_backport_or_cherry_pick_in_commit_message
22.03.3,221fbfa2d854ccb6cd003c065ec308fbc0651b11,d8565a06dc01b55ed1018d571e655c122b9d2a33,kernel: bump 4.9 to 4.9.77,CVE-2017-1000410,kernel,explicit_CVE_in_commit_message,unreviewed,ath79/generic,kernel,5.10.161-1-597dfd90b9cbdd7e9f0f4cbf4279a279,research-os/data/openwrt-v2-snapshots/releases/22.03.3/ath79_generic/openwrt-22.03.3-ath79-generic.manifest,explicit_backport_or_cherry_pick_in_commit_message
22.03.3,221fbfa2d854ccb6cd003c065ec308fbc0651b11,d8565a06dc01b55ed1018d571e655c122b9d2a33,kernel: bump 4.9 to 4.9.77,CVE-2017-1000410,kernel,explicit_CVE_in_commit_message,unreviewed,x86/64,kernel,5.10.161-1-9309db0b721b9fb3fe826181264a78c4,research-os/data/openwrt-v2-snapshots/releases/22.03.3/x86_64/openwrt-22.03.3-x86-64.manifest,explicit_backport_or_cherry_pick_in_commit_message
22.03.3,221fbfa2d854ccb6cd003c065ec308fbc0651b11,d8565a06dc01b55ed1018d571e655c122b9d2a33,kernel: bump 4.9 to 4.9.77,CVE-2017-17741,kernel,explicit_CVE_in_commit_message,unreviewed,ath79/generic,kernel,5.10.161-1-597dfd90b9cbdd7e9f0f4cbf4279a279,research-os/data/openwrt-v2-snapshots/releases/22.03.3/ath79_generic/openwrt-22.03.3-ath79-generic.manifest,explicit_backport_or_cherry_pick_in_commit_message
22.03.3,221fbfa2d854ccb6cd003c065ec308fbc0651b11,d8565a06dc01b55ed1018d571e655c122b9d2a33,kernel: bump 4.9 to 4.9.77,CVE-2017-17741,kernel,explicit_CVE_in_commit_message,unreviewed,x86/64,kernel,5.10.161-1-9309db0b721b9fb3fe826181264a78c4,research-os/data/openwrt-v2-snapshots/releases/22.03.3/x86_64/openwrt-22.03.3-x86-64.manifest,explicit_backport_or_cherry_pick_in_commit_message
22.03.3,221fbfa2d854ccb6cd003c065ec308fbc0651b11,d8565a06dc01b55ed1018d571e655c122b9d2a33,kernel: bump 4.9 to 4.9.77,CVE-2017-5715,kernel,explicit_CVE_in_commit_message,unreviewed,ath79/generic,kernel,5.10.161-1-597dfd90b9cbdd7e9f0f4cbf4279a279,research-os/data/openwrt-v2-snapshots/releases/22.03.3/ath79_generic/openwrt-22.03.3-ath79-generic.manifest,explicit_backport_or_cherry_pick_in_commit_message
22.03.3,221fbfa2d854ccb6cd003c065ec308fbc0651b11,d8565a06dc01b55ed1018d571e655c122b9d2a33,kernel: bump 4.9 to 4.9.77,CVE-2017-5715,kernel,explicit_CVE_in_commit_message,unreviewed,x86/64,kernel,5.10.161-1-9309db0b721b9fb3fe826181264a78c4,research-os/data/openwrt-v2-snapshots/releases/22.03.3/x86_64/openwrt-22.03.3-x86-64.manifest,explicit_backport_or_cherry_pick_in_commit_message
22.03.3,221fbfa2d854ccb6cd003c065ec308fbc0651b11,d8565a06dc01b55ed1018d571e655c122b9d2a33,kernel: bump 4.9 to 4.9.77,CVE-2017-5753,kernel,explicit_CVE_in_commit_message,unreviewed,ath79/generic,kernel,5.10.161-1-597dfd90b9cbdd7e9f0f4cbf4279a279,research-os/data/openwrt-v2-snapshots/releases/22.03.3/ath79_generic/openwrt-22.03.3-ath79-generic.manifest,explicit_backport_or_cherry_pick_in_commit_message
22.03.3,221fbfa2d854ccb6cd003c065ec308fbc0651b11,d8565a06dc01b55ed1018d571e655c122b9d2a33,kernel: bump 4.9 to 4.9.77,CVE-2017-5753,kernel,explicit_CVE_in_commit_message,unreviewed,x86/64,kernel,5.10.161-1-9309db0b721b9fb3fe826181264a78c4,research-os/data/openwrt-v2-snapshots/releases/22.03.3/x86_64/openwrt-22.03.3-x86-64.manifest,explicit_backport_or_cherry_pick_in_commit_message
22.03.3,221fbfa2d854ccb6cd003c065ec308fbc0651b11,f621b539512e5b6c83dd2de1bc2dba06e40cd7ea,kernel: bump 4.9 to 4.9.82,CVE-2017-8824,kernel,explicit_CVE_in_commit_message,unreviewed,ath79/generic,kernel,5.10.161-1-597dfd90b9cbdd7e9f0f4cbf4279a279,research-os/data/openwrt-v2-snapshots/releases/22.03.3/ath79_generic/openwrt-22.03.3-ath79-generic.manifest,explicit_backport_or_cherry_pick_in_commit_message
22.03.3,221fbfa2d854ccb6cd003c065ec308fbc0651b11,f621b539512e5b6c83dd2de1bc2dba06e40cd7ea,kernel: bump 4.9 to 4.9.82,CVE-2017-8824,kernel,explicit_CVE_in_commit_message,unreviewed,x86/64,kernel,5.10.161-1-9309db0b721b9fb3fe826181264a78c4,research-os/data/openwrt-v2-snapshots/releases/22.03.3/x86_64/openwrt-22.03.3-x86-64.manifest,explicit_backport_or_cherry_pick_in_commit_message
22.03.3,221fbfa2d854ccb6cd003c065ec308fbc0651b11,fefe1da440eede8dfaa23975c30ae2f6fcac744d,kernel: backport upstream fix for CVE-2018-5390,CVE-2018-5390,kernel,explicit_CVE_in_commit_message,unreviewed,ath79/generic,kernel,5.10.161-1-597dfd90b9cbdd7e9f0f4cbf4279a279,research-os/data/openwrt-v2-snapshots/releases/22.03.3/ath79_generic/openwrt-22.03.3-ath79-generic.manifest,explicit_backport_or_cherry_pick_in_commit_message
22.03.3,221fbfa2d854ccb6cd003c065ec308fbc0651b11,fefe1da440eede8dfaa23975c30ae2f6fcac744d,kernel: backport upstream fix for CVE-2018-5390,CVE-2018-5390,kernel,explicit_CVE_in_commit_message,unreviewed,x86/64,kernel,5.10.161-1-9309db0b721b9fb3fe826181264a78c4,research-os/data/openwrt-v2-snapshots/releases/22.03.3/x86_64/openwrt-22.03.3-x86-64.manifest,explicit_backport_or_cherry_pick_in_commit_message
22.03.4,94adc23fa693d1b129ce1718573dfb12594f20f8,13397b2b95b4800fb0a29c3d483fa280d10f0eb0,busybox: backport fix for CVE-2021-28831,CVE-2021-28831,busybox,explicit_CVE_in_commit_message,unreviewed,ath79/generic,busybox,1.35.0-5,research-os/data/openwrt-v2-snapshots/releases/22.03.4/ath79_generic/openwrt-22.03.4-ath79-generic.manifest,explicit_backport_or_cherry_pick_in_commit_message
22.03.4,94adc23fa693d1b129ce1718573dfb12594f20f8,13397b2b95b4800fb0a29c3d483fa280d10f0eb0,busybox: backport fix for CVE-2021-28831,CVE-2021-28831,busybox,explicit_CVE_in_commit_message,unreviewed,x86/64,busybox,1.35.0-5,research-os/data/openwrt-v2-snapshots/releases/22.03.4/x86_64/openwrt-22.03.4-x86-64.manifest,explicit_backport_or_cherry_pick_in_commit_message
22.03.4,94adc23fa693d1b129ce1718573dfb12594f20f8,2211ee0037764e1c6b1576fe7a0975722cd4acdc,dropbear: backport upstream fix for CVE-2018-15599,CVE-2018-15473,dropbear,explicit_CVE_in_commit_message,unreviewed,ath79/generic,dropbear,2022.82-2,research-os/data/openwrt-v2-snapshots/releases/22.03.4/ath79_generic/openwrt-22.03.4-ath79-generic.manifest,explicit_backport_or_cherry_pick_in_commit_message
22.03.4,94adc23fa693d1b129ce1718573dfb12594f20f8,2211ee0037764e1c6b1576fe7a0975722cd4acdc,dropbear: backport upstream fix for CVE-2018-15599,CVE-2018-15473,dropbear,explicit_CVE_in_commit_message,unreviewed,x86/64,dropbear,2022.82-2,research-os/data/openwrt-v2-snapshots/releases/22.03.4/x86_64/openwrt-22.03.4-x86-64.manifest,explicit_backport_or_cherry_pick_in_commit_message
22.03.4,94adc23fa693d1b129ce1718573dfb12594f20f8,2211ee0037764e1c6b1576fe7a0975722cd4acdc,dropbear: backport upstream fix for CVE-2018-15599,CVE-2018-15599,dropbear,explicit_CVE_in_commit_message,unreviewed,ath79/generic,dropbear,2022.82-2,research-os/data/openwrt-v2-snapshots/releases/22.03.4/ath79_generic/openwrt-22.03.4-ath79-generic.manifest,explicit_backport_or_cherry_pick_in_commit_message
22.03.4,94adc23fa693d1b129ce1718573dfb12594f20f8,2211ee0037764e1c6b1576fe7a0975722cd4acdc,dropbear: backport upstream fix for CVE-2018-15599,CVE-2018-15599,dropbear,explicit_CVE_in_commit_message,unreviewed,x86/64,dropbear,2022.82-2,research-os/data/openwrt-v2-snapshots/releases/22.03.4/x86_64/openwrt-22.03.4-x86-64.manifest,explicit_backport_or_cherry_pick_in_commit_message
22.03.4,94adc23fa693d1b129ce1718573dfb12594f20f8,22b9f99b87fa1ff991180cabf02dd04d1bddce2b,kernel: bump 4.14 to 4.14.59,CVE-2018-10876,kernel,explicit_CVE_in_commit_message,unreviewed,ath79/generic,kernel,5.10.176-1-85703b998fa54b6f2c1131f83b0a7d11,research-os/data/openwrt-v2-snapshots/releases/22.03.4/ath79_generic/openwrt-22.03.4-ath79-generic.manifest,explicit_backport_or_cherry_pick_in_commit_message
22.03.4,94adc23fa693d1b129ce1718573dfb12594f20f8,22b9f99b87fa1ff991180cabf02dd04d1bddce2b,kernel: bump 4.14 to 4.14.59,CVE-2018-10876,kernel,explicit_CVE_in_commit_message,unreviewed,x86/64,kernel,5.10.176-1-c90b8cdeba326c5459f96b8e3bd16c5a,research-os/data/openwrt-v2-snapshots/releases/22.03.4/x86_64/openwrt-22.03.4-x86-64.manifest,explicit_backport_or_cherry_pick_in_commit_message
22.03.4,94adc23fa693d1b129ce1718573dfb12594f20f8,22b9f99b87fa1ff991180cabf02dd04d1bddce2b,kernel: bump 4.14 to 4.14.59,CVE-2018-10877,kernel,explicit_CVE_in_commit_message,unreviewed,ath79/generic,kernel,5.10.176-1-85703b998fa54b6f2c1131f83b0a7d11,research-os/data/openwrt-v2-snapshots/releases/22.03.4/ath79_generic/openwrt-22.03.4-ath79-generic.manifest,explicit_backport_or_cherry_pick_in_commit_message
22.03.4,94adc23fa693d1b129ce1718573dfb12594f20f8,22b9f99b87fa1ff991180cabf02dd04d1bddce2b,kernel: bump 4.14 to 4.14.59,CVE-2018-10877,kernel,explicit_CVE_in_commit_message,unreviewed,x86/64,kernel,5.10.176-1-c90b8cdeba326c5459f96b8e3bd16c5a,research-os/data/openwrt-v2-snapshots/releases/22.03.4/x86_64/openwrt-22.03.4-x86-64.manifest,explicit_backport_or_cherry_pick_in_commit_message
22.03.4,94adc23fa693d1b129ce1718573dfb12594f20f8,22b9f99b87fa1ff991180cabf02dd04d1bddce2b,kernel: bump 4.14 to 4.14.59,CVE-2018-10879,kernel,explicit_CVE_in_commit_message,unreviewed,ath79/generic,kernel,5.10.176-1-85703b998fa54b6f2c1131f83b0a7d11,research-os/data/openwrt-v2-snapshots/releases/22.03.4/ath79_generic/openwrt-22.03.4-ath79-generic.manifest,explicit_backport_or_cherry_pick_in_commit_message
22.03.4,94adc23fa693d1b129ce1718573dfb12594f20f8,22b9f99b87fa1ff991180cabf02dd04d1bddce2b,kernel: bump 4.14 to 4.14.59,CVE-2018-10879,kernel,explicit_CVE_in_commit_message,unreviewed,x86/64,kernel,5.10.176-1-c90b8cdeba326c5459f96b8e3bd16c5a,research-os/data/openwrt-v2-snapshots/releases/22.03.4/x86_64/openwrt-22.03.4-x86-64.manifest,explicit_backport_or_cherry_pick_in_commit_message
22.03.4,94adc23fa693d1b129ce1718573dfb12594f20f8,22b9f99b87fa1ff991180cabf02dd04d1bddce2b,kernel: bump 4.14 to 4.14.59,CVE-2018-10880,kernel,explicit_CVE_in_commit_message,unreviewed,ath79/generic,kernel,5.10.176-1-85703b998fa54b6f2c1131f83b0a7d11,research-os/data/openwrt-v2-snapshots/releases/22.03.4/ath79_generic/openwrt-22.03.4-ath79-generic.manifest,explicit_backport_or_cherry_pick_in_commit_message
22.03.4,94adc23fa693d1b129ce1718573dfb12594f20f8,22b9f99b87fa1ff991180cabf02dd04d1bddce2b,kernel: bump 4.14 to 4.14.59,CVE-2018-10880,kernel,explicit_CVE_in_commit_message,unreviewed,x86/64,kernel,5.10.176-1-c90b8cdeba326c5459f96b8e3bd16c5a,research-os/data/openwrt-v2-snapshots/releases/22.03.4/x86_64/openwrt-22.03.4-x86-64.manifest,explicit_backport_or_cherry_pick_in_commit_message
22.03.4,94adc23fa693d1b129ce1718573dfb12594f20f8,22b9f99b87fa1ff991180cabf02dd04d1bddce2b,kernel: bump 4.14 to 4.14.59,CVE-2018-10881,kernel,explicit_CVE_in_commit_message,unreviewed,ath79/generic,kernel,5.10.176-1-85703b998fa54b6f2c1131f83b0a7d11,research-os/data/openwrt-v2-snapshots/releases/22.03.4/ath79_generic/openwrt-22.03.4-ath79-generic.manifest,explicit_backport_or_cherry_pick_in_commit_message
22.03.4,94adc23fa693d1b129ce1718573dfb12594f20f8,22b9f99b87fa1ff991180cabf02dd04d1bddce2b,kernel: bump 4.14 to 4.14.59,CVE-2018-10881,kernel,explicit_CVE_in_commit_message,unreviewed,x86/64,kernel,5.10.176-1-c90b8cdeba326c5459f96b8e3bd16c5a,research-os/data/openwrt-v2-snapshots/releases/22.03.4/x86_64/openwrt-22.03.4-x86-64.manifest,explicit_backport_or_cherry_pick_in_commit_message
22.03.4,94adc23fa693d1b129ce1718573dfb12594f20f8,22b9f99b87fa1ff991180cabf02dd04d1bddce2b,kernel: bump 4.14 to 4.14.59,CVE-2018-10882,kernel,explicit_CVE_in_commit_message,unreviewed,ath79/generic,kernel,5.10.176-1-85703b998fa54b6f2c1131f83b0a7d11,research-os/data/openwrt-v2-snapshots/releases/22.03.4/ath79_generic/openwrt-22.03.4-ath79-generic.manifest,explicit_backport_or_cherry_pick_in_commit_message
22.03.4,94adc23fa693d1b129ce1718573dfb12594f20f8,22b9f99b87fa1ff991180cabf02dd04d1bddce2b,kernel: bump 4.14 to 4.14.59,CVE-2018-10882,kernel,explicit_CVE_in_commit_message,unreviewed,x86/64,kernel,5.10.176-1-c90b8cdeba326c5459f96b8e3bd16c5a,research-os/data/openwrt-v2-snapshots/releases/22.03.4/x86_64/openwrt-22.03.4-x86-64.manifest,explicit_backport_or_cherry_pick_in_commit_message
22.03.4,94adc23fa693d1b129ce1718573dfb12594f20f8,22b9f99b87fa1ff991180cabf02dd04d1bddce2b,kernel: bump 4.14 to 4.14.59,CVE-2018-10883,kernel,explicit_CVE_in_commit_message,unreviewed,ath79/generic,kernel,5.10.176-1-85703b998fa54b6f2c1131f83b0a7d11,research-os/data/openwrt-v2-snapshots/releases/22.03.4/ath79_generic/openwrt-22.03.4-ath79-generic.manifest,explicit_backport_or_cherry_pick_in_commit_message
22.03.4,94adc23fa693d1b129ce1718573dfb12594f20f8,22b9f99b87fa1ff991180cabf02dd04d1bddce2b,kernel: bump 4.14 to 4.14.59,CVE-2018-10883,kernel,explicit_CVE_in_commit_message,unreviewed,x86/64,kernel,5.10.176-1-c90b8cdeba326c5459f96b8e3bd16c5a,research-os/data/openwrt-v2-snapshots/releases/22.03.4/x86_64/openwrt-22.03.4-x86-64.manifest,explicit_backport_or_cherry_pick_in_commit_message
22.03.4,94adc23fa693d1b129ce1718573dfb12594f20f8,35890514bb191de3ab96dcd684714850a9142efc,ppp: backport security fixes,CVE-2020-8597,ppp,explicit_CVE_in_commit_message,unreviewed,ath79/generic,ppp,2.4.9.git-2021-01-04-3,research-os/data/openwrt-v2-snapshots/releases/22.03.4/ath79_generic/openwrt-22.03.4-ath79-generic.manifest,explicit_backport_or_cherry_pick_in_commit_message
22.03.4,94adc23fa693d1b129ce1718573dfb12594f20f8,35890514bb191de3ab96dcd684714850a9142efc,ppp: backport security fixes,CVE-2020-8597,ppp,explicit_CVE_in_commit_message,unreviewed,x86/64,ppp,2.4.9.git-2021-01-04-3,research-os/data/openwrt-v2-snapshots/releases/22.03.4/x86_64/openwrt-22.03.4-x86-64.manifest,explicit_backport_or_cherry_pick_in_commit_message
22.03.4,94adc23fa693d1b129ce1718573dfb12594f20f8,3c2c31bb66e5b247ffbb3cafac2a21d441daef39,kernel: backport upstream challenge ACK fix (CVE-2016-5696),CVE-2016-5696,kernel,explicit_CVE_in_commit_message,unreviewed,ath79/generic,kernel,5.10.176-1-85703b998fa54b6f2c1131f83b0a7d11,research-os/data/openwrt-v2-snapshots/releases/22.03.4/ath79_generic/openwrt-22.03.4-ath79-generic.manifest,explicit_backport_or_cherry_pick_in_commit_message
22.03.4,94adc23fa693d1b129ce1718573dfb12594f20f8,3c2c31bb66e5b247ffbb3cafac2a21d441daef39,kernel: backport upstream challenge ACK fix (CVE-2016-5696),CVE-2016-5696,kernel,explicit_CVE_in_commit_message,unreviewed,x86/64,kernel,5.10.176-1-c90b8cdeba326c5459f96b8e3bd16c5a,research-os/data/openwrt-v2-snapshots/releases/22.03.4/x86_64/openwrt-22.03.4-x86-64.manifest,explicit_backport_or_cherry_pick_in_commit_message
22.03.4,94adc23fa693d1b129ce1718573dfb12594f20f8,6713fe030fca32fc3d5ad9761f3b2f96501aedd6,busybox: update to 1.33.1,CVE-2021-28831,busybox,explicit_CVE_in_commit_message,unreviewed,ath79/generic,busybox,1.35.0-5,research-os/data/openwrt-v2-snapshots/releases/22.03.4/ath79_generic/openwrt-22.03.4-ath79-generic.manifest,explicit_backport_or_cherry_pick_in_commit_message
22.03.4,94adc23fa693d1b129ce1718573dfb12594f20f8,6713fe030fca32fc3d5ad9761f3b2f96501aedd6,busybox: update to 1.33.1,CVE-2021-28831,busybox,explicit_CVE_in_commit_message,unreviewed,x86/64,busybox,1.35.0-5,research-os/data/openwrt-v2-snapshots/releases/22.03.4/x86_64/openwrt-22.03.4-x86-64.manifest,explicit_backport_or_cherry_pick_in_commit_message
22.03.4,94adc23fa693d1b129ce1718573dfb12594f20f8,77522d4eb7ef7df6805d7aa377bc3fad84a2910a,dnsmasq: Backport DHCPv6 server fix (CVE-2022-0934),CVE-2022-0934,dnsmasq,explicit_CVE_in_commit_message,unreviewed,ath79/generic,dnsmasq,2.86-16,research-os/data/openwrt-v2-snapshots/releases/22.03.4/ath79_generic/openwrt-22.03.4-ath79-generic.manifest,explicit_backport_or_cherry_pick_in_commit_message
22.03.4,94adc23fa693d1b129ce1718573dfb12594f20f8,77522d4eb7ef7df6805d7aa377bc3fad84a2910a,dnsmasq: Backport DHCPv6 server fix (CVE-2022-0934),CVE-2022-0934,dnsmasq,explicit_CVE_in_commit_message,unreviewed,x86/64,dnsmasq,2.86-16,research-os/data/openwrt-v2-snapshots/releases/22.03.4/x86_64/openwrt-22.03.4-x86-64.manifest,explicit_backport_or_cherry_pick_in_commit_message
22.03.4,94adc23fa693d1b129ce1718573dfb12594f20f8,7c0a2bc93077f52c033e406864b34af3a4fab245,busybox: backport cve-2017-16544 fix,CVE-2017-16544,busybox,explicit_CVE_in_commit_message,unreviewed,ath79/generic,busybox,1.35.0-5,research-os/data/openwrt-v2-snapshots/releases/22.03.4/ath79_generic/openwrt-22.03.4-ath79-generic.manifest,explicit_backport_or_cherry_pick_in_commit_message
22.03.4,94adc23fa693d1b129ce1718573dfb12594f20f8,7c0a2bc93077f52c033e406864b34af3a4fab245,busybox: backport cve-2017-16544 fix,CVE-2017-16544,busybox,explicit_CVE_in_commit_message,unreviewed,x86/64,busybox,1.35.0-5,research-os/data/openwrt-v2-snapshots/releases/22.03.4/x86_64/openwrt-22.03.4-x86-64.manifest,explicit_backport_or_cherry_pick_in_commit_message
22.03.4,94adc23fa693d1b129ce1718573dfb12594f20f8,7c0a2bc93077f52c033e406864b34af3a4fab245,busybox: backport cve-2017-16544 fix,CVE-2017-16544,busybox,explicit_CVE_in_commit_message,unreviewed,ath79/generic,busybox,1.35.0-5,research-os/data/openwrt-v2-snapshots/releases/22.03.4/ath79_generic/openwrt-22.03.4-ath79-generic.manifest,explicit_backport_or_cherry_pick_in_commit_message
22.03.4,94adc23fa693d1b129ce1718573dfb12594f20f8,7c0a2bc93077f52c033e406864b34af3a4fab245,busybox: backport cve-2017-16544 fix,CVE-2017-16544,busybox,explicit_CVE_in_commit_message,unreviewed,x86/64,busybox,1.35.0-5,research-os/data/openwrt-v2-snapshots/releases/22.03.4/x86_64/openwrt-22.03.4-x86-64.manifest,explicit_backport_or_cherry_pick_in_commit_message
22.03.4,94adc23fa693d1b129ce1718573dfb12594f20f8,88ba41453dbc65e1d5d596073d66bdf2e59a43a1,kernel: bump 4.14 to 4.14.20,CVE-2017-8824,kernel,explicit_CVE_in_commit_message,unreviewed,ath79/generic,kernel,5.10.176-1-85703b998fa54b6f2c1131f83b0a7d11,research-os/data/openwrt-v2-snapshots/releases/22.03.4/ath79_generic/openwrt-22.03.4-ath79-generic.manifest,explicit_backport_or_cherry_pick_in_commit_message
22.03.4,94adc23fa693d1b129ce1718573dfb12594f20f8,88ba41453dbc65e1d5d596073d66bdf2e59a43a1,kernel: bump 4.14 to 4.14.20,CVE-2017-8824,kernel,explicit_CVE_in_commit_message,unreviewed,x86/64,kernel,5.10.176-1-c90b8cdeba326c5459f96b8e3bd16c5a,research-os/data/openwrt-v2-snapshots/releases/22.03.4/x86_64/openwrt-22.03.4-x86-64.manifest,explicit_backport_or_cherry_pick_in_commit_message
22.03.4,94adc23fa693d1b129ce1718573dfb12594f20f8,9a753c49ea7053f3592f9ec1ce9d97882edb332d,dnsmasq: backport official fix for CVE-2017-13704,CVE-2017-13704,dnsmasq,explicit_CVE_in_commit_message,unreviewed,ath79/generic,dnsmasq,2.86-16,research-os/data/openwrt-v2-snapshots/releases/22.03.4/ath79_generic/openwrt-22.03.4-ath79-generic.manifest,explicit_backport_or_cherry_pick_in_commit_message
22.03.4,94adc23fa693d1b129ce1718573dfb12594f20f8,9a753c49ea7053f3592f9ec1ce9d97882edb332d,dnsmasq: backport official fix for CVE-2017-13704,CVE-2017-13704,dnsmasq,explicit_CVE_in_commit_message,unreviewed,x86/64,dnsmasq,2.86-16,research-os/data/openwrt-v2-snapshots/releases/22.03.4/x86_64/openwrt-22.03.4-x86-64.manifest,explicit_backport_or_cherry_pick_in_commit_message
22.03.4,94adc23fa693d1b129ce1718573dfb12594f20f8,a3198061f80a7f3933810cd99206b085e4cf49f9,dnsmasq: backport dnssec security fix,CVE-2017-15107,dnsmasq,explicit_CVE_in_commit_message,unreviewed,ath79/generic,dnsmasq,2.86-16,research-os/data/openwrt-v2-snapshots/releases/22.03.4/ath79_generic/openwrt-22.03.4-ath79-generic.manifest,explicit_backport_or_cherry_pick_in_commit_message
22.03.4,94adc23fa693d1b129ce1718573dfb12594f20f8,a3198061f80a7f3933810cd99206b085e4cf49f9,dnsmasq: backport dnssec security fix,CVE-2017-15107,dnsmasq,explicit_CVE_in_commit_message,unreviewed,x86/64,dnsmasq,2.86-16,research-os/data/openwrt-v2-snapshots/releases/22.03.4/x86_64/openwrt-22.03.4-x86-64.manifest,explicit_backport_or_cherry_pick_in_commit_message
22.03.4,94adc23fa693d1b129ce1718573dfb12594f20f8,adaf1cbcc8b253ea807dbe0416b4b04c33dceadf,dnsmasq: backport validation fix in dnssec security fix,CVE-2017-15107,dnsmasq,explicit_CVE_in_commit_message,unreviewed,ath79/generic,dnsmasq,2.86-16,research-os/data/openwrt-v2-snapshots/releases/22.03.4/ath79_generic/openwrt-22.03.4-ath79-generic.manifest,explicit_backport_or_cherry_pick_in_commit_message
22.03.4,94adc23fa693d1b129ce1718573dfb12594f20f8,adaf1cbcc8b253ea807dbe0416b4b04c33dceadf,dnsmasq: backport validation fix in dnssec security fix,CVE-2017-15107,dnsmasq,explicit_CVE_in_commit_message,unreviewed,x86/64,dnsmasq,2.86-16,research-os/data/openwrt-v2-snapshots/releases/22.03.4/x86_64/openwrt-22.03.4-x86-64.manifest,explicit_backport_or_cherry_pick_in_commit_message
22.03.4,94adc23fa693d1b129ce1718573dfb12594f20f8,b547ab3143e5f9116c19698292d1bd9e08feda3e,kernel: bump kernel 4.9 to version 4.9.120,CVE-2018-3620,kernel,explicit_CVE_in_commit_message,unreviewed,ath79/generic,kernel,5.10.176-1-85703b998fa54b6f2c1131f83b0a7d11,research-os/data/openwrt-v2-snapshots/releases/22.03.4/ath79_generic/openwrt-22.03.4-ath79-generic.manifest,explicit_backport_or_cherry_pick_in_commit_message
22.03.4,94adc23fa693d1b129ce1718573dfb12594f20f8,b547ab3143e5f9116c19698292d1bd9e08feda3e,kernel: bump kernel 4.9 to version 4.9.120,CVE-2018-3620,kernel,explicit_CVE_in_commit_message,unreviewed,x86/64,kernel,5.10.176-1-c90b8cdeba326c5459f96b8e3bd16c5a,research-os/data/openwrt-v2-snapshots/releases/22.03.4/x86_64/openwrt-22.03.4-x86-64.manifest,explicit_backport_or_cherry_pick_in_commit_message
22.03.4,94adc23fa693d1b129ce1718573dfb12594f20f8,b547ab3143e5f9116c19698292d1bd9e08feda3e,kernel: bump kernel 4.9 to version 4.9.120,CVE-2018-3646,kernel,explicit_CVE_in_commit_message,unreviewed,ath79/generic,kernel,5.10.176-1-85703b998fa54b6f2c1131f83b0a7d11,research-os/data/openwrt-v2-snapshots/releases/22.03.4/ath79_generic/openwrt-22.03.4-ath79-generic.manifest,explicit_backport_or_cherry_pick_in_commit_message
22.03.4,94adc23fa693d1b129ce1718573dfb12594f20f8,b547ab3143e5f9116c19698292d1bd9e08feda3e,kernel: bump kernel 4.9 to version 4.9.120,CVE-2018-3646,kernel,explicit_CVE_in_commit_message,unreviewed,x86/64,kernel,5.10.176-1-c90b8cdeba326c5459f96b8e3bd16c5a,research-os/data/openwrt-v2-snapshots/releases/22.03.4/x86_64/openwrt-22.03.4-x86-64.manifest,explicit_backport_or_cherry_pick_in_commit_message
22.03.4,94adc23fa693d1b129ce1718573dfb12594f20f8,d8565a06dc01b55ed1018d571e655c122b9d2a33,kernel: bump 4.9 to 4.9.77,CVE-2017-1000410,kernel,explicit_CVE_in_commit_message,unreviewed,ath79/generic,kernel,5.10.176-1-85703b998fa54b6f2c1131f83b0a7d11,research-os/data/openwrt-v2-snapshots/releases/22.03.4/ath79_generic/openwrt-22.03.4-ath79-generic.manifest,explicit_backport_or_cherry_pick_in_commit_message
22.03.4,94adc23fa693d1b129ce1718573dfb12594f20f8,d8565a06dc01b55ed1018d571e655c122b9d2a33,kernel: bump 4.9 to 4.9.77,CVE-2017-1000410,kernel,explicit_CVE_in_commit_message,unreviewed,x86/64,kernel,5.10.176-1-c90b8cdeba326c5459f96b8e3bd16c5a,research-os/data/openwrt-v2-snapshots/releases/22.03.4/x86_64/openwrt-22.03.4-x86-64.manifest,explicit_backport_or_cherry_pick_in_commit_message
22.03.4,94adc23fa693d1b129ce1718573dfb12594f20f8,d8565a06dc01b55ed1018d571e655c122b9d2a33,kernel: bump 4.9 to 4.9.77,CVE-2017-17741,kernel,explicit_CVE_in_commit_message,unreviewed,ath79/generic,kernel,5.10.176-1-85703b998fa54b6f2c1131f83b0a7d11,research-os/data/openwrt-v2-snapshots/releases/22.03.4/ath79_generic/openwrt-22.03.4-ath79-generic.manifest,explicit_backport_or_cherry_pick_in_commit_message
22.03.4,94adc23fa693d1b129ce1718573dfb12594f20f8,d8565a06dc01b55ed1018d571e655c122b9d2a33,kernel: bump 4.9 to 4.9.77,CVE-2017-17741,kernel,explicit_CVE_in_commit_message,unreviewed,x86/64,kernel,5.10.176-1-c90b8cdeba326c5459f96b8e3bd16c5a,research-os/data/openwrt-v2-snapshots/releases/22.03.4/x86_64/openwrt-22.03.4-x86-64.manifest,explicit_backport_or_cherry_pick_in_commit_message
22.03.4,94adc23fa693d1b129ce1718573dfb12594f20f8,d8565a06dc01b55ed1018d571e655c122b9d2a33,kernel: bump 4.9 to 4.9.77,CVE-2017-5715,kernel,explicit_CVE_in_commit_message,unreviewed,ath79/generic,kernel,5.10.176-1-85703b998fa54b6f2c1131f83b0a7d11,research-os/data/openwrt-v2-snapshots/releases/22.03.4/ath79_generic/openwrt-22.03.4-ath79-generic.manifest,explicit_backport_or_cherry_pick_in_commit_message
22.03.4,94adc23fa693d1b129ce1718573dfb12594f20f8,d8565a06dc01b55ed1018d571e655c122b9d2a33,kernel: bump 4.9 to 4.9.77,CVE-2017-5715,kernel,explicit_CVE_in_commit_message,unreviewed,x86/64,kernel,5.10.176-1-c90b8cdeba326c5459f96b8e3bd16c5a,research-os/data/openwrt-v2-snapshots/releases/22.03.4/x86_64/openwrt-22.03.4-x86-64.manifest,explicit_backport_or_cherry_pick_in_commit_message
22.03.4,94adc23fa693d1b129ce1718573dfb12594f20f8,d8565a06dc01b55ed1018d571e655c122b9d2a33,kernel: bump 4.9 to 4.9.77,CVE-2017-5753,kernel,explicit_CVE_in_commit_message,unreviewed,ath79/generic,kernel,5.10.176-1-85703b998fa54b6f2c1131f83b0a7d11,research-os/data/openwrt-v2-snapshots/releases/22.03.4/ath79_generic/openwrt-22.03.4-ath79-generic.manifest,explicit_backport_or_cherry_pick_in_commit_message
22.03.4,94adc23fa693d1b129ce1718573dfb12594f20f8,d8565a06dc01b55ed1018d571e655c122b9d2a33,kernel: bump 4.9 to 4.9.77,CVE-2017-5753,kernel,explicit_CVE_in_commit_message,unreviewed,x86/64,kernel,5.10.176-1-c90b8cdeba326c5459f96b8e3bd16c5a,research-os/data/openwrt-v2-snapshots/releases/22.03.4/x86_64/openwrt-22.03.4-x86-64.manifest,explicit_backport_or_cherry_pick_in_commit_message
22.03.4,94adc23fa693d1b129ce1718573dfb12594f20f8,f621b539512e5b6c83dd2de1bc2dba06e40cd7ea,kernel: bump 4.9 to 4.9.82,CVE-2017-8824,kernel,explicit_CVE_in_commit_message,unreviewed,ath79/generic,kernel,5.10.176-1-85703b998fa54b6f2c1131f83b0a7d11,research-os/data/openwrt-v2-snapshots/releases/22.03.4/ath79_generic/openwrt-22.03.4-ath79-generic.manifest,explicit_backport_or_cherry_pick_in_commit_message
22.03.4,94adc23fa693d1b129ce1718573dfb12594f20f8,f621b539512e5b6c83dd2de1bc2dba06e40cd7ea,kernel: bump 4.9 to 4.9.82,CVE-2017-8824,kernel,explicit_CVE_in_commit_message,unreviewed,x86/64,kernel,5.10.176-1-c90b8cdeba326c5459f96b8e3bd16c5a,research-os/data/openwrt-v2-snapshots/releases/22.03.4/x86_64/openwrt-22.03.4-x86-64.manifest,explicit_backport_or_cherry_pick_in_commit_message
22.03.4,94adc23fa693d1b129ce1718573dfb12594f20f8,fefe1da440eede8dfaa23975c30ae2f6fcac744d,kernel: backport upstream fix for CVE-2018-5390,CVE-2018-5390,kernel,explicit_CVE_in_commit_message,unreviewed,ath79/generic,kernel,5.10.176-1-85703b998fa54b6f2c1131f83b0a7d11,research-os/data/openwrt-v2-snapshots/releases/22.03.4/ath79_generic/openwrt-22.03.4-ath79-generic.manifest,explicit_backport_or_cherry_pick_in_commit_message
22.03.4,94adc23fa693d1b129ce1718573dfb12594f20f8,fefe1da440eede8dfaa23975c30ae2f6fcac744d,kernel: backport upstream fix for CVE-2018-5390,CVE-2018-5390,kernel,explicit_CVE_in_commit_message,unreviewed,x86/64,kernel,5.10.176-1-c90b8cdeba326c5459f96b8e3bd16c5a,research-os/data/openwrt-v2-snapshots/releases/22.03.4/x86_64/openwrt-22.03.4-x86-64.manifest,explicit_backport_or_cherry_pick_in_commit_message
22.03.5,863f769b75beb17b1965786f473b700e0ba0f879,13397b2b95b4800fb0a29c3d483fa280d10f0eb0,busybox: backport fix for CVE-2021-28831,CVE-2021-28831,busybox,explicit_CVE_in_commit_message,unreviewed,ath79/generic,busybox,1.35.0-5,research-os/data/openwrt-v2-snapshots/releases/22.03.5/ath79_generic/openwrt-22.03.5-ath79-generic.manifest,explicit_backport_or_cherry_pick_in_commit_message
22.03.5,863f769b75beb17b1965786f473b700e0ba0f879,13397b2b95b4800fb0a29c3d483fa280d10f0eb0,busybox: backport fix for CVE-2021-28831,CVE-2021-28831,busybox,explicit_CVE_in_commit_message,unreviewed,x86/64,busybox,1.35.0-5,research-os/data/openwrt-v2-snapshots/releases/22.03.5/x86_64/openwrt-22.03.5-x86-64.manifest,explicit_backport_or_cherry_pick_in_commit_message
22.03.5,863f769b75beb17b1965786f473b700e0ba0f879,2211ee0037764e1c6b1576fe7a0975722cd4acdc,dropbear: backport upstream fix for CVE-2018-15599,CVE-2018-15473,dropbear,explicit_CVE_in_commit_message,unreviewed,ath79/generic,dropbear,2022.82-2,research-os/data/openwrt-v2-snapshots/releases/22.03.5/ath79_generic/openwrt-22.03.5-ath79-generic.manifest,explicit_backport_or_cherry_pick_in_commit_message
22.03.5,863f769b75beb17b1965786f473b700e0ba0f879,2211ee0037764e1c6b1576fe7a0975722cd4acdc,dropbear: backport upstream fix for CVE-2018-15599,CVE-2018-15473,dropbear,explicit_CVE_in_commit_message,unreviewed,x86/64,dropbear,2022.82-2,research-os/data/openwrt-v2-snapshots/releases/22.03.5/x86_64/openwrt-22.03.5-x86-64.manifest,explicit_backport_or_cherry_pick_in_commit_message
22.03.5,863f769b75beb17b1965786f473b700e0ba0f879,2211ee0037764e1c6b1576fe7a0975722cd4acdc,dropbear: backport upstream fix for CVE-2018-15599,CVE-2018-15599,dropbear,explicit_CVE_in_commit_message,unreviewed,ath79/generic,dropbear,2022.82-2,research-os/data/openwrt-v2-snapshots/releases/22.03.5/ath79_generic/openwrt-22.03.5-ath79-generic.manifest,explicit_backport_or_cherry_pick_in_commit_message
22.03.5,863f769b75beb17b1965786f473b700e0ba0f879,2211ee0037764e1c6b1576fe7a0975722cd4acdc,dropbear: backport upstream fix for CVE-2018-15599,CVE-2018-15599,dropbear,explicit_CVE_in_commit_message,unreviewed,x86/64,dropbear,2022.82-2,research-os/data/openwrt-v2-snapshots/releases/22.03.5/x86_64/openwrt-22.03.5-x86-64.manifest,explicit_backport_or_cherry_pick_in_commit_message
22.03.5,863f769b75beb17b1965786f473b700e0ba0f879,22b9f99b87fa1ff991180cabf02dd04d1bddce2b,kernel: bump 4.14 to 4.14.59,CVE-2018-10876,kernel,explicit_CVE_in_commit_message,unreviewed,ath79/generic,kernel,5.10.176-1-85703b998fa54b6f2c1131f83b0a7d11,research-os/data/openwrt-v2-snapshots/releases/22.03.5/ath79_generic/openwrt-22.03.5-ath79-generic.manifest,explicit_backport_or_cherry_pick_in_commit_message
22.03.5,863f769b75beb17b1965786f473b700e0ba0f879,22b9f99b87fa1ff991180cabf02dd04d1bddce2b,kernel: bump 4.14 to 4.14.59,CVE-2018-10876,kernel,explicit_CVE_in_commit_message,unreviewed,x86/64,kernel,5.10.176-1-c90b8cdeba326c5459f96b8e3bd16c5a,research-os/data/openwrt-v2-snapshots/releases/22.03.5/x86_64/openwrt-22.03.5-x86-64.manifest,explicit_backport_or_cherry_pick_in_commit_message
22.03.5,863f769b75beb17b1965786f473b700e0ba0f879,22b9f99b87fa1ff991180cabf02dd04d1bddce2b,kernel: bump 4.14 to 4.14.59,CVE-2018-10877,kernel,explicit_CVE_in_commit_message,unreviewed,ath79/generic,kernel,5.10.176-1-85703b998fa54b6f2c1131f83b0a7d11,research-os/data/openwrt-v2-snapshots/releases/22.03.5/ath79_generic/openwrt-22.03.5-ath79-generic.manifest,explicit_backport_or_cherry_pick_in_commit_message
22.03.5,863f769b75beb17b1965786f473b700e0ba0f879,22b9f99b87fa1ff991180cabf02dd04d1bddce2b,kernel: bump 4.14 to 4.14.59,CVE-2018-10877,kernel,explicit_CVE_in_commit_message,unreviewed,x86/64,kernel,5.10.176-1-c90b8cdeba326c5459f96b8e3bd16c5a,research-os/data/openwrt-v2-snapshots/releases/22.03.5/x86_64/openwrt-22.03.5-x86-64.manifest,explicit_backport_or_cherry_pick_in_commit_message
22.03.5,863f769b75beb17b1965786f473b700e0ba0f879,22b9f99b87fa1ff991180cabf02dd04d1bddce2b,kernel: bump 4.14 to 4.14.59,CVE-2018-10879,kernel,explicit_CVE_in_commit_message,unreviewed,ath79/generic,kernel,5.10.176-1-85703b998fa54b6f2c1131f83b0a7d11,research-os/data/openwrt-v2-snapshots/releases/22.03.5/ath79_generic/openwrt-22.03.5-ath79-generic.manifest,explicit_backport_or_cherry_pick_in_commit_message
22.03.5,863f769b75beb17b1965786f473b700e0ba0f879,22b9f99b87fa1ff991180cabf02dd04d1bddce2b,kernel: bump 4.14 to 4.14.59,CVE-2018-10879,kernel,explicit_CVE_in_commit_message,unreviewed,x86/64,kernel,5.10.176-1-c90b8cdeba326c5459f96b8e3bd16c5a,research-os/data/openwrt-v2-snapshots/releases/22.03.5/x86_64/openwrt-22.03.5-x86-64.manifest,explicit_backport_or_cherry_pick_in_commit_message
22.03.5,863f769b75beb17b1965786f473b700e0ba0f879,22b9f99b87fa1ff991180cabf02dd04d1bddce2b,kernel: bump 4.14 to 4.14.59,CVE-2018-10880,kernel,explicit_CVE_in_commit_message,unreviewed,ath79/generic,kernel,5.10.176-1-85703b998fa54b6f2c1131f83b0a7d11,research-os/data/openwrt-v2-snapshots/releases/22.03.5/ath79_generic/openwrt-22.03.5-ath79-generic.manifest,explicit_backport_or_cherry_pick_in_commit_message
22.03.5,863f769b75beb17b1965786f473b700e0ba0f879,22b9f99b87fa1ff991180cabf02dd04d1bddce2b,kernel: bump 4.14 to 4.14.59,CVE-2018-10880,kernel,explicit_CVE_in_commit_message,unreviewed,x86/64,kernel,5.10.176-1-c90b8cdeba326c5459f96b8e3bd16c5a,research-os/data/openwrt-v2-snapshots/releases/22.03.5/x86_64/openwrt-22.03.5-x86-64.manifest,explicit_backport_or_cherry_pick_in_commit_message
22.03.5,863f769b75beb17b1965786f473b700e0ba0f879,22b9f99b87fa1ff991180cabf02dd04d1bddce2b,kernel: bump 4.14 to 4.14.59,CVE-2018-10881,kernel,explicit_CVE_in_commit_message,unreviewed,ath79/generic,kernel,5.10.176-1-85703b998fa54b6f2c1131f83b0a7d11,research-os/data/openwrt-v2-snapshots/releases/22.03.5/ath79_generic/openwrt-22.03.5-ath79-generic.manifest,explicit_backport_or_cherry_pick_in_commit_message
22.03.5,863f769b75beb17b1965786f473b700e0ba0f879,22b9f99b87fa1ff991180cabf02dd04d1bddce2b,kernel: bump 4.14 to 4.14.59,CVE-2018-10881,kernel,explicit_CVE_in_commit_message,unreviewed,x86/64,kernel,5.10.176-1-c90b8cdeba326c5459f96b8e3bd16c5a,research-os/data/openwrt-v2-snapshots/releases/22.03.5/x86_64/openwrt-22.03.5-x86-64.manifest,explicit_backport_or_cherry_pick_in_commit_message
22.03.5,863f769b75beb17b1965786f473b700e0ba0f879,22b9f99b87fa1ff991180cabf02dd04d1bddce2b,kernel: bump 4.14 to 4.14.59,CVE-2018-10882,kernel,explicit_CVE_in_commit_message,unreviewed,ath79/generic,kernel,5.10.176-1-85703b998fa54b6f2c1131f83b0a7d11,research-os/data/openwrt-v2-snapshots/releases/22.03.5/ath79_generic/openwrt-22.03.5-ath79-generic.manifest,explicit_backport_or_cherry_pick_in_commit_message
22.03.5,863f769b75beb17b1965786f473b700e0ba0f879,22b9f99b87fa1ff991180cabf02dd04d1bddce2b,kernel: bump 4.14 to 4.14.59,CVE-2018-10882,kernel,explicit_CVE_in_commit_message,unreviewed,x86/64,kernel,5.10.176-1-c90b8cdeba326c5459f96b8e3bd16c5a,research-os/data/openwrt-v2-snapshots/releases/22.03.5/x86_64/openwrt-22.03.5-x86-64.manifest,explicit_backport_or_cherry_pick_in_commit_message
22.03.5,863f769b75beb17b1965786f473b700e0ba0f879,22b9f99b87fa1ff991180cabf02dd04d1bddce2b,kernel: bump 4.14 to 4.14.59,CVE-2018-10883,kernel,explicit_CVE_in_commit_message,unreviewed,ath79/generic,kernel,5.10.176-1-85703b998fa54b6f2c1131f83b0a7d11,research-os/data/openwrt-v2-snapshots/releases/22.03.5/ath79_generic/openwrt-22.03.5-ath79-generic.manifest,explicit_backport_or_cherry_pick_in_commit_message
22.03.5,863f769b75beb17b1965786f473b700e0ba0f879,22b9f99b87fa1ff991180cabf02dd04d1bddce2b,kernel: bump 4.14 to 4.14.59,CVE-2018-10883,kernel,explicit_CVE_in_commit_message,unreviewed,x86/64,kernel,5.10.176-1-c90b8cdeba326c5459f96b8e3bd16c5a,research-os/data/openwrt-v2-snapshots/releases/22.03.5/x86_64/openwrt-22.03.5-x86-64.manifest,explicit_backport_or_cherry_pick_in_commit_message
22.03.5,863f769b75beb17b1965786f473b700e0ba0f879,35890514bb191de3ab96dcd684714850a9142efc,ppp: backport security fixes,CVE-2020-8597,ppp,explicit_CVE_in_commit_message,unreviewed,ath79/generic,ppp,2.4.9.git-2021-01-04-3,research-os/data/openwrt-v2-snapshots/releases/22.03.5/ath79_generic/openwrt-22.03.5-ath79-generic.manifest,explicit_backport_or_cherry_pick_in_commit_message
22.03.5,863f769b75beb17b1965786f473b700e0ba0f879,35890514bb191de3ab96dcd684714850a9142efc,ppp: backport security fixes,CVE-2020-8597,ppp,explicit_CVE_in_commit_message,unreviewed,x86/64,ppp,2.4.9.git-2021-01-04-3,research-os/data/openwrt-v2-snapshots/releases/22.03.5/x86_64/openwrt-22.03.5-x86-64.manifest,explicit_backport_or_cherry_pick_in_commit_message
22.03.5,863f769b75beb17b1965786f473b700e0ba0f879,3c2c31bb66e5b247ffbb3cafac2a21d441daef39,kernel: backport upstream challenge ACK fix (CVE-2016-5696),CVE-2016-5696,kernel,explicit_CVE_in_commit_message,unreviewed,ath79/generic,kernel,5.10.176-1-85703b998fa54b6f2c1131f83b0a7d11,research-os/data/openwrt-v2-snapshots/releases/22.03.5/ath79_generic/openwrt-22.03.5-ath79-generic.manifest,explicit_backport_or_cherry_pick_in_commit_message
22.03.5,863f769b75beb17b1965786f473b700e0ba0f879,3c2c31bb66e5b247ffbb3cafac2a21d441daef39,kernel: backport upstream challenge ACK fix (CVE-2016-5696),CVE-2016-5696,kernel,explicit_CVE_in_commit_message,unreviewed,x86/64,kernel,5.10.176-1-c90b8cdeba326c5459f96b8e3bd16c5a,research-os/data/openwrt-v2-snapshots/releases/22.03.5/x86_64/openwrt-22.03.5-x86-64.manifest,explicit_backport_or_cherry_pick_in_commit_message
22.03.5,863f769b75beb17b1965786f473b700e0ba0f879,6713fe030fca32fc3d5ad9761f3b2f96501aedd6,busybox: update to 1.33.1,CVE-2021-28831,busybox,explicit_CVE_in_commit_message,unreviewed,ath79/generic,busybox,1.35.0-5,research-os/data/openwrt-v2-snapshots/releases/22.03.5/ath79_generic/openwrt-22.03.5-ath79-generic.manifest,explicit_backport_or_cherry_pick_in_commit_message
22.03.5,863f769b75beb17b1965786f473b700e0ba0f879,6713fe030fca32fc3d5ad9761f3b2f96501aedd6,busybox: update to 1.33.1,CVE-2021-28831,busybox,explicit_CVE_in_commit_message,unreviewed,x86/64,busybox,1.35.0-5,research-os/data/openwrt-v2-snapshots/releases/22.03.5/x86_64/openwrt-22.03.5-x86-64.manifest,explicit_backport_or_cherry_pick_in_commit_message
22.03.5,863f769b75beb17b1965786f473b700e0ba0f879,77522d4eb7ef7df6805d7aa377bc3fad84a2910a,dnsmasq: Backport DHCPv6 server fix (CVE-2022-0934),CVE-2022-0934,dnsmasq,explicit_CVE_in_commit_message,unreviewed,ath79/generic,dnsmasq,2.86-16,research-os/data/openwrt-v2-snapshots/releases/22.03.5/ath79_generic/openwrt-22.03.5-ath79-generic.manifest,explicit_backport_or_cherry_pick_in_commit_message
22.03.5,863f769b75beb17b1965786f473b700e0ba0f879,77522d4eb7ef7df6805d7aa377bc3fad84a2910a,dnsmasq: Backport DHCPv6 server fix (CVE-2022-0934),CVE-2022-0934,dnsmasq,explicit_CVE_in_commit_message,unreviewed,x86/64,dnsmasq,2.86-16,research-os/data/openwrt-v2-snapshots/releases/22.03.5/x86_64/openwrt-22.03.5-x86-64.manifest,explicit_backport_or_cherry_pick_in_commit_message
22.03.5,863f769b75beb17b1965786f473b700e0ba0f879,7c0a2bc93077f52c033e406864b34af3a4fab245,busybox: backport cve-2017-16544 fix,CVE-2017-16544,busybox,explicit_CVE_in_commit_message,unreviewed,ath79/generic,busybox,1.35.0-5,research-os/data/openwrt-v2-snapshots/releases/22.03.5/ath79_generic/openwrt-22.03.5-ath79-generic.manifest,explicit_backport_or_cherry_pick_in_commit_message
22.03.5,863f769b75beb17b1965786f473b700e0ba0f879,7c0a2bc93077f52c033e406864b34af3a4fab245,busybox: backport cve-2017-16544 fix,CVE-2017-16544,busybox,explicit_CVE_in_commit_message,unreviewed,x86/64,busybox,1.35.0-5,research-os/data/openwrt-v2-snapshots/releases/22.03.5/x86_64/openwrt-22.03.5-x86-64.manifest,explicit_backport_or_cherry_pick_in_commit_message
22.03.5,863f769b75beb17b1965786f473b700e0ba0f879,7c0a2bc93077f52c033e406864b34af3a4fab245,busybox: backport cve-2017-16544 fix,CVE-2017-16544,busybox,explicit_CVE_in_commit_message,unreviewed,ath79/generic,busybox,1.35.0-5,research-os/data/openwrt-v2-snapshots/releases/22.03.5/ath79_generic/openwrt-22.03.5-ath79-generic.manifest,explicit_backport_or_cherry_pick_in_commit_message
22.03.5,863f769b75beb17b1965786f473b700e0ba0f879,7c0a2bc93077f52c033e406864b34af3a4fab245,busybox: backport cve-2017-16544 fix,CVE-2017-16544,busybox,explicit_CVE_in_commit_message,unreviewed,x86/64,busybox,1.35.0-5,research-os/data/openwrt-v2-snapshots/releases/22.03.5/x86_64/openwrt-22.03.5-x86-64.manifest,explicit_backport_or_cherry_pick_in_commit_message
22.03.5,863f769b75beb17b1965786f473b700e0ba0f879,88ba41453dbc65e1d5d596073d66bdf2e59a43a1,kernel: bump 4.14 to 4.14.20,CVE-2017-8824,kernel,explicit_CVE_in_commit_message,unreviewed,ath79/generic,kernel,5.10.176-1-85703b998fa54b6f2c1131f83b0a7d11,research-os/data/openwrt-v2-snapshots/releases/22.03.5/ath79_generic/openwrt-22.03.5-ath79-generic.manifest,explicit_backport_or_cherry_pick_in_commit_message
22.03.5,863f769b75beb17b1965786f473b700e0ba0f879,88ba41453dbc65e1d5d596073d66bdf2e59a43a1,kernel: bump 4.14 to 4.14.20,CVE-2017-8824,kernel,explicit_CVE_in_commit_message,unreviewed,x86/64,kernel,5.10.176-1-c90b8cdeba326c5459f96b8e3bd16c5a,research-os/data/openwrt-v2-snapshots/releases/22.03.5/x86_64/openwrt-22.03.5-x86-64.manifest,explicit_backport_or_cherry_pick_in_commit_message
22.03.5,863f769b75beb17b1965786f473b700e0ba0f879,9a753c49ea7053f3592f9ec1ce9d97882edb332d,dnsmasq: backport official fix for CVE-2017-13704,CVE-2017-13704,dnsmasq,explicit_CVE_in_commit_message,unreviewed,ath79/generic,dnsmasq,2.86-16,research-os/data/openwrt-v2-snapshots/releases/22.03.5/ath79_generic/openwrt-22.03.5-ath79-generic.manifest,explicit_backport_or_cherry_pick_in_commit_message
22.03.5,863f769b75beb17b1965786f473b700e0ba0f879,9a753c49ea7053f3592f9ec1ce9d97882edb332d,dnsmasq: backport official fix for CVE-2017-13704,CVE-2017-13704,dnsmasq,explicit_CVE_in_commit_message,unreviewed,x86/64,dnsmasq,2.86-16,research-os/data/openwrt-v2-snapshots/releases/22.03.5/x86_64/openwrt-22.03.5-x86-64.manifest,explicit_backport_or_cherry_pick_in_commit_message
22.03.5,863f769b75beb17b1965786f473b700e0ba0f879,a3198061f80a7f3933810cd99206b085e4cf49f9,dnsmasq: backport dnssec security fix,CVE-2017-15107,dnsmasq,explicit_CVE_in_commit_message,unreviewed,ath79/generic,dnsmasq,2.86-16,research-os/data/openwrt-v2-snapshots/releases/22.03.5/ath79_generic/openwrt-22.03.5-ath79-generic.manifest,explicit_backport_or_cherry_pick_in_commit_message
22.03.5,863f769b75beb17b1965786f473b700e0ba0f879,a3198061f80a7f3933810cd99206b085e4cf49f9,dnsmasq: backport dnssec security fix,CVE-2017-15107,dnsmasq,explicit_CVE_in_commit_message,unreviewed,x86/64,dnsmasq,2.86-16,research-os/data/openwrt-v2-snapshots/releases/22.03.5/x86_64/openwrt-22.03.5-x86-64.manifest,explicit_backport_or_cherry_pick_in_commit_message
22.03.5,863f769b75beb17b1965786f473b700e0ba0f879,adaf1cbcc8b253ea807dbe0416b4b04c33dceadf,dnsmasq: backport validation fix in dnssec security fix,CVE-2017-15107,dnsmasq,explicit_CVE_in_commit_message,unreviewed,ath79/generic,dnsmasq,2.86-16,research-os/data/openwrt-v2-snapshots/releases/22.03.5/ath79_generic/openwrt-22.03.5-ath79-generic.manifest,explicit_backport_or_cherry_pick_in_commit_message
22.03.5,863f769b75beb17b1965786f473b700e0ba0f879,adaf1cbcc8b253ea807dbe0416b4b04c33dceadf,dnsmasq: backport validation fix in dnssec security fix,CVE-2017-15107,dnsmasq,explicit_CVE_in_commit_message,unreviewed,x86/64,dnsmasq,2.86-16,research-os/data/openwrt-v2-snapshots/releases/22.03.5/x86_64/openwrt-22.03.5-x86-64.manifest,explicit_backport_or_cherry_pick_in_commit_message
22.03.5,863f769b75beb17b1965786f473b700e0ba0f879,b547ab3143e5f9116c19698292d1bd9e08feda3e,kernel: bump kernel 4.9 to version 4.9.120,CVE-2018-3620,kernel,explicit_CVE_in_commit_message,unreviewed,ath79/generic,kernel,5.10.176-1-85703b998fa54b6f2c1131f83b0a7d11,research-os/data/openwrt-v2-snapshots/releases/22.03.5/ath79_generic/openwrt-22.03.5-ath79-generic.manifest,explicit_backport_or_cherry_pick_in_commit_message
22.03.5,863f769b75beb17b1965786f473b700e0ba0f879,b547ab3143e5f9116c19698292d1bd9e08feda3e,kernel: bump kernel 4.9 to version 4.9.120,CVE-2018-3620,kernel,explicit_CVE_in_commit_message,unreviewed,x86/64,kernel,5.10.176-1-c90b8cdeba326c5459f96b8e3bd16c5a,research-os/data/openwrt-v2-snapshots/releases/22.03.5/x86_64/openwrt-22.03.5-x86-64.manifest,explicit_backport_or_cherry_pick_in_commit_message
22.03.5,863f769b75beb17b1965786f473b700e0ba0f879,b547ab3143e5f9116c19698292d1bd9e08feda3e,kernel: bump kernel 4.9 to version 4.9.120,CVE-2018-3646,kernel,explicit_CVE_in_commit_message,unreviewed,ath79/generic,kernel,5.10.176-1-85703b998fa54b6f2c1131f83b0a7d11,research-os/data/openwrt-v2-snapshots/releases/22.03.5/ath79_generic/openwrt-22.03.5-ath79-generic.manifest,explicit_backport_or_cherry_pick_in_commit_message
22.03.5,863f769b75beb17b1965786f473b700e0ba0f879,b547ab3143e5f9116c19698292d1bd9e08feda3e,kernel: bump kernel 4.9 to version 4.9.120,CVE-2018-3646,kernel,explicit_CVE_in_commit_message,unreviewed,x86/64,kernel,5.10.176-1-c90b8cdeba326c5459f96b8e3bd16c5a,research-os/data/openwrt-v2-snapshots/releases/22.03.5/x86_64/openwrt-22.03.5-x86-64.manifest,explicit_backport_or_cherry_pick_in_commit_message
22.03.5,863f769b75beb17b1965786f473b700e0ba0f879,d8565a06dc01b55ed1018d571e655c122b9d2a33,kernel: bump 4.9 to 4.9.77,CVE-2017-1000410,kernel,explicit_CVE_in_commit_message,unreviewed,ath79/generic,kernel,5.10.176-1-85703b998fa54b6f2c1131f83b0a7d11,research-os/data/openwrt-v2-snapshots/releases/22.03.5/ath79_generic/openwrt-22.03.5-ath79-generic.manifest,explicit_backport_or_cherry_pick_in_commit_message
22.03.5,863f769b75beb17b1965786f473b700e0ba0f879,d8565a06dc01b55ed1018d571e655c122b9d2a33,kernel: bump 4.9 to 4.9.77,CVE-2017-1000410,kernel,explicit_CVE_in_commit_message,unreviewed,x86/64,kernel,5.10.176-1-c90b8cdeba326c5459f96b8e3bd16c5a,research-os/data/openwrt-v2-snapshots/releases/22.03.5/x86_64/openwrt-22.03.5-x86-64.manifest,explicit_backport_or_cherry_pick_in_commit_message
22.03.5,863f769b75beb17b1965786f473b700e0ba0f879,d8565a06dc01b55ed1018d571e655c122b9d2a33,kernel: bump 4.9 to 4.9.77,CVE-2017-17741,kernel,explicit_CVE_in_commit_message,unreviewed,ath79/generic,kernel,5.10.176-1-85703b998fa54b6f2c1131f83b0a7d11,research-os/data/openwrt-v2-snapshots/releases/22.03.5/ath79_generic/openwrt-22.03.5-ath79-generic.manifest,explicit_backport_or_cherry_pick_in_commit_message
22.03.5,863f769b75beb17b1965786f473b700e0ba0f879,d8565a06dc01b55ed1018d571e655c122b9d2a33,kernel: bump 4.9 to 4.9.77,CVE-2017-17741,kernel,explicit_CVE_in_commit_message,unreviewed,x86/64,kernel,5.10.176-1-c90b8cdeba326c5459f96b8e3bd16c5a,research-os/data/openwrt-v2-snapshots/releases/22.03.5/x86_64/openwrt-22.03.5-x86-64.manifest,explicit_backport_or_cherry_pick_in_commit_message
22.03.5,863f769b75beb17b1965786f473b700e0ba0f879,d8565a06dc01b55ed1018d571e655c122b9d2a33,kernel: bump 4.9 to 4.9.77,CVE-2017-5715,kernel,explicit_CVE_in_commit_message,unreviewed,ath79/generic,kernel,5.10.176-1-85703b998fa54b6f2c1131f83b0a7d11,research-os/data/openwrt-v2-snapshots/releases/22.03.5/ath79_generic/openwrt-22.03.5-ath79-generic.manifest,explicit_backport_or_cherry_pick_in_commit_message
22.03.5,863f769b75beb17b1965786f473b700e0ba0f879,d8565a06dc01b55ed1018d571e655c122b9d2a33,kernel: bump 4.9 to 4.9.77,CVE-2017-5715,kernel,explicit_CVE_in_commit_message,unreviewed,x86/64,kernel,5.10.176-1-c90b8cdeba326c5459f96b8e3bd16c5a,research-os/data/openwrt-v2-snapshots/releases/22.03.5/x86_64/openwrt-22.03.5-x86-64.manifest,explicit_backport_or_cherry_pick_in_commit_message
22.03.5,863f769b75beb17b1965786f473b700e0ba0f879,d8565a06dc01b55ed1018d571e655c122b9d2a33,kernel: bump 4.9 to 4.9.77,CVE-2017-5753,kernel,explicit_CVE_in_commit_message,unreviewed,ath79/generic,kernel,5.10.176-1-85703b998fa54b6f2c1131f83b0a7d11,research-os/data/openwrt-v2-snapshots/releases/22.03.5/ath79_generic/openwrt-22.03.5-ath79-generic.manifest,explicit_backport_or_cherry_pick_in_commit_message
22.03.5,863f769b75beb17b1965786f473b700e0ba0f879,d8565a06dc01b55ed1018d571e655c122b9d2a33,kernel: bump 4.9 to 4.9.77,CVE-2017-5753,kernel,explicit_CVE_in_commit_message,unreviewed,x86/64,kernel,5.10.176-1-c90b8cdeba326c5459f96b8e3bd16c5a,research-os/data/openwrt-v2-snapshots/releases/22.03.5/x86_64/openwrt-22.03.5-x86-64.manifest,explicit_backport_or_cherry_pick_in_commit_message
22.03.5,863f769b75beb17b1965786f473b700e0ba0f879,f621b539512e5b6c83dd2de1bc2dba06e40cd7ea,kernel: bump 4.9 to 4.9.82,CVE-2017-8824,kernel,explicit_CVE_in_commit_message,unreviewed,ath79/generic,kernel,5.10.176-1-85703b998fa54b6f2c1131f83b0a7d11,research-os/data/openwrt-v2-snapshots/releases/22.03.5/ath79_generic/openwrt-22.03.5-ath79-generic.manifest,explicit_backport_or_cherry_pick_in_commit_message
22.03.5,863f769b75beb17b1965786f473b700e0ba0f879,f621b539512e5b6c83dd2de1bc2dba06e40cd7ea,kernel: bump 4.9 to 4.9.82,CVE-2017-8824,kernel,explicit_CVE_in_commit_message,unreviewed,x86/64,kernel,5.10.176-1-c90b8cdeba326c5459f96b8e3bd16c5a,research-os/data/openwrt-v2-snapshots/releases/22.03.5/x86_64/openwrt-22.03.5-x86-64.manifest,explicit_backport_or_cherry_pick_in_commit_message
22.03.5,863f769b75beb17b1965786f473b700e0ba0f879,fefe1da440eede8dfaa23975c30ae2f6fcac744d,kernel: backport upstream fix for CVE-2018-5390,CVE-2018-5390,kernel,explicit_CVE_in_commit_message,unreviewed,ath79/generic,kernel,5.10.176-1-85703b998fa54b6f2c1131f83b0a7d11,research-os/data/openwrt-v2-snapshots/releases/22.03.5/ath79_generic/openwrt-22.03.5-ath79-generic.manifest,explicit_backport_or_cherry_pick_in_commit_message
22.03.5,863f769b75beb17b1965786f473b700e0ba0f879,fefe1da440eede8dfaa23975c30ae2f6fcac744d,kernel: backport upstream fix for CVE-2018-5390,CVE-2018-5390,kernel,explicit_CVE_in_commit_message,unreviewed,x86/64,kernel,5.10.176-1-c90b8cdeba326c5459f96b8e3bd16c5a,research-os/data/openwrt-v2-snapshots/releases/22.03.5/x86_64/openwrt-22.03.5-x86-64.manifest,explicit_backport_or_cherry_pick_in_commit_message
22.03.6,f372b715d439d03d81755062d77f80eb4ce77e33,13397b2b95b4800fb0a29c3d483fa280d10f0eb0,busybox: backport fix for CVE-2021-28831,CVE-2021-28831,busybox,explicit_CVE_in_commit_message,unreviewed,ath79/generic,busybox,1.35.0-5,research-os/data/openwrt-v2-snapshots/releases/22.03.6/ath79_generic/openwrt-22.03.6-ath79-generic.manifest,explicit_backport_or_cherry_pick_in_commit_message
22.03.6,f372b715d439d03d81755062d77f80eb4ce77e33,13397b2b95b4800fb0a29c3d483fa280d10f0eb0,busybox: backport fix for CVE-2021-28831,CVE-2021-28831,busybox,explicit_CVE_in_commit_message,unreviewed,x86/64,busybox,1.35.0-5,research-os/data/openwrt-v2-snapshots/releases/22.03.6/x86_64/openwrt-22.03.6-x86-64.manifest,explicit_backport_or_cherry_pick_in_commit_message
22.03.6,f372b715d439d03d81755062d77f80eb4ce77e33,2211ee0037764e1c6b1576fe7a0975722cd4acdc,dropbear: backport upstream fix for CVE-2018-15599,CVE-2018-15473,dropbear,explicit_CVE_in_commit_message,unreviewed,ath79/generic,dropbear,2022.82-3,research-os/data/openwrt-v2-snapshots/releases/22.03.6/ath79_generic/openwrt-22.03.6-ath79-generic.manifest,explicit_backport_or_cherry_pick_in_commit_message
22.03.6,f372b715d439d03d81755062d77f80eb4ce77e33,2211ee0037764e1c6b1576fe7a0975722cd4acdc,dropbear: backport upstream fix for CVE-2018-15599,CVE-2018-15473,dropbear,explicit_CVE_in_commit_message,unreviewed,x86/64,dropbear,2022.82-3,research-os/data/openwrt-v2-snapshots/releases/22.03.6/x86_64/openwrt-22.03.6-x86-64.manifest,explicit_backport_or_cherry_pick_in_commit_message
22.03.6,f372b715d439d03d81755062d77f80eb4ce77e33,2211ee0037764e1c6b1576fe7a0975722cd4acdc,dropbear: backport upstream fix for CVE-2018-15599,CVE-2018-15599,dropbear,explicit_CVE_in_commit_message,unreviewed,ath79/generic,dropbear,2022.82-3,research-os/data/openwrt-v2-snapshots/releases/22.03.6/ath79_generic/openwrt-22.03.6-ath79-generic.manifest,explicit_backport_or_cherry_pick_in_commit_message
22.03.6,f372b715d439d03d81755062d77f80eb4ce77e33,2211ee0037764e1c6b1576fe7a0975722cd4acdc,dropbear: backport upstream fix for CVE-2018-15599,CVE-2018-15599,dropbear,explicit_CVE_in_commit_message,unreviewed,x86/64,dropbear,2022.82-3,research-os/data/openwrt-v2-snapshots/releases/22.03.6/x86_64/openwrt-22.03.6-x86-64.manifest,explicit_backport_or_cherry_pick_in_commit_message
22.03.6,f372b715d439d03d81755062d77f80eb4ce77e33,22b9f99b87fa1ff991180cabf02dd04d1bddce2b,kernel: bump 4.14 to 4.14.59,CVE-2018-10876,kernel,explicit_CVE_in_commit_message,unreviewed,ath79/generic,kernel,5.10.201-1-a2488ad2f618ab4caaf6f4fe672ace7a,research-os/data/openwrt-v2-snapshots/releases/22.03.6/ath79_generic/openwrt-22.03.6-ath79-generic.manifest,explicit_backport_or_cherry_pick_in_commit_message
22.03.6,f372b715d439d03d81755062d77f80eb4ce77e33,22b9f99b87fa1ff991180cabf02dd04d1bddce2b,kernel: bump 4.14 to 4.14.59,CVE-2018-10876,kernel,explicit_CVE_in_commit_message,unreviewed,x86/64,kernel,5.10.201-1-7865481e154fa056bd3b6ca1ae9b5f74,research-os/data/openwrt-v2-snapshots/releases/22.03.6/x86_64/openwrt-22.03.6-x86-64.manifest,explicit_backport_or_cherry_pick_in_commit_message
22.03.6,f372b715d439d03d81755062d77f80eb4ce77e33,22b9f99b87fa1ff991180cabf02dd04d1bddce2b,kernel: bump 4.14 to 4.14.59,CVE-2018-10877,kernel,explicit_CVE_in_commit_message,unreviewed,ath79/generic,kernel,5.10.201-1-a2488ad2f618ab4caaf6f4fe672ace7a,research-os/data/openwrt-v2-snapshots/releases/22.03.6/ath79_generic/openwrt-22.03.6-ath79-generic.manifest,explicit_backport_or_cherry_pick_in_commit_message
22.03.6,f372b715d439d03d81755062d77f80eb4ce77e33,22b9f99b87fa1ff991180cabf02dd04d1bddce2b,kernel: bump 4.14 to 4.14.59,CVE-2018-10877,kernel,explicit_CVE_in_commit_message,unreviewed,x86/64,kernel,5.10.201-1-7865481e154fa056bd3b6ca1ae9b5f74,research-os/data/openwrt-v2-snapshots/releases/22.03.6/x86_64/openwrt-22.03.6-x86-64.manifest,explicit_backport_or_cherry_pick_in_commit_message
22.03.6,f372b715d439d03d81755062d77f80eb4ce77e33,22b9f99b87fa1ff991180cabf02dd04d1bddce2b,kernel: bump 4.14 to 4.14.59,CVE-2018-10879,kernel,explicit_CVE_in_commit_message,unreviewed,ath79/generic,kernel,5.10.201-1-a2488ad2f618ab4caaf6f4fe672ace7a,research-os/data/openwrt-v2-snapshots/releases/22.03.6/ath79_generic/openwrt-22.03.6-ath79-generic.manifest,explicit_backport_or_cherry_pick_in_commit_message
22.03.6,f372b715d439d03d81755062d77f80eb4ce77e33,22b9f99b87fa1ff991180cabf02dd04d1bddce2b,kernel: bump 4.14 to 4.14.59,CVE-2018-10879,kernel,explicit_CVE_in_commit_message,unreviewed,x86/64,kernel,5.10.201-1-7865481e154fa056bd3b6ca1ae9b5f74,research-os/data/openwrt-v2-snapshots/releases/22.03.6/x86_64/openwrt-22.03.6-x86-64.manifest,explicit_backport_or_cherry_pick_in_commit_message
22.03.6,f372b715d439d03d81755062d77f80eb4ce77e33,22b9f99b87fa1ff991180cabf02dd04d1bddce2b,kernel: bump 4.14 to 4.14.59,CVE-2018-10880,kernel,explicit_CVE_in_commit_message,unreviewed,ath79/generic,kernel,5.10.201-1-a2488ad2f618ab4caaf6f4fe672ace7a,research-os/data/openwrt-v2-snapshots/releases/22.03.6/ath79_generic/openwrt-22.03.6-ath79-generic.manifest,explicit_backport_or_cherry_pick_in_commit_message
22.03.6,f372b715d439d03d81755062d77f80eb4ce77e33,22b9f99b87fa1ff991180cabf02dd04d1bddce2b,kernel: bump 4.14 to 4.14.59,CVE-2018-10880,kernel,explicit_CVE_in_commit_message,unreviewed,x86/64,kernel,5.10.201-1-7865481e154fa056bd3b6ca1ae9b5f74,research-os/data/openwrt-v2-snapshots/releases/22.03.6/x86_64/openwrt-22.03.6-x86-64.manifest,explicit_backport_or_cherry_pick_in_commit_message
22.03.6,f372b715d439d03d81755062d77f80eb4ce77e33,22b9f99b87fa1ff991180cabf02dd04d1bddce2b,kernel: bump 4.14 to 4.14.59,CVE-2018-10881,kernel,explicit_CVE_in_commit_message,unreviewed,ath79/generic,kernel,5.10.201-1-a2488ad2f618ab4caaf6f4fe672ace7a,research-os/data/openwrt-v2-snapshots/releases/22.03.6/ath79_generic/openwrt-22.03.6-ath79-generic.manifest,explicit_backport_or_cherry_pick_in_commit_message
22.03.6,f372b715d439d03d81755062d77f80eb4ce77e33,22b9f99b87fa1ff991180cabf02dd04d1bddce2b,kernel: bump 4.14 to 4.14.59,CVE-2018-10881,kernel,explicit_CVE_in_commit_message,unreviewed,x86/64,kernel,5.10.201-1-7865481e154fa056bd3b6ca1ae9b5f74,research-os/data/openwrt-v2-snapshots/releases/22.03.6/x86_64/openwrt-22.03.6-x86-64.manifest,explicit_backport_or_cherry_pick_in_commit_message
22.03.6,f372b715d439d03d81755062d77f80eb4ce77e33,22b9f99b87fa1ff991180cabf02dd04d1bddce2b,kernel: bump 4.14 to 4.14.59,CVE-2018-10882,kernel,explicit_CVE_in_commit_message,unreviewed,ath79/generic,kernel,5.10.201-1-a2488ad2f618ab4caaf6f4fe672ace7a,research-os/data/openwrt-v2-snapshots/releases/22.03.6/ath79_generic/openwrt-22.03.6-ath79-generic.manifest,explicit_backport_or_cherry_pick_in_commit_message
22.03.6,f372b715d439d03d81755062d77f80eb4ce77e33,22b9f99b87fa1ff991180cabf02dd04d1bddce2b,kernel: bump 4.14 to 4.14.59,CVE-2018-10882,kernel,explicit_CVE_in_commit_message,unreviewed,x86/64,kernel,5.10.201-1-7865481e154fa056bd3b6ca1ae9b5f74,research-os/data/openwrt-v2-snapshots/releases/22.03.6/x86_64/openwrt-22.03.6-x86-64.manifest,explicit_backport_or_cherry_pick_in_commit_message
22.03.6,f372b715d439d03d81755062d77f80eb4ce77e33,22b9f99b87fa1ff991180cabf02dd04d1bddce2b,kernel: bump 4.14 to 4.14.59,CVE-2018-10883,kernel,explicit_CVE_in_commit_message,unreviewed,ath79/generic,kernel,5.10.201-1-a2488ad2f618ab4caaf6f4fe672ace7a,research-os/data/openwrt-v2-snapshots/releases/22.03.6/ath79_generic/openwrt-22.03.6-ath79-generic.manifest,explicit_backport_or_cherry_pick_in_commit_message
22.03.6,f372b715d439d03d81755062d77f80eb4ce77e33,22b9f99b87fa1ff991180cabf02dd04d1bddce2b,kernel: bump 4.14 to 4.14.59,CVE-2018-10883,kernel,explicit_CVE_in_commit_message,unreviewed,x86/64,kernel,5.10.201-1-7865481e154fa056bd3b6ca1ae9b5f74,research-os/data/openwrt-v2-snapshots/releases/22.03.6/x86_64/openwrt-22.03.6-x86-64.manifest,explicit_backport_or_cherry_pick_in_commit_message
22.03.6,f372b715d439d03d81755062d77f80eb4ce77e33,35890514bb191de3ab96dcd684714850a9142efc,ppp: backport security fixes,CVE-2020-8597,ppp,explicit_CVE_in_commit_message,unreviewed,ath79/generic,ppp,2.4.9.git-2021-01-04-3,research-os/data/openwrt-v2-snapshots/releases/22.03.6/ath79_generic/openwrt-22.03.6-ath79-generic.manifest,explicit_backport_or_cherry_pick_in_commit_message
22.03.6,f372b715d439d03d81755062d77f80eb4ce77e33,35890514bb191de3ab96dcd684714850a9142efc,ppp: backport security fixes,CVE-2020-8597,ppp,explicit_CVE_in_commit_message,unreviewed,x86/64,ppp,2.4.9.git-2021-01-04-3,research-os/data/openwrt-v2-snapshots/releases/22.03.6/x86_64/openwrt-22.03.6-x86-64.manifest,explicit_backport_or_cherry_pick_in_commit_message
22.03.6,f372b715d439d03d81755062d77f80eb4ce77e33,3c2c31bb66e5b247ffbb3cafac2a21d441daef39,kernel: backport upstream challenge ACK fix (CVE-2016-5696),CVE-2016-5696,kernel,explicit_CVE_in_commit_message,unreviewed,ath79/generic,kernel,5.10.201-1-a2488ad2f618ab4caaf6f4fe672ace7a,research-os/data/openwrt-v2-snapshots/releases/22.03.6/ath79_generic/openwrt-22.03.6-ath79-generic.manifest,explicit_backport_or_cherry_pick_in_commit_message
22.03.6,f372b715d439d03d81755062d77f80eb4ce77e33,3c2c31bb66e5b247ffbb3cafac2a21d441daef39,kernel: backport upstream challenge ACK fix (CVE-2016-5696),CVE-2016-5696,kernel,explicit_CVE_in_commit_message,unreviewed,x86/64,kernel,5.10.201-1-7865481e154fa056bd3b6ca1ae9b5f74,research-os/data/openwrt-v2-snapshots/releases/22.03.6/x86_64/openwrt-22.03.6-x86-64.manifest,explicit_backport_or_cherry_pick_in_commit_message
22.03.6,f372b715d439d03d81755062d77f80eb4ce77e33,6713fe030fca32fc3d5ad9761f3b2f96501aedd6,busybox: update to 1.33.1,CVE-2021-28831,busybox,explicit_CVE_in_commit_message,unreviewed,ath79/generic,busybox,1.35.0-5,research-os/data/openwrt-v2-snapshots/releases/22.03.6/ath79_generic/openwrt-22.03.6-ath79-generic.manifest,explicit_backport_or_cherry_pick_in_commit_message
22.03.6,f372b715d439d03d81755062d77f80eb4ce77e33,6713fe030fca32fc3d5ad9761f3b2f96501aedd6,busybox: update to 1.33.1,CVE-2021-28831,busybox,explicit_CVE_in_commit_message,unreviewed,x86/64,busybox,1.35.0-5,research-os/data/openwrt-v2-snapshots/releases/22.03.6/x86_64/openwrt-22.03.6-x86-64.manifest,explicit_backport_or_cherry_pick_in_commit_message
22.03.6,f372b715d439d03d81755062d77f80eb4ce77e33,77522d4eb7ef7df6805d7aa377bc3fad84a2910a,dnsmasq: Backport DHCPv6 server fix (CVE-2022-0934),CVE-2022-0934,dnsmasq,explicit_CVE_in_commit_message,unreviewed,ath79/generic,dnsmasq,2.86-16,research-os/data/openwrt-v2-snapshots/releases/22.03.6/ath79_generic/openwrt-22.03.6-ath79-generic.manifest,explicit_backport_or_cherry_pick_in_commit_message
22.03.6,f372b715d439d03d81755062d77f80eb4ce77e33,77522d4eb7ef7df6805d7aa377bc3fad84a2910a,dnsmasq: Backport DHCPv6 server fix (CVE-2022-0934),CVE-2022-0934,dnsmasq,explicit_CVE_in_commit_message,unreviewed,x86/64,dnsmasq,2.86-16,research-os/data/openwrt-v2-snapshots/releases/22.03.6/x86_64/openwrt-22.03.6-x86-64.manifest,explicit_backport_or_cherry_pick_in_commit_message
22.03.6,f372b715d439d03d81755062d77f80eb4ce77e33,7c0a2bc93077f52c033e406864b34af3a4fab245,busybox: backport cve-2017-16544 fix,CVE-2017-16544,busybox,explicit_CVE_in_commit_message,unreviewed,ath79/generic,busybox,1.35.0-5,research-os/data/openwrt-v2-snapshots/releases/22.03.6/ath79_generic/openwrt-22.03.6-ath79-generic.manifest,explicit_backport_or_cherry_pick_in_commit_message
22.03.6,f372b715d439d03d81755062d77f80eb4ce77e33,7c0a2bc93077f52c033e406864b34af3a4fab245,busybox: backport cve-2017-16544 fix,CVE-2017-16544,busybox,explicit_CVE_in_commit_message,unreviewed,x86/64,busybox,1.35.0-5,research-os/data/openwrt-v2-snapshots/releases/22.03.6/x86_64/openwrt-22.03.6-x86-64.manifest,explicit_backport_or_cherry_pick_in_commit_message
22.03.6,f372b715d439d03d81755062d77f80eb4ce77e33,7c0a2bc93077f52c033e406864b34af3a4fab245,busybox: backport cve-2017-16544 fix,CVE-2017-16544,busybox,explicit_CVE_in_commit_message,unreviewed,ath79/generic,busybox,1.35.0-5,research-os/data/openwrt-v2-snapshots/releases/22.03.6/ath79_generic/openwrt-22.03.6-ath79-generic.manifest,explicit_backport_or_cherry_pick_in_commit_message
22.03.6,f372b715d439d03d81755062d77f80eb4ce77e33,7c0a2bc93077f52c033e406864b34af3a4fab245,busybox: backport cve-2017-16544 fix,CVE-2017-16544,busybox,explicit_CVE_in_commit_message,unreviewed,x86/64,busybox,1.35.0-5,research-os/data/openwrt-v2-snapshots/releases/22.03.6/x86_64/openwrt-22.03.6-x86-64.manifest,explicit_backport_or_cherry_pick_in_commit_message
22.03.6,f372b715d439d03d81755062d77f80eb4ce77e33,88ba41453dbc65e1d5d596073d66bdf2e59a43a1,kernel: bump 4.14 to 4.14.20,CVE-2017-8824,kernel,explicit_CVE_in_commit_message,unreviewed,ath79/generic,kernel,5.10.201-1-a2488ad2f618ab4caaf6f4fe672ace7a,research-os/data/openwrt-v2-snapshots/releases/22.03.6/ath79_generic/openwrt-22.03.6-ath79-generic.manifest,explicit_backport_or_cherry_pick_in_commit_message
22.03.6,f372b715d439d03d81755062d77f80eb4ce77e33,88ba41453dbc65e1d5d596073d66bdf2e59a43a1,kernel: bump 4.14 to 4.14.20,CVE-2017-8824,kernel,explicit_CVE_in_commit_message,unreviewed,x86/64,kernel,5.10.201-1-7865481e154fa056bd3b6ca1ae9b5f74,research-os/data/openwrt-v2-snapshots/releases/22.03.6/x86_64/openwrt-22.03.6-x86-64.manifest,explicit_backport_or_cherry_pick_in_commit_message
22.03.6,f372b715d439d03d81755062d77f80eb4ce77e33,9a753c49ea7053f3592f9ec1ce9d97882edb332d,dnsmasq: backport official fix for CVE-2017-13704,CVE-2017-13704,dnsmasq,explicit_CVE_in_commit_message,unreviewed,ath79/generic,dnsmasq,2.86-16,research-os/data/openwrt-v2-snapshots/releases/22.03.6/ath79_generic/openwrt-22.03.6-ath79-generic.manifest,explicit_backport_or_cherry_pick_in_commit_message
22.03.6,f372b715d439d03d81755062d77f80eb4ce77e33,9a753c49ea7053f3592f9ec1ce9d97882edb332d,dnsmasq: backport official fix for CVE-2017-13704,CVE-2017-13704,dnsmasq,explicit_CVE_in_commit_message,unreviewed,x86/64,dnsmasq,2.86-16,research-os/data/openwrt-v2-snapshots/releases/22.03.6/x86_64/openwrt-22.03.6-x86-64.manifest,explicit_backport_or_cherry_pick_in_commit_message
22.03.6,f372b715d439d03d81755062d77f80eb4ce77e33,a3198061f80a7f3933810cd99206b085e4cf49f9,dnsmasq: backport dnssec security fix,CVE-2017-15107,dnsmasq,explicit_CVE_in_commit_message,unreviewed,ath79/generic,dnsmasq,2.86-16,research-os/data/openwrt-v2-snapshots/releases/22.03.6/ath79_generic/openwrt-22.03.6-ath79-generic.manifest,explicit_backport_or_cherry_pick_in_commit_message
22.03.6,f372b715d439d03d81755062d77f80eb4ce77e33,a3198061f80a7f3933810cd99206b085e4cf49f9,dnsmasq: backport dnssec security fix,CVE-2017-15107,dnsmasq,explicit_CVE_in_commit_message,unreviewed,x86/64,dnsmasq,2.86-16,research-os/data/openwrt-v2-snapshots/releases/22.03.6/x86_64/openwrt-22.03.6-x86-64.manifest,explicit_backport_or_cherry_pick_in_commit_message
22.03.6,f372b715d439d03d81755062d77f80eb4ce77e33,adaf1cbcc8b253ea807dbe0416b4b04c33dceadf,dnsmasq: backport validation fix in dnssec security fix,CVE-2017-15107,dnsmasq,explicit_CVE_in_commit_message,unreviewed,ath79/generic,dnsmasq,2.86-16,research-os/data/openwrt-v2-snapshots/releases/22.03.6/ath79_generic/openwrt-22.03.6-ath79-generic.manifest,explicit_backport_or_cherry_pick_in_commit_message
22.03.6,f372b715d439d03d81755062d77f80eb4ce77e33,adaf1cbcc8b253ea807dbe0416b4b04c33dceadf,dnsmasq: backport validation fix in dnssec security fix,CVE-2017-15107,dnsmasq,explicit_CVE_in_commit_message,unreviewed,x86/64,dnsmasq,2.86-16,research-os/data/openwrt-v2-snapshots/releases/22.03.6/x86_64/openwrt-22.03.6-x86-64.manifest,explicit_backport_or_cherry_pick_in_commit_message
22.03.6,f372b715d439d03d81755062d77f80eb4ce77e33,b547ab3143e5f9116c19698292d1bd9e08feda3e,kernel: bump kernel 4.9 to version 4.9.120,CVE-2018-3620,kernel,explicit_CVE_in_commit_message,unreviewed,ath79/generic,kernel,5.10.201-1-a2488ad2f618ab4caaf6f4fe672ace7a,research-os/data/openwrt-v2-snapshots/releases/22.03.6/ath79_generic/openwrt-22.03.6-ath79-generic.manifest,explicit_backport_or_cherry_pick_in_commit_message
22.03.6,f372b715d439d03d81755062d77f80eb4ce77e33,b547ab3143e5f9116c19698292d1bd9e08feda3e,kernel: bump kernel 4.9 to version 4.9.120,CVE-2018-3620,kernel,explicit_CVE_in_commit_message,unreviewed,x86/64,kernel,5.10.201-1-7865481e154fa056bd3b6ca1ae9b5f74,research-os/data/openwrt-v2-snapshots/releases/22.03.6/x86_64/openwrt-22.03.6-x86-64.manifest,explicit_backport_or_cherry_pick_in_commit_message
22.03.6,f372b715d439d03d81755062d77f80eb4ce77e33,b547ab3143e5f9116c19698292d1bd9e08feda3e,kernel: bump kernel 4.9 to version 4.9.120,CVE-2018-3646,kernel,explicit_CVE_in_commit_message,unreviewed,ath79/generic,kernel,5.10.201-1-a2488ad2f618ab4caaf6f4fe672ace7a,research-os/data/openwrt-v2-snapshots/releases/22.03.6/ath79_generic/openwrt-22.03.6-ath79-generic.manifest,explicit_backport_or_cherry_pick_in_commit_message
22.03.6,f372b715d439d03d81755062d77f80eb4ce77e33,b547ab3143e5f9116c19698292d1bd9e08feda3e,kernel: bump kernel 4.9 to version 4.9.120,CVE-2018-3646,kernel,explicit_CVE_in_commit_message,unreviewed,x86/64,kernel,5.10.201-1-7865481e154fa056bd3b6ca1ae9b5f74,research-os/data/openwrt-v2-snapshots/releases/22.03.6/x86_64/openwrt-22.03.6-x86-64.manifest,explicit_backport_or_cherry_pick_in_commit_message
22.03.6,f372b715d439d03d81755062d77f80eb4ce77e33,d8565a06dc01b55ed1018d571e655c122b9d2a33,kernel: bump 4.9 to 4.9.77,CVE-2017-1000410,kernel,explicit_CVE_in_commit_message,unreviewed,ath79/generic,kernel,5.10.201-1-a2488ad2f618ab4caaf6f4fe672ace7a,research-os/data/openwrt-v2-snapshots/releases/22.03.6/ath79_generic/openwrt-22.03.6-ath79-generic.manifest,explicit_backport_or_cherry_pick_in_commit_message
22.03.6,f372b715d439d03d81755062d77f80eb4ce77e33,d8565a06dc01b55ed1018d571e655c122b9d2a33,kernel: bump 4.9 to 4.9.77,CVE-2017-1000410,kernel,explicit_CVE_in_commit_message,unreviewed,x86/64,kernel,5.10.201-1-7865481e154fa056bd3b6ca1ae9b5f74,research-os/data/openwrt-v2-snapshots/releases/22.03.6/x86_64/openwrt-22.03.6-x86-64.manifest,explicit_backport_or_cherry_pick_in_commit_message
22.03.6,f372b715d439d03d81755062d77f80eb4ce77e33,d8565a06dc01b55ed1018d571e655c122b9d2a33,kernel: bump 4.9 to 4.9.77,CVE-2017-17741,kernel,explicit_CVE_in_commit_message,unreviewed,ath79/generic,kernel,5.10.201-1-a2488ad2f618ab4caaf6f4fe672ace7a,research-os/data/openwrt-v2-snapshots/releases/22.03.6/ath79_generic/openwrt-22.03.6-ath79-generic.manifest,explicit_backport_or_cherry_pick_in_commit_message
22.03.6,f372b715d439d03d81755062d77f80eb4ce77e33,d8565a06dc01b55ed1018d571e655c122b9d2a33,kernel: bump 4.9 to 4.9.77,CVE-2017-17741,kernel,explicit_CVE_in_commit_message,unreviewed,x86/64,kernel,5.10.201-1-7865481e154fa056bd3b6ca1ae9b5f74,research-os/data/openwrt-v2-snapshots/releases/22.03.6/x86_64/openwrt-22.03.6-x86-64.manifest,explicit_backport_or_cherry_pick_in_commit_message
22.03.6,f372b715d439d03d81755062d77f80eb4ce77e33,d8565a06dc01b55ed1018d571e655c122b9d2a33,kernel: bump 4.9 to 4.9.77,CVE-2017-5715,kernel,explicit_CVE_in_commit_message,unreviewed,ath79/generic,kernel,5.10.201-1-a2488ad2f618ab4caaf6f4fe672ace7a,research-os/data/openwrt-v2-snapshots/releases/22.03.6/ath79_generic/openwrt-22.03.6-ath79-generic.manifest,explicit_backport_or_cherry_pick_in_commit_message
22.03.6,f372b715d439d03d81755062d77f80eb4ce77e33,d8565a06dc01b55ed1018d571e655c122b9d2a33,kernel: bump 4.9 to 4.9.77,CVE-2017-5715,kernel,explicit_CVE_in_commit_message,unreviewed,x86/64,kernel,5.10.201-1-7865481e154fa056bd3b6ca1ae9b5f74,research-os/data/openwrt-v2-snapshots/releases/22.03.6/x86_64/openwrt-22.03.6-x86-64.manifest,explicit_backport_or_cherry_pick_in_commit_message
22.03.6,f372b715d439d03d81755062d77f80eb4ce77e33,d8565a06dc01b55ed1018d571e655c122b9d2a33,kernel: bump 4.9 to 4.9.77,CVE-2017-5753,kernel,explicit_CVE_in_commit_message,unreviewed,ath79/generic,kernel,5.10.201-1-a2488ad2f618ab4caaf6f4fe672ace7a,research-os/data/openwrt-v2-snapshots/releases/22.03.6/ath79_generic/openwrt-22.03.6-ath79-generic.manifest,explicit_backport_or_cherry_pick_in_commit_message
22.03.6,f372b715d439d03d81755062d77f80eb4ce77e33,d8565a06dc01b55ed1018d571e655c122b9d2a33,kernel: bump 4.9 to 4.9.77,CVE-2017-5753,kernel,explicit_CVE_in_commit_message,unreviewed,x86/64,kernel,5.10.201-1-7865481e154fa056bd3b6ca1ae9b5f74,research-os/data/openwrt-v2-snapshots/releases/22.03.6/x86_64/openwrt-22.03.6-x86-64.manifest,explicit_backport_or_cherry_pick_in_commit_message
22.03.6,f372b715d439d03d81755062d77f80eb4ce77e33,f621b539512e5b6c83dd2de1bc2dba06e40cd7ea,kernel: bump 4.9 to 4.9.82,CVE-2017-8824,kernel,explicit_CVE_in_commit_message,unreviewed,ath79/generic,kernel,5.10.201-1-a2488ad2f618ab4caaf6f4fe672ace7a,research-os/data/openwrt-v2-snapshots/releases/22.03.6/ath79_generic/openwrt-22.03.6-ath79-generic.manifest,explicit_backport_or_cherry_pick_in_commit_message
22.03.6,f372b715d439d03d81755062d77f80eb4ce77e33,f621b539512e5b6c83dd2de1bc2dba06e40cd7ea,kernel: bump 4.9 to 4.9.82,CVE-2017-8824,kernel,explicit_CVE_in_commit_message,unreviewed,x86/64,kernel,5.10.201-1-7865481e154fa056bd3b6ca1ae9b5f74,research-os/data/openwrt-v2-snapshots/releases/22.03.6/x86_64/openwrt-22.03.6-x86-64.manifest,explicit_backport_or_cherry_pick_in_commit_message
22.03.6,f372b715d439d03d81755062d77f80eb4ce77e33,fefe1da440eede8dfaa23975c30ae2f6fcac744d,kernel: backport upstream fix for CVE-2018-5390,CVE-2018-5390,kernel,explicit_CVE_in_commit_message,unreviewed,ath79/generic,kernel,5.10.201-1-a2488ad2f618ab4caaf6f4fe672ace7a,research-os/data/openwrt-v2-snapshots/releases/22.03.6/ath79_generic/openwrt-22.03.6-ath79-generic.manifest,explicit_backport_or_cherry_pick_in_commit_message
22.03.6,f372b715d439d03d81755062d77f80eb4ce77e33,fefe1da440eede8dfaa23975c30ae2f6fcac744d,kernel: backport upstream fix for CVE-2018-5390,CVE-2018-5390,kernel,explicit_CVE_in_commit_message,unreviewed,x86/64,kernel,5.10.201-1-7865481e154fa056bd3b6ca1ae9b5f74,research-os/data/openwrt-v2-snapshots/releases/22.03.6/x86_64/openwrt-22.03.6-x86-64.manifest,explicit_backport_or_cherry_pick_in_commit_message
22.03.7,b5dc35c8bb260e56ab7280264fb9270544a7d69f,13397b2b95b4800fb0a29c3d483fa280d10f0eb0,busybox: backport fix for CVE-2021-28831,CVE-2021-28831,busybox,explicit_CVE_in_commit_message,unreviewed,ath79/generic,busybox,1.35.0-5,research-os/data/openwrt-v2-snapshots/releases/22.03.7/ath79_generic/openwrt-22.03.7-ath79-generic.manifest,explicit_backport_or_cherry_pick_in_commit_message
22.03.7,b5dc35c8bb260e56ab7280264fb9270544a7d69f,13397b2b95b4800fb0a29c3d483fa280d10f0eb0,busybox: backport fix for CVE-2021-28831,CVE-2021-28831,busybox,explicit_CVE_in_commit_message,unreviewed,x86/64,busybox,1.35.0-5,research-os/data/openwrt-v2-snapshots/releases/22.03.7/x86_64/openwrt-22.03.7-x86-64.manifest,explicit_backport_or_cherry_pick_in_commit_message
22.03.7,b5dc35c8bb260e56ab7280264fb9270544a7d69f,2211ee0037764e1c6b1576fe7a0975722cd4acdc,dropbear: backport upstream fix for CVE-2018-15599,CVE-2018-15473,dropbear,explicit_CVE_in_commit_message,unreviewed,ath79/generic,dropbear,2022.82-4,research-os/data/openwrt-v2-snapshots/releases/22.03.7/ath79_generic/openwrt-22.03.7-ath79-generic.manifest,explicit_backport_or_cherry_pick_in_commit_message
22.03.7,b5dc35c8bb260e56ab7280264fb9270544a7d69f,2211ee0037764e1c6b1576fe7a0975722cd4acdc,dropbear: backport upstream fix for CVE-2018-15599,CVE-2018-15473,dropbear,explicit_CVE_in_commit_message,unreviewed,x86/64,dropbear,2022.82-4,research-os/data/openwrt-v2-snapshots/releases/22.03.7/x86_64/openwrt-22.03.7-x86-64.manifest,explicit_backport_or_cherry_pick_in_commit_message
22.03.7,b5dc35c8bb260e56ab7280264fb9270544a7d69f,2211ee0037764e1c6b1576fe7a0975722cd4acdc,dropbear: backport upstream fix for CVE-2018-15599,CVE-2018-15599,dropbear,explicit_CVE_in_commit_message,unreviewed,ath79/generic,dropbear,2022.82-4,research-os/data/openwrt-v2-snapshots/releases/22.03.7/ath79_generic/openwrt-22.03.7-ath79-generic.manifest,explicit_backport_or_cherry_pick_in_commit_message
22.03.7,b5dc35c8bb260e56ab7280264fb9270544a7d69f,2211ee0037764e1c6b1576fe7a0975722cd4acdc,dropbear: backport upstream fix for CVE-2018-15599,CVE-2018-15599,dropbear,explicit_CVE_in_commit_message,unreviewed,x86/64,dropbear,2022.82-4,research-os/data/openwrt-v2-snapshots/releases/22.03.7/x86_64/openwrt-22.03.7-x86-64.manifest,explicit_backport_or_cherry_pick_in_commit_message
22.03.7,b5dc35c8bb260e56ab7280264fb9270544a7d69f,22b9f99b87fa1ff991180cabf02dd04d1bddce2b,kernel: bump 4.14 to 4.14.59,CVE-2018-10876,kernel,explicit_CVE_in_commit_message,unreviewed,ath79/generic,kernel,5.10.221-1-2183c0da82cf7f227aeb28af12597c52,research-os/data/openwrt-v2-snapshots/releases/22.03.7/ath79_generic/openwrt-22.03.7-ath79-generic.manifest,explicit_backport_or_cherry_pick_in_commit_message
22.03.7,b5dc35c8bb260e56ab7280264fb9270544a7d69f,22b9f99b87fa1ff991180cabf02dd04d1bddce2b,kernel: bump 4.14 to 4.14.59,CVE-2018-10876,kernel,explicit_CVE_in_commit_message,unreviewed,x86/64,kernel,5.10.221-1-bb372724df40051c0f132fa20fc778d0,research-os/data/openwrt-v2-snapshots/releases/22.03.7/x86_64/openwrt-22.03.7-x86-64.manifest,explicit_backport_or_cherry_pick_in_commit_message
22.03.7,b5dc35c8bb260e56ab7280264fb9270544a7d69f,22b9f99b87fa1ff991180cabf02dd04d1bddce2b,kernel: bump 4.14 to 4.14.59,CVE-2018-10877,kernel,explicit_CVE_in_commit_message,unreviewed,ath79/generic,kernel,5.10.221-1-2183c0da82cf7f227aeb28af12597c52,research-os/data/openwrt-v2-snapshots/releases/22.03.7/ath79_generic/openwrt-22.03.7-ath79-generic.manifest,explicit_backport_or_cherry_pick_in_commit_message
22.03.7,b5dc35c8bb260e56ab7280264fb9270544a7d69f,22b9f99b87fa1ff991180cabf02dd04d1bddce2b,kernel: bump 4.14 to 4.14.59,CVE-2018-10877,kernel,explicit_CVE_in_commit_message,unreviewed,x86/64,kernel,5.10.221-1-bb372724df40051c0f132fa20fc778d0,research-os/data/openwrt-v2-snapshots/releases/22.03.7/x86_64/openwrt-22.03.7-x86-64.manifest,explicit_backport_or_cherry_pick_in_commit_message
22.03.7,b5dc35c8bb260e56ab7280264fb9270544a7d69f,22b9f99b87fa1ff991180cabf02dd04d1bddce2b,kernel: bump 4.14 to 4.14.59,CVE-2018-10879,kernel,explicit_CVE_in_commit_message,unreviewed,ath79/generic,kernel,5.10.221-1-2183c0da82cf7f227aeb28af12597c52,research-os/data/openwrt-v2-snapshots/releases/22.03.7/ath79_generic/openwrt-22.03.7-ath79-generic.manifest,explicit_backport_or_cherry_pick_in_commit_message
22.03.7,b5dc35c8bb260e56ab7280264fb9270544a7d69f,22b9f99b87fa1ff991180cabf02dd04d1bddce2b,kernel: bump 4.14 to 4.14.59,CVE-2018-10879,kernel,explicit_CVE_in_commit_message,unreviewed,x86/64,kernel,5.10.221-1-bb372724df40051c0f132fa20fc778d0,research-os/data/openwrt-v2-snapshots/releases/22.03.7/x86_64/openwrt-22.03.7-x86-64.manifest,explicit_backport_or_cherry_pick_in_commit_message
22.03.7,b5dc35c8bb260e56ab7280264fb9270544a7d69f,22b9f99b87fa1ff991180cabf02dd04d1bddce2b,kernel: bump 4.14 to 4.14.59,CVE-2018-10880,kernel,explicit_CVE_in_commit_message,unreviewed,ath79/generic,kernel,5.10.221-1-2183c0da82cf7f227aeb28af12597c52,research-os/data/openwrt-v2-snapshots/releases/22.03.7/ath79_generic/openwrt-22.03.7-ath79-generic.manifest,explicit_backport_or_cherry_pick_in_commit_message
22.03.7,b5dc35c8bb260e56ab7280264fb9270544a7d69f,22b9f99b87fa1ff991180cabf02dd04d1bddce2b,kernel: bump 4.14 to 4.14.59,CVE-2018-10880,kernel,explicit_CVE_in_commit_message,unreviewed,x86/64,kernel,5.10.221-1-bb372724df40051c0f132fa20fc778d0,research-os/data/openwrt-v2-snapshots/releases/22.03.7/x86_64/openwrt-22.03.7-x86-64.manifest,explicit_backport_or_cherry_pick_in_commit_message
22.03.7,b5dc35c8bb260e56ab7280264fb9270544a7d69f,22b9f99b87fa1ff991180cabf02dd04d1bddce2b,kernel: bump 4.14 to 4.14.59,CVE-2018-10881,kernel,explicit_CVE_in_commit_message,unreviewed,ath79/generic,kernel,5.10.221-1-2183c0da82cf7f227aeb28af12597c52,research-os/data/openwrt-v2-snapshots/releases/22.03.7/ath79_generic/openwrt-22.03.7-ath79-generic.manifest,explicit_backport_or_cherry_pick_in_commit_message
22.03.7,b5dc35c8bb260e56ab7280264fb9270544a7d69f,22b9f99b87fa1ff991180cabf02dd04d1bddce2b,kernel: bump 4.14 to 4.14.59,CVE-2018-10881,kernel,explicit_CVE_in_commit_message,unreviewed,x86/64,kernel,5.10.221-1-bb372724df40051c0f132fa20fc778d0,research-os/data/openwrt-v2-snapshots/releases/22.03.7/x86_64/openwrt-22.03.7-x86-64.manifest,explicit_backport_or_cherry_pick_in_commit_message
22.03.7,b5dc35c8bb260e56ab7280264fb9270544a7d69f,22b9f99b87fa1ff991180cabf02dd04d1bddce2b,kernel: bump 4.14 to 4.14.59,CVE-2018-10882,kernel,explicit_CVE_in_commit_message,unreviewed,ath79/generic,kernel,5.10.221-1-2183c0da82cf7f227aeb28af12597c52,research-os/data/openwrt-v2-snapshots/releases/22.03.7/ath79_generic/openwrt-22.03.7-ath79-generic.manifest,explicit_backport_or_cherry_pick_in_commit_message
22.03.7,b5dc35c8bb260e56ab7280264fb9270544a7d69f,22b9f99b87fa1ff991180cabf02dd04d1bddce2b,kernel: bump 4.14 to 4.14.59,CVE-2018-10882,kernel,explicit_CVE_in_commit_message,unreviewed,x86/64,kernel,5.10.221-1-bb372724df40051c0f132fa20fc778d0,research-os/data/openwrt-v2-snapshots/releases/22.03.7/x86_64/openwrt-22.03.7-x86-64.manifest,explicit_backport_or_cherry_pick_in_commit_message
22.03.7,b5dc35c8bb260e56ab7280264fb9270544a7d69f,22b9f99b87fa1ff991180cabf02dd04d1bddce2b,kernel: bump 4.14 to 4.14.59,CVE-2018-10883,kernel,explicit_CVE_in_commit_message,unreviewed,ath79/generic,kernel,5.10.221-1-2183c0da82cf7f227aeb28af12597c52,research-os/data/openwrt-v2-snapshots/releases/22.03.7/ath79_generic/openwrt-22.03.7-ath79-generic.manifest,explicit_backport_or_cherry_pick_in_commit_message
22.03.7,b5dc35c8bb260e56ab7280264fb9270544a7d69f,22b9f99b87fa1ff991180cabf02dd04d1bddce2b,kernel: bump 4.14 to 4.14.59,CVE-2018-10883,kernel,explicit_CVE_in_commit_message,unreviewed,x86/64,kernel,5.10.221-1-bb372724df40051c0f132fa20fc778d0,research-os/data/openwrt-v2-snapshots/releases/22.03.7/x86_64/openwrt-22.03.7-x86-64.manifest,explicit_backport_or_cherry_pick_in_commit_message
22.03.7,b5dc35c8bb260e56ab7280264fb9270544a7d69f,35890514bb191de3ab96dcd684714850a9142efc,ppp: backport security fixes,CVE-2020-8597,ppp,explicit_CVE_in_commit_message,unreviewed,ath79/generic,ppp,2.4.9.git-2021-01-04-3,research-os/data/openwrt-v2-snapshots/releases/22.03.7/ath79_generic/openwrt-22.03.7-ath79-generic.manifest,explicit_backport_or_cherry_pick_in_commit_message
22.03.7,b5dc35c8bb260e56ab7280264fb9270544a7d69f,35890514bb191de3ab96dcd684714850a9142efc,ppp: backport security fixes,CVE-2020-8597,ppp,explicit_CVE_in_commit_message,unreviewed,x86/64,ppp,2.4.9.git-2021-01-04-3,research-os/data/openwrt-v2-snapshots/releases/22.03.7/x86_64/openwrt-22.03.7-x86-64.manifest,explicit_backport_or_cherry_pick_in_commit_message
22.03.7,b5dc35c8bb260e56ab7280264fb9270544a7d69f,38cea0bea17941b7a392fcdbef4faec2d146a398,dropbear: cherry-pick upstream patches,CVE-2023-36328,dropbear,explicit_CVE_in_commit_message,unreviewed,ath79/generic,dropbear,2022.82-4,research-os/data/openwrt-v2-snapshots/releases/22.03.7/ath79_generic/openwrt-22.03.7-ath79-generic.manifest,explicit_backport_or_cherry_pick_in_commit_message
22.03.7,b5dc35c8bb260e56ab7280264fb9270544a7d69f,38cea0bea17941b7a392fcdbef4faec2d146a398,dropbear: cherry-pick upstream patches,CVE-2023-36328,dropbear,explicit_CVE_in_commit_message,unreviewed,x86/64,dropbear,2022.82-4,research-os/data/openwrt-v2-snapshots/releases/22.03.7/x86_64/openwrt-22.03.7-x86-64.manifest,explicit_backport_or_cherry_pick_in_commit_message
22.03.7,b5dc35c8bb260e56ab7280264fb9270544a7d69f,38cea0bea17941b7a392fcdbef4faec2d146a398,dropbear: cherry-pick upstream patches,CVE-2023-48795,dropbear,explicit_CVE_in_commit_message,unreviewed,ath79/generic,dropbear,2022.82-4,research-os/data/openwrt-v2-snapshots/releases/22.03.7/ath79_generic/openwrt-22.03.7-ath79-generic.manifest,explicit_backport_or_cherry_pick_in_commit_message
22.03.7,b5dc35c8bb260e56ab7280264fb9270544a7d69f,38cea0bea17941b7a392fcdbef4faec2d146a398,dropbear: cherry-pick upstream patches,CVE-2023-48795,dropbear,explicit_CVE_in_commit_message,unreviewed,x86/64,dropbear,2022.82-4,research-os/data/openwrt-v2-snapshots/releases/22.03.7/x86_64/openwrt-22.03.7-x86-64.manifest,explicit_backport_or_cherry_pick_in_commit_message
22.03.7,b5dc35c8bb260e56ab7280264fb9270544a7d69f,3c2c31bb66e5b247ffbb3cafac2a21d441daef39,kernel: backport upstream challenge ACK fix (CVE-2016-5696),CVE-2016-5696,kernel,explicit_CVE_in_commit_message,unreviewed,ath79/generic,kernel,5.10.221-1-2183c0da82cf7f227aeb28af12597c52,research-os/data/openwrt-v2-snapshots/releases/22.03.7/ath79_generic/openwrt-22.03.7-ath79-generic.manifest,explicit_backport_or_cherry_pick_in_commit_message
22.03.7,b5dc35c8bb260e56ab7280264fb9270544a7d69f,3c2c31bb66e5b247ffbb3cafac2a21d441daef39,kernel: backport upstream challenge ACK fix (CVE-2016-5696),CVE-2016-5696,kernel,explicit_CVE_in_commit_message,unreviewed,x86/64,kernel,5.10.221-1-bb372724df40051c0f132fa20fc778d0,research-os/data/openwrt-v2-snapshots/releases/22.03.7/x86_64/openwrt-22.03.7-x86-64.manifest,explicit_backport_or_cherry_pick_in_commit_message
22.03.7,b5dc35c8bb260e56ab7280264fb9270544a7d69f,6713fe030fca32fc3d5ad9761f3b2f96501aedd6,busybox: update to 1.33.1,CVE-2021-28831,busybox,explicit_CVE_in_commit_message,unreviewed,ath79/generic,busybox,1.35.0-5,research-os/data/openwrt-v2-snapshots/releases/22.03.7/ath79_generic/openwrt-22.03.7-ath79-generic.manifest,explicit_backport_or_cherry_pick_in_commit_message
22.03.7,b5dc35c8bb260e56ab7280264fb9270544a7d69f,6713fe030fca32fc3d5ad9761f3b2f96501aedd6,busybox: update to 1.33.1,CVE-2021-28831,busybox,explicit_CVE_in_commit_message,unreviewed,x86/64,busybox,1.35.0-5,research-os/data/openwrt-v2-snapshots/releases/22.03.7/x86_64/openwrt-22.03.7-x86-64.manifest,explicit_backport_or_cherry_pick_in_commit_message
22.03.7,b5dc35c8bb260e56ab7280264fb9270544a7d69f,77522d4eb7ef7df6805d7aa377bc3fad84a2910a,dnsmasq: Backport DHCPv6 server fix (CVE-2022-0934),CVE-2022-0934,dnsmasq,explicit_CVE_in_commit_message,unreviewed,ath79/generic,dnsmasq,2.86-16,research-os/data/openwrt-v2-snapshots/releases/22.03.7/ath79_generic/openwrt-22.03.7-ath79-generic.manifest,explicit_backport_or_cherry_pick_in_commit_message
22.03.7,b5dc35c8bb260e56ab7280264fb9270544a7d69f,77522d4eb7ef7df6805d7aa377bc3fad84a2910a,dnsmasq: Backport DHCPv6 server fix (CVE-2022-0934),CVE-2022-0934,dnsmasq,explicit_CVE_in_commit_message,unreviewed,x86/64,dnsmasq,2.86-16,research-os/data/openwrt-v2-snapshots/releases/22.03.7/x86_64/openwrt-22.03.7-x86-64.manifest,explicit_backport_or_cherry_pick_in_commit_message
22.03.7,b5dc35c8bb260e56ab7280264fb9270544a7d69f,7c0a2bc93077f52c033e406864b34af3a4fab245,busybox: backport cve-2017-16544 fix,CVE-2017-16544,busybox,explicit_CVE_in_commit_message,unreviewed,ath79/generic,busybox,1.35.0-5,research-os/data/openwrt-v2-snapshots/releases/22.03.7/ath79_generic/openwrt-22.03.7-ath79-generic.manifest,explicit_backport_or_cherry_pick_in_commit_message
22.03.7,b5dc35c8bb260e56ab7280264fb9270544a7d69f,7c0a2bc93077f52c033e406864b34af3a4fab245,busybox: backport cve-2017-16544 fix,CVE-2017-16544,busybox,explicit_CVE_in_commit_message,unreviewed,x86/64,busybox,1.35.0-5,research-os/data/openwrt-v2-snapshots/releases/22.03.7/x86_64/openwrt-22.03.7-x86-64.manifest,explicit_backport_or_cherry_pick_in_commit_message
22.03.7,b5dc35c8bb260e56ab7280264fb9270544a7d69f,7c0a2bc93077f52c033e406864b34af3a4fab245,busybox: backport cve-2017-16544 fix,CVE-2017-16544,busybox,explicit_CVE_in_commit_message,unreviewed,ath79/generic,busybox,1.35.0-5,research-os/data/openwrt-v2-snapshots/releases/22.03.7/ath79_generic/openwrt-22.03.7-ath79-generic.manifest,explicit_backport_or_cherry_pick_in_commit_message
22.03.7,b5dc35c8bb260e56ab7280264fb9270544a7d69f,7c0a2bc93077f52c033e406864b34af3a4fab245,busybox: backport cve-2017-16544 fix,CVE-2017-16544,busybox,explicit_CVE_in_commit_message,unreviewed,x86/64,busybox,1.35.0-5,research-os/data/openwrt-v2-snapshots/releases/22.03.7/x86_64/openwrt-22.03.7-x86-64.manifest,explicit_backport_or_cherry_pick_in_commit_message
22.03.7,b5dc35c8bb260e56ab7280264fb9270544a7d69f,88ba41453dbc65e1d5d596073d66bdf2e59a43a1,kernel: bump 4.14 to 4.14.20,CVE-2017-8824,kernel,explicit_CVE_in_commit_message,unreviewed,ath79/generic,kernel,5.10.221-1-2183c0da82cf7f227aeb28af12597c52,research-os/data/openwrt-v2-snapshots/releases/22.03.7/ath79_generic/openwrt-22.03.7-ath79-generic.manifest,explicit_backport_or_cherry_pick_in_commit_message
22.03.7,b5dc35c8bb260e56ab7280264fb9270544a7d69f,88ba41453dbc65e1d5d596073d66bdf2e59a43a1,kernel: bump 4.14 to 4.14.20,CVE-2017-8824,kernel,explicit_CVE_in_commit_message,unreviewed,x86/64,kernel,5.10.221-1-bb372724df40051c0f132fa20fc778d0,research-os/data/openwrt-v2-snapshots/releases/22.03.7/x86_64/openwrt-22.03.7-x86-64.manifest,explicit_backport_or_cherry_pick_in_commit_message
22.03.7,b5dc35c8bb260e56ab7280264fb9270544a7d69f,9a753c49ea7053f3592f9ec1ce9d97882edb332d,dnsmasq: backport official fix for CVE-2017-13704,CVE-2017-13704,dnsmasq,explicit_CVE_in_commit_message,unreviewed,ath79/generic,dnsmasq,2.86-16,research-os/data/openwrt-v2-snapshots/releases/22.03.7/ath79_generic/openwrt-22.03.7-ath79-generic.manifest,explicit_backport_or_cherry_pick_in_commit_message
22.03.7,b5dc35c8bb260e56ab7280264fb9270544a7d69f,9a753c49ea7053f3592f9ec1ce9d97882edb332d,dnsmasq: backport official fix for CVE-2017-13704,CVE-2017-13704,dnsmasq,explicit_CVE_in_commit_message,unreviewed,x86/64,dnsmasq,2.86-16,research-os/data/openwrt-v2-snapshots/releases/22.03.7/x86_64/openwrt-22.03.7-x86-64.manifest,explicit_backport_or_cherry_pick_in_commit_message
22.03.7,b5dc35c8bb260e56ab7280264fb9270544a7d69f,a3198061f80a7f3933810cd99206b085e4cf49f9,dnsmasq: backport dnssec security fix,CVE-2017-15107,dnsmasq,explicit_CVE_in_commit_message,unreviewed,ath79/generic,dnsmasq,2.86-16,research-os/data/openwrt-v2-snapshots/releases/22.03.7/ath79_generic/openwrt-22.03.7-ath79-generic.manifest,explicit_backport_or_cherry_pick_in_commit_message
22.03.7,b5dc35c8bb260e56ab7280264fb9270544a7d69f,a3198061f80a7f3933810cd99206b085e4cf49f9,dnsmasq: backport dnssec security fix,CVE-2017-15107,dnsmasq,explicit_CVE_in_commit_message,unreviewed,x86/64,dnsmasq,2.86-16,research-os/data/openwrt-v2-snapshots/releases/22.03.7/x86_64/openwrt-22.03.7-x86-64.manifest,explicit_backport_or_cherry_pick_in_commit_message
22.03.7,b5dc35c8bb260e56ab7280264fb9270544a7d69f,adaf1cbcc8b253ea807dbe0416b4b04c33dceadf,dnsmasq: backport validation fix in dnssec security fix,CVE-2017-15107,dnsmasq,explicit_CVE_in_commit_message,unreviewed,ath79/generic,dnsmasq,2.86-16,research-os/data/openwrt-v2-snapshots/releases/22.03.7/ath79_generic/openwrt-22.03.7-ath79-generic.manifest,explicit_backport_or_cherry_pick_in_commit_message
22.03.7,b5dc35c8bb260e56ab7280264fb9270544a7d69f,adaf1cbcc8b253ea807dbe0416b4b04c33dceadf,dnsmasq: backport validation fix in dnssec security fix,CVE-2017-15107,dnsmasq,explicit_CVE_in_commit_message,unreviewed,x86/64,dnsmasq,2.86-16,research-os/data/openwrt-v2-snapshots/releases/22.03.7/x86_64/openwrt-22.03.7-x86-64.manifest,explicit_backport_or_cherry_pick_in_commit_message
22.03.7,b5dc35c8bb260e56ab7280264fb9270544a7d69f,b547ab3143e5f9116c19698292d1bd9e08feda3e,kernel: bump kernel 4.9 to version 4.9.120,CVE-2018-3620,kernel,explicit_CVE_in_commit_message,unreviewed,ath79/generic,kernel,5.10.221-1-2183c0da82cf7f227aeb28af12597c52,research-os/data/openwrt-v2-snapshots/releases/22.03.7/ath79_generic/openwrt-22.03.7-ath79-generic.manifest,explicit_backport_or_cherry_pick_in_commit_message
22.03.7,b5dc35c8bb260e56ab7280264fb9270544a7d69f,b547ab3143e5f9116c19698292d1bd9e08feda3e,kernel: bump kernel 4.9 to version 4.9.120,CVE-2018-3620,kernel,explicit_CVE_in_commit_message,unreviewed,x86/64,kernel,5.10.221-1-bb372724df40051c0f132fa20fc778d0,research-os/data/openwrt-v2-snapshots/releases/22.03.7/x86_64/openwrt-22.03.7-x86-64.manifest,explicit_backport_or_cherry_pick_in_commit_message
22.03.7,b5dc35c8bb260e56ab7280264fb9270544a7d69f,b547ab3143e5f9116c19698292d1bd9e08feda3e,kernel: bump kernel 4.9 to version 4.9.120,CVE-2018-3646,kernel,explicit_CVE_in_commit_message,unreviewed,ath79/generic,kernel,5.10.221-1-2183c0da82cf7f227aeb28af12597c52,research-os/data/openwrt-v2-snapshots/releases/22.03.7/ath79_generic/openwrt-22.03.7-ath79-generic.manifest,explicit_backport_or_cherry_pick_in_commit_message
22.03.7,b5dc35c8bb260e56ab7280264fb9270544a7d69f,b547ab3143e5f9116c19698292d1bd9e08feda3e,kernel: bump kernel 4.9 to version 4.9.120,CVE-2018-3646,kernel,explicit_CVE_in_commit_message,unreviewed,x86/64,kernel,5.10.221-1-bb372724df40051c0f132fa20fc778d0,research-os/data/openwrt-v2-snapshots/releases/22.03.7/x86_64/openwrt-22.03.7-x86-64.manifest,explicit_backport_or_cherry_pick_in_commit_message
22.03.7,b5dc35c8bb260e56ab7280264fb9270544a7d69f,d8565a06dc01b55ed1018d571e655c122b9d2a33,kernel: bump 4.9 to 4.9.77,CVE-2017-1000410,kernel,explicit_CVE_in_commit_message,unreviewed,ath79/generic,kernel,5.10.221-1-2183c0da82cf7f227aeb28af12597c52,research-os/data/openwrt-v2-snapshots/releases/22.03.7/ath79_generic/openwrt-22.03.7-ath79-generic.manifest,explicit_backport_or_cherry_pick_in_commit_message
22.03.7,b5dc35c8bb260e56ab7280264fb9270544a7d69f,d8565a06dc01b55ed1018d571e655c122b9d2a33,kernel: bump 4.9 to 4.9.77,CVE-2017-1000410,kernel,explicit_CVE_in_commit_message,unreviewed,x86/64,kernel,5.10.221-1-bb372724df40051c0f132fa20fc778d0,research-os/data/openwrt-v2-snapshots/releases/22.03.7/x86_64/openwrt-22.03.7-x86-64.manifest,explicit_backport_or_cherry_pick_in_commit_message
22.03.7,b5dc35c8bb260e56ab7280264fb9270544a7d69f,d8565a06dc01b55ed1018d571e655c122b9d2a33,kernel: bump 4.9 to 4.9.77,CVE-2017-17741,kernel,explicit_CVE_in_commit_message,unreviewed,ath79/generic,kernel,5.10.221-1-2183c0da82cf7f227aeb28af12597c52,research-os/data/openwrt-v2-snapshots/releases/22.03.7/ath79_generic/openwrt-22.03.7-ath79-generic.manifest,explicit_backport_or_cherry_pick_in_commit_message
22.03.7,b5dc35c8bb260e56ab7280264fb9270544a7d69f,d8565a06dc01b55ed1018d571e655c122b9d2a33,kernel: bump 4.9 to 4.9.77,CVE-2017-17741,kernel,explicit_CVE_in_commit_message,unreviewed,x86/64,kernel,5.10.221-1-bb372724df40051c0f132fa20fc778d0,research-os/data/openwrt-v2-snapshots/releases/22.03.7/x86_64/openwrt-22.03.7-x86-64.manifest,explicit_backport_or_cherry_pick_in_commit_message
22.03.7,b5dc35c8bb260e56ab7280264fb9270544a7d69f,d8565a06dc01b55ed1018d571e655c122b9d2a33,kernel: bump 4.9 to 4.9.77,CVE-2017-5715,kernel,explicit_CVE_in_commit_message,unreviewed,ath79/generic,kernel,5.10.221-1-2183c0da82cf7f227aeb28af12597c52,research-os/data/openwrt-v2-snapshots/releases/22.03.7/ath79_generic/openwrt-22.03.7-ath79-generic.manifest,explicit_backport_or_cherry_pick_in_commit_message
22.03.7,b5dc35c8bb260e56ab7280264fb9270544a7d69f,d8565a06dc01b55ed1018d571e655c122b9d2a33,kernel: bump 4.9 to 4.9.77,CVE-2017-5715,kernel,explicit_CVE_in_commit_message,unreviewed,x86/64,kernel,5.10.221-1-bb372724df40051c0f132fa20fc778d0,research-os/data/openwrt-v2-snapshots/releases/22.03.7/x86_64/openwrt-22.03.7-x86-64.manifest,explicit_backport_or_cherry_pick_in_commit_message
22.03.7,b5dc35c8bb260e56ab7280264fb9270544a7d69f,d8565a06dc01b55ed1018d571e655c122b9d2a33,kernel: bump 4.9 to 4.9.77,CVE-2017-5753,kernel,explicit_CVE_in_commit_message,unreviewed,ath79/generic,kernel,5.10.221-1-2183c0da82cf7f227aeb28af12597c52,research-os/data/openwrt-v2-snapshots/releases/22.03.7/ath79_generic/openwrt-22.03.7-ath79-generic.manifest,explicit_backport_or_cherry_pick_in_commit_message
22.03.7,b5dc35c8bb260e56ab7280264fb9270544a7d69f,d8565a06dc01b55ed1018d571e655c122b9d2a33,kernel: bump 4.9 to 4.9.77,CVE-2017-5753,kernel,explicit_CVE_in_commit_message,unreviewed,x86/64,kernel,5.10.221-1-bb372724df40051c0f132fa20fc778d0,research-os/data/openwrt-v2-snapshots/releases/22.03.7/x86_64/openwrt-22.03.7-x86-64.manifest,explicit_backport_or_cherry_pick_in_commit_message
22.03.7,b5dc35c8bb260e56ab7280264fb9270544a7d69f,f621b539512e5b6c83dd2de1bc2dba06e40cd7ea,kernel: bump 4.9 to 4.9.82,CVE-2017-8824,kernel,explicit_CVE_in_commit_message,unreviewed,ath79/generic,kernel,5.10.221-1-2183c0da82cf7f227aeb28af12597c52,research-os/data/openwrt-v2-snapshots/releases/22.03.7/ath79_generic/openwrt-22.03.7-ath79-generic.manifest,explicit_backport_or_cherry_pick_in_commit_message
22.03.7,b5dc35c8bb260e56ab7280264fb9270544a7d69f,f621b539512e5b6c83dd2de1bc2dba06e40cd7ea,kernel: bump 4.9 to 4.9.82,CVE-2017-8824,kernel,explicit_CVE_in_commit_message,unreviewed,x86/64,kernel,5.10.221-1-bb372724df40051c0f132fa20fc778d0,research-os/data/openwrt-v2-snapshots/releases/22.03.7/x86_64/openwrt-22.03.7-x86-64.manifest,explicit_backport_or_cherry_pick_in_commit_message
22.03.7,b5dc35c8bb260e56ab7280264fb9270544a7d69f,fefe1da440eede8dfaa23975c30ae2f6fcac744d,kernel: backport upstream fix for CVE-2018-5390,CVE-2018-5390,kernel,explicit_CVE_in_commit_message,unreviewed,ath79/generic,kernel,5.10.221-1-2183c0da82cf7f227aeb28af12597c52,research-os/data/openwrt-v2-snapshots/releases/22.03.7/ath79_generic/openwrt-22.03.7-ath79-generic.manifest,explicit_backport_or_cherry_pick_in_commit_message
22.03.7,b5dc35c8bb260e56ab7280264fb9270544a7d69f,fefe1da440eede8dfaa23975c30ae2f6fcac744d,kernel: backport upstream fix for CVE-2018-5390,CVE-2018-5390,kernel,explicit_CVE_in_commit_message,unreviewed,x86/64,kernel,5.10.221-1-bb372724df40051c0f132fa20fc778d0,research-os/data/openwrt-v2-snapshots/releases/22.03.7/x86_64/openwrt-22.03.7-x86-64.manifest,explicit_backport_or_cherry_pick_in_commit_message
23.05.0,bd4f415efacfc03bbe5b79ae1d39c1451f5f7385,002a99eccd75fb653163bae0a1132bd4f494e7ad,dnsmasq: Backport DHCPv6 server fix (CVE-2022-0934),CVE-2022-0934,dnsmasq,explicit_CVE_in_commit_message,unreviewed,ath79/generic,dnsmasq,2.89-4,research-os/data/openwrt-v2-snapshots/releases/23.05.0/ath79_generic/openwrt-23.05.0-ath79-generic.manifest,explicit_backport_or_cherry_pick_in_commit_message
23.05.0,bd4f415efacfc03bbe5b79ae1d39c1451f5f7385,002a99eccd75fb653163bae0a1132bd4f494e7ad,dnsmasq: Backport DHCPv6 server fix (CVE-2022-0934),CVE-2022-0934,dnsmasq,explicit_CVE_in_commit_message,unreviewed,x86/64,dnsmasq,2.89-4,research-os/data/openwrt-v2-snapshots/releases/23.05.0/x86_64/openwrt-23.05.0-x86-64.manifest,explicit_backport_or_cherry_pick_in_commit_message
23.05.0,bd4f415efacfc03bbe5b79ae1d39c1451f5f7385,13397b2b95b4800fb0a29c3d483fa280d10f0eb0,busybox: backport fix for CVE-2021-28831,CVE-2021-28831,busybox,explicit_CVE_in_commit_message,unreviewed,ath79/generic,busybox,1.36.1-1,research-os/data/openwrt-v2-snapshots/releases/23.05.0/ath79_generic/openwrt-23.05.0-ath79-generic.manifest,explicit_backport_or_cherry_pick_in_commit_message
23.05.0,bd4f415efacfc03bbe5b79ae1d39c1451f5f7385,13397b2b95b4800fb0a29c3d483fa280d10f0eb0,busybox: backport fix for CVE-2021-28831,CVE-2021-28831,busybox,explicit_CVE_in_commit_message,unreviewed,x86/64,busybox,1.36.1-1,research-os/data/openwrt-v2-snapshots/releases/23.05.0/x86_64/openwrt-23.05.0-x86-64.manifest,explicit_backport_or_cherry_pick_in_commit_message
23.05.0,bd4f415efacfc03bbe5b79ae1d39c1451f5f7385,2211ee0037764e1c6b1576fe7a0975722cd4acdc,dropbear: backport upstream fix for CVE-2018-15599,CVE-2018-15473,dropbear,explicit_CVE_in_commit_message,unreviewed,ath79/generic,dropbear,2022.82-5,research-os/data/openwrt-v2-snapshots/releases/23.05.0/ath79_generic/openwrt-23.05.0-ath79-generic.manifest,explicit_backport_or_cherry_pick_in_commit_message
23.05.0,bd4f415efacfc03bbe5b79ae1d39c1451f5f7385,2211ee0037764e1c6b1576fe7a0975722cd4acdc,dropbear: backport upstream fix for CVE-2018-15599,CVE-2018-15473,dropbear,explicit_CVE_in_commit_message,unreviewed,x86/64,dropbear,2022.82-5,research-os/data/openwrt-v2-snapshots/releases/23.05.0/x86_64/openwrt-23.05.0-x86-64.manifest,explicit_backport_or_cherry_pick_in_commit_message
23.05.0,bd4f415efacfc03bbe5b79ae1d39c1451f5f7385,2211ee0037764e1c6b1576fe7a0975722cd4acdc,dropbear: backport upstream fix for CVE-2018-15599,CVE-2018-15599,dropbear,explicit_CVE_in_commit_message,unreviewed,ath79/generic,dropbear,2022.82-5,research-os/data/openwrt-v2-snapshots/releases/23.05.0/ath79_generic/openwrt-23.05.0-ath79-generic.manifest,explicit_backport_or_cherry_pick_in_commit_message
23.05.0,bd4f415efacfc03bbe5b79ae1d39c1451f5f7385,2211ee0037764e1c6b1576fe7a0975722cd4acdc,dropbear: backport upstream fix for CVE-2018-15599,CVE-2018-15599,dropbear,explicit_CVE_in_commit_message,unreviewed,x86/64,dropbear,2022.82-5,research-os/data/openwrt-v2-snapshots/releases/23.05.0/x86_64/openwrt-23.05.0-x86-64.manifest,explicit_backport_or_cherry_pick_in_commit_message
23.05.0,bd4f415efacfc03bbe5b79ae1d39c1451f5f7385,22b9f99b87fa1ff991180cabf02dd04d1bddce2b,kernel: bump 4.14 to 4.14.59,CVE-2018-10876,kernel,explicit_CVE_in_commit_message,unreviewed,ath79/generic,kernel,5.15.134-1-db5fae317c7dec03ba9a83c32ababa81,research-os/data/openwrt-v2-snapshots/releases/23.05.0/ath79_generic/openwrt-23.05.0-ath79-generic.manifest,explicit_backport_or_cherry_pick_in_commit_message
23.05.0,bd4f415efacfc03bbe5b79ae1d39c1451f5f7385,22b9f99b87fa1ff991180cabf02dd04d1bddce2b,kernel: bump 4.14 to 4.14.59,CVE-2018-10876,kernel,explicit_CVE_in_commit_message,unreviewed,x86/64,kernel,5.15.134-1-47964456485559d992fe6f536131fc64,research-os/data/openwrt-v2-snapshots/releases/23.05.0/x86_64/openwrt-23.05.0-x86-64.manifest,explicit_backport_or_cherry_pick_in_commit_message
23.05.0,bd4f415efacfc03bbe5b79ae1d39c1451f5f7385,22b9f99b87fa1ff991180cabf02dd04d1bddce2b,kernel: bump 4.14 to 4.14.59,CVE-2018-10877,kernel,explicit_CVE_in_commit_message,unreviewed,ath79/generic,kernel,5.15.134-1-db5fae317c7dec03ba9a83c32ababa81,research-os/data/openwrt-v2-snapshots/releases/23.05.0/ath79_generic/openwrt-23.05.0-ath79-generic.manifest,explicit_backport_or_cherry_pick_in_commit_message
23.05.0,bd4f415efacfc03bbe5b79ae1d39c1451f5f7385,22b9f99b87fa1ff991180cabf02dd04d1bddce2b,kernel: bump 4.14 to 4.14.59,CVE-2018-10877,kernel,explicit_CVE_in_commit_message,unreviewed,x86/64,kernel,5.15.134-1-47964456485559d992fe6f536131fc64,research-os/data/openwrt-v2-snapshots/releases/23.05.0/x86_64/openwrt-23.05.0-x86-64.manifest,explicit_backport_or_cherry_pick_in_commit_message
23.05.0,bd4f415efacfc03bbe5b79ae1d39c1451f5f7385,22b9f99b87fa1ff991180cabf02dd04d1bddce2b,kernel: bump 4.14 to 4.14.59,CVE-2018-10879,kernel,explicit_CVE_in_commit_message,unreviewed,ath79/generic,kernel,5.15.134-1-db5fae317c7dec03ba9a83c32ababa81,research-os/data/openwrt-v2-snapshots/releases/23.05.0/ath79_generic/openwrt-23.05.0-ath79-generic.manifest,explicit_backport_or_cherry_pick_in_commit_message
23.05.0,bd4f415efacfc03bbe5b79ae1d39c1451f5f7385,22b9f99b87fa1ff991180cabf02dd04d1bddce2b,kernel: bump 4.14 to 4.14.59,CVE-2018-10879,kernel,explicit_CVE_in_commit_message,unreviewed,x86/64,kernel,5.15.134-1-47964456485559d992fe6f536131fc64,research-os/data/openwrt-v2-snapshots/releases/23.05.0/x86_64/openwrt-23.05.0-x86-64.manifest,explicit_backport_or_cherry_pick_in_commit_message
23.05.0,bd4f415efacfc03bbe5b79ae1d39c1451f5f7385,22b9f99b87fa1ff991180cabf02dd04d1bddce2b,kernel: bump 4.14 to 4.14.59,CVE-2018-10880,kernel,explicit_CVE_in_commit_message,unreviewed,ath79/generic,kernel,5.15.134-1-db5fae317c7dec03ba9a83c32ababa81,research-os/data/openwrt-v2-snapshots/releases/23.05.0/ath79_generic/openwrt-23.05.0-ath79-generic.manifest,explicit_backport_or_cherry_pick_in_commit_message
23.05.0,bd4f415efacfc03bbe5b79ae1d39c1451f5f7385,22b9f99b87fa1ff991180cabf02dd04d1bddce2b,kernel: bump 4.14 to 4.14.59,CVE-2018-10880,kernel,explicit_CVE_in_commit_message,unreviewed,x86/64,kernel,5.15.134-1-47964456485559d992fe6f536131fc64,research-os/data/openwrt-v2-snapshots/releases/23.05.0/x86_64/openwrt-23.05.0-x86-64.manifest,explicit_backport_or_cherry_pick_in_commit_message
23.05.0,bd4f415efacfc03bbe5b79ae1d39c1451f5f7385,22b9f99b87fa1ff991180cabf02dd04d1bddce2b,kernel: bump 4.14 to 4.14.59,CVE-2018-10881,kernel,explicit_CVE_in_commit_message,unreviewed,ath79/generic,kernel,5.15.134-1-db5fae317c7dec03ba9a83c32ababa81,research-os/data/openwrt-v2-snapshots/releases/23.05.0/ath79_generic/openwrt-23.05.0-ath79-generic.manifest,explicit_backport_or_cherry_pick_in_commit_message
23.05.0,bd4f415efacfc03bbe5b79ae1d39c1451f5f7385,22b9f99b87fa1ff991180cabf02dd04d1bddce2b,kernel: bump 4.14 to 4.14.59,CVE-2018-10881,kernel,explicit_CVE_in_commit_message,unreviewed,x86/64,kernel,5.15.134-1-47964456485559d992fe6f536131fc64,research-os/data/openwrt-v2-snapshots/releases/23.05.0/x86_64/openwrt-23.05.0-x86-64.manifest,explicit_backport_or_cherry_pick_in_commit_message
23.05.0,bd4f415efacfc03bbe5b79ae1d39c1451f5f7385,22b9f99b87fa1ff991180cabf02dd04d1bddce2b,kernel: bump 4.14 to 4.14.59,CVE-2018-10882,kernel,explicit_CVE_in_commit_message,unreviewed,ath79/generic,kernel,5.15.134-1-db5fae317c7dec03ba9a83c32ababa81,research-os/data/openwrt-v2-snapshots/releases/23.05.0/ath79_generic/openwrt-23.05.0-ath79-generic.manifest,explicit_backport_or_cherry_pick_in_commit_message
23.05.0,bd4f415efacfc03bbe5b79ae1d39c1451f5f7385,22b9f99b87fa1ff991180cabf02dd04d1bddce2b,kernel: bump 4.14 to 4.14.59,CVE-2018-10882,kernel,explicit_CVE_in_commit_message,unreviewed,x86/64,kernel,5.15.134-1-47964456485559d992fe6f536131fc64,research-os/data/openwrt-v2-snapshots/releases/23.05.0/x86_64/openwrt-23.05.0-x86-64.manifest,explicit_backport_or_cherry_pick_in_commit_message
23.05.0,bd4f415efacfc03bbe5b79ae1d39c1451f5f7385,22b9f99b87fa1ff991180cabf02dd04d1bddce2b,kernel: bump 4.14 to 4.14.59,CVE-2018-10883,kernel,explicit_CVE_in_commit_message,unreviewed,ath79/generic,kernel,5.15.134-1-db5fae317c7dec03ba9a83c32ababa81,research-os/data/openwrt-v2-snapshots/releases/23.05.0/ath79_generic/openwrt-23.05.0-ath79-generic.manifest,explicit_backport_or_cherry_pick_in_commit_message
23.05.0,bd4f415efacfc03bbe5b79ae1d39c1451f5f7385,22b9f99b87fa1ff991180cabf02dd04d1bddce2b,kernel: bump 4.14 to 4.14.59,CVE-2018-10883,kernel,explicit_CVE_in_commit_message,unreviewed,x86/64,kernel,5.15.134-1-47964456485559d992fe6f536131fc64,research-os/data/openwrt-v2-snapshots/releases/23.05.0/x86_64/openwrt-23.05.0-x86-64.manifest,explicit_backport_or_cherry_pick_in_commit_message
23.05.0,bd4f415efacfc03bbe5b79ae1d39c1451f5f7385,35890514bb191de3ab96dcd684714850a9142efc,ppp: backport security fixes,CVE-2020-8597,ppp,explicit_CVE_in_commit_message,unreviewed,ath79/generic,ppp,2.4.9.git-2021-01-04-4,research-os/data/openwrt-v2-snapshots/releases/23.05.0/ath79_generic/openwrt-23.05.0-ath79-generic.manifest,explicit_backport_or_cherry_pick_in_commit_message
23.05.0,bd4f415efacfc03bbe5b79ae1d39c1451f5f7385,35890514bb191de3ab96dcd684714850a9142efc,ppp: backport security fixes,CVE-2020-8597,ppp,explicit_CVE_in_commit_message,unreviewed,x86/64,ppp,2.4.9.git-2021-01-04-4,research-os/data/openwrt-v2-snapshots/releases/23.05.0/x86_64/openwrt-23.05.0-x86-64.manifest,explicit_backport_or_cherry_pick_in_commit_message
23.05.0,bd4f415efacfc03bbe5b79ae1d39c1451f5f7385,3c2c31bb66e5b247ffbb3cafac2a21d441daef39,kernel: backport upstream challenge ACK fix (CVE-2016-5696),CVE-2016-5696,kernel,explicit_CVE_in_commit_message,unreviewed,ath79/generic,kernel,5.15.134-1-db5fae317c7dec03ba9a83c32ababa81,research-os/data/openwrt-v2-snapshots/releases/23.05.0/ath79_generic/openwrt-23.05.0-ath79-generic.manifest,explicit_backport_or_cherry_pick_in_commit_message
23.05.0,bd4f415efacfc03bbe5b79ae1d39c1451f5f7385,3c2c31bb66e5b247ffbb3cafac2a21d441daef39,kernel: backport upstream challenge ACK fix (CVE-2016-5696),CVE-2016-5696,kernel,explicit_CVE_in_commit_message,unreviewed,x86/64,kernel,5.15.134-1-47964456485559d992fe6f536131fc64,research-os/data/openwrt-v2-snapshots/releases/23.05.0/x86_64/openwrt-23.05.0-x86-64.manifest,explicit_backport_or_cherry_pick_in_commit_message
23.05.0,bd4f415efacfc03bbe5b79ae1d39c1451f5f7385,6713fe030fca32fc3d5ad9761f3b2f96501aedd6,busybox: update to 1.33.1,CVE-2021-28831,busybox,explicit_CVE_in_commit_message,unreviewed,ath79/generic,busybox,1.36.1-1,research-os/data/openwrt-v2-snapshots/releases/23.05.0/ath79_generic/openwrt-23.05.0-ath79-generic.manifest,explicit_backport_or_cherry_pick_in_commit_message
23.05.0,bd4f415efacfc03bbe5b79ae1d39c1451f5f7385,6713fe030fca32fc3d5ad9761f3b2f96501aedd6,busybox: update to 1.33.1,CVE-2021-28831,busybox,explicit_CVE_in_commit_message,unreviewed,x86/64,busybox,1.36.1-1,research-os/data/openwrt-v2-snapshots/releases/23.05.0/x86_64/openwrt-23.05.0-x86-64.manifest,explicit_backport_or_cherry_pick_in_commit_message
23.05.0,bd4f415efacfc03bbe5b79ae1d39c1451f5f7385,7c0a2bc93077f52c033e406864b34af3a4fab245,busybox: backport cve-2017-16544 fix,CVE-2017-16544,busybox,explicit_CVE_in_commit_message,unreviewed,ath79/generic,busybox,1.36.1-1,research-os/data/openwrt-v2-snapshots/releases/23.05.0/ath79_generic/openwrt-23.05.0-ath79-generic.manifest,explicit_backport_or_cherry_pick_in_commit_message
23.05.0,bd4f415efacfc03bbe5b79ae1d39c1451f5f7385,7c0a2bc93077f52c033e406864b34af3a4fab245,busybox: backport cve-2017-16544 fix,CVE-2017-16544,busybox,explicit_CVE_in_commit_message,unreviewed,x86/64,busybox,1.36.1-1,research-os/data/openwrt-v2-snapshots/releases/23.05.0/x86_64/openwrt-23.05.0-x86-64.manifest,explicit_backport_or_cherry_pick_in_commit_message
23.05.0,bd4f415efacfc03bbe5b79ae1d39c1451f5f7385,7c0a2bc93077f52c033e406864b34af3a4fab245,busybox: backport cve-2017-16544 fix,CVE-2017-16544,busybox,explicit_CVE_in_commit_message,unreviewed,ath79/generic,busybox,1.36.1-1,research-os/data/openwrt-v2-snapshots/releases/23.05.0/ath79_generic/openwrt-23.05.0-ath79-generic.manifest,explicit_backport_or_cherry_pick_in_commit_message
23.05.0,bd4f415efacfc03bbe5b79ae1d39c1451f5f7385,7c0a2bc93077f52c033e406864b34af3a4fab245,busybox: backport cve-2017-16544 fix,CVE-2017-16544,busybox,explicit_CVE_in_commit_message,unreviewed,x86/64,busybox,1.36.1-1,research-os/data/openwrt-v2-snapshots/releases/23.05.0/x86_64/openwrt-23.05.0-x86-64.manifest,explicit_backport_or_cherry_pick_in_commit_message
23.05.0,bd4f415efacfc03bbe5b79ae1d39c1451f5f7385,88ba41453dbc65e1d5d596073d66bdf2e59a43a1,kernel: bump 4.14 to 4.14.20,CVE-2017-8824,kernel,explicit_CVE_in_commit_message,unreviewed,ath79/generic,kernel,5.15.134-1-db5fae317c7dec03ba9a83c32ababa81,research-os/data/openwrt-v2-snapshots/releases/23.05.0/ath79_generic/openwrt-23.05.0-ath79-generic.manifest,explicit_backport_or_cherry_pick_in_commit_message
23.05.0,bd4f415efacfc03bbe5b79ae1d39c1451f5f7385,88ba41453dbc65e1d5d596073d66bdf2e59a43a1,kernel: bump 4.14 to 4.14.20,CVE-2017-8824,kernel,explicit_CVE_in_commit_message,unreviewed,x86/64,kernel,5.15.134-1-47964456485559d992fe6f536131fc64,research-os/data/openwrt-v2-snapshots/releases/23.05.0/x86_64/openwrt-23.05.0-x86-64.manifest,explicit_backport_or_cherry_pick_in_commit_message
23.05.0,bd4f415efacfc03bbe5b79ae1d39c1451f5f7385,9a753c49ea7053f3592f9ec1ce9d97882edb332d,dnsmasq: backport official fix for CVE-2017-13704,CVE-2017-13704,dnsmasq,explicit_CVE_in_commit_message,unreviewed,ath79/generic,dnsmasq,2.89-4,research-os/data/openwrt-v2-snapshots/releases/23.05.0/ath79_generic/openwrt-23.05.0-ath79-generic.manifest,explicit_backport_or_cherry_pick_in_commit_message
23.05.0,bd4f415efacfc03bbe5b79ae1d39c1451f5f7385,9a753c49ea7053f3592f9ec1ce9d97882edb332d,dnsmasq: backport official fix for CVE-2017-13704,CVE-2017-13704,dnsmasq,explicit_CVE_in_commit_message,unreviewed,x86/64,dnsmasq,2.89-4,research-os/data/openwrt-v2-snapshots/releases/23.05.0/x86_64/openwrt-23.05.0-x86-64.manifest,explicit_backport_or_cherry_pick_in_commit_message
23.05.0,bd4f415efacfc03bbe5b79ae1d39c1451f5f7385,a3198061f80a7f3933810cd99206b085e4cf49f9,dnsmasq: backport dnssec security fix,CVE-2017-15107,dnsmasq,explicit_CVE_in_commit_message,unreviewed,ath79/generic,dnsmasq,2.89-4,research-os/data/openwrt-v2-snapshots/releases/23.05.0/ath79_generic/openwrt-23.05.0-ath79-generic.manifest,explicit_backport_or_cherry_pick_in_commit_message
23.05.0,bd4f415efacfc03bbe5b79ae1d39c1451f5f7385,a3198061f80a7f3933810cd99206b085e4cf49f9,dnsmasq: backport dnssec security fix,CVE-2017-15107,dnsmasq,explicit_CVE_in_commit_message,unreviewed,x86/64,dnsmasq,2.89-4,research-os/data/openwrt-v2-snapshots/releases/23.05.0/x86_64/openwrt-23.05.0-x86-64.manifest,explicit_backport_or_cherry_pick_in_commit_message
23.05.0,bd4f415efacfc03bbe5b79ae1d39c1451f5f7385,adaf1cbcc8b253ea807dbe0416b4b04c33dceadf,dnsmasq: backport validation fix in dnssec security fix,CVE-2017-15107,dnsmasq,explicit_CVE_in_commit_message,unreviewed,ath79/generic,dnsmasq,2.89-4,research-os/data/openwrt-v2-snapshots/releases/23.05.0/ath79_generic/openwrt-23.05.0-ath79-generic.manifest,explicit_backport_or_cherry_pick_in_commit_message
23.05.0,bd4f415efacfc03bbe5b79ae1d39c1451f5f7385,adaf1cbcc8b253ea807dbe0416b4b04c33dceadf,dnsmasq: backport validation fix in dnssec security fix,CVE-2017-15107,dnsmasq,explicit_CVE_in_commit_message,unreviewed,x86/64,dnsmasq,2.89-4,research-os/data/openwrt-v2-snapshots/releases/23.05.0/x86_64/openwrt-23.05.0-x86-64.manifest,explicit_backport_or_cherry_pick_in_commit_message
23.05.0,bd4f415efacfc03bbe5b79ae1d39c1451f5f7385,b547ab3143e5f9116c19698292d1bd9e08feda3e,kernel: bump kernel 4.9 to version 4.9.120,CVE-2018-3620,kernel,explicit_CVE_in_commit_message,unreviewed,ath79/generic,kernel,5.15.134-1-db5fae317c7dec03ba9a83c32ababa81,research-os/data/openwrt-v2-snapshots/releases/23.05.0/ath79_generic/openwrt-23.05.0-ath79-generic.manifest,explicit_backport_or_cherry_pick_in_commit_message
23.05.0,bd4f415efacfc03bbe5b79ae1d39c1451f5f7385,b547ab3143e5f9116c19698292d1bd9e08feda3e,kernel: bump kernel 4.9 to version 4.9.120,CVE-2018-3620,kernel,explicit_CVE_in_commit_message,unreviewed,x86/64,kernel,5.15.134-1-47964456485559d992fe6f536131fc64,research-os/data/openwrt-v2-snapshots/releases/23.05.0/x86_64/openwrt-23.05.0-x86-64.manifest,explicit_backport_or_cherry_pick_in_commit_message
23.05.0,bd4f415efacfc03bbe5b79ae1d39c1451f5f7385,b547ab3143e5f9116c19698292d1bd9e08feda3e,kernel: bump kernel 4.9 to version 4.9.120,CVE-2018-3646,kernel,explicit_CVE_in_commit_message,unreviewed,ath79/generic,kernel,5.15.134-1-db5fae317c7dec03ba9a83c32ababa81,research-os/data/openwrt-v2-snapshots/releases/23.05.0/ath79_generic/openwrt-23.05.0-ath79-generic.manifest,explicit_backport_or_cherry_pick_in_commit_message
23.05.0,bd4f415efacfc03bbe5b79ae1d39c1451f5f7385,b547ab3143e5f9116c19698292d1bd9e08feda3e,kernel: bump kernel 4.9 to version 4.9.120,CVE-2018-3646,kernel,explicit_CVE_in_commit_message,unreviewed,x86/64,kernel,5.15.134-1-47964456485559d992fe6f536131fc64,research-os/data/openwrt-v2-snapshots/releases/23.05.0/x86_64/openwrt-23.05.0-x86-64.manifest,explicit_backport_or_cherry_pick_in_commit_message
23.05.0,bd4f415efacfc03bbe5b79ae1d39c1451f5f7385,d8565a06dc01b55ed1018d571e655c122b9d2a33,kernel: bump 4.9 to 4.9.77,CVE-2017-1000410,kernel,explicit_CVE_in_commit_message,unreviewed,ath79/generic,kernel,5.15.134-1-db5fae317c7dec03ba9a83c32ababa81,research-os/data/openwrt-v2-snapshots/releases/23.05.0/ath79_generic/openwrt-23.05.0-ath79-generic.manifest,explicit_backport_or_cherry_pick_in_commit_message
23.05.0,bd4f415efacfc03bbe5b79ae1d39c1451f5f7385,d8565a06dc01b55ed1018d571e655c122b9d2a33,kernel: bump 4.9 to 4.9.77,CVE-2017-1000410,kernel,explicit_CVE_in_commit_message,unreviewed,x86/64,kernel,5.15.134-1-47964456485559d992fe6f536131fc64,research-os/data/openwrt-v2-snapshots/releases/23.05.0/x86_64/openwrt-23.05.0-x86-64.manifest,explicit_backport_or_cherry_pick_in_commit_message
23.05.0,bd4f415efacfc03bbe5b79ae1d39c1451f5f7385,d8565a06dc01b55ed1018d571e655c122b9d2a33,kernel: bump 4.9 to 4.9.77,CVE-2017-17741,kernel,explicit_CVE_in_commit_message,unreviewed,ath79/generic,kernel,5.15.134-1-db5fae317c7dec03ba9a83c32ababa81,research-os/data/openwrt-v2-snapshots/releases/23.05.0/ath79_generic/openwrt-23.05.0-ath79-generic.manifest,explicit_backport_or_cherry_pick_in_commit_message
23.05.0,bd4f415efacfc03bbe5b79ae1d39c1451f5f7385,d8565a06dc01b55ed1018d571e655c122b9d2a33,kernel: bump 4.9 to 4.9.77,CVE-2017-17741,kernel,explicit_CVE_in_commit_message,unreviewed,x86/64,kernel,5.15.134-1-47964456485559d992fe6f536131fc64,research-os/data/openwrt-v2-snapshots/releases/23.05.0/x86_64/openwrt-23.05.0-x86-64.manifest,explicit_backport_or_cherry_pick_in_commit_message
23.05.0,bd4f415efacfc03bbe5b79ae1d39c1451f5f7385,d8565a06dc01b55ed1018d571e655c122b9d2a33,kernel: bump 4.9 to 4.9.77,CVE-2017-5715,kernel,explicit_CVE_in_commit_message,unreviewed,ath79/generic,kernel,5.15.134-1-db5fae317c7dec03ba9a83c32ababa81,research-os/data/openwrt-v2-snapshots/releases/23.05.0/ath79_generic/openwrt-23.05.0-ath79-generic.manifest,explicit_backport_or_cherry_pick_in_commit_message
23.05.0,bd4f415efacfc03bbe5b79ae1d39c1451f5f7385,d8565a06dc01b55ed1018d571e655c122b9d2a33,kernel: bump 4.9 to 4.9.77,CVE-2017-5715,kernel,explicit_CVE_in_commit_message,unreviewed,x86/64,kernel,5.15.134-1-47964456485559d992fe6f536131fc64,research-os/data/openwrt-v2-snapshots/releases/23.05.0/x86_64/openwrt-23.05.0-x86-64.manifest,explicit_backport_or_cherry_pick_in_commit_message
23.05.0,bd4f415efacfc03bbe5b79ae1d39c1451f5f7385,d8565a06dc01b55ed1018d571e655c122b9d2a33,kernel: bump 4.9 to 4.9.77,CVE-2017-5753,kernel,explicit_CVE_in_commit_message,unreviewed,ath79/generic,kernel,5.15.134-1-db5fae317c7dec03ba9a83c32ababa81,research-os/data/openwrt-v2-snapshots/releases/23.05.0/ath79_generic/openwrt-23.05.0-ath79-generic.manifest,explicit_backport_or_cherry_pick_in_commit_message
23.05.0,bd4f415efacfc03bbe5b79ae1d39c1451f5f7385,d8565a06dc01b55ed1018d571e655c122b9d2a33,kernel: bump 4.9 to 4.9.77,CVE-2017-5753,kernel,explicit_CVE_in_commit_message,unreviewed,x86/64,kernel,5.15.134-1-47964456485559d992fe6f536131fc64,research-os/data/openwrt-v2-snapshots/releases/23.05.0/x86_64/openwrt-23.05.0-x86-64.manifest,explicit_backport_or_cherry_pick_in_commit_message
23.05.0,bd4f415efacfc03bbe5b79ae1d39c1451f5f7385,f621b539512e5b6c83dd2de1bc2dba06e40cd7ea,kernel: bump 4.9 to 4.9.82,CVE-2017-8824,kernel,explicit_CVE_in_commit_message,unreviewed,ath79/generic,kernel,5.15.134-1-db5fae317c7dec03ba9a83c32ababa81,research-os/data/openwrt-v2-snapshots/releases/23.05.0/ath79_generic/openwrt-23.05.0-ath79-generic.manifest,explicit_backport_or_cherry_pick_in_commit_message
23.05.0,bd4f415efacfc03bbe5b79ae1d39c1451f5f7385,f621b539512e5b6c83dd2de1bc2dba06e40cd7ea,kernel: bump 4.9 to 4.9.82,CVE-2017-8824,kernel,explicit_CVE_in_commit_message,unreviewed,x86/64,kernel,5.15.134-1-47964456485559d992fe6f536131fc64,research-os/data/openwrt-v2-snapshots/releases/23.05.0/x86_64/openwrt-23.05.0-x86-64.manifest,explicit_backport_or_cherry_pick_in_commit_message
23.05.0,bd4f415efacfc03bbe5b79ae1d39c1451f5f7385,fefe1da440eede8dfaa23975c30ae2f6fcac744d,kernel: backport upstream fix for CVE-2018-5390,CVE-2018-5390,kernel,explicit_CVE_in_commit_message,unreviewed,ath79/generic,kernel,5.15.134-1-db5fae317c7dec03ba9a83c32ababa81,research-os/data/openwrt-v2-snapshots/releases/23.05.0/ath79_generic/openwrt-23.05.0-ath79-generic.manifest,explicit_backport_or_cherry_pick_in_commit_message
23.05.0,bd4f415efacfc03bbe5b79ae1d39c1451f5f7385,fefe1da440eede8dfaa23975c30ae2f6fcac744d,kernel: backport upstream fix for CVE-2018-5390,CVE-2018-5390,kernel,explicit_CVE_in_commit_message,unreviewed,x86/64,kernel,5.15.134-1-47964456485559d992fe6f536131fc64,research-os/data/openwrt-v2-snapshots/releases/23.05.0/x86_64/openwrt-23.05.0-x86-64.manifest,explicit_backport_or_cherry_pick_in_commit_message
23.05.1,a58a86693f8593974ff7c26bb42e280b62a8724c,002a99eccd75fb653163bae0a1132bd4f494e7ad,dnsmasq: Backport DHCPv6 server fix (CVE-2022-0934),CVE-2022-0934,dnsmasq,explicit_CVE_in_commit_message,unreviewed,ath79/generic,dnsmasq,2.89-4,research-os/data/openwrt-v2-snapshots/releases/23.05.1/ath79_generic/openwrt-23.05.1-ath79-generic.manifest,explicit_backport_or_cherry_pick_in_commit_message
23.05.1,a58a86693f8593974ff7c26bb42e280b62a8724c,002a99eccd75fb653163bae0a1132bd4f494e7ad,dnsmasq: Backport DHCPv6 server fix (CVE-2022-0934),CVE-2022-0934,dnsmasq,explicit_CVE_in_commit_message,unreviewed,x86/64,dnsmasq,2.89-4,research-os/data/openwrt-v2-snapshots/releases/23.05.1/x86_64/openwrt-23.05.1-x86-64.manifest,explicit_backport_or_cherry_pick_in_commit_message
23.05.1,a58a86693f8593974ff7c26bb42e280b62a8724c,13397b2b95b4800fb0a29c3d483fa280d10f0eb0,busybox: backport fix for CVE-2021-28831,CVE-2021-28831,busybox,explicit_CVE_in_commit_message,unreviewed,ath79/generic,busybox,1.36.1-1,research-os/data/openwrt-v2-snapshots/releases/23.05.1/ath79_generic/openwrt-23.05.1-ath79-generic.manifest,explicit_backport_or_cherry_pick_in_commit_message
23.05.1,a58a86693f8593974ff7c26bb42e280b62a8724c,13397b2b95b4800fb0a29c3d483fa280d10f0eb0,busybox: backport fix for CVE-2021-28831,CVE-2021-28831,busybox,explicit_CVE_in_commit_message,unreviewed,x86/64,busybox,1.36.1-1,research-os/data/openwrt-v2-snapshots/releases/23.05.1/x86_64/openwrt-23.05.1-x86-64.manifest,explicit_backport_or_cherry_pick_in_commit_message
23.05.1,a58a86693f8593974ff7c26bb42e280b62a8724c,2211ee0037764e1c6b1576fe7a0975722cd4acdc,dropbear: backport upstream fix for CVE-2018-15599,CVE-2018-15473,dropbear,explicit_CVE_in_commit_message,unreviewed,ath79/generic,dropbear,2022.82-5,research-os/data/openwrt-v2-snapshots/releases/23.05.1/ath79_generic/openwrt-23.05.1-ath79-generic.manifest,explicit_backport_or_cherry_pick_in_commit_message
23.05.1,a58a86693f8593974ff7c26bb42e280b62a8724c,2211ee0037764e1c6b1576fe7a0975722cd4acdc,dropbear: backport upstream fix for CVE-2018-15599,CVE-2018-15473,dropbear,explicit_CVE_in_commit_message,unreviewed,x86/64,dropbear,2022.82-5,research-os/data/openwrt-v2-snapshots/releases/23.05.1/x86_64/openwrt-23.05.1-x86-64.manifest,explicit_backport_or_cherry_pick_in_commit_message
23.05.1,a58a86693f8593974ff7c26bb42e280b62a8724c,2211ee0037764e1c6b1576fe7a0975722cd4acdc,dropbear: backport upstream fix for CVE-2018-15599,CVE-2018-15599,dropbear,explicit_CVE_in_commit_message,unreviewed,ath79/generic,dropbear,2022.82-5,research-os/data/openwrt-v2-snapshots/releases/23.05.1/ath79_generic/openwrt-23.05.1-ath79-generic.manifest,explicit_backport_or_cherry_pick_in_commit_message
23.05.1,a58a86693f8593974ff7c26bb42e280b62a8724c,2211ee0037764e1c6b1576fe7a0975722cd4acdc,dropbear: backport upstream fix for CVE-2018-15599,CVE-2018-15599,dropbear,explicit_CVE_in_commit_message,unreviewed,x86/64,dropbear,2022.82-5,research-os/data/openwrt-v2-snapshots/releases/23.05.1/x86_64/openwrt-23.05.1-x86-64.manifest,explicit_backport_or_cherry_pick_in_commit_message
23.05.1,a58a86693f8593974ff7c26bb42e280b62a8724c,22b9f99b87fa1ff991180cabf02dd04d1bddce2b,kernel: bump 4.14 to 4.14.59,CVE-2018-10876,kernel,explicit_CVE_in_commit_message,unreviewed,ath79/generic,kernel,5.15.137-1-db5fae317c7dec03ba9a83c32ababa81,research-os/data/openwrt-v2-snapshots/releases/23.05.1/ath79_generic/openwrt-23.05.1-ath79-generic.manifest,explicit_backport_or_cherry_pick_in_commit_message
23.05.1,a58a86693f8593974ff7c26bb42e280b62a8724c,22b9f99b87fa1ff991180cabf02dd04d1bddce2b,kernel: bump 4.14 to 4.14.59,CVE-2018-10876,kernel,explicit_CVE_in_commit_message,unreviewed,x86/64,kernel,5.15.137-1-47964456485559d992fe6f536131fc64,research-os/data/openwrt-v2-snapshots/releases/23.05.1/x86_64/openwrt-23.05.1-x86-64.manifest,explicit_backport_or_cherry_pick_in_commit_message
23.05.1,a58a86693f8593974ff7c26bb42e280b62a8724c,22b9f99b87fa1ff991180cabf02dd04d1bddce2b,kernel: bump 4.14 to 4.14.59,CVE-2018-10877,kernel,explicit_CVE_in_commit_message,unreviewed,ath79/generic,kernel,5.15.137-1-db5fae317c7dec03ba9a83c32ababa81,research-os/data/openwrt-v2-snapshots/releases/23.05.1/ath79_generic/openwrt-23.05.1-ath79-generic.manifest,explicit_backport_or_cherry_pick_in_commit_message
23.05.1,a58a86693f8593974ff7c26bb42e280b62a8724c,22b9f99b87fa1ff991180cabf02dd04d1bddce2b,kernel: bump 4.14 to 4.14.59,CVE-2018-10877,kernel,explicit_CVE_in_commit_message,unreviewed,x86/64,kernel,5.15.137-1-47964456485559d992fe6f536131fc64,research-os/data/openwrt-v2-snapshots/releases/23.05.1/x86_64/openwrt-23.05.1-x86-64.manifest,explicit_backport_or_cherry_pick_in_commit_message
23.05.1,a58a86693f8593974ff7c26bb42e280b62a8724c,22b9f99b87fa1ff991180cabf02dd04d1bddce2b,kernel: bump 4.14 to 4.14.59,CVE-2018-10879,kernel,explicit_CVE_in_commit_message,unreviewed,ath79/generic,kernel,5.15.137-1-db5fae317c7dec03ba9a83c32ababa81,research-os/data/openwrt-v2-snapshots/releases/23.05.1/ath79_generic/openwrt-23.05.1-ath79-generic.manifest,explicit_backport_or_cherry_pick_in_commit_message
23.05.1,a58a86693f8593974ff7c26bb42e280b62a8724c,22b9f99b87fa1ff991180cabf02dd04d1bddce2b,kernel: bump 4.14 to 4.14.59,CVE-2018-10879,kernel,explicit_CVE_in_commit_message,unreviewed,x86/64,kernel,5.15.137-1-47964456485559d992fe6f536131fc64,research-os/data/openwrt-v2-snapshots/releases/23.05.1/x86_64/openwrt-23.05.1-x86-64.manifest,explicit_backport_or_cherry_pick_in_commit_message
23.05.1,a58a86693f8593974ff7c26bb42e280b62a8724c,22b9f99b87fa1ff991180cabf02dd04d1bddce2b,kernel: bump 4.14 to 4.14.59,CVE-2018-10880,kernel,explicit_CVE_in_commit_message,unreviewed,ath79/generic,kernel,5.15.137-1-db5fae317c7dec03ba9a83c32ababa81,research-os/data/openwrt-v2-snapshots/releases/23.05.1/ath79_generic/openwrt-23.05.1-ath79-generic.manifest,explicit_backport_or_cherry_pick_in_commit_message
23.05.1,a58a86693f8593974ff7c26bb42e280b62a8724c,22b9f99b87fa1ff991180cabf02dd04d1bddce2b,kernel: bump 4.14 to 4.14.59,CVE-2018-10880,kernel,explicit_CVE_in_commit_message,unreviewed,x86/64,kernel,5.15.137-1-47964456485559d992fe6f536131fc64,research-os/data/openwrt-v2-snapshots/releases/23.05.1/x86_64/openwrt-23.05.1-x86-64.manifest,explicit_backport_or_cherry_pick_in_commit_message
23.05.1,a58a86693f8593974ff7c26bb42e280b62a8724c,22b9f99b87fa1ff991180cabf02dd04d1bddce2b,kernel: bump 4.14 to 4.14.59,CVE-2018-10881,kernel,explicit_CVE_in_commit_message,unreviewed,ath79/generic,kernel,5.15.137-1-db5fae317c7dec03ba9a83c32ababa81,research-os/data/openwrt-v2-snapshots/releases/23.05.1/ath79_generic/openwrt-23.05.1-ath79-generic.manifest,explicit_backport_or_cherry_pick_in_commit_message
23.05.1,a58a86693f8593974ff7c26bb42e280b62a8724c,22b9f99b87fa1ff991180cabf02dd04d1bddce2b,kernel: bump 4.14 to 4.14.59,CVE-2018-10881,kernel,explicit_CVE_in_commit_message,unreviewed,x86/64,kernel,5.15.137-1-47964456485559d992fe6f536131fc64,research-os/data/openwrt-v2-snapshots/releases/23.05.1/x86_64/openwrt-23.05.1-x86-64.manifest,explicit_backport_or_cherry_pick_in_commit_message
23.05.1,a58a86693f8593974ff7c26bb42e280b62a8724c,22b9f99b87fa1ff991180cabf02dd04d1bddce2b,kernel: bump 4.14 to 4.14.59,CVE-2018-10882,kernel,explicit_CVE_in_commit_message,unreviewed,ath79/generic,kernel,5.15.137-1-db5fae317c7dec03ba9a83c32ababa81,research-os/data/openwrt-v2-snapshots/releases/23.05.1/ath79_generic/openwrt-23.05.1-ath79-generic.manifest,explicit_backport_or_cherry_pick_in_commit_message
23.05.1,a58a86693f8593974ff7c26bb42e280b62a8724c,22b9f99b87fa1ff991180cabf02dd04d1bddce2b,kernel: bump 4.14 to 4.14.59,CVE-2018-10882,kernel,explicit_CVE_in_commit_message,unreviewed,x86/64,kernel,5.15.137-1-47964456485559d992fe6f536131fc64,research-os/data/openwrt-v2-snapshots/releases/23.05.1/x86_64/openwrt-23.05.1-x86-64.manifest,explicit_backport_or_cherry_pick_in_commit_message
23.05.1,a58a86693f8593974ff7c26bb42e280b62a8724c,22b9f99b87fa1ff991180cabf02dd04d1bddce2b,kernel: bump 4.14 to 4.14.59,CVE-2018-10883,kernel,explicit_CVE_in_commit_message,unreviewed,ath79/generic,kernel,5.15.137-1-db5fae317c7dec03ba9a83c32ababa81,research-os/data/openwrt-v2-snapshots/releases/23.05.1/ath79_generic/openwrt-23.05.1-ath79-generic.manifest,explicit_backport_or_cherry_pick_in_commit_message
23.05.1,a58a86693f8593974ff7c26bb42e280b62a8724c,22b9f99b87fa1ff991180cabf02dd04d1bddce2b,kernel: bump 4.14 to 4.14.59,CVE-2018-10883,kernel,explicit_CVE_in_commit_message,unreviewed,x86/64,kernel,5.15.137-1-47964456485559d992fe6f536131fc64,research-os/data/openwrt-v2-snapshots/releases/23.05.1/x86_64/openwrt-23.05.1-x86-64.manifest,explicit_backport_or_cherry_pick_in_commit_message
23.05.1,a58a86693f8593974ff7c26bb42e280b62a8724c,35890514bb191de3ab96dcd684714850a9142efc,ppp: backport security fixes,CVE-2020-8597,ppp,explicit_CVE_in_commit_message,unreviewed,ath79/generic,ppp,2.4.9.git-2021-01-04-4,research-os/data/openwrt-v2-snapshots/releases/23.05.1/ath79_generic/openwrt-23.05.1-ath79-generic.manifest,explicit_backport_or_cherry_pick_in_commit_message
23.05.1,a58a86693f8593974ff7c26bb42e280b62a8724c,35890514bb191de3ab96dcd684714850a9142efc,ppp: backport security fixes,CVE-2020-8597,ppp,explicit_CVE_in_commit_message,unreviewed,x86/64,ppp,2.4.9.git-2021-01-04-4,research-os/data/openwrt-v2-snapshots/releases/23.05.1/x86_64/openwrt-23.05.1-x86-64.manifest,explicit_backport_or_cherry_pick_in_commit_message
23.05.1,a58a86693f8593974ff7c26bb42e280b62a8724c,3c2c31bb66e5b247ffbb3cafac2a21d441daef39,kernel: backport upstream challenge ACK fix (CVE-2016-5696),CVE-2016-5696,kernel,explicit_CVE_in_commit_message,unreviewed,ath79/generic,kernel,5.15.137-1-db5fae317c7dec03ba9a83c32ababa81,research-os/data/openwrt-v2-snapshots/releases/23.05.1/ath79_generic/openwrt-23.05.1-ath79-generic.manifest,explicit_backport_or_cherry_pick_in_commit_message
23.05.1,a58a86693f8593974ff7c26bb42e280b62a8724c,3c2c31bb66e5b247ffbb3cafac2a21d441daef39,kernel: backport upstream challenge ACK fix (CVE-2016-5696),CVE-2016-5696,kernel,explicit_CVE_in_commit_message,unreviewed,x86/64,kernel,5.15.137-1-47964456485559d992fe6f536131fc64,research-os/data/openwrt-v2-snapshots/releases/23.05.1/x86_64/openwrt-23.05.1-x86-64.manifest,explicit_backport_or_cherry_pick_in_commit_message
23.05.1,a58a86693f8593974ff7c26bb42e280b62a8724c,6713fe030fca32fc3d5ad9761f3b2f96501aedd6,busybox: update to 1.33.1,CVE-2021-28831,busybox,explicit_CVE_in_commit_message,unreviewed,ath79/generic,busybox,1.36.1-1,research-os/data/openwrt-v2-snapshots/releases/23.05.1/ath79_generic/openwrt-23.05.1-ath79-generic.manifest,explicit_backport_or_cherry_pick_in_commit_message
23.05.1,a58a86693f8593974ff7c26bb42e280b62a8724c,6713fe030fca32fc3d5ad9761f3b2f96501aedd6,busybox: update to 1.33.1,CVE-2021-28831,busybox,explicit_CVE_in_commit_message,unreviewed,x86/64,busybox,1.36.1-1,research-os/data/openwrt-v2-snapshots/releases/23.05.1/x86_64/openwrt-23.05.1-x86-64.manifest,explicit_backport_or_cherry_pick_in_commit_message
23.05.1,a58a86693f8593974ff7c26bb42e280b62a8724c,7c0a2bc93077f52c033e406864b34af3a4fab245,busybox: backport cve-2017-16544 fix,CVE-2017-16544,busybox,explicit_CVE_in_commit_message,unreviewed,ath79/generic,busybox,1.36.1-1,research-os/data/openwrt-v2-snapshots/releases/23.05.1/ath79_generic/openwrt-23.05.1-ath79-generic.manifest,explicit_backport_or_cherry_pick_in_commit_message
23.05.1,a58a86693f8593974ff7c26bb42e280b62a8724c,7c0a2bc93077f52c033e406864b34af3a4fab245,busybox: backport cve-2017-16544 fix,CVE-2017-16544,busybox,explicit_CVE_in_commit_message,unreviewed,x86/64,busybox,1.36.1-1,research-os/data/openwrt-v2-snapshots/releases/23.05.1/x86_64/openwrt-23.05.1-x86-64.manifest,explicit_backport_or_cherry_pick_in_commit_message
23.05.1,a58a86693f8593974ff7c26bb42e280b62a8724c,7c0a2bc93077f52c033e406864b34af3a4fab245,busybox: backport cve-2017-16544 fix,CVE-2017-16544,busybox,explicit_CVE_in_commit_message,unreviewed,ath79/generic,busybox,1.36.1-1,research-os/data/openwrt-v2-snapshots/releases/23.05.1/ath79_generic/openwrt-23.05.1-ath79-generic.manifest,explicit_backport_or_cherry_pick_in_commit_message
23.05.1,a58a86693f8593974ff7c26bb42e280b62a8724c,7c0a2bc93077f52c033e406864b34af3a4fab245,busybox: backport cve-2017-16544 fix,CVE-2017-16544,busybox,explicit_CVE_in_commit_message,unreviewed,x86/64,busybox,1.36.1-1,research-os/data/openwrt-v2-snapshots/releases/23.05.1/x86_64/openwrt-23.05.1-x86-64.manifest,explicit_backport_or_cherry_pick_in_commit_message
23.05.1,a58a86693f8593974ff7c26bb42e280b62a8724c,88ba41453dbc65e1d5d596073d66bdf2e59a43a1,kernel: bump 4.14 to 4.14.20,CVE-2017-8824,kernel,explicit_CVE_in_commit_message,unreviewed,ath79/generic,kernel,5.15.137-1-db5fae317c7dec03ba9a83c32ababa81,research-os/data/openwrt-v2-snapshots/releases/23.05.1/ath79_generic/openwrt-23.05.1-ath79-generic.manifest,explicit_backport_or_cherry_pick_in_commit_message
23.05.1,a58a86693f8593974ff7c26bb42e280b62a8724c,88ba41453dbc65e1d5d596073d66bdf2e59a43a1,kernel: bump 4.14 to 4.14.20,CVE-2017-8824,kernel,explicit_CVE_in_commit_message,unreviewed,x86/64,kernel,5.15.137-1-47964456485559d992fe6f536131fc64,research-os/data/openwrt-v2-snapshots/releases/23.05.1/x86_64/openwrt-23.05.1-x86-64.manifest,explicit_backport_or_cherry_pick_in_commit_message
23.05.1,a58a86693f8593974ff7c26bb42e280b62a8724c,9a753c49ea7053f3592f9ec1ce9d97882edb332d,dnsmasq: backport official fix for CVE-2017-13704,CVE-2017-13704,dnsmasq,explicit_CVE_in_commit_message,unreviewed,ath79/generic,dnsmasq,2.89-4,research-os/data/openwrt-v2-snapshots/releases/23.05.1/ath79_generic/openwrt-23.05.1-ath79-generic.manifest,explicit_backport_or_cherry_pick_in_commit_message
23.05.1,a58a86693f8593974ff7c26bb42e280b62a8724c,9a753c49ea7053f3592f9ec1ce9d97882edb332d,dnsmasq: backport official fix for CVE-2017-13704,CVE-2017-13704,dnsmasq,explicit_CVE_in_commit_message,unreviewed,x86/64,dnsmasq,2.89-4,research-os/data/openwrt-v2-snapshots/releases/23.05.1/x86_64/openwrt-23.05.1-x86-64.manifest,explicit_backport_or_cherry_pick_in_commit_message
23.05.1,a58a86693f8593974ff7c26bb42e280b62a8724c,a3198061f80a7f3933810cd99206b085e4cf49f9,dnsmasq: backport dnssec security fix,CVE-2017-15107,dnsmasq,explicit_CVE_in_commit_message,unreviewed,ath79/generic,dnsmasq,2.89-4,research-os/data/openwrt-v2-snapshots/releases/23.05.1/ath79_generic/openwrt-23.05.1-ath79-generic.manifest,explicit_backport_or_cherry_pick_in_commit_message
23.05.1,a58a86693f8593974ff7c26bb42e280b62a8724c,a3198061f80a7f3933810cd99206b085e4cf49f9,dnsmasq: backport dnssec security fix,CVE-2017-15107,dnsmasq,explicit_CVE_in_commit_message,unreviewed,x86/64,dnsmasq,2.89-4,research-os/data/openwrt-v2-snapshots/releases/23.05.1/x86_64/openwrt-23.05.1-x86-64.manifest,explicit_backport_or_cherry_pick_in_commit_message
23.05.1,a58a86693f8593974ff7c26bb42e280b62a8724c,adaf1cbcc8b253ea807dbe0416b4b04c33dceadf,dnsmasq: backport validation fix in dnssec security fix,CVE-2017-15107,dnsmasq,explicit_CVE_in_commit_message,unreviewed,ath79/generic,dnsmasq,2.89-4,research-os/data/openwrt-v2-snapshots/releases/23.05.1/ath79_generic/openwrt-23.05.1-ath79-generic.manifest,explicit_backport_or_cherry_pick_in_commit_message
23.05.1,a58a86693f8593974ff7c26bb42e280b62a8724c,adaf1cbcc8b253ea807dbe0416b4b04c33dceadf,dnsmasq: backport validation fix in dnssec security fix,CVE-2017-15107,dnsmasq,explicit_CVE_in_commit_message,unreviewed,x86/64,dnsmasq,2.89-4,research-os/data/openwrt-v2-snapshots/releases/23.05.1/x86_64/openwrt-23.05.1-x86-64.manifest,explicit_backport_or_cherry_pick_in_commit_message
23.05.1,a58a86693f8593974ff7c26bb42e280b62a8724c,b547ab3143e5f9116c19698292d1bd9e08feda3e,kernel: bump kernel 4.9 to version 4.9.120,CVE-2018-3620,kernel,explicit_CVE_in_commit_message,unreviewed,ath79/generic,kernel,5.15.137-1-db5fae317c7dec03ba9a83c32ababa81,research-os/data/openwrt-v2-snapshots/releases/23.05.1/ath79_generic/openwrt-23.05.1-ath79-generic.manifest,explicit_backport_or_cherry_pick_in_commit_message
23.05.1,a58a86693f8593974ff7c26bb42e280b62a8724c,b547ab3143e5f9116c19698292d1bd9e08feda3e,kernel: bump kernel 4.9 to version 4.9.120,CVE-2018-3620,kernel,explicit_CVE_in_commit_message,unreviewed,x86/64,kernel,5.15.137-1-47964456485559d992fe6f536131fc64,research-os/data/openwrt-v2-snapshots/releases/23.05.1/x86_64/openwrt-23.05.1-x86-64.manifest,explicit_backport_or_cherry_pick_in_commit_message
23.05.1,a58a86693f8593974ff7c26bb42e280b62a8724c,b547ab3143e5f9116c19698292d1bd9e08feda3e,kernel: bump kernel 4.9 to version 4.9.120,CVE-2018-3646,kernel,explicit_CVE_in_commit_message,unreviewed,ath79/generic,kernel,5.15.137-1-db5fae317c7dec03ba9a83c32ababa81,research-os/data/openwrt-v2-snapshots/releases/23.05.1/ath79_generic/openwrt-23.05.1-ath79-generic.manifest,explicit_backport_or_cherry_pick_in_commit_message
23.05.1,a58a86693f8593974ff7c26bb42e280b62a8724c,b547ab3143e5f9116c19698292d1bd9e08feda3e,kernel: bump kernel 4.9 to version 4.9.120,CVE-2018-3646,kernel,explicit_CVE_in_commit_message,unreviewed,x86/64,kernel,5.15.137-1-47964456485559d992fe6f536131fc64,research-os/data/openwrt-v2-snapshots/releases/23.05.1/x86_64/openwrt-23.05.1-x86-64.manifest,explicit_backport_or_cherry_pick_in_commit_message
23.05.1,a58a86693f8593974ff7c26bb42e280b62a8724c,d8565a06dc01b55ed1018d571e655c122b9d2a33,kernel: bump 4.9 to 4.9.77,CVE-2017-1000410,kernel,explicit_CVE_in_commit_message,unreviewed,ath79/generic,kernel,5.15.137-1-db5fae317c7dec03ba9a83c32ababa81,research-os/data/openwrt-v2-snapshots/releases/23.05.1/ath79_generic/openwrt-23.05.1-ath79-generic.manifest,explicit_backport_or_cherry_pick_in_commit_message
23.05.1,a58a86693f8593974ff7c26bb42e280b62a8724c,d8565a06dc01b55ed1018d571e655c122b9d2a33,kernel: bump 4.9 to 4.9.77,CVE-2017-1000410,kernel,explicit_CVE_in_commit_message,unreviewed,x86/64,kernel,5.15.137-1-47964456485559d992fe6f536131fc64,research-os/data/openwrt-v2-snapshots/releases/23.05.1/x86_64/openwrt-23.05.1-x86-64.manifest,explicit_backport_or_cherry_pick_in_commit_message
23.05.1,a58a86693f8593974ff7c26bb42e280b62a8724c,d8565a06dc01b55ed1018d571e655c122b9d2a33,kernel: bump 4.9 to 4.9.77,CVE-2017-17741,kernel,explicit_CVE_in_commit_message,unreviewed,ath79/generic,kernel,5.15.137-1-db5fae317c7dec03ba9a83c32ababa81,research-os/data/openwrt-v2-snapshots/releases/23.05.1/ath79_generic/openwrt-23.05.1-ath79-generic.manifest,explicit_backport_or_cherry_pick_in_commit_message
23.05.1,a58a86693f8593974ff7c26bb42e280b62a8724c,d8565a06dc01b55ed1018d571e655c122b9d2a33,kernel: bump 4.9 to 4.9.77,CVE-2017-17741,kernel,explicit_CVE_in_commit_message,unreviewed,x86/64,kernel,5.15.137-1-47964456485559d992fe6f536131fc64,research-os/data/openwrt-v2-snapshots/releases/23.05.1/x86_64/openwrt-23.05.1-x86-64.manifest,explicit_backport_or_cherry_pick_in_commit_message
23.05.1,a58a86693f8593974ff7c26bb42e280b62a8724c,d8565a06dc01b55ed1018d571e655c122b9d2a33,kernel: bump 4.9 to 4.9.77,CVE-2017-5715,kernel,explicit_CVE_in_commit_message,unreviewed,ath79/generic,kernel,5.15.137-1-db5fae317c7dec03ba9a83c32ababa81,research-os/data/openwrt-v2-snapshots/releases/23.05.1/ath79_generic/openwrt-23.05.1-ath79-generic.manifest,explicit_backport_or_cherry_pick_in_commit_message
23.05.1,a58a86693f8593974ff7c26bb42e280b62a8724c,d8565a06dc01b55ed1018d571e655c122b9d2a33,kernel: bump 4.9 to 4.9.77,CVE-2017-5715,kernel,explicit_CVE_in_commit_message,unreviewed,x86/64,kernel,5.15.137-1-47964456485559d992fe6f536131fc64,research-os/data/openwrt-v2-snapshots/releases/23.05.1/x86_64/openwrt-23.05.1-x86-64.manifest,explicit_backport_or_cherry_pick_in_commit_message
23.05.1,a58a86693f8593974ff7c26bb42e280b62a8724c,d8565a06dc01b55ed1018d571e655c122b9d2a33,kernel: bump 4.9 to 4.9.77,CVE-2017-5753,kernel,explicit_CVE_in_commit_message,unreviewed,ath79/generic,kernel,5.15.137-1-db5fae317c7dec03ba9a83c32ababa81,research-os/data/openwrt-v2-snapshots/releases/23.05.1/ath79_generic/openwrt-23.05.1-ath79-generic.manifest,explicit_backport_or_cherry_pick_in_commit_message
23.05.1,a58a86693f8593974ff7c26bb42e280b62a8724c,d8565a06dc01b55ed1018d571e655c122b9d2a33,kernel: bump 4.9 to 4.9.77,CVE-2017-5753,kernel,explicit_CVE_in_commit_message,unreviewed,x86/64,kernel,5.15.137-1-47964456485559d992fe6f536131fc64,research-os/data/openwrt-v2-snapshots/releases/23.05.1/x86_64/openwrt-23.05.1-x86-64.manifest,explicit_backport_or_cherry_pick_in_commit_message
23.05.1,a58a86693f8593974ff7c26bb42e280b62a8724c,f621b539512e5b6c83dd2de1bc2dba06e40cd7ea,kernel: bump 4.9 to 4.9.82,CVE-2017-8824,kernel,explicit_CVE_in_commit_message,unreviewed,ath79/generic,kernel,5.15.137-1-db5fae317c7dec03ba9a83c32ababa81,research-os/data/openwrt-v2-snapshots/releases/23.05.1/ath79_generic/openwrt-23.05.1-ath79-generic.manifest,explicit_backport_or_cherry_pick_in_commit_message
23.05.1,a58a86693f8593974ff7c26bb42e280b62a8724c,f621b539512e5b6c83dd2de1bc2dba06e40cd7ea,kernel: bump 4.9 to 4.9.82,CVE-2017-8824,kernel,explicit_CVE_in_commit_message,unreviewed,x86/64,kernel,5.15.137-1-47964456485559d992fe6f536131fc64,research-os/data/openwrt-v2-snapshots/releases/23.05.1/x86_64/openwrt-23.05.1-x86-64.manifest,explicit_backport_or_cherry_pick_in_commit_message
23.05.1,a58a86693f8593974ff7c26bb42e280b62a8724c,fefe1da440eede8dfaa23975c30ae2f6fcac744d,kernel: backport upstream fix for CVE-2018-5390,CVE-2018-5390,kernel,explicit_CVE_in_commit_message,unreviewed,ath79/generic,kernel,5.15.137-1-db5fae317c7dec03ba9a83c32ababa81,research-os/data/openwrt-v2-snapshots/releases/23.05.1/ath79_generic/openwrt-23.05.1-ath79-generic.manifest,explicit_backport_or_cherry_pick_in_commit_message
23.05.1,a58a86693f8593974ff7c26bb42e280b62a8724c,fefe1da440eede8dfaa23975c30ae2f6fcac744d,kernel: backport upstream fix for CVE-2018-5390,CVE-2018-5390,kernel,explicit_CVE_in_commit_message,unreviewed,x86/64,kernel,5.15.137-1-47964456485559d992fe6f536131fc64,research-os/data/openwrt-v2-snapshots/releases/23.05.1/x86_64/openwrt-23.05.1-x86-64.manifest,explicit_backport_or_cherry_pick_in_commit_message
23.05.2,1c26bcb10819f072964a658e2cc29bb87613a6f5,002a99eccd75fb653163bae0a1132bd4f494e7ad,dnsmasq: Backport DHCPv6 server fix (CVE-2022-0934),CVE-2022-0934,dnsmasq,explicit_CVE_in_commit_message,unreviewed,ath79/generic,dnsmasq,2.89-4,research-os/data/openwrt-v2-snapshots/releases/23.05.2/ath79_generic/openwrt-23.05.2-ath79-generic.manifest,explicit_backport_or_cherry_pick_in_commit_message
23.05.2,1c26bcb10819f072964a658e2cc29bb87613a6f5,002a99eccd75fb653163bae0a1132bd4f494e7ad,dnsmasq: Backport DHCPv6 server fix (CVE-2022-0934),CVE-2022-0934,dnsmasq,explicit_CVE_in_commit_message,unreviewed,x86/64,dnsmasq,2.89-4,research-os/data/openwrt-v2-snapshots/releases/23.05.2/x86_64/openwrt-23.05.2-x86-64.manifest,explicit_backport_or_cherry_pick_in_commit_message
23.05.2,1c26bcb10819f072964a658e2cc29bb87613a6f5,13397b2b95b4800fb0a29c3d483fa280d10f0eb0,busybox: backport fix for CVE-2021-28831,CVE-2021-28831,busybox,explicit_CVE_in_commit_message,unreviewed,ath79/generic,busybox,1.36.1-1,research-os/data/openwrt-v2-snapshots/releases/23.05.2/ath79_generic/openwrt-23.05.2-ath79-generic.manifest,explicit_backport_or_cherry_pick_in_commit_message
23.05.2,1c26bcb10819f072964a658e2cc29bb87613a6f5,13397b2b95b4800fb0a29c3d483fa280d10f0eb0,busybox: backport fix for CVE-2021-28831,CVE-2021-28831,busybox,explicit_CVE_in_commit_message,unreviewed,x86/64,busybox,1.36.1-1,research-os/data/openwrt-v2-snapshots/releases/23.05.2/x86_64/openwrt-23.05.2-x86-64.manifest,explicit_backport_or_cherry_pick_in_commit_message
23.05.2,1c26bcb10819f072964a658e2cc29bb87613a6f5,2211ee0037764e1c6b1576fe7a0975722cd4acdc,dropbear: backport upstream fix for CVE-2018-15599,CVE-2018-15473,dropbear,explicit_CVE_in_commit_message,unreviewed,ath79/generic,dropbear,2022.82-5,research-os/data/openwrt-v2-snapshots/releases/23.05.2/ath79_generic/openwrt-23.05.2-ath79-generic.manifest,explicit_backport_or_cherry_pick_in_commit_message
23.05.2,1c26bcb10819f072964a658e2cc29bb87613a6f5,2211ee0037764e1c6b1576fe7a0975722cd4acdc,dropbear: backport upstream fix for CVE-2018-15599,CVE-2018-15473,dropbear,explicit_CVE_in_commit_message,unreviewed,x86/64,dropbear,2022.82-5,research-os/data/openwrt-v2-snapshots/releases/23.05.2/x86_64/openwrt-23.05.2-x86-64.manifest,explicit_backport_or_cherry_pick_in_commit_message
23.05.2,1c26bcb10819f072964a658e2cc29bb87613a6f5,2211ee0037764e1c6b1576fe7a0975722cd4acdc,dropbear: backport upstream fix for CVE-2018-15599,CVE-2018-15599,dropbear,explicit_CVE_in_commit_message,unreviewed,ath79/generic,dropbear,2022.82-5,research-os/data/openwrt-v2-snapshots/releases/23.05.2/ath79_generic/openwrt-23.05.2-ath79-generic.manifest,explicit_backport_or_cherry_pick_in_commit_message
23.05.2,1c26bcb10819f072964a658e2cc29bb87613a6f5,2211ee0037764e1c6b1576fe7a0975722cd4acdc,dropbear: backport upstream fix for CVE-2018-15599,CVE-2018-15599,dropbear,explicit_CVE_in_commit_message,unreviewed,x86/64,dropbear,2022.82-5,research-os/data/openwrt-v2-snapshots/releases/23.05.2/x86_64/openwrt-23.05.2-x86-64.manifest,explicit_backport_or_cherry_pick_in_commit_message
23.05.2,1c26bcb10819f072964a658e2cc29bb87613a6f5,22b9f99b87fa1ff991180cabf02dd04d1bddce2b,kernel: bump 4.14 to 4.14.59,CVE-2018-10876,kernel,explicit_CVE_in_commit_message,unreviewed,ath79/generic,kernel,5.15.137-1-db5fae317c7dec03ba9a83c32ababa81,research-os/data/openwrt-v2-snapshots/releases/23.05.2/ath79_generic/openwrt-23.05.2-ath79-generic.manifest,explicit_backport_or_cherry_pick_in_commit_message
23.05.2,1c26bcb10819f072964a658e2cc29bb87613a6f5,22b9f99b87fa1ff991180cabf02dd04d1bddce2b,kernel: bump 4.14 to 4.14.59,CVE-2018-10876,kernel,explicit_CVE_in_commit_message,unreviewed,x86/64,kernel,5.15.137-1-47964456485559d992fe6f536131fc64,research-os/data/openwrt-v2-snapshots/releases/23.05.2/x86_64/openwrt-23.05.2-x86-64.manifest,explicit_backport_or_cherry_pick_in_commit_message
23.05.2,1c26bcb10819f072964a658e2cc29bb87613a6f5,22b9f99b87fa1ff991180cabf02dd04d1bddce2b,kernel: bump 4.14 to 4.14.59,CVE-2018-10877,kernel,explicit_CVE_in_commit_message,unreviewed,ath79/generic,kernel,5.15.137-1-db5fae317c7dec03ba9a83c32ababa81,research-os/data/openwrt-v2-snapshots/releases/23.05.2/ath79_generic/openwrt-23.05.2-ath79-generic.manifest,explicit_backport_or_cherry_pick_in_commit_message
23.05.2,1c26bcb10819f072964a658e2cc29bb87613a6f5,22b9f99b87fa1ff991180cabf02dd04d1bddce2b,kernel: bump 4.14 to 4.14.59,CVE-2018-10877,kernel,explicit_CVE_in_commit_message,unreviewed,x86/64,kernel,5.15.137-1-47964456485559d992fe6f536131fc64,research-os/data/openwrt-v2-snapshots/releases/23.05.2/x86_64/openwrt-23.05.2-x86-64.manifest,explicit_backport_or_cherry_pick_in_commit_message
23.05.2,1c26bcb10819f072964a658e2cc29bb87613a6f5,22b9f99b87fa1ff991180cabf02dd04d1bddce2b,kernel: bump 4.14 to 4.14.59,CVE-2018-10879,kernel,explicit_CVE_in_commit_message,unreviewed,ath79/generic,kernel,5.15.137-1-db5fae317c7dec03ba9a83c32ababa81,research-os/data/openwrt-v2-snapshots/releases/23.05.2/ath79_generic/openwrt-23.05.2-ath79-generic.manifest,explicit_backport_or_cherry_pick_in_commit_message
23.05.2,1c26bcb10819f072964a658e2cc29bb87613a6f5,22b9f99b87fa1ff991180cabf02dd04d1bddce2b,kernel: bump 4.14 to 4.14.59,CVE-2018-10879,kernel,explicit_CVE_in_commit_message,unreviewed,x86/64,kernel,5.15.137-1-47964456485559d992fe6f536131fc64,research-os/data/openwrt-v2-snapshots/releases/23.05.2/x86_64/openwrt-23.05.2-x86-64.manifest,explicit_backport_or_cherry_pick_in_commit_message
23.05.2,1c26bcb10819f072964a658e2cc29bb87613a6f5,22b9f99b87fa1ff991180cabf02dd04d1bddce2b,kernel: bump 4.14 to 4.14.59,CVE-2018-10880,kernel,explicit_CVE_in_commit_message,unreviewed,ath79/generic,kernel,5.15.137-1-db5fae317c7dec03ba9a83c32ababa81,research-os/data/openwrt-v2-snapshots/releases/23.05.2/ath79_generic/openwrt-23.05.2-ath79-generic.manifest,explicit_backport_or_cherry_pick_in_commit_message
23.05.2,1c26bcb10819f072964a658e2cc29bb87613a6f5,22b9f99b87fa1ff991180cabf02dd04d1bddce2b,kernel: bump 4.14 to 4.14.59,CVE-2018-10880,kernel,explicit_CVE_in_commit_message,unreviewed,x86/64,kernel,5.15.137-1-47964456485559d992fe6f536131fc64,research-os/data/openwrt-v2-snapshots/releases/23.05.2/x86_64/openwrt-23.05.2-x86-64.manifest,explicit_backport_or_cherry_pick_in_commit_message
23.05.2,1c26bcb10819f072964a658e2cc29bb87613a6f5,22b9f99b87fa1ff991180cabf02dd04d1bddce2b,kernel: bump 4.14 to 4.14.59,CVE-2018-10881,kernel,explicit_CVE_in_commit_message,unreviewed,ath79/generic,kernel,5.15.137-1-db5fae317c7dec03ba9a83c32ababa81,research-os/data/openwrt-v2-snapshots/releases/23.05.2/ath79_generic/openwrt-23.05.2-ath79-generic.manifest,explicit_backport_or_cherry_pick_in_commit_message
23.05.2,1c26bcb10819f072964a658e2cc29bb87613a6f5,22b9f99b87fa1ff991180cabf02dd04d1bddce2b,kernel: bump 4.14 to 4.14.59,CVE-2018-10881,kernel,explicit_CVE_in_commit_message,unreviewed,x86/64,kernel,5.15.137-1-47964456485559d992fe6f536131fc64,research-os/data/openwrt-v2-snapshots/releases/23.05.2/x86_64/openwrt-23.05.2-x86-64.manifest,explicit_backport_or_cherry_pick_in_commit_message
23.05.2,1c26bcb10819f072964a658e2cc29bb87613a6f5,22b9f99b87fa1ff991180cabf02dd04d1bddce2b,kernel: bump 4.14 to 4.14.59,CVE-2018-10882,kernel,explicit_CVE_in_commit_message,unreviewed,ath79/generic,kernel,5.15.137-1-db5fae317c7dec03ba9a83c32ababa81,research-os/data/openwrt-v2-snapshots/releases/23.05.2/ath79_generic/openwrt-23.05.2-ath79-generic.manifest,explicit_backport_or_cherry_pick_in_commit_message
23.05.2,1c26bcb10819f072964a658e2cc29bb87613a6f5,22b9f99b87fa1ff991180cabf02dd04d1bddce2b,kernel: bump 4.14 to 4.14.59,CVE-2018-10882,kernel,explicit_CVE_in_commit_message,unreviewed,x86/64,kernel,5.15.137-1-47964456485559d992fe6f536131fc64,research-os/data/openwrt-v2-snapshots/releases/23.05.2/x86_64/openwrt-23.05.2-x86-64.manifest,explicit_backport_or_cherry_pick_in_commit_message
23.05.2,1c26bcb10819f072964a658e2cc29bb87613a6f5,22b9f99b87fa1ff991180cabf02dd04d1bddce2b,kernel: bump 4.14 to 4.14.59,CVE-2018-10883,kernel,explicit_CVE_in_commit_message,unreviewed,ath79/generic,kernel,5.15.137-1-db5fae317c7dec03ba9a83c32ababa81,research-os/data/openwrt-v2-snapshots/releases/23.05.2/ath79_generic/openwrt-23.05.2-ath79-generic.manifest,explicit_backport_or_cherry_pick_in_commit_message
23.05.2,1c26bcb10819f072964a658e2cc29bb87613a6f5,22b9f99b87fa1ff991180cabf02dd04d1bddce2b,kernel: bump 4.14 to 4.14.59,CVE-2018-10883,kernel,explicit_CVE_in_commit_message,unreviewed,x86/64,kernel,5.15.137-1-47964456485559d992fe6f536131fc64,research-os/data/openwrt-v2-snapshots/releases/23.05.2/x86_64/openwrt-23.05.2-x86-64.manifest,explicit_backport_or_cherry_pick_in_commit_message
23.05.2,1c26bcb10819f072964a658e2cc29bb87613a6f5,35890514bb191de3ab96dcd684714850a9142efc,ppp: backport security fixes,CVE-2020-8597,ppp,explicit_CVE_in_commit_message,unreviewed,ath79/generic,ppp,2.4.9.git-2021-01-04-4,research-os/data/openwrt-v2-snapshots/releases/23.05.2/ath79_generic/openwrt-23.05.2-ath79-generic.manifest,explicit_backport_or_cherry_pick_in_commit_message
23.05.2,1c26bcb10819f072964a658e2cc29bb87613a6f5,35890514bb191de3ab96dcd684714850a9142efc,ppp: backport security fixes,CVE-2020-8597,ppp,explicit_CVE_in_commit_message,unreviewed,x86/64,ppp,2.4.9.git-2021-01-04-4,research-os/data/openwrt-v2-snapshots/releases/23.05.2/x86_64/openwrt-23.05.2-x86-64.manifest,explicit_backport_or_cherry_pick_in_commit_message
23.05.2,1c26bcb10819f072964a658e2cc29bb87613a6f5,3c2c31bb66e5b247ffbb3cafac2a21d441daef39,kernel: backport upstream challenge ACK fix (CVE-2016-5696),CVE-2016-5696,kernel,explicit_CVE_in_commit_message,unreviewed,ath79/generic,kernel,5.15.137-1-db5fae317c7dec03ba9a83c32ababa81,research-os/data/openwrt-v2-snapshots/releases/23.05.2/ath79_generic/openwrt-23.05.2-ath79-generic.manifest,explicit_backport_or_cherry_pick_in_commit_message
23.05.2,1c26bcb10819f072964a658e2cc29bb87613a6f5,3c2c31bb66e5b247ffbb3cafac2a21d441daef39,kernel: backport upstream challenge ACK fix (CVE-2016-5696),CVE-2016-5696,kernel,explicit_CVE_in_commit_message,unreviewed,x86/64,kernel,5.15.137-1-47964456485559d992fe6f536131fc64,research-os/data/openwrt-v2-snapshots/releases/23.05.2/x86_64/openwrt-23.05.2-x86-64.manifest,explicit_backport_or_cherry_pick_in_commit_message
23.05.2,1c26bcb10819f072964a658e2cc29bb87613a6f5,6713fe030fca32fc3d5ad9761f3b2f96501aedd6,busybox: update to 1.33.1,CVE-2021-28831,busybox,explicit_CVE_in_commit_message,unreviewed,ath79/generic,busybox,1.36.1-1,research-os/data/openwrt-v2-snapshots/releases/23.05.2/ath79_generic/openwrt-23.05.2-ath79-generic.manifest,explicit_backport_or_cherry_pick_in_commit_message
23.05.2,1c26bcb10819f072964a658e2cc29bb87613a6f5,6713fe030fca32fc3d5ad9761f3b2f96501aedd6,busybox: update to 1.33.1,CVE-2021-28831,busybox,explicit_CVE_in_commit_message,unreviewed,x86/64,busybox,1.36.1-1,research-os/data/openwrt-v2-snapshots/releases/23.05.2/x86_64/openwrt-23.05.2-x86-64.manifest,explicit_backport_or_cherry_pick_in_commit_message
23.05.2,1c26bcb10819f072964a658e2cc29bb87613a6f5,7c0a2bc93077f52c033e406864b34af3a4fab245,busybox: backport cve-2017-16544 fix,CVE-2017-16544,busybox,explicit_CVE_in_commit_message,unreviewed,ath79/generic,busybox,1.36.1-1,research-os/data/openwrt-v2-snapshots/releases/23.05.2/ath79_generic/openwrt-23.05.2-ath79-generic.manifest,explicit_backport_or_cherry_pick_in_commit_message
23.05.2,1c26bcb10819f072964a658e2cc29bb87613a6f5,7c0a2bc93077f52c033e406864b34af3a4fab245,busybox: backport cve-2017-16544 fix,CVE-2017-16544,busybox,explicit_CVE_in_commit_message,unreviewed,x86/64,busybox,1.36.1-1,research-os/data/openwrt-v2-snapshots/releases/23.05.2/x86_64/openwrt-23.05.2-x86-64.manifest,explicit_backport_or_cherry_pick_in_commit_message
23.05.2,1c26bcb10819f072964a658e2cc29bb87613a6f5,7c0a2bc93077f52c033e406864b34af3a4fab245,busybox: backport cve-2017-16544 fix,CVE-2017-16544,busybox,explicit_CVE_in_commit_message,unreviewed,ath79/generic,busybox,1.36.1-1,research-os/data/openwrt-v2-snapshots/releases/23.05.2/ath79_generic/openwrt-23.05.2-ath79-generic.manifest,explicit_backport_or_cherry_pick_in_commit_message
23.05.2,1c26bcb10819f072964a658e2cc29bb87613a6f5,7c0a2bc93077f52c033e406864b34af3a4fab245,busybox: backport cve-2017-16544 fix,CVE-2017-16544,busybox,explicit_CVE_in_commit_message,unreviewed,x86/64,busybox,1.36.1-1,research-os/data/openwrt-v2-snapshots/releases/23.05.2/x86_64/openwrt-23.05.2-x86-64.manifest,explicit_backport_or_cherry_pick_in_commit_message
23.05.2,1c26bcb10819f072964a658e2cc29bb87613a6f5,88ba41453dbc65e1d5d596073d66bdf2e59a43a1,kernel: bump 4.14 to 4.14.20,CVE-2017-8824,kernel,explicit_CVE_in_commit_message,unreviewed,ath79/generic,kernel,5.15.137-1-db5fae317c7dec03ba9a83c32ababa81,research-os/data/openwrt-v2-snapshots/releases/23.05.2/ath79_generic/openwrt-23.05.2-ath79-generic.manifest,explicit_backport_or_cherry_pick_in_commit_message
23.05.2,1c26bcb10819f072964a658e2cc29bb87613a6f5,88ba41453dbc65e1d5d596073d66bdf2e59a43a1,kernel: bump 4.14 to 4.14.20,CVE-2017-8824,kernel,explicit_CVE_in_commit_message,unreviewed,x86/64,kernel,5.15.137-1-47964456485559d992fe6f536131fc64,research-os/data/openwrt-v2-snapshots/releases/23.05.2/x86_64/openwrt-23.05.2-x86-64.manifest,explicit_backport_or_cherry_pick_in_commit_message
23.05.2,1c26bcb10819f072964a658e2cc29bb87613a6f5,9a753c49ea7053f3592f9ec1ce9d97882edb332d,dnsmasq: backport official fix for CVE-2017-13704,CVE-2017-13704,dnsmasq,explicit_CVE_in_commit_message,unreviewed,ath79/generic,dnsmasq,2.89-4,research-os/data/openwrt-v2-snapshots/releases/23.05.2/ath79_generic/openwrt-23.05.2-ath79-generic.manifest,explicit_backport_or_cherry_pick_in_commit_message
23.05.2,1c26bcb10819f072964a658e2cc29bb87613a6f5,9a753c49ea7053f3592f9ec1ce9d97882edb332d,dnsmasq: backport official fix for CVE-2017-13704,CVE-2017-13704,dnsmasq,explicit_CVE_in_commit_message,unreviewed,x86/64,dnsmasq,2.89-4,research-os/data/openwrt-v2-snapshots/releases/23.05.2/x86_64/openwrt-23.05.2-x86-64.manifest,explicit_backport_or_cherry_pick_in_commit_message
23.05.2,1c26bcb10819f072964a658e2cc29bb87613a6f5,a3198061f80a7f3933810cd99206b085e4cf49f9,dnsmasq: backport dnssec security fix,CVE-2017-15107,dnsmasq,explicit_CVE_in_commit_message,unreviewed,ath79/generic,dnsmasq,2.89-4,research-os/data/openwrt-v2-snapshots/releases/23.05.2/ath79_generic/openwrt-23.05.2-ath79-generic.manifest,explicit_backport_or_cherry_pick_in_commit_message
23.05.2,1c26bcb10819f072964a658e2cc29bb87613a6f5,a3198061f80a7f3933810cd99206b085e4cf49f9,dnsmasq: backport dnssec security fix,CVE-2017-15107,dnsmasq,explicit_CVE_in_commit_message,unreviewed,x86/64,dnsmasq,2.89-4,research-os/data/openwrt-v2-snapshots/releases/23.05.2/x86_64/openwrt-23.05.2-x86-64.manifest,explicit_backport_or_cherry_pick_in_commit_message
23.05.2,1c26bcb10819f072964a658e2cc29bb87613a6f5,adaf1cbcc8b253ea807dbe0416b4b04c33dceadf,dnsmasq: backport validation fix in dnssec security fix,CVE-2017-15107,dnsmasq,explicit_CVE_in_commit_message,unreviewed,ath79/generic,dnsmasq,2.89-4,research-os/data/openwrt-v2-snapshots/releases/23.05.2/ath79_generic/openwrt-23.05.2-ath79-generic.manifest,explicit_backport_or_cherry_pick_in_commit_message
23.05.2,1c26bcb10819f072964a658e2cc29bb87613a6f5,adaf1cbcc8b253ea807dbe0416b4b04c33dceadf,dnsmasq: backport validation fix in dnssec security fix,CVE-2017-15107,dnsmasq,explicit_CVE_in_commit_message,unreviewed,x86/64,dnsmasq,2.89-4,research-os/data/openwrt-v2-snapshots/releases/23.05.2/x86_64/openwrt-23.05.2-x86-64.manifest,explicit_backport_or_cherry_pick_in_commit_message
23.05.2,1c26bcb10819f072964a658e2cc29bb87613a6f5,b547ab3143e5f9116c19698292d1bd9e08feda3e,kernel: bump kernel 4.9 to version 4.9.120,CVE-2018-3620,kernel,explicit_CVE_in_commit_message,unreviewed,ath79/generic,kernel,5.15.137-1-db5fae317c7dec03ba9a83c32ababa81,research-os/data/openwrt-v2-snapshots/releases/23.05.2/ath79_generic/openwrt-23.05.2-ath79-generic.manifest,explicit_backport_or_cherry_pick_in_commit_message
23.05.2,1c26bcb10819f072964a658e2cc29bb87613a6f5,b547ab3143e5f9116c19698292d1bd9e08feda3e,kernel: bump kernel 4.9 to version 4.9.120,CVE-2018-3620,kernel,explicit_CVE_in_commit_message,unreviewed,x86/64,kernel,5.15.137-1-47964456485559d992fe6f536131fc64,research-os/data/openwrt-v2-snapshots/releases/23.05.2/x86_64/openwrt-23.05.2-x86-64.manifest,explicit_backport_or_cherry_pick_in_commit_message
23.05.2,1c26bcb10819f072964a658e2cc29bb87613a6f5,b547ab3143e5f9116c19698292d1bd9e08feda3e,kernel: bump kernel 4.9 to version 4.9.120,CVE-2018-3646,kernel,explicit_CVE_in_commit_message,unreviewed,ath79/generic,kernel,5.15.137-1-db5fae317c7dec03ba9a83c32ababa81,research-os/data/openwrt-v2-snapshots/releases/23.05.2/ath79_generic/openwrt-23.05.2-ath79-generic.manifest,explicit_backport_or_cherry_pick_in_commit_message
23.05.2,1c26bcb10819f072964a658e2cc29bb87613a6f5,b547ab3143e5f9116c19698292d1bd9e08feda3e,kernel: bump kernel 4.9 to version 4.9.120,CVE-2018-3646,kernel,explicit_CVE_in_commit_message,unreviewed,x86/64,kernel,5.15.137-1-47964456485559d992fe6f536131fc64,research-os/data/openwrt-v2-snapshots/releases/23.05.2/x86_64/openwrt-23.05.2-x86-64.manifest,explicit_backport_or_cherry_pick_in_commit_message
23.05.2,1c26bcb10819f072964a658e2cc29bb87613a6f5,d8565a06dc01b55ed1018d571e655c122b9d2a33,kernel: bump 4.9 to 4.9.77,CVE-2017-1000410,kernel,explicit_CVE_in_commit_message,unreviewed,ath79/generic,kernel,5.15.137-1-db5fae317c7dec03ba9a83c32ababa81,research-os/data/openwrt-v2-snapshots/releases/23.05.2/ath79_generic/openwrt-23.05.2-ath79-generic.manifest,explicit_backport_or_cherry_pick_in_commit_message
23.05.2,1c26bcb10819f072964a658e2cc29bb87613a6f5,d8565a06dc01b55ed1018d571e655c122b9d2a33,kernel: bump 4.9 to 4.9.77,CVE-2017-1000410,kernel,explicit_CVE_in_commit_message,unreviewed,x86/64,kernel,5.15.137-1-47964456485559d992fe6f536131fc64,research-os/data/openwrt-v2-snapshots/releases/23.05.2/x86_64/openwrt-23.05.2-x86-64.manifest,explicit_backport_or_cherry_pick_in_commit_message
23.05.2,1c26bcb10819f072964a658e2cc29bb87613a6f5,d8565a06dc01b55ed1018d571e655c122b9d2a33,kernel: bump 4.9 to 4.9.77,CVE-2017-17741,kernel,explicit_CVE_in_commit_message,unreviewed,ath79/generic,kernel,5.15.137-1-db5fae317c7dec03ba9a83c32ababa81,research-os/data/openwrt-v2-snapshots/releases/23.05.2/ath79_generic/openwrt-23.05.2-ath79-generic.manifest,explicit_backport_or_cherry_pick_in_commit_message
23.05.2,1c26bcb10819f072964a658e2cc29bb87613a6f5,d8565a06dc01b55ed1018d571e655c122b9d2a33,kernel: bump 4.9 to 4.9.77,CVE-2017-17741,kernel,explicit_CVE_in_commit_message,unreviewed,x86/64,kernel,5.15.137-1-47964456485559d992fe6f536131fc64,research-os/data/openwrt-v2-snapshots/releases/23.05.2/x86_64/openwrt-23.05.2-x86-64.manifest,explicit_backport_or_cherry_pick_in_commit_message
23.05.2,1c26bcb10819f072964a658e2cc29bb87613a6f5,d8565a06dc01b55ed1018d571e655c122b9d2a33,kernel: bump 4.9 to 4.9.77,CVE-2017-5715,kernel,explicit_CVE_in_commit_message,unreviewed,ath79/generic,kernel,5.15.137-1-db5fae317c7dec03ba9a83c32ababa81,research-os/data/openwrt-v2-snapshots/releases/23.05.2/ath79_generic/openwrt-23.05.2-ath79-generic.manifest,explicit_backport_or_cherry_pick_in_commit_message
23.05.2,1c26bcb10819f072964a658e2cc29bb87613a6f5,d8565a06dc01b55ed1018d571e655c122b9d2a33,kernel: bump 4.9 to 4.9.77,CVE-2017-5715,kernel,explicit_CVE_in_commit_message,unreviewed,x86/64,kernel,5.15.137-1-47964456485559d992fe6f536131fc64,research-os/data/openwrt-v2-snapshots/releases/23.05.2/x86_64/openwrt-23.05.2-x86-64.manifest,explicit_backport_or_cherry_pick_in_commit_message
23.05.2,1c26bcb10819f072964a658e2cc29bb87613a6f5,d8565a06dc01b55ed1018d571e655c122b9d2a33,kernel: bump 4.9 to 4.9.77,CVE-2017-5753,kernel,explicit_CVE_in_commit_message,unreviewed,ath79/generic,kernel,5.15.137-1-db5fae317c7dec03ba9a83c32ababa81,research-os/data/openwrt-v2-snapshots/releases/23.05.2/ath79_generic/openwrt-23.05.2-ath79-generic.manifest,explicit_backport_or_cherry_pick_in_commit_message
23.05.2,1c26bcb10819f072964a658e2cc29bb87613a6f5,d8565a06dc01b55ed1018d571e655c122b9d2a33,kernel: bump 4.9 to 4.9.77,CVE-2017-5753,kernel,explicit_CVE_in_commit_message,unreviewed,x86/64,kernel,5.15.137-1-47964456485559d992fe6f536131fc64,research-os/data/openwrt-v2-snapshots/releases/23.05.2/x86_64/openwrt-23.05.2-x86-64.manifest,explicit_backport_or_cherry_pick_in_commit_message
23.05.2,1c26bcb10819f072964a658e2cc29bb87613a6f5,f621b539512e5b6c83dd2de1bc2dba06e40cd7ea,kernel: bump 4.9 to 4.9.82,CVE-2017-8824,kernel,explicit_CVE_in_commit_message,unreviewed,ath79/generic,kernel,5.15.137-1-db5fae317c7dec03ba9a83c32ababa81,research-os/data/openwrt-v2-snapshots/releases/23.05.2/ath79_generic/openwrt-23.05.2-ath79-generic.manifest,explicit_backport_or_cherry_pick_in_commit_message
23.05.2,1c26bcb10819f072964a658e2cc29bb87613a6f5,f621b539512e5b6c83dd2de1bc2dba06e40cd7ea,kernel: bump 4.9 to 4.9.82,CVE-2017-8824,kernel,explicit_CVE_in_commit_message,unreviewed,x86/64,kernel,5.15.137-1-47964456485559d992fe6f536131fc64,research-os/data/openwrt-v2-snapshots/releases/23.05.2/x86_64/openwrt-23.05.2-x86-64.manifest,explicit_backport_or_cherry_pick_in_commit_message
23.05.2,1c26bcb10819f072964a658e2cc29bb87613a6f5,fefe1da440eede8dfaa23975c30ae2f6fcac744d,kernel: backport upstream fix for CVE-2018-5390,CVE-2018-5390,kernel,explicit_CVE_in_commit_message,unreviewed,ath79/generic,kernel,5.15.137-1-db5fae317c7dec03ba9a83c32ababa81,research-os/data/openwrt-v2-snapshots/releases/23.05.2/ath79_generic/openwrt-23.05.2-ath79-generic.manifest,explicit_backport_or_cherry_pick_in_commit_message
23.05.2,1c26bcb10819f072964a658e2cc29bb87613a6f5,fefe1da440eede8dfaa23975c30ae2f6fcac744d,kernel: backport upstream fix for CVE-2018-5390,CVE-2018-5390,kernel,explicit_CVE_in_commit_message,unreviewed,x86/64,kernel,5.15.137-1-47964456485559d992fe6f536131fc64,research-os/data/openwrt-v2-snapshots/releases/23.05.2/x86_64/openwrt-23.05.2-x86-64.manifest,explicit_backport_or_cherry_pick_in_commit_message
23.05.3,01170d518da1c8ade9d26e56d0135d12cda8e781,002a99eccd75fb653163bae0a1132bd4f494e7ad,dnsmasq: Backport DHCPv6 server fix (CVE-2022-0934),CVE-2022-0934,dnsmasq,explicit_CVE_in_commit_message,unreviewed,ath79/generic,dnsmasq,2.90-2,research-os/data/openwrt-v2-snapshots/releases/23.05.3/ath79_generic/openwrt-23.05.3-ath79-generic.manifest,explicit_backport_or_cherry_pick_in_commit_message
23.05.3,01170d518da1c8ade9d26e56d0135d12cda8e781,002a99eccd75fb653163bae0a1132bd4f494e7ad,dnsmasq: Backport DHCPv6 server fix (CVE-2022-0934),CVE-2022-0934,dnsmasq,explicit_CVE_in_commit_message,unreviewed,x86/64,dnsmasq,2.90-2,research-os/data/openwrt-v2-snapshots/releases/23.05.3/x86_64/openwrt-23.05.3-x86-64.manifest,explicit_backport_or_cherry_pick_in_commit_message
23.05.3,01170d518da1c8ade9d26e56d0135d12cda8e781,13397b2b95b4800fb0a29c3d483fa280d10f0eb0,busybox: backport fix for CVE-2021-28831,CVE-2021-28831,busybox,explicit_CVE_in_commit_message,unreviewed,ath79/generic,busybox,1.36.1-1,research-os/data/openwrt-v2-snapshots/releases/23.05.3/ath79_generic/openwrt-23.05.3-ath79-generic.manifest,explicit_backport_or_cherry_pick_in_commit_message
23.05.3,01170d518da1c8ade9d26e56d0135d12cda8e781,13397b2b95b4800fb0a29c3d483fa280d10f0eb0,busybox: backport fix for CVE-2021-28831,CVE-2021-28831,busybox,explicit_CVE_in_commit_message,unreviewed,x86/64,busybox,1.36.1-1,research-os/data/openwrt-v2-snapshots/releases/23.05.3/x86_64/openwrt-23.05.3-x86-64.manifest,explicit_backport_or_cherry_pick_in_commit_message
23.05.3,01170d518da1c8ade9d26e56d0135d12cda8e781,2211ee0037764e1c6b1576fe7a0975722cd4acdc,dropbear: backport upstream fix for CVE-2018-15599,CVE-2018-15473,dropbear,explicit_CVE_in_commit_message,unreviewed,ath79/generic,dropbear,2022.82-6,research-os/data/openwrt-v2-snapshots/releases/23.05.3/ath79_generic/openwrt-23.05.3-ath79-generic.manifest,explicit_backport_or_cherry_pick_in_commit_message
23.05.3,01170d518da1c8ade9d26e56d0135d12cda8e781,2211ee0037764e1c6b1576fe7a0975722cd4acdc,dropbear: backport upstream fix for CVE-2018-15599,CVE-2018-15473,dropbear,explicit_CVE_in_commit_message,unreviewed,x86/64,dropbear,2022.82-6,research-os/data/openwrt-v2-snapshots/releases/23.05.3/x86_64/openwrt-23.05.3-x86-64.manifest,explicit_backport_or_cherry_pick_in_commit_message
23.05.3,01170d518da1c8ade9d26e56d0135d12cda8e781,2211ee0037764e1c6b1576fe7a0975722cd4acdc,dropbear: backport upstream fix for CVE-2018-15599,CVE-2018-15599,dropbear,explicit_CVE_in_commit_message,unreviewed,ath79/generic,dropbear,2022.82-6,research-os/data/openwrt-v2-snapshots/releases/23.05.3/ath79_generic/openwrt-23.05.3-ath79-generic.manifest,explicit_backport_or_cherry_pick_in_commit_message
23.05.3,01170d518da1c8ade9d26e56d0135d12cda8e781,2211ee0037764e1c6b1576fe7a0975722cd4acdc,dropbear: backport upstream fix for CVE-2018-15599,CVE-2018-15599,dropbear,explicit_CVE_in_commit_message,unreviewed,x86/64,dropbear,2022.82-6,research-os/data/openwrt-v2-snapshots/releases/23.05.3/x86_64/openwrt-23.05.3-x86-64.manifest,explicit_backport_or_cherry_pick_in_commit_message
23.05.3,01170d518da1c8ade9d26e56d0135d12cda8e781,22b9f99b87fa1ff991180cabf02dd04d1bddce2b,kernel: bump 4.14 to 4.14.59,CVE-2018-10876,kernel,explicit_CVE_in_commit_message,unreviewed,ath79/generic,kernel,5.15.150-1-34a8cffa541c94af8232fe9af7a1f5ba,research-os/data/openwrt-v2-snapshots/releases/23.05.3/ath79_generic/openwrt-23.05.3-ath79-generic.manifest,explicit_backport_or_cherry_pick_in_commit_message
23.05.3,01170d518da1c8ade9d26e56d0135d12cda8e781,22b9f99b87fa1ff991180cabf02dd04d1bddce2b,kernel: bump 4.14 to 4.14.59,CVE-2018-10876,kernel,explicit_CVE_in_commit_message,unreviewed,x86/64,kernel,5.15.150-1-e496746edd89318b9810e48e36a8bd9c,research-os/data/openwrt-v2-snapshots/releases/23.05.3/x86_64/openwrt-23.05.3-x86-64.manifest,explicit_backport_or_cherry_pick_in_commit_message
23.05.3,01170d518da1c8ade9d26e56d0135d12cda8e781,22b9f99b87fa1ff991180cabf02dd04d1bddce2b,kernel: bump 4.14 to 4.14.59,CVE-2018-10877,kernel,explicit_CVE_in_commit_message,unreviewed,ath79/generic,kernel,5.15.150-1-34a8cffa541c94af8232fe9af7a1f5ba,research-os/data/openwrt-v2-snapshots/releases/23.05.3/ath79_generic/openwrt-23.05.3-ath79-generic.manifest,explicit_backport_or_cherry_pick_in_commit_message
23.05.3,01170d518da1c8ade9d26e56d0135d12cda8e781,22b9f99b87fa1ff991180cabf02dd04d1bddce2b,kernel: bump 4.14 to 4.14.59,CVE-2018-10877,kernel,explicit_CVE_in_commit_message,unreviewed,x86/64,kernel,5.15.150-1-e496746edd89318b9810e48e36a8bd9c,research-os/data/openwrt-v2-snapshots/releases/23.05.3/x86_64/openwrt-23.05.3-x86-64.manifest,explicit_backport_or_cherry_pick_in_commit_message
23.05.3,01170d518da1c8ade9d26e56d0135d12cda8e781,22b9f99b87fa1ff991180cabf02dd04d1bddce2b,kernel: bump 4.14 to 4.14.59,CVE-2018-10879,kernel,explicit_CVE_in_commit_message,unreviewed,ath79/generic,kernel,5.15.150-1-34a8cffa541c94af8232fe9af7a1f5ba,research-os/data/openwrt-v2-snapshots/releases/23.05.3/ath79_generic/openwrt-23.05.3-ath79-generic.manifest,explicit_backport_or_cherry_pick_in_commit_message
23.05.3,01170d518da1c8ade9d26e56d0135d12cda8e781,22b9f99b87fa1ff991180cabf02dd04d1bddce2b,kernel: bump 4.14 to 4.14.59,CVE-2018-10879,kernel,explicit_CVE_in_commit_message,unreviewed,x86/64,kernel,5.15.150-1-e496746edd89318b9810e48e36a8bd9c,research-os/data/openwrt-v2-snapshots/releases/23.05.3/x86_64/openwrt-23.05.3-x86-64.manifest,explicit_backport_or_cherry_pick_in_commit_message
23.05.3,01170d518da1c8ade9d26e56d0135d12cda8e781,22b9f99b87fa1ff991180cabf02dd04d1bddce2b,kernel: bump 4.14 to 4.14.59,CVE-2018-10880,kernel,explicit_CVE_in_commit_message,unreviewed,ath79/generic,kernel,5.15.150-1-34a8cffa541c94af8232fe9af7a1f5ba,research-os/data/openwrt-v2-snapshots/releases/23.05.3/ath79_generic/openwrt-23.05.3-ath79-generic.manifest,explicit_backport_or_cherry_pick_in_commit_message
23.05.3,01170d518da1c8ade9d26e56d0135d12cda8e781,22b9f99b87fa1ff991180cabf02dd04d1bddce2b,kernel: bump 4.14 to 4.14.59,CVE-2018-10880,kernel,explicit_CVE_in_commit_message,unreviewed,x86/64,kernel,5.15.150-1-e496746edd89318b9810e48e36a8bd9c,research-os/data/openwrt-v2-snapshots/releases/23.05.3/x86_64/openwrt-23.05.3-x86-64.manifest,explicit_backport_or_cherry_pick_in_commit_message
23.05.3,01170d518da1c8ade9d26e56d0135d12cda8e781,22b9f99b87fa1ff991180cabf02dd04d1bddce2b,kernel: bump 4.14 to 4.14.59,CVE-2018-10881,kernel,explicit_CVE_in_commit_message,unreviewed,ath79/generic,kernel,5.15.150-1-34a8cffa541c94af8232fe9af7a1f5ba,research-os/data/openwrt-v2-snapshots/releases/23.05.3/ath79_generic/openwrt-23.05.3-ath79-generic.manifest,explicit_backport_or_cherry_pick_in_commit_message
23.05.3,01170d518da1c8ade9d26e56d0135d12cda8e781,22b9f99b87fa1ff991180cabf02dd04d1bddce2b,kernel: bump 4.14 to 4.14.59,CVE-2018-10881,kernel,explicit_CVE_in_commit_message,unreviewed,x86/64,kernel,5.15.150-1-e496746edd89318b9810e48e36a8bd9c,research-os/data/openwrt-v2-snapshots/releases/23.05.3/x86_64/openwrt-23.05.3-x86-64.manifest,explicit_backport_or_cherry_pick_in_commit_message
23.05.3,01170d518da1c8ade9d26e56d0135d12cda8e781,22b9f99b87fa1ff991180cabf02dd04d1bddce2b,kernel: bump 4.14 to 4.14.59,CVE-2018-10882,kernel,explicit_CVE_in_commit_message,unreviewed,ath79/generic,kernel,5.15.150-1-34a8cffa541c94af8232fe9af7a1f5ba,research-os/data/openwrt-v2-snapshots/releases/23.05.3/ath79_generic/openwrt-23.05.3-ath79-generic.manifest,explicit_backport_or_cherry_pick_in_commit_message
23.05.3,01170d518da1c8ade9d26e56d0135d12cda8e781,22b9f99b87fa1ff991180cabf02dd04d1bddce2b,kernel: bump 4.14 to 4.14.59,CVE-2018-10882,kernel,explicit_CVE_in_commit_message,unreviewed,x86/64,kernel,5.15.150-1-e496746edd89318b9810e48e36a8bd9c,research-os/data/openwrt-v2-snapshots/releases/23.05.3/x86_64/openwrt-23.05.3-x86-64.manifest,explicit_backport_or_cherry_pick_in_commit_message
23.05.3,01170d518da1c8ade9d26e56d0135d12cda8e781,22b9f99b87fa1ff991180cabf02dd04d1bddce2b,kernel: bump 4.14 to 4.14.59,CVE-2018-10883,kernel,explicit_CVE_in_commit_message,unreviewed,ath79/generic,kernel,5.15.150-1-34a8cffa541c94af8232fe9af7a1f5ba,research-os/data/openwrt-v2-snapshots/releases/23.05.3/ath79_generic/openwrt-23.05.3-ath79-generic.manifest,explicit_backport_or_cherry_pick_in_commit_message
23.05.3,01170d518da1c8ade9d26e56d0135d12cda8e781,22b9f99b87fa1ff991180cabf02dd04d1bddce2b,kernel: bump 4.14 to 4.14.59,CVE-2018-10883,kernel,explicit_CVE_in_commit_message,unreviewed,x86/64,kernel,5.15.150-1-e496746edd89318b9810e48e36a8bd9c,research-os/data/openwrt-v2-snapshots/releases/23.05.3/x86_64/openwrt-23.05.3-x86-64.manifest,explicit_backport_or_cherry_pick_in_commit_message
23.05.3,01170d518da1c8ade9d26e56d0135d12cda8e781,35890514bb191de3ab96dcd684714850a9142efc,ppp: backport security fixes,CVE-2020-8597,ppp,explicit_CVE_in_commit_message,unreviewed,ath79/generic,ppp,2.4.9.git-2021-01-04-4,research-os/data/openwrt-v2-snapshots/releases/23.05.3/ath79_generic/openwrt-23.05.3-ath79-generic.manifest,explicit_backport_or_cherry_pick_in_commit_message
23.05.3,01170d518da1c8ade9d26e56d0135d12cda8e781,35890514bb191de3ab96dcd684714850a9142efc,ppp: backport security fixes,CVE-2020-8597,ppp,explicit_CVE_in_commit_message,unreviewed,x86/64,ppp,2.4.9.git-2021-01-04-4,research-os/data/openwrt-v2-snapshots/releases/23.05.3/x86_64/openwrt-23.05.3-x86-64.manifest,explicit_backport_or_cherry_pick_in_commit_message
23.05.3,01170d518da1c8ade9d26e56d0135d12cda8e781,3c2c31bb66e5b247ffbb3cafac2a21d441daef39,kernel: backport upstream challenge ACK fix (CVE-2016-5696),CVE-2016-5696,kernel,explicit_CVE_in_commit_message,unreviewed,ath79/generic,kernel,5.15.150-1-34a8cffa541c94af8232fe9af7a1f5ba,research-os/data/openwrt-v2-snapshots/releases/23.05.3/ath79_generic/openwrt-23.05.3-ath79-generic.manifest,explicit_backport_or_cherry_pick_in_commit_message
23.05.3,01170d518da1c8ade9d26e56d0135d12cda8e781,3c2c31bb66e5b247ffbb3cafac2a21d441daef39,kernel: backport upstream challenge ACK fix (CVE-2016-5696),CVE-2016-5696,kernel,explicit_CVE_in_commit_message,unreviewed,x86/64,kernel,5.15.150-1-e496746edd89318b9810e48e36a8bd9c,research-os/data/openwrt-v2-snapshots/releases/23.05.3/x86_64/openwrt-23.05.3-x86-64.manifest,explicit_backport_or_cherry_pick_in_commit_message
23.05.3,01170d518da1c8ade9d26e56d0135d12cda8e781,6549a711be6cb9788aaaec6d31e3396b21893163,dropbear: cherry-pick upstream patches,CVE-2023-36328,dropbear,explicit_CVE_in_commit_message,unreviewed,ath79/generic,dropbear,2022.82-6,research-os/data/openwrt-v2-snapshots/releases/23.05.3/ath79_generic/openwrt-23.05.3-ath79-generic.manifest,explicit_backport_or_cherry_pick_in_commit_message
23.05.3,01170d518da1c8ade9d26e56d0135d12cda8e781,6549a711be6cb9788aaaec6d31e3396b21893163,dropbear: cherry-pick upstream patches,CVE-2023-36328,dropbear,explicit_CVE_in_commit_message,unreviewed,x86/64,dropbear,2022.82-6,research-os/data/openwrt-v2-snapshots/releases/23.05.3/x86_64/openwrt-23.05.3-x86-64.manifest,explicit_backport_or_cherry_pick_in_commit_message
23.05.3,01170d518da1c8ade9d26e56d0135d12cda8e781,6549a711be6cb9788aaaec6d31e3396b21893163,dropbear: cherry-pick upstream patches,CVE-2023-48795,dropbear,explicit_CVE_in_commit_message,unreviewed,ath79/generic,dropbear,2022.82-6,research-os/data/openwrt-v2-snapshots/releases/23.05.3/ath79_generic/openwrt-23.05.3-ath79-generic.manifest,explicit_backport_or_cherry_pick_in_commit_message
23.05.3,01170d518da1c8ade9d26e56d0135d12cda8e781,6549a711be6cb9788aaaec6d31e3396b21893163,dropbear: cherry-pick upstream patches,CVE-2023-48795,dropbear,explicit_CVE_in_commit_message,unreviewed,x86/64,dropbear,2022.82-6,research-os/data/openwrt-v2-snapshots/releases/23.05.3/x86_64/openwrt-23.05.3-x86-64.manifest,explicit_backport_or_cherry_pick_in_commit_message
23.05.3,01170d518da1c8ade9d26e56d0135d12cda8e781,6713fe030fca32fc3d5ad9761f3b2f96501aedd6,busybox: update to 1.33.1,CVE-2021-28831,busybox,explicit_CVE_in_commit_message,unreviewed,ath79/generic,busybox,1.36.1-1,research-os/data/openwrt-v2-snapshots/releases/23.05.3/ath79_generic/openwrt-23.05.3-ath79-generic.manifest,explicit_backport_or_cherry_pick_in_commit_message
23.05.3,01170d518da1c8ade9d26e56d0135d12cda8e781,6713fe030fca32fc3d5ad9761f3b2f96501aedd6,busybox: update to 1.33.1,CVE-2021-28831,busybox,explicit_CVE_in_commit_message,unreviewed,x86/64,busybox,1.36.1-1,research-os/data/openwrt-v2-snapshots/releases/23.05.3/x86_64/openwrt-23.05.3-x86-64.manifest,explicit_backport_or_cherry_pick_in_commit_message
23.05.3,01170d518da1c8ade9d26e56d0135d12cda8e781,7c0a2bc93077f52c033e406864b34af3a4fab245,busybox: backport cve-2017-16544 fix,CVE-2017-16544,busybox,explicit_CVE_in_commit_message,unreviewed,ath79/generic,busybox,1.36.1-1,research-os/data/openwrt-v2-snapshots/releases/23.05.3/ath79_generic/openwrt-23.05.3-ath79-generic.manifest,explicit_backport_or_cherry_pick_in_commit_message
23.05.3,01170d518da1c8ade9d26e56d0135d12cda8e781,7c0a2bc93077f52c033e406864b34af3a4fab245,busybox: backport cve-2017-16544 fix,CVE-2017-16544,busybox,explicit_CVE_in_commit_message,unreviewed,x86/64,busybox,1.36.1-1,research-os/data/openwrt-v2-snapshots/releases/23.05.3/x86_64/openwrt-23.05.3-x86-64.manifest,explicit_backport_or_cherry_pick_in_commit_message
23.05.3,01170d518da1c8ade9d26e56d0135d12cda8e781,7c0a2bc93077f52c033e406864b34af3a4fab245,busybox: backport cve-2017-16544 fix,CVE-2017-16544,busybox,explicit_CVE_in_commit_message,unreviewed,ath79/generic,busybox,1.36.1-1,research-os/data/openwrt-v2-snapshots/releases/23.05.3/ath79_generic/openwrt-23.05.3-ath79-generic.manifest,explicit_backport_or_cherry_pick_in_commit_message
23.05.3,01170d518da1c8ade9d26e56d0135d12cda8e781,7c0a2bc93077f52c033e406864b34af3a4fab245,busybox: backport cve-2017-16544 fix,CVE-2017-16544,busybox,explicit_CVE_in_commit_message,unreviewed,x86/64,busybox,1.36.1-1,research-os/data/openwrt-v2-snapshots/releases/23.05.3/x86_64/openwrt-23.05.3-x86-64.manifest,explicit_backport_or_cherry_pick_in_commit_message
23.05.3,01170d518da1c8ade9d26e56d0135d12cda8e781,88ba41453dbc65e1d5d596073d66bdf2e59a43a1,kernel: bump 4.14 to 4.14.20,CVE-2017-8824,kernel,explicit_CVE_in_commit_message,unreviewed,ath79/generic,kernel,5.15.150-1-34a8cffa541c94af8232fe9af7a1f5ba,research-os/data/openwrt-v2-snapshots/releases/23.05.3/ath79_generic/openwrt-23.05.3-ath79-generic.manifest,explicit_backport_or_cherry_pick_in_commit_message
23.05.3,01170d518da1c8ade9d26e56d0135d12cda8e781,88ba41453dbc65e1d5d596073d66bdf2e59a43a1,kernel: bump 4.14 to 4.14.20,CVE-2017-8824,kernel,explicit_CVE_in_commit_message,unreviewed,x86/64,kernel,5.15.150-1-e496746edd89318b9810e48e36a8bd9c,research-os/data/openwrt-v2-snapshots/releases/23.05.3/x86_64/openwrt-23.05.3-x86-64.manifest,explicit_backport_or_cherry_pick_in_commit_message
23.05.3,01170d518da1c8ade9d26e56d0135d12cda8e781,9a753c49ea7053f3592f9ec1ce9d97882edb332d,dnsmasq: backport official fix for CVE-2017-13704,CVE-2017-13704,dnsmasq,explicit_CVE_in_commit_message,unreviewed,ath79/generic,dnsmasq,2.90-2,research-os/data/openwrt-v2-snapshots/releases/23.05.3/ath79_generic/openwrt-23.05.3-ath79-generic.manifest,explicit_backport_or_cherry_pick_in_commit_message
23.05.3,01170d518da1c8ade9d26e56d0135d12cda8e781,9a753c49ea7053f3592f9ec1ce9d97882edb332d,dnsmasq: backport official fix for CVE-2017-13704,CVE-2017-13704,dnsmasq,explicit_CVE_in_commit_message,unreviewed,x86/64,dnsmasq,2.90-2,research-os/data/openwrt-v2-snapshots/releases/23.05.3/x86_64/openwrt-23.05.3-x86-64.manifest,explicit_backport_or_cherry_pick_in_commit_message
23.05.3,01170d518da1c8ade9d26e56d0135d12cda8e781,a3198061f80a7f3933810cd99206b085e4cf49f9,dnsmasq: backport dnssec security fix,CVE-2017-15107,dnsmasq,explicit_CVE_in_commit_message,unreviewed,ath79/generic,dnsmasq,2.90-2,research-os/data/openwrt-v2-snapshots/releases/23.05.3/ath79_generic/openwrt-23.05.3-ath79-generic.manifest,explicit_backport_or_cherry_pick_in_commit_message
23.05.3,01170d518da1c8ade9d26e56d0135d12cda8e781,a3198061f80a7f3933810cd99206b085e4cf49f9,dnsmasq: backport dnssec security fix,CVE-2017-15107,dnsmasq,explicit_CVE_in_commit_message,unreviewed,x86/64,dnsmasq,2.90-2,research-os/data/openwrt-v2-snapshots/releases/23.05.3/x86_64/openwrt-23.05.3-x86-64.manifest,explicit_backport_or_cherry_pick_in_commit_message
23.05.3,01170d518da1c8ade9d26e56d0135d12cda8e781,adaf1cbcc8b253ea807dbe0416b4b04c33dceadf,dnsmasq: backport validation fix in dnssec security fix,CVE-2017-15107,dnsmasq,explicit_CVE_in_commit_message,unreviewed,ath79/generic,dnsmasq,2.90-2,research-os/data/openwrt-v2-snapshots/releases/23.05.3/ath79_generic/openwrt-23.05.3-ath79-generic.manifest,explicit_backport_or_cherry_pick_in_commit_message
23.05.3,01170d518da1c8ade9d26e56d0135d12cda8e781,adaf1cbcc8b253ea807dbe0416b4b04c33dceadf,dnsmasq: backport validation fix in dnssec security fix,CVE-2017-15107,dnsmasq,explicit_CVE_in_commit_message,unreviewed,x86/64,dnsmasq,2.90-2,research-os/data/openwrt-v2-snapshots/releases/23.05.3/x86_64/openwrt-23.05.3-x86-64.manifest,explicit_backport_or_cherry_pick_in_commit_message
23.05.3,01170d518da1c8ade9d26e56d0135d12cda8e781,b547ab3143e5f9116c19698292d1bd9e08feda3e,kernel: bump kernel 4.9 to version 4.9.120,CVE-2018-3620,kernel,explicit_CVE_in_commit_message,unreviewed,ath79/generic,kernel,5.15.150-1-34a8cffa541c94af8232fe9af7a1f5ba,research-os/data/openwrt-v2-snapshots/releases/23.05.3/ath79_generic/openwrt-23.05.3-ath79-generic.manifest,explicit_backport_or_cherry_pick_in_commit_message
23.05.3,01170d518da1c8ade9d26e56d0135d12cda8e781,b547ab3143e5f9116c19698292d1bd9e08feda3e,kernel: bump kernel 4.9 to version 4.9.120,CVE-2018-3620,kernel,explicit_CVE_in_commit_message,unreviewed,x86/64,kernel,5.15.150-1-e496746edd89318b9810e48e36a8bd9c,research-os/data/openwrt-v2-snapshots/releases/23.05.3/x86_64/openwrt-23.05.3-x86-64.manifest,explicit_backport_or_cherry_pick_in_commit_message
23.05.3,01170d518da1c8ade9d26e56d0135d12cda8e781,b547ab3143e5f9116c19698292d1bd9e08feda3e,kernel: bump kernel 4.9 to version 4.9.120,CVE-2018-3646,kernel,explicit_CVE_in_commit_message,unreviewed,ath79/generic,kernel,5.15.150-1-34a8cffa541c94af8232fe9af7a1f5ba,research-os/data/openwrt-v2-snapshots/releases/23.05.3/ath79_generic/openwrt-23.05.3-ath79-generic.manifest,explicit_backport_or_cherry_pick_in_commit_message
23.05.3,01170d518da1c8ade9d26e56d0135d12cda8e781,b547ab3143e5f9116c19698292d1bd9e08feda3e,kernel: bump kernel 4.9 to version 4.9.120,CVE-2018-3646,kernel,explicit_CVE_in_commit_message,unreviewed,x86/64,kernel,5.15.150-1-e496746edd89318b9810e48e36a8bd9c,research-os/data/openwrt-v2-snapshots/releases/23.05.3/x86_64/openwrt-23.05.3-x86-64.manifest,explicit_backport_or_cherry_pick_in_commit_message
23.05.3,01170d518da1c8ade9d26e56d0135d12cda8e781,d8565a06dc01b55ed1018d571e655c122b9d2a33,kernel: bump 4.9 to 4.9.77,CVE-2017-1000410,kernel,explicit_CVE_in_commit_message,unreviewed,ath79/generic,kernel,5.15.150-1-34a8cffa541c94af8232fe9af7a1f5ba,research-os/data/openwrt-v2-snapshots/releases/23.05.3/ath79_generic/openwrt-23.05.3-ath79-generic.manifest,explicit_backport_or_cherry_pick_in_commit_message
23.05.3,01170d518da1c8ade9d26e56d0135d12cda8e781,d8565a06dc01b55ed1018d571e655c122b9d2a33,kernel: bump 4.9 to 4.9.77,CVE-2017-1000410,kernel,explicit_CVE_in_commit_message,unreviewed,x86/64,kernel,5.15.150-1-e496746edd89318b9810e48e36a8bd9c,research-os/data/openwrt-v2-snapshots/releases/23.05.3/x86_64/openwrt-23.05.3-x86-64.manifest,explicit_backport_or_cherry_pick_in_commit_message
23.05.3,01170d518da1c8ade9d26e56d0135d12cda8e781,d8565a06dc01b55ed1018d571e655c122b9d2a33,kernel: bump 4.9 to 4.9.77,CVE-2017-17741,kernel,explicit_CVE_in_commit_message,unreviewed,ath79/generic,kernel,5.15.150-1-34a8cffa541c94af8232fe9af7a1f5ba,research-os/data/openwrt-v2-snapshots/releases/23.05.3/ath79_generic/openwrt-23.05.3-ath79-generic.manifest,explicit_backport_or_cherry_pick_in_commit_message
23.05.3,01170d518da1c8ade9d26e56d0135d12cda8e781,d8565a06dc01b55ed1018d571e655c122b9d2a33,kernel: bump 4.9 to 4.9.77,CVE-2017-17741,kernel,explicit_CVE_in_commit_message,unreviewed,x86/64,kernel,5.15.150-1-e496746edd89318b9810e48e36a8bd9c,research-os/data/openwrt-v2-snapshots/releases/23.05.3/x86_64/openwrt-23.05.3-x86-64.manifest,explicit_backport_or_cherry_pick_in_commit_message
23.05.3,01170d518da1c8ade9d26e56d0135d12cda8e781,d8565a06dc01b55ed1018d571e655c122b9d2a33,kernel: bump 4.9 to 4.9.77,CVE-2017-5715,kernel,explicit_CVE_in_commit_message,unreviewed,ath79/generic,kernel,5.15.150-1-34a8cffa541c94af8232fe9af7a1f5ba,research-os/data/openwrt-v2-snapshots/releases/23.05.3/ath79_generic/openwrt-23.05.3-ath79-generic.manifest,explicit_backport_or_cherry_pick_in_commit_message
23.05.3,01170d518da1c8ade9d26e56d0135d12cda8e781,d8565a06dc01b55ed1018d571e655c122b9d2a33,kernel: bump 4.9 to 4.9.77,CVE-2017-5715,kernel,explicit_CVE_in_commit_message,unreviewed,x86/64,kernel,5.15.150-1-e496746edd89318b9810e48e36a8bd9c,research-os/data/openwrt-v2-snapshots/releases/23.05.3/x86_64/openwrt-23.05.3-x86-64.manifest,explicit_backport_or_cherry_pick_in_commit_message
23.05.3,01170d518da1c8ade9d26e56d0135d12cda8e781,d8565a06dc01b55ed1018d571e655c122b9d2a33,kernel: bump 4.9 to 4.9.77,CVE-2017-5753,kernel,explicit_CVE_in_commit_message,unreviewed,ath79/generic,kernel,5.15.150-1-34a8cffa541c94af8232fe9af7a1f5ba,research-os/data/openwrt-v2-snapshots/releases/23.05.3/ath79_generic/openwrt-23.05.3-ath79-generic.manifest,explicit_backport_or_cherry_pick_in_commit_message
23.05.3,01170d518da1c8ade9d26e56d0135d12cda8e781,d8565a06dc01b55ed1018d571e655c122b9d2a33,kernel: bump 4.9 to 4.9.77,CVE-2017-5753,kernel,explicit_CVE_in_commit_message,unreviewed,x86/64,kernel,5.15.150-1-e496746edd89318b9810e48e36a8bd9c,research-os/data/openwrt-v2-snapshots/releases/23.05.3/x86_64/openwrt-23.05.3-x86-64.manifest,explicit_backport_or_cherry_pick_in_commit_message
23.05.3,01170d518da1c8ade9d26e56d0135d12cda8e781,f621b539512e5b6c83dd2de1bc2dba06e40cd7ea,kernel: bump 4.9 to 4.9.82,CVE-2017-8824,kernel,explicit_CVE_in_commit_message,unreviewed,ath79/generic,kernel,5.15.150-1-34a8cffa541c94af8232fe9af7a1f5ba,research-os/data/openwrt-v2-snapshots/releases/23.05.3/ath79_generic/openwrt-23.05.3-ath79-generic.manifest,explicit_backport_or_cherry_pick_in_commit_message
23.05.3,01170d518da1c8ade9d26e56d0135d12cda8e781,f621b539512e5b6c83dd2de1bc2dba06e40cd7ea,kernel: bump 4.9 to 4.9.82,CVE-2017-8824,kernel,explicit_CVE_in_commit_message,unreviewed,x86/64,kernel,5.15.150-1-e496746edd89318b9810e48e36a8bd9c,research-os/data/openwrt-v2-snapshots/releases/23.05.3/x86_64/openwrt-23.05.3-x86-64.manifest,explicit_backport_or_cherry_pick_in_commit_message
23.05.3,01170d518da1c8ade9d26e56d0135d12cda8e781,fefe1da440eede8dfaa23975c30ae2f6fcac744d,kernel: backport upstream fix for CVE-2018-5390,CVE-2018-5390,kernel,explicit_CVE_in_commit_message,unreviewed,ath79/generic,kernel,5.15.150-1-34a8cffa541c94af8232fe9af7a1f5ba,research-os/data/openwrt-v2-snapshots/releases/23.05.3/ath79_generic/openwrt-23.05.3-ath79-generic.manifest,explicit_backport_or_cherry_pick_in_commit_message
23.05.3,01170d518da1c8ade9d26e56d0135d12cda8e781,fefe1da440eede8dfaa23975c30ae2f6fcac744d,kernel: backport upstream fix for CVE-2018-5390,CVE-2018-5390,kernel,explicit_CVE_in_commit_message,unreviewed,x86/64,kernel,5.15.150-1-e496746edd89318b9810e48e36a8bd9c,research-os/data/openwrt-v2-snapshots/releases/23.05.3/x86_64/openwrt-23.05.3-x86-64.manifest,explicit_backport_or_cherry_pick_in_commit_message
23.05.4,b9510660cebf46665aa0b74430b24306ebd0beed,002a99eccd75fb653163bae0a1132bd4f494e7ad,dnsmasq: Backport DHCPv6 server fix (CVE-2022-0934),CVE-2022-0934,dnsmasq,explicit_CVE_in_commit_message,unreviewed,ath79/generic,dnsmasq,2.90-2,research-os/data/openwrt-v2-snapshots/releases/23.05.4/ath79_generic/openwrt-23.05.4-ath79-generic.manifest,explicit_backport_or_cherry_pick_in_commit_message
23.05.4,b9510660cebf46665aa0b74430b24306ebd0beed,002a99eccd75fb653163bae0a1132bd4f494e7ad,dnsmasq: Backport DHCPv6 server fix (CVE-2022-0934),CVE-2022-0934,dnsmasq,explicit_CVE_in_commit_message,unreviewed,x86/64,dnsmasq,2.90-2,research-os/data/openwrt-v2-snapshots/releases/23.05.4/x86_64/openwrt-23.05.4-x86-64.manifest,explicit_backport_or_cherry_pick_in_commit_message
23.05.4,b9510660cebf46665aa0b74430b24306ebd0beed,13397b2b95b4800fb0a29c3d483fa280d10f0eb0,busybox: backport fix for CVE-2021-28831,CVE-2021-28831,busybox,explicit_CVE_in_commit_message,unreviewed,ath79/generic,busybox,1.36.1-1,research-os/data/openwrt-v2-snapshots/releases/23.05.4/ath79_generic/openwrt-23.05.4-ath79-generic.manifest,explicit_backport_or_cherry_pick_in_commit_message
23.05.4,b9510660cebf46665aa0b74430b24306ebd0beed,13397b2b95b4800fb0a29c3d483fa280d10f0eb0,busybox: backport fix for CVE-2021-28831,CVE-2021-28831,busybox,explicit_CVE_in_commit_message,unreviewed,x86/64,busybox,1.36.1-1,research-os/data/openwrt-v2-snapshots/releases/23.05.4/x86_64/openwrt-23.05.4-x86-64.manifest,explicit_backport_or_cherry_pick_in_commit_message
23.05.4,b9510660cebf46665aa0b74430b24306ebd0beed,2211ee0037764e1c6b1576fe7a0975722cd4acdc,dropbear: backport upstream fix for CVE-2018-15599,CVE-2018-15473,dropbear,explicit_CVE_in_commit_message,unreviewed,ath79/generic,dropbear,2022.82-6,research-os/data/openwrt-v2-snapshots/releases/23.05.4/ath79_generic/openwrt-23.05.4-ath79-generic.manifest,explicit_backport_or_cherry_pick_in_commit_message
23.05.4,b9510660cebf46665aa0b74430b24306ebd0beed,2211ee0037764e1c6b1576fe7a0975722cd4acdc,dropbear: backport upstream fix for CVE-2018-15599,CVE-2018-15473,dropbear,explicit_CVE_in_commit_message,unreviewed,x86/64,dropbear,2022.82-6,research-os/data/openwrt-v2-snapshots/releases/23.05.4/x86_64/openwrt-23.05.4-x86-64.manifest,explicit_backport_or_cherry_pick_in_commit_message
23.05.4,b9510660cebf46665aa0b74430b24306ebd0beed,2211ee0037764e1c6b1576fe7a0975722cd4acdc,dropbear: backport upstream fix for CVE-2018-15599,CVE-2018-15599,dropbear,explicit_CVE_in_commit_message,unreviewed,ath79/generic,dropbear,2022.82-6,research-os/data/openwrt-v2-snapshots/releases/23.05.4/ath79_generic/openwrt-23.05.4-ath79-generic.manifest,explicit_backport_or_cherry_pick_in_commit_message
23.05.4,b9510660cebf46665aa0b74430b24306ebd0beed,2211ee0037764e1c6b1576fe7a0975722cd4acdc,dropbear: backport upstream fix for CVE-2018-15599,CVE-2018-15599,dropbear,explicit_CVE_in_commit_message,unreviewed,x86/64,dropbear,2022.82-6,research-os/data/openwrt-v2-snapshots/releases/23.05.4/x86_64/openwrt-23.05.4-x86-64.manifest,explicit_backport_or_cherry_pick_in_commit_message
23.05.4,b9510660cebf46665aa0b74430b24306ebd0beed,22b9f99b87fa1ff991180cabf02dd04d1bddce2b,kernel: bump 4.14 to 4.14.59,CVE-2018-10876,kernel,explicit_CVE_in_commit_message,unreviewed,ath79/generic,kernel,5.15.162-1-da89f936189e8280762513898b74a850,research-os/data/openwrt-v2-snapshots/releases/23.05.4/ath79_generic/openwrt-23.05.4-ath79-generic.manifest,explicit_backport_or_cherry_pick_in_commit_message
23.05.4,b9510660cebf46665aa0b74430b24306ebd0beed,22b9f99b87fa1ff991180cabf02dd04d1bddce2b,kernel: bump 4.14 to 4.14.59,CVE-2018-10876,kernel,explicit_CVE_in_commit_message,unreviewed,x86/64,kernel,5.15.162-1-59d1431675acc6823a33c7eb2323daeb,research-os/data/openwrt-v2-snapshots/releases/23.05.4/x86_64/openwrt-23.05.4-x86-64.manifest,explicit_backport_or_cherry_pick_in_commit_message
23.05.4,b9510660cebf46665aa0b74430b24306ebd0beed,22b9f99b87fa1ff991180cabf02dd04d1bddce2b,kernel: bump 4.14 to 4.14.59,CVE-2018-10877,kernel,explicit_CVE_in_commit_message,unreviewed,ath79/generic,kernel,5.15.162-1-da89f936189e8280762513898b74a850,research-os/data/openwrt-v2-snapshots/releases/23.05.4/ath79_generic/openwrt-23.05.4-ath79-generic.manifest,explicit_backport_or_cherry_pick_in_commit_message
23.05.4,b9510660cebf46665aa0b74430b24306ebd0beed,22b9f99b87fa1ff991180cabf02dd04d1bddce2b,kernel: bump 4.14 to 4.14.59,CVE-2018-10877,kernel,explicit_CVE_in_commit_message,unreviewed,x86/64,kernel,5.15.162-1-59d1431675acc6823a33c7eb2323daeb,research-os/data/openwrt-v2-snapshots/releases/23.05.4/x86_64/openwrt-23.05.4-x86-64.manifest,explicit_backport_or_cherry_pick_in_commit_message
23.05.4,b9510660cebf46665aa0b74430b24306ebd0beed,22b9f99b87fa1ff991180cabf02dd04d1bddce2b,kernel: bump 4.14 to 4.14.59,CVE-2018-10879,kernel,explicit_CVE_in_commit_message,unreviewed,ath79/generic,kernel,5.15.162-1-da89f936189e8280762513898b74a850,research-os/data/openwrt-v2-snapshots/releases/23.05.4/ath79_generic/openwrt-23.05.4-ath79-generic.manifest,explicit_backport_or_cherry_pick_in_commit_message
23.05.4,b9510660cebf46665aa0b74430b24306ebd0beed,22b9f99b87fa1ff991180cabf02dd04d1bddce2b,kernel: bump 4.14 to 4.14.59,CVE-2018-10879,kernel,explicit_CVE_in_commit_message,unreviewed,x86/64,kernel,5.15.162-1-59d1431675acc6823a33c7eb2323daeb,research-os/data/openwrt-v2-snapshots/releases/23.05.4/x86_64/openwrt-23.05.4-x86-64.manifest,explicit_backport_or_cherry_pick_in_commit_message
23.05.4,b9510660cebf46665aa0b74430b24306ebd0beed,22b9f99b87fa1ff991180cabf02dd04d1bddce2b,kernel: bump 4.14 to 4.14.59,CVE-2018-10880,kernel,explicit_CVE_in_commit_message,unreviewed,ath79/generic,kernel,5.15.162-1-da89f936189e8280762513898b74a850,research-os/data/openwrt-v2-snapshots/releases/23.05.4/ath79_generic/openwrt-23.05.4-ath79-generic.manifest,explicit_backport_or_cherry_pick_in_commit_message
23.05.4,b9510660cebf46665aa0b74430b24306ebd0beed,22b9f99b87fa1ff991180cabf02dd04d1bddce2b,kernel: bump 4.14 to 4.14.59,CVE-2018-10880,kernel,explicit_CVE_in_commit_message,unreviewed,x86/64,kernel,5.15.162-1-59d1431675acc6823a33c7eb2323daeb,research-os/data/openwrt-v2-snapshots/releases/23.05.4/x86_64/openwrt-23.05.4-x86-64.manifest,explicit_backport_or_cherry_pick_in_commit_message
23.05.4,b9510660cebf46665aa0b74430b24306ebd0beed,22b9f99b87fa1ff991180cabf02dd04d1bddce2b,kernel: bump 4.14 to 4.14.59,CVE-2018-10881,kernel,explicit_CVE_in_commit_message,unreviewed,ath79/generic,kernel,5.15.162-1-da89f936189e8280762513898b74a850,research-os/data/openwrt-v2-snapshots/releases/23.05.4/ath79_generic/openwrt-23.05.4-ath79-generic.manifest,explicit_backport_or_cherry_pick_in_commit_message
23.05.4,b9510660cebf46665aa0b74430b24306ebd0beed,22b9f99b87fa1ff991180cabf02dd04d1bddce2b,kernel: bump 4.14 to 4.14.59,CVE-2018-10881,kernel,explicit_CVE_in_commit_message,unreviewed,x86/64,kernel,5.15.162-1-59d1431675acc6823a33c7eb2323daeb,research-os/data/openwrt-v2-snapshots/releases/23.05.4/x86_64/openwrt-23.05.4-x86-64.manifest,explicit_backport_or_cherry_pick_in_commit_message
23.05.4,b9510660cebf46665aa0b74430b24306ebd0beed,22b9f99b87fa1ff991180cabf02dd04d1bddce2b,kernel: bump 4.14 to 4.14.59,CVE-2018-10882,kernel,explicit_CVE_in_commit_message,unreviewed,ath79/generic,kernel,5.15.162-1-da89f936189e8280762513898b74a850,research-os/data/openwrt-v2-snapshots/releases/23.05.4/ath79_generic/openwrt-23.05.4-ath79-generic.manifest,explicit_backport_or_cherry_pick_in_commit_message
23.05.4,b9510660cebf46665aa0b74430b24306ebd0beed,22b9f99b87fa1ff991180cabf02dd04d1bddce2b,kernel: bump 4.14 to 4.14.59,CVE-2018-10882,kernel,explicit_CVE_in_commit_message,unreviewed,x86/64,kernel,5.15.162-1-59d1431675acc6823a33c7eb2323daeb,research-os/data/openwrt-v2-snapshots/releases/23.05.4/x86_64/openwrt-23.05.4-x86-64.manifest,explicit_backport_or_cherry_pick_in_commit_message
23.05.4,b9510660cebf46665aa0b74430b24306ebd0beed,22b9f99b87fa1ff991180cabf02dd04d1bddce2b,kernel: bump 4.14 to 4.14.59,CVE-2018-10883,kernel,explicit_CVE_in_commit_message,unreviewed,ath79/generic,kernel,5.15.162-1-da89f936189e8280762513898b74a850,research-os/data/openwrt-v2-snapshots/releases/23.05.4/ath79_generic/openwrt-23.05.4-ath79-generic.manifest,explicit_backport_or_cherry_pick_in_commit_message
23.05.4,b9510660cebf46665aa0b74430b24306ebd0beed,22b9f99b87fa1ff991180cabf02dd04d1bddce2b,kernel: bump 4.14 to 4.14.59,CVE-2018-10883,kernel,explicit_CVE_in_commit_message,unreviewed,x86/64,kernel,5.15.162-1-59d1431675acc6823a33c7eb2323daeb,research-os/data/openwrt-v2-snapshots/releases/23.05.4/x86_64/openwrt-23.05.4-x86-64.manifest,explicit_backport_or_cherry_pick_in_commit_message
23.05.4,b9510660cebf46665aa0b74430b24306ebd0beed,35890514bb191de3ab96dcd684714850a9142efc,ppp: backport security fixes,CVE-2020-8597,ppp,explicit_CVE_in_commit_message,unreviewed,ath79/generic,ppp,2.4.9.git-2021-01-04-4,research-os/data/openwrt-v2-snapshots/releases/23.05.4/ath79_generic/openwrt-23.05.4-ath79-generic.manifest,explicit_backport_or_cherry_pick_in_commit_message
23.05.4,b9510660cebf46665aa0b74430b24306ebd0beed,35890514bb191de3ab96dcd684714850a9142efc,ppp: backport security fixes,CVE-2020-8597,ppp,explicit_CVE_in_commit_message,unreviewed,x86/64,ppp,2.4.9.git-2021-01-04-4,research-os/data/openwrt-v2-snapshots/releases/23.05.4/x86_64/openwrt-23.05.4-x86-64.manifest,explicit_backport_or_cherry_pick_in_commit_message
23.05.4,b9510660cebf46665aa0b74430b24306ebd0beed,3c2c31bb66e5b247ffbb3cafac2a21d441daef39,kernel: backport upstream challenge ACK fix (CVE-2016-5696),CVE-2016-5696,kernel,explicit_CVE_in_commit_message,unreviewed,ath79/generic,kernel,5.15.162-1-da89f936189e8280762513898b74a850,research-os/data/openwrt-v2-snapshots/releases/23.05.4/ath79_generic/openwrt-23.05.4-ath79-generic.manifest,explicit_backport_or_cherry_pick_in_commit_message
23.05.4,b9510660cebf46665aa0b74430b24306ebd0beed,3c2c31bb66e5b247ffbb3cafac2a21d441daef39,kernel: backport upstream challenge ACK fix (CVE-2016-5696),CVE-2016-5696,kernel,explicit_CVE_in_commit_message,unreviewed,x86/64,kernel,5.15.162-1-59d1431675acc6823a33c7eb2323daeb,research-os/data/openwrt-v2-snapshots/releases/23.05.4/x86_64/openwrt-23.05.4-x86-64.manifest,explicit_backport_or_cherry_pick_in_commit_message
23.05.4,b9510660cebf46665aa0b74430b24306ebd0beed,6549a711be6cb9788aaaec6d31e3396b21893163,dropbear: cherry-pick upstream patches,CVE-2023-36328,dropbear,explicit_CVE_in_commit_message,unreviewed,ath79/generic,dropbear,2022.82-6,research-os/data/openwrt-v2-snapshots/releases/23.05.4/ath79_generic/openwrt-23.05.4-ath79-generic.manifest,explicit_backport_or_cherry_pick_in_commit_message
23.05.4,b9510660cebf46665aa0b74430b24306ebd0beed,6549a711be6cb9788aaaec6d31e3396b21893163,dropbear: cherry-pick upstream patches,CVE-2023-36328,dropbear,explicit_CVE_in_commit_message,unreviewed,x86/64,dropbear,2022.82-6,research-os/data/openwrt-v2-snapshots/releases/23.05.4/x86_64/openwrt-23.05.4-x86-64.manifest,explicit_backport_or_cherry_pick_in_commit_message
23.05.4,b9510660cebf46665aa0b74430b24306ebd0beed,6549a711be6cb9788aaaec6d31e3396b21893163,dropbear: cherry-pick upstream patches,CVE-2023-48795,dropbear,explicit_CVE_in_commit_message,unreviewed,ath79/generic,dropbear,2022.82-6,research-os/data/openwrt-v2-snapshots/releases/23.05.4/ath79_generic/openwrt-23.05.4-ath79-generic.manifest,explicit_backport_or_cherry_pick_in_commit_message
23.05.4,b9510660cebf46665aa0b74430b24306ebd0beed,6549a711be6cb9788aaaec6d31e3396b21893163,dropbear: cherry-pick upstream patches,CVE-2023-48795,dropbear,explicit_CVE_in_commit_message,unreviewed,x86/64,dropbear,2022.82-6,research-os/data/openwrt-v2-snapshots/releases/23.05.4/x86_64/openwrt-23.05.4-x86-64.manifest,explicit_backport_or_cherry_pick_in_commit_message
23.05.4,b9510660cebf46665aa0b74430b24306ebd0beed,6713fe030fca32fc3d5ad9761f3b2f96501aedd6,busybox: update to 1.33.1,CVE-2021-28831,busybox,explicit_CVE_in_commit_message,unreviewed,ath79/generic,busybox,1.36.1-1,research-os/data/openwrt-v2-snapshots/releases/23.05.4/ath79_generic/openwrt-23.05.4-ath79-generic.manifest,explicit_backport_or_cherry_pick_in_commit_message
23.05.4,b9510660cebf46665aa0b74430b24306ebd0beed,6713fe030fca32fc3d5ad9761f3b2f96501aedd6,busybox: update to 1.33.1,CVE-2021-28831,busybox,explicit_CVE_in_commit_message,unreviewed,x86/64,busybox,1.36.1-1,research-os/data/openwrt-v2-snapshots/releases/23.05.4/x86_64/openwrt-23.05.4-x86-64.manifest,explicit_backport_or_cherry_pick_in_commit_message
23.05.4,b9510660cebf46665aa0b74430b24306ebd0beed,7c0a2bc93077f52c033e406864b34af3a4fab245,busybox: backport cve-2017-16544 fix,CVE-2017-16544,busybox,explicit_CVE_in_commit_message,unreviewed,ath79/generic,busybox,1.36.1-1,research-os/data/openwrt-v2-snapshots/releases/23.05.4/ath79_generic/openwrt-23.05.4-ath79-generic.manifest,explicit_backport_or_cherry_pick_in_commit_message
23.05.4,b9510660cebf46665aa0b74430b24306ebd0beed,7c0a2bc93077f52c033e406864b34af3a4fab245,busybox: backport cve-2017-16544 fix,CVE-2017-16544,busybox,explicit_CVE_in_commit_message,unreviewed,x86/64,busybox,1.36.1-1,research-os/data/openwrt-v2-snapshots/releases/23.05.4/x86_64/openwrt-23.05.4-x86-64.manifest,explicit_backport_or_cherry_pick_in_commit_message
23.05.4,b9510660cebf46665aa0b74430b24306ebd0beed,7c0a2bc93077f52c033e406864b34af3a4fab245,busybox: backport cve-2017-16544 fix,CVE-2017-16544,busybox,explicit_CVE_in_commit_message,unreviewed,ath79/generic,busybox,1.36.1-1,research-os/data/openwrt-v2-snapshots/releases/23.05.4/ath79_generic/openwrt-23.05.4-ath79-generic.manifest,explicit_backport_or_cherry_pick_in_commit_message
23.05.4,b9510660cebf46665aa0b74430b24306ebd0beed,7c0a2bc93077f52c033e406864b34af3a4fab245,busybox: backport cve-2017-16544 fix,CVE-2017-16544,busybox,explicit_CVE_in_commit_message,unreviewed,x86/64,busybox,1.36.1-1,research-os/data/openwrt-v2-snapshots/releases/23.05.4/x86_64/openwrt-23.05.4-x86-64.manifest,explicit_backport_or_cherry_pick_in_commit_message
23.05.4,b9510660cebf46665aa0b74430b24306ebd0beed,88ba41453dbc65e1d5d596073d66bdf2e59a43a1,kernel: bump 4.14 to 4.14.20,CVE-2017-8824,kernel,explicit_CVE_in_commit_message,unreviewed,ath79/generic,kernel,5.15.162-1-da89f936189e8280762513898b74a850,research-os/data/openwrt-v2-snapshots/releases/23.05.4/ath79_generic/openwrt-23.05.4-ath79-generic.manifest,explicit_backport_or_cherry_pick_in_commit_message
23.05.4,b9510660cebf46665aa0b74430b24306ebd0beed,88ba41453dbc65e1d5d596073d66bdf2e59a43a1,kernel: bump 4.14 to 4.14.20,CVE-2017-8824,kernel,explicit_CVE_in_commit_message,unreviewed,x86/64,kernel,5.15.162-1-59d1431675acc6823a33c7eb2323daeb,research-os/data/openwrt-v2-snapshots/releases/23.05.4/x86_64/openwrt-23.05.4-x86-64.manifest,explicit_backport_or_cherry_pick_in_commit_message
23.05.4,b9510660cebf46665aa0b74430b24306ebd0beed,9a753c49ea7053f3592f9ec1ce9d97882edb332d,dnsmasq: backport official fix for CVE-2017-13704,CVE-2017-13704,dnsmasq,explicit_CVE_in_commit_message,unreviewed,ath79/generic,dnsmasq,2.90-2,research-os/data/openwrt-v2-snapshots/releases/23.05.4/ath79_generic/openwrt-23.05.4-ath79-generic.manifest,explicit_backport_or_cherry_pick_in_commit_message
23.05.4,b9510660cebf46665aa0b74430b24306ebd0beed,9a753c49ea7053f3592f9ec1ce9d97882edb332d,dnsmasq: backport official fix for CVE-2017-13704,CVE-2017-13704,dnsmasq,explicit_CVE_in_commit_message,unreviewed,x86/64,dnsmasq,2.90-2,research-os/data/openwrt-v2-snapshots/releases/23.05.4/x86_64/openwrt-23.05.4-x86-64.manifest,explicit_backport_or_cherry_pick_in_commit_message
23.05.4,b9510660cebf46665aa0b74430b24306ebd0beed,a3198061f80a7f3933810cd99206b085e4cf49f9,dnsmasq: backport dnssec security fix,CVE-2017-15107,dnsmasq,explicit_CVE_in_commit_message,unreviewed,ath79/generic,dnsmasq,2.90-2,research-os/data/openwrt-v2-snapshots/releases/23.05.4/ath79_generic/openwrt-23.05.4-ath79-generic.manifest,explicit_backport_or_cherry_pick_in_commit_message
23.05.4,b9510660cebf46665aa0b74430b24306ebd0beed,a3198061f80a7f3933810cd99206b085e4cf49f9,dnsmasq: backport dnssec security fix,CVE-2017-15107,dnsmasq,explicit_CVE_in_commit_message,unreviewed,x86/64,dnsmasq,2.90-2,research-os/data/openwrt-v2-snapshots/releases/23.05.4/x86_64/openwrt-23.05.4-x86-64.manifest,explicit_backport_or_cherry_pick_in_commit_message
23.05.4,b9510660cebf46665aa0b74430b24306ebd0beed,adaf1cbcc8b253ea807dbe0416b4b04c33dceadf,dnsmasq: backport validation fix in dnssec security fix,CVE-2017-15107,dnsmasq,explicit_CVE_in_commit_message,unreviewed,ath79/generic,dnsmasq,2.90-2,research-os/data/openwrt-v2-snapshots/releases/23.05.4/ath79_generic/openwrt-23.05.4-ath79-generic.manifest,explicit_backport_or_cherry_pick_in_commit_message
23.05.4,b9510660cebf46665aa0b74430b24306ebd0beed,adaf1cbcc8b253ea807dbe0416b4b04c33dceadf,dnsmasq: backport validation fix in dnssec security fix,CVE-2017-15107,dnsmasq,explicit_CVE_in_commit_message,unreviewed,x86/64,dnsmasq,2.90-2,research-os/data/openwrt-v2-snapshots/releases/23.05.4/x86_64/openwrt-23.05.4-x86-64.manifest,explicit_backport_or_cherry_pick_in_commit_message
23.05.4,b9510660cebf46665aa0b74430b24306ebd0beed,b547ab3143e5f9116c19698292d1bd9e08feda3e,kernel: bump kernel 4.9 to version 4.9.120,CVE-2018-3620,kernel,explicit_CVE_in_commit_message,unreviewed,ath79/generic,kernel,5.15.162-1-da89f936189e8280762513898b74a850,research-os/data/openwrt-v2-snapshots/releases/23.05.4/ath79_generic/openwrt-23.05.4-ath79-generic.manifest,explicit_backport_or_cherry_pick_in_commit_message
23.05.4,b9510660cebf46665aa0b74430b24306ebd0beed,b547ab3143e5f9116c19698292d1bd9e08feda3e,kernel: bump kernel 4.9 to version 4.9.120,CVE-2018-3620,kernel,explicit_CVE_in_commit_message,unreviewed,x86/64,kernel,5.15.162-1-59d1431675acc6823a33c7eb2323daeb,research-os/data/openwrt-v2-snapshots/releases/23.05.4/x86_64/openwrt-23.05.4-x86-64.manifest,explicit_backport_or_cherry_pick_in_commit_message
23.05.4,b9510660cebf46665aa0b74430b24306ebd0beed,b547ab3143e5f9116c19698292d1bd9e08feda3e,kernel: bump kernel 4.9 to version 4.9.120,CVE-2018-3646,kernel,explicit_CVE_in_commit_message,unreviewed,ath79/generic,kernel,5.15.162-1-da89f936189e8280762513898b74a850,research-os/data/openwrt-v2-snapshots/releases/23.05.4/ath79_generic/openwrt-23.05.4-ath79-generic.manifest,explicit_backport_or_cherry_pick_in_commit_message
23.05.4,b9510660cebf46665aa0b74430b24306ebd0beed,b547ab3143e5f9116c19698292d1bd9e08feda3e,kernel: bump kernel 4.9 to version 4.9.120,CVE-2018-3646,kernel,explicit_CVE_in_commit_message,unreviewed,x86/64,kernel,5.15.162-1-59d1431675acc6823a33c7eb2323daeb,research-os/data/openwrt-v2-snapshots/releases/23.05.4/x86_64/openwrt-23.05.4-x86-64.manifest,explicit_backport_or_cherry_pick_in_commit_message
23.05.4,b9510660cebf46665aa0b74430b24306ebd0beed,d8565a06dc01b55ed1018d571e655c122b9d2a33,kernel: bump 4.9 to 4.9.77,CVE-2017-1000410,kernel,explicit_CVE_in_commit_message,unreviewed,ath79/generic,kernel,5.15.162-1-da89f936189e8280762513898b74a850,research-os/data/openwrt-v2-snapshots/releases/23.05.4/ath79_generic/openwrt-23.05.4-ath79-generic.manifest,explicit_backport_or_cherry_pick_in_commit_message
23.05.4,b9510660cebf46665aa0b74430b24306ebd0beed,d8565a06dc01b55ed1018d571e655c122b9d2a33,kernel: bump 4.9 to 4.9.77,CVE-2017-1000410,kernel,explicit_CVE_in_commit_message,unreviewed,x86/64,kernel,5.15.162-1-59d1431675acc6823a33c7eb2323daeb,research-os/data/openwrt-v2-snapshots/releases/23.05.4/x86_64/openwrt-23.05.4-x86-64.manifest,explicit_backport_or_cherry_pick_in_commit_message
23.05.4,b9510660cebf46665aa0b74430b24306ebd0beed,d8565a06dc01b55ed1018d571e655c122b9d2a33,kernel: bump 4.9 to 4.9.77,CVE-2017-17741,kernel,explicit_CVE_in_commit_message,unreviewed,ath79/generic,kernel,5.15.162-1-da89f936189e8280762513898b74a850,research-os/data/openwrt-v2-snapshots/releases/23.05.4/ath79_generic/openwrt-23.05.4-ath79-generic.manifest,explicit_backport_or_cherry_pick_in_commit_message
23.05.4,b9510660cebf46665aa0b74430b24306ebd0beed,d8565a06dc01b55ed1018d571e655c122b9d2a33,kernel: bump 4.9 to 4.9.77,CVE-2017-17741,kernel,explicit_CVE_in_commit_message,unreviewed,x86/64,kernel,5.15.162-1-59d1431675acc6823a33c7eb2323daeb,research-os/data/openwrt-v2-snapshots/releases/23.05.4/x86_64/openwrt-23.05.4-x86-64.manifest,explicit_backport_or_cherry_pick_in_commit_message
23.05.4,b9510660cebf46665aa0b74430b24306ebd0beed,d8565a06dc01b55ed1018d571e655c122b9d2a33,kernel: bump 4.9 to 4.9.77,CVE-2017-5715,kernel,explicit_CVE_in_commit_message,unreviewed,ath79/generic,kernel,5.15.162-1-da89f936189e8280762513898b74a850,research-os/data/openwrt-v2-snapshots/releases/23.05.4/ath79_generic/openwrt-23.05.4-ath79-generic.manifest,explicit_backport_or_cherry_pick_in_commit_message
23.05.4,b9510660cebf46665aa0b74430b24306ebd0beed,d8565a06dc01b55ed1018d571e655c122b9d2a33,kernel: bump 4.9 to 4.9.77,CVE-2017-5715,kernel,explicit_CVE_in_commit_message,unreviewed,x86/64,kernel,5.15.162-1-59d1431675acc6823a33c7eb2323daeb,research-os/data/openwrt-v2-snapshots/releases/23.05.4/x86_64/openwrt-23.05.4-x86-64.manifest,explicit_backport_or_cherry_pick_in_commit_message
23.05.4,b9510660cebf46665aa0b74430b24306ebd0beed,d8565a06dc01b55ed1018d571e655c122b9d2a33,kernel: bump 4.9 to 4.9.77,CVE-2017-5753,kernel,explicit_CVE_in_commit_message,unreviewed,ath79/generic,kernel,5.15.162-1-da89f936189e8280762513898b74a850,research-os/data/openwrt-v2-snapshots/releases/23.05.4/ath79_generic/openwrt-23.05.4-ath79-generic.manifest,explicit_backport_or_cherry_pick_in_commit_message
23.05.4,b9510660cebf46665aa0b74430b24306ebd0beed,d8565a06dc01b55ed1018d571e655c122b9d2a33,kernel: bump 4.9 to 4.9.77,CVE-2017-5753,kernel,explicit_CVE_in_commit_message,unreviewed,x86/64,kernel,5.15.162-1-59d1431675acc6823a33c7eb2323daeb,research-os/data/openwrt-v2-snapshots/releases/23.05.4/x86_64/openwrt-23.05.4-x86-64.manifest,explicit_backport_or_cherry_pick_in_commit_message
23.05.4,b9510660cebf46665aa0b74430b24306ebd0beed,f621b539512e5b6c83dd2de1bc2dba06e40cd7ea,kernel: bump 4.9 to 4.9.82,CVE-2017-8824,kernel,explicit_CVE_in_commit_message,unreviewed,ath79/generic,kernel,5.15.162-1-da89f936189e8280762513898b74a850,research-os/data/openwrt-v2-snapshots/releases/23.05.4/ath79_generic/openwrt-23.05.4-ath79-generic.manifest,explicit_backport_or_cherry_pick_in_commit_message
23.05.4,b9510660cebf46665aa0b74430b24306ebd0beed,f621b539512e5b6c83dd2de1bc2dba06e40cd7ea,kernel: bump 4.9 to 4.9.82,CVE-2017-8824,kernel,explicit_CVE_in_commit_message,unreviewed,x86/64,kernel,5.15.162-1-59d1431675acc6823a33c7eb2323daeb,research-os/data/openwrt-v2-snapshots/releases/23.05.4/x86_64/openwrt-23.05.4-x86-64.manifest,explicit_backport_or_cherry_pick_in_commit_message
23.05.4,b9510660cebf46665aa0b74430b24306ebd0beed,fefe1da440eede8dfaa23975c30ae2f6fcac744d,kernel: backport upstream fix for CVE-2018-5390,CVE-2018-5390,kernel,explicit_CVE_in_commit_message,unreviewed,ath79/generic,kernel,5.15.162-1-da89f936189e8280762513898b74a850,research-os/data/openwrt-v2-snapshots/releases/23.05.4/ath79_generic/openwrt-23.05.4-ath79-generic.manifest,explicit_backport_or_cherry_pick_in_commit_message
23.05.4,b9510660cebf46665aa0b74430b24306ebd0beed,fefe1da440eede8dfaa23975c30ae2f6fcac744d,kernel: backport upstream fix for CVE-2018-5390,CVE-2018-5390,kernel,explicit_CVE_in_commit_message,unreviewed,x86/64,kernel,5.15.162-1-59d1431675acc6823a33c7eb2323daeb,research-os/data/openwrt-v2-snapshots/releases/23.05.4/x86_64/openwrt-23.05.4-x86-64.manifest,explicit_backport_or_cherry_pick_in_commit_message
23.05.5,28cf53e6bd9bb68958aae7958e7950d967f02b46,002a99eccd75fb653163bae0a1132bd4f494e7ad,dnsmasq: Backport DHCPv6 server fix (CVE-2022-0934),CVE-2022-0934,dnsmasq,explicit_CVE_in_commit_message,unreviewed,ath79/generic,dnsmasq,2.90-2,research-os/data/openwrt-v2-snapshots/releases/23.05.5/ath79_generic/openwrt-23.05.5-ath79-generic.manifest,explicit_backport_or_cherry_pick_in_commit_message
23.05.5,28cf53e6bd9bb68958aae7958e7950d967f02b46,002a99eccd75fb653163bae0a1132bd4f494e7ad,dnsmasq: Backport DHCPv6 server fix (CVE-2022-0934),CVE-2022-0934,dnsmasq,explicit_CVE_in_commit_message,unreviewed,x86/64,dnsmasq,2.90-2,research-os/data/openwrt-v2-snapshots/releases/23.05.5/x86_64/openwrt-23.05.5-x86-64.manifest,explicit_backport_or_cherry_pick_in_commit_message
23.05.5,28cf53e6bd9bb68958aae7958e7950d967f02b46,13397b2b95b4800fb0a29c3d483fa280d10f0eb0,busybox: backport fix for CVE-2021-28831,CVE-2021-28831,busybox,explicit_CVE_in_commit_message,unreviewed,ath79/generic,busybox,1.36.1-1,research-os/data/openwrt-v2-snapshots/releases/23.05.5/ath79_generic/openwrt-23.05.5-ath79-generic.manifest,explicit_backport_or_cherry_pick_in_commit_message
23.05.5,28cf53e6bd9bb68958aae7958e7950d967f02b46,13397b2b95b4800fb0a29c3d483fa280d10f0eb0,busybox: backport fix for CVE-2021-28831,CVE-2021-28831,busybox,explicit_CVE_in_commit_message,unreviewed,x86/64,busybox,1.36.1-1,research-os/data/openwrt-v2-snapshots/releases/23.05.5/x86_64/openwrt-23.05.5-x86-64.manifest,explicit_backport_or_cherry_pick_in_commit_message
23.05.5,28cf53e6bd9bb68958aae7958e7950d967f02b46,2211ee0037764e1c6b1576fe7a0975722cd4acdc,dropbear: backport upstream fix for CVE-2018-15599,CVE-2018-15473,dropbear,explicit_CVE_in_commit_message,unreviewed,ath79/generic,dropbear,2022.82-6,research-os/data/openwrt-v2-snapshots/releases/23.05.5/ath79_generic/openwrt-23.05.5-ath79-generic.manifest,explicit_backport_or_cherry_pick_in_commit_message
23.05.5,28cf53e6bd9bb68958aae7958e7950d967f02b46,2211ee0037764e1c6b1576fe7a0975722cd4acdc,dropbear: backport upstream fix for CVE-2018-15599,CVE-2018-15473,dropbear,explicit_CVE_in_commit_message,unreviewed,x86/64,dropbear,2022.82-6,research-os/data/openwrt-v2-snapshots/releases/23.05.5/x86_64/openwrt-23.05.5-x86-64.manifest,explicit_backport_or_cherry_pick_in_commit_message
23.05.5,28cf53e6bd9bb68958aae7958e7950d967f02b46,2211ee0037764e1c6b1576fe7a0975722cd4acdc,dropbear: backport upstream fix for CVE-2018-15599,CVE-2018-15599,dropbear,explicit_CVE_in_commit_message,unreviewed,ath79/generic,dropbear,2022.82-6,research-os/data/openwrt-v2-snapshots/releases/23.05.5/ath79_generic/openwrt-23.05.5-ath79-generic.manifest,explicit_backport_or_cherry_pick_in_commit_message
23.05.5,28cf53e6bd9bb68958aae7958e7950d967f02b46,2211ee0037764e1c6b1576fe7a0975722cd4acdc,dropbear: backport upstream fix for CVE-2018-15599,CVE-2018-15599,dropbear,explicit_CVE_in_commit_message,unreviewed,x86/64,dropbear,2022.82-6,research-os/data/openwrt-v2-snapshots/releases/23.05.5/x86_64/openwrt-23.05.5-x86-64.manifest,explicit_backport_or_cherry_pick_in_commit_message
23.05.5,28cf53e6bd9bb68958aae7958e7950d967f02b46,22b9f99b87fa1ff991180cabf02dd04d1bddce2b,kernel: bump 4.14 to 4.14.59,CVE-2018-10876,kernel,explicit_CVE_in_commit_message,unreviewed,ath79/generic,kernel,5.15.167-1-da89f936189e8280762513898b74a850,research-os/data/openwrt-v2-snapshots/releases/23.05.5/ath79_generic/openwrt-23.05.5-ath79-generic.manifest,explicit_backport_or_cherry_pick_in_commit_message
23.05.5,28cf53e6bd9bb68958aae7958e7950d967f02b46,22b9f99b87fa1ff991180cabf02dd04d1bddce2b,kernel: bump 4.14 to 4.14.59,CVE-2018-10876,kernel,explicit_CVE_in_commit_message,unreviewed,x86/64,kernel,5.15.167-1-59d1431675acc6823a33c7eb2323daeb,research-os/data/openwrt-v2-snapshots/releases/23.05.5/x86_64/openwrt-23.05.5-x86-64.manifest,explicit_backport_or_cherry_pick_in_commit_message
23.05.5,28cf53e6bd9bb68958aae7958e7950d967f02b46,22b9f99b87fa1ff991180cabf02dd04d1bddce2b,kernel: bump 4.14 to 4.14.59,CVE-2018-10877,kernel,explicit_CVE_in_commit_message,unreviewed,ath79/generic,kernel,5.15.167-1-da89f936189e8280762513898b74a850,research-os/data/openwrt-v2-snapshots/releases/23.05.5/ath79_generic/openwrt-23.05.5-ath79-generic.manifest,explicit_backport_or_cherry_pick_in_commit_message
23.05.5,28cf53e6bd9bb68958aae7958e7950d967f02b46,22b9f99b87fa1ff991180cabf02dd04d1bddce2b,kernel: bump 4.14 to 4.14.59,CVE-2018-10877,kernel,explicit_CVE_in_commit_message,unreviewed,x86/64,kernel,5.15.167-1-59d1431675acc6823a33c7eb2323daeb,research-os/data/openwrt-v2-snapshots/releases/23.05.5/x86_64/openwrt-23.05.5-x86-64.manifest,explicit_backport_or_cherry_pick_in_commit_message
23.05.5,28cf53e6bd9bb68958aae7958e7950d967f02b46,22b9f99b87fa1ff991180cabf02dd04d1bddce2b,kernel: bump 4.14 to 4.14.59,CVE-2018-10879,kernel,explicit_CVE_in_commit_message,unreviewed,ath79/generic,kernel,5.15.167-1-da89f936189e8280762513898b74a850,research-os/data/openwrt-v2-snapshots/releases/23.05.5/ath79_generic/openwrt-23.05.5-ath79-generic.manifest,explicit_backport_or_cherry_pick_in_commit_message
23.05.5,28cf53e6bd9bb68958aae7958e7950d967f02b46,22b9f99b87fa1ff991180cabf02dd04d1bddce2b,kernel: bump 4.14 to 4.14.59,CVE-2018-10879,kernel,explicit_CVE_in_commit_message,unreviewed,x86/64,kernel,5.15.167-1-59d1431675acc6823a33c7eb2323daeb,research-os/data/openwrt-v2-snapshots/releases/23.05.5/x86_64/openwrt-23.05.5-x86-64.manifest,explicit_backport_or_cherry_pick_in_commit_message
23.05.5,28cf53e6bd9bb68958aae7958e7950d967f02b46,22b9f99b87fa1ff991180cabf02dd04d1bddce2b,kernel: bump 4.14 to 4.14.59,CVE-2018-10880,kernel,explicit_CVE_in_commit_message,unreviewed,ath79/generic,kernel,5.15.167-1-da89f936189e8280762513898b74a850,research-os/data/openwrt-v2-snapshots/releases/23.05.5/ath79_generic/openwrt-23.05.5-ath79-generic.manifest,explicit_backport_or_cherry_pick_in_commit_message
23.05.5,28cf53e6bd9bb68958aae7958e7950d967f02b46,22b9f99b87fa1ff991180cabf02dd04d1bddce2b,kernel: bump 4.14 to 4.14.59,CVE-2018-10880,kernel,explicit_CVE_in_commit_message,unreviewed,x86/64,kernel,5.15.167-1-59d1431675acc6823a33c7eb2323daeb,research-os/data/openwrt-v2-snapshots/releases/23.05.5/x86_64/openwrt-23.05.5-x86-64.manifest,explicit_backport_or_cherry_pick_in_commit_message
23.05.5,28cf53e6bd9bb68958aae7958e7950d967f02b46,22b9f99b87fa1ff991180cabf02dd04d1bddce2b,kernel: bump 4.14 to 4.14.59,CVE-2018-10881,kernel,explicit_CVE_in_commit_message,unreviewed,ath79/generic,kernel,5.15.167-1-da89f936189e8280762513898b74a850,research-os/data/openwrt-v2-snapshots/releases/23.05.5/ath79_generic/openwrt-23.05.5-ath79-generic.manifest,explicit_backport_or_cherry_pick_in_commit_message
23.05.5,28cf53e6bd9bb68958aae7958e7950d967f02b46,22b9f99b87fa1ff991180cabf02dd04d1bddce2b,kernel: bump 4.14 to 4.14.59,CVE-2018-10881,kernel,explicit_CVE_in_commit_message,unreviewed,x86/64,kernel,5.15.167-1-59d1431675acc6823a33c7eb2323daeb,research-os/data/openwrt-v2-snapshots/releases/23.05.5/x86_64/openwrt-23.05.5-x86-64.manifest,explicit_backport_or_cherry_pick_in_commit_message
23.05.5,28cf53e6bd9bb68958aae7958e7950d967f02b46,22b9f99b87fa1ff991180cabf02dd04d1bddce2b,kernel: bump 4.14 to 4.14.59,CVE-2018-10882,kernel,explicit_CVE_in_commit_message,unreviewed,ath79/generic,kernel,5.15.167-1-da89f936189e8280762513898b74a850,research-os/data/openwrt-v2-snapshots/releases/23.05.5/ath79_generic/openwrt-23.05.5-ath79-generic.manifest,explicit_backport_or_cherry_pick_in_commit_message
23.05.5,28cf53e6bd9bb68958aae7958e7950d967f02b46,22b9f99b87fa1ff991180cabf02dd04d1bddce2b,kernel: bump 4.14 to 4.14.59,CVE-2018-10882,kernel,explicit_CVE_in_commit_message,unreviewed,x86/64,kernel,5.15.167-1-59d1431675acc6823a33c7eb2323daeb,research-os/data/openwrt-v2-snapshots/releases/23.05.5/x86_64/openwrt-23.05.5-x86-64.manifest,explicit_backport_or_cherry_pick_in_commit_message
23.05.5,28cf53e6bd9bb68958aae7958e7950d967f02b46,22b9f99b87fa1ff991180cabf02dd04d1bddce2b,kernel: bump 4.14 to 4.14.59,CVE-2018-10883,kernel,explicit_CVE_in_commit_message,unreviewed,ath79/generic,kernel,5.15.167-1-da89f936189e8280762513898b74a850,research-os/data/openwrt-v2-snapshots/releases/23.05.5/ath79_generic/openwrt-23.05.5-ath79-generic.manifest,explicit_backport_or_cherry_pick_in_commit_message
23.05.5,28cf53e6bd9bb68958aae7958e7950d967f02b46,22b9f99b87fa1ff991180cabf02dd04d1bddce2b,kernel: bump 4.14 to 4.14.59,CVE-2018-10883,kernel,explicit_CVE_in_commit_message,unreviewed,x86/64,kernel,5.15.167-1-59d1431675acc6823a33c7eb2323daeb,research-os/data/openwrt-v2-snapshots/releases/23.05.5/x86_64/openwrt-23.05.5-x86-64.manifest,explicit_backport_or_cherry_pick_in_commit_message
23.05.5,28cf53e6bd9bb68958aae7958e7950d967f02b46,35890514bb191de3ab96dcd684714850a9142efc,ppp: backport security fixes,CVE-2020-8597,ppp,explicit_CVE_in_commit_message,unreviewed,ath79/generic,ppp,2.4.9.git-2021-01-04-4,research-os/data/openwrt-v2-snapshots/releases/23.05.5/ath79_generic/openwrt-23.05.5-ath79-generic.manifest,explicit_backport_or_cherry_pick_in_commit_message
23.05.5,28cf53e6bd9bb68958aae7958e7950d967f02b46,35890514bb191de3ab96dcd684714850a9142efc,ppp: backport security fixes,CVE-2020-8597,ppp,explicit_CVE_in_commit_message,unreviewed,x86/64,ppp,2.4.9.git-2021-01-04-4,research-os/data/openwrt-v2-snapshots/releases/23.05.5/x86_64/openwrt-23.05.5-x86-64.manifest,explicit_backport_or_cherry_pick_in_commit_message
23.05.5,28cf53e6bd9bb68958aae7958e7950d967f02b46,3c2c31bb66e5b247ffbb3cafac2a21d441daef39,kernel: backport upstream challenge ACK fix (CVE-2016-5696),CVE-2016-5696,kernel,explicit_CVE_in_commit_message,unreviewed,ath79/generic,kernel,5.15.167-1-da89f936189e8280762513898b74a850,research-os/data/openwrt-v2-snapshots/releases/23.05.5/ath79_generic/openwrt-23.05.5-ath79-generic.manifest,explicit_backport_or_cherry_pick_in_commit_message
23.05.5,28cf53e6bd9bb68958aae7958e7950d967f02b46,3c2c31bb66e5b247ffbb3cafac2a21d441daef39,kernel: backport upstream challenge ACK fix (CVE-2016-5696),CVE-2016-5696,kernel,explicit_CVE_in_commit_message,unreviewed,x86/64,kernel,5.15.167-1-59d1431675acc6823a33c7eb2323daeb,research-os/data/openwrt-v2-snapshots/releases/23.05.5/x86_64/openwrt-23.05.5-x86-64.manifest,explicit_backport_or_cherry_pick_in_commit_message
23.05.5,28cf53e6bd9bb68958aae7958e7950d967f02b46,6549a711be6cb9788aaaec6d31e3396b21893163,dropbear: cherry-pick upstream patches,CVE-2023-36328,dropbear,explicit_CVE_in_commit_message,unreviewed,ath79/generic,dropbear,2022.82-6,research-os/data/openwrt-v2-snapshots/releases/23.05.5/ath79_generic/openwrt-23.05.5-ath79-generic.manifest,explicit_backport_or_cherry_pick_in_commit_message
23.05.5,28cf53e6bd9bb68958aae7958e7950d967f02b46,6549a711be6cb9788aaaec6d31e3396b21893163,dropbear: cherry-pick upstream patches,CVE-2023-36328,dropbear,explicit_CVE_in_commit_message,unreviewed,x86/64,dropbear,2022.82-6,research-os/data/openwrt-v2-snapshots/releases/23.05.5/x86_64/openwrt-23.05.5-x86-64.manifest,explicit_backport_or_cherry_pick_in_commit_message
23.05.5,28cf53e6bd9bb68958aae7958e7950d967f02b46,6549a711be6cb9788aaaec6d31e3396b21893163,dropbear: cherry-pick upstream patches,CVE-2023-48795,dropbear,explicit_CVE_in_commit_message,unreviewed,ath79/generic,dropbear,2022.82-6,research-os/data/openwrt-v2-snapshots/releases/23.05.5/ath79_generic/openwrt-23.05.5-ath79-generic.manifest,explicit_backport_or_cherry_pick_in_commit_message
23.05.5,28cf53e6bd9bb68958aae7958e7950d967f02b46,6549a711be6cb9788aaaec6d31e3396b21893163,dropbear: cherry-pick upstream patches,CVE-2023-48795,dropbear,explicit_CVE_in_commit_message,unreviewed,x86/64,dropbear,2022.82-6,research-os/data/openwrt-v2-snapshots/releases/23.05.5/x86_64/openwrt-23.05.5-x86-64.manifest,explicit_backport_or_cherry_pick_in_commit_message
23.05.5,28cf53e6bd9bb68958aae7958e7950d967f02b46,6713fe030fca32fc3d5ad9761f3b2f96501aedd6,busybox: update to 1.33.1,CVE-2021-28831,busybox,explicit_CVE_in_commit_message,unreviewed,ath79/generic,busybox,1.36.1-1,research-os/data/openwrt-v2-snapshots/releases/23.05.5/ath79_generic/openwrt-23.05.5-ath79-generic.manifest,explicit_backport_or_cherry_pick_in_commit_message
23.05.5,28cf53e6bd9bb68958aae7958e7950d967f02b46,6713fe030fca32fc3d5ad9761f3b2f96501aedd6,busybox: update to 1.33.1,CVE-2021-28831,busybox,explicit_CVE_in_commit_message,unreviewed,x86/64,busybox,1.36.1-1,research-os/data/openwrt-v2-snapshots/releases/23.05.5/x86_64/openwrt-23.05.5-x86-64.manifest,explicit_backport_or_cherry_pick_in_commit_message
23.05.5,28cf53e6bd9bb68958aae7958e7950d967f02b46,7c0a2bc93077f52c033e406864b34af3a4fab245,busybox: backport cve-2017-16544 fix,CVE-2017-16544,busybox,explicit_CVE_in_commit_message,unreviewed,ath79/generic,busybox,1.36.1-1,research-os/data/openwrt-v2-snapshots/releases/23.05.5/ath79_generic/openwrt-23.05.5-ath79-generic.manifest,explicit_backport_or_cherry_pick_in_commit_message
23.05.5,28cf53e6bd9bb68958aae7958e7950d967f02b46,7c0a2bc93077f52c033e406864b34af3a4fab245,busybox: backport cve-2017-16544 fix,CVE-2017-16544,busybox,explicit_CVE_in_commit_message,unreviewed,x86/64,busybox,1.36.1-1,research-os/data/openwrt-v2-snapshots/releases/23.05.5/x86_64/openwrt-23.05.5-x86-64.manifest,explicit_backport_or_cherry_pick_in_commit_message
23.05.5,28cf53e6bd9bb68958aae7958e7950d967f02b46,7c0a2bc93077f52c033e406864b34af3a4fab245,busybox: backport cve-2017-16544 fix,CVE-2017-16544,busybox,explicit_CVE_in_commit_message,unreviewed,ath79/generic,busybox,1.36.1-1,research-os/data/openwrt-v2-snapshots/releases/23.05.5/ath79_generic/openwrt-23.05.5-ath79-generic.manifest,explicit_backport_or_cherry_pick_in_commit_message
23.05.5,28cf53e6bd9bb68958aae7958e7950d967f02b46,7c0a2bc93077f52c033e406864b34af3a4fab245,busybox: backport cve-2017-16544 fix,CVE-2017-16544,busybox,explicit_CVE_in_commit_message,unreviewed,x86/64,busybox,1.36.1-1,research-os/data/openwrt-v2-snapshots/releases/23.05.5/x86_64/openwrt-23.05.5-x86-64.manifest,explicit_backport_or_cherry_pick_in_commit_message
23.05.5,28cf53e6bd9bb68958aae7958e7950d967f02b46,88ba41453dbc65e1d5d596073d66bdf2e59a43a1,kernel: bump 4.14 to 4.14.20,CVE-2017-8824,kernel,explicit_CVE_in_commit_message,unreviewed,ath79/generic,kernel,5.15.167-1-da89f936189e8280762513898b74a850,research-os/data/openwrt-v2-snapshots/releases/23.05.5/ath79_generic/openwrt-23.05.5-ath79-generic.manifest,explicit_backport_or_cherry_pick_in_commit_message
23.05.5,28cf53e6bd9bb68958aae7958e7950d967f02b46,88ba41453dbc65e1d5d596073d66bdf2e59a43a1,kernel: bump 4.14 to 4.14.20,CVE-2017-8824,kernel,explicit_CVE_in_commit_message,unreviewed,x86/64,kernel,5.15.167-1-59d1431675acc6823a33c7eb2323daeb,research-os/data/openwrt-v2-snapshots/releases/23.05.5/x86_64/openwrt-23.05.5-x86-64.manifest,explicit_backport_or_cherry_pick_in_commit_message
23.05.5,28cf53e6bd9bb68958aae7958e7950d967f02b46,9a753c49ea7053f3592f9ec1ce9d97882edb332d,dnsmasq: backport official fix for CVE-2017-13704,CVE-2017-13704,dnsmasq,explicit_CVE_in_commit_message,unreviewed,ath79/generic,dnsmasq,2.90-2,research-os/data/openwrt-v2-snapshots/releases/23.05.5/ath79_generic/openwrt-23.05.5-ath79-generic.manifest,explicit_backport_or_cherry_pick_in_commit_message
23.05.5,28cf53e6bd9bb68958aae7958e7950d967f02b46,9a753c49ea7053f3592f9ec1ce9d97882edb332d,dnsmasq: backport official fix for CVE-2017-13704,CVE-2017-13704,dnsmasq,explicit_CVE_in_commit_message,unreviewed,x86/64,dnsmasq,2.90-2,research-os/data/openwrt-v2-snapshots/releases/23.05.5/x86_64/openwrt-23.05.5-x86-64.manifest,explicit_backport_or_cherry_pick_in_commit_message
23.05.5,28cf53e6bd9bb68958aae7958e7950d967f02b46,a3198061f80a7f3933810cd99206b085e4cf49f9,dnsmasq: backport dnssec security fix,CVE-2017-15107,dnsmasq,explicit_CVE_in_commit_message,unreviewed,ath79/generic,dnsmasq,2.90-2,research-os/data/openwrt-v2-snapshots/releases/23.05.5/ath79_generic/openwrt-23.05.5-ath79-generic.manifest,explicit_backport_or_cherry_pick_in_commit_message
23.05.5,28cf53e6bd9bb68958aae7958e7950d967f02b46,a3198061f80a7f3933810cd99206b085e4cf49f9,dnsmasq: backport dnssec security fix,CVE-2017-15107,dnsmasq,explicit_CVE_in_commit_message,unreviewed,x86/64,dnsmasq,2.90-2,research-os/data/openwrt-v2-snapshots/releases/23.05.5/x86_64/openwrt-23.05.5-x86-64.manifest,explicit_backport_or_cherry_pick_in_commit_message
23.05.5,28cf53e6bd9bb68958aae7958e7950d967f02b46,adaf1cbcc8b253ea807dbe0416b4b04c33dceadf,dnsmasq: backport validation fix in dnssec security fix,CVE-2017-15107,dnsmasq,explicit_CVE_in_commit_message,unreviewed,ath79/generic,dnsmasq,2.90-2,research-os/data/openwrt-v2-snapshots/releases/23.05.5/ath79_generic/openwrt-23.05.5-ath79-generic.manifest,explicit_backport_or_cherry_pick_in_commit_message
23.05.5,28cf53e6bd9bb68958aae7958e7950d967f02b46,adaf1cbcc8b253ea807dbe0416b4b04c33dceadf,dnsmasq: backport validation fix in dnssec security fix,CVE-2017-15107,dnsmasq,explicit_CVE_in_commit_message,unreviewed,x86/64,dnsmasq,2.90-2,research-os/data/openwrt-v2-snapshots/releases/23.05.5/x86_64/openwrt-23.05.5-x86-64.manifest,explicit_backport_or_cherry_pick_in_commit_message
23.05.5,28cf53e6bd9bb68958aae7958e7950d967f02b46,b547ab3143e5f9116c19698292d1bd9e08feda3e,kernel: bump kernel 4.9 to version 4.9.120,CVE-2018-3620,kernel,explicit_CVE_in_commit_message,unreviewed,ath79/generic,kernel,5.15.167-1-da89f936189e8280762513898b74a850,research-os/data/openwrt-v2-snapshots/releases/23.05.5/ath79_generic/openwrt-23.05.5-ath79-generic.manifest,explicit_backport_or_cherry_pick_in_commit_message
23.05.5,28cf53e6bd9bb68958aae7958e7950d967f02b46,b547ab3143e5f9116c19698292d1bd9e08feda3e,kernel: bump kernel 4.9 to version 4.9.120,CVE-2018-3620,kernel,explicit_CVE_in_commit_message,unreviewed,x86/64,kernel,5.15.167-1-59d1431675acc6823a33c7eb2323daeb,research-os/data/openwrt-v2-snapshots/releases/23.05.5/x86_64/openwrt-23.05.5-x86-64.manifest,explicit_backport_or_cherry_pick_in_commit_message
23.05.5,28cf53e6bd9bb68958aae7958e7950d967f02b46,b547ab3143e5f9116c19698292d1bd9e08feda3e,kernel: bump kernel 4.9 to version 4.9.120,CVE-2018-3646,kernel,explicit_CVE_in_commit_message,unreviewed,ath79/generic,kernel,5.15.167-1-da89f936189e8280762513898b74a850,research-os/data/openwrt-v2-snapshots/releases/23.05.5/ath79_generic/openwrt-23.05.5-ath79-generic.manifest,explicit_backport_or_cherry_pick_in_commit_message
23.05.5,28cf53e6bd9bb68958aae7958e7950d967f02b46,b547ab3143e5f9116c19698292d1bd9e08feda3e,kernel: bump kernel 4.9 to version 4.9.120,CVE-2018-3646,kernel,explicit_CVE_in_commit_message,unreviewed,x86/64,kernel,5.15.167-1-59d1431675acc6823a33c7eb2323daeb,research-os/data/openwrt-v2-snapshots/releases/23.05.5/x86_64/openwrt-23.05.5-x86-64.manifest,explicit_backport_or_cherry_pick_in_commit_message
23.05.5,28cf53e6bd9bb68958aae7958e7950d967f02b46,d8565a06dc01b55ed1018d571e655c122b9d2a33,kernel: bump 4.9 to 4.9.77,CVE-2017-1000410,kernel,explicit_CVE_in_commit_message,unreviewed,ath79/generic,kernel,5.15.167-1-da89f936189e8280762513898b74a850,research-os/data/openwrt-v2-snapshots/releases/23.05.5/ath79_generic/openwrt-23.05.5-ath79-generic.manifest,explicit_backport_or_cherry_pick_in_commit_message
23.05.5,28cf53e6bd9bb68958aae7958e7950d967f02b46,d8565a06dc01b55ed1018d571e655c122b9d2a33,kernel: bump 4.9 to 4.9.77,CVE-2017-1000410,kernel,explicit_CVE_in_commit_message,unreviewed,x86/64,kernel,5.15.167-1-59d1431675acc6823a33c7eb2323daeb,research-os/data/openwrt-v2-snapshots/releases/23.05.5/x86_64/openwrt-23.05.5-x86-64.manifest,explicit_backport_or_cherry_pick_in_commit_message
23.05.5,28cf53e6bd9bb68958aae7958e7950d967f02b46,d8565a06dc01b55ed1018d571e655c122b9d2a33,kernel: bump 4.9 to 4.9.77,CVE-2017-17741,kernel,explicit_CVE_in_commit_message,unreviewed,ath79/generic,kernel,5.15.167-1-da89f936189e8280762513898b74a850,research-os/data/openwrt-v2-snapshots/releases/23.05.5/ath79_generic/openwrt-23.05.5-ath79-generic.manifest,explicit_backport_or_cherry_pick_in_commit_message
23.05.5,28cf53e6bd9bb68958aae7958e7950d967f02b46,d8565a06dc01b55ed1018d571e655c122b9d2a33,kernel: bump 4.9 to 4.9.77,CVE-2017-17741,kernel,explicit_CVE_in_commit_message,unreviewed,x86/64,kernel,5.15.167-1-59d1431675acc6823a33c7eb2323daeb,research-os/data/openwrt-v2-snapshots/releases/23.05.5/x86_64/openwrt-23.05.5-x86-64.manifest,explicit_backport_or_cherry_pick_in_commit_message
23.05.5,28cf53e6bd9bb68958aae7958e7950d967f02b46,d8565a06dc01b55ed1018d571e655c122b9d2a33,kernel: bump 4.9 to 4.9.77,CVE-2017-5715,kernel,explicit_CVE_in_commit_message,unreviewed,ath79/generic,kernel,5.15.167-1-da89f936189e8280762513898b74a850,research-os/data/openwrt-v2-snapshots/releases/23.05.5/ath79_generic/openwrt-23.05.5-ath79-generic.manifest,explicit_backport_or_cherry_pick_in_commit_message
23.05.5,28cf53e6bd9bb68958aae7958e7950d967f02b46,d8565a06dc01b55ed1018d571e655c122b9d2a33,kernel: bump 4.9 to 4.9.77,CVE-2017-5715,kernel,explicit_CVE_in_commit_message,unreviewed,x86/64,kernel,5.15.167-1-59d1431675acc6823a33c7eb2323daeb,research-os/data/openwrt-v2-snapshots/releases/23.05.5/x86_64/openwrt-23.05.5-x86-64.manifest,explicit_backport_or_cherry_pick_in_commit_message
23.05.5,28cf53e6bd9bb68958aae7958e7950d967f02b46,d8565a06dc01b55ed1018d571e655c122b9d2a33,kernel: bump 4.9 to 4.9.77,CVE-2017-5753,kernel,explicit_CVE_in_commit_message,unreviewed,ath79/generic,kernel,5.15.167-1-da89f936189e8280762513898b74a850,research-os/data/openwrt-v2-snapshots/releases/23.05.5/ath79_generic/openwrt-23.05.5-ath79-generic.manifest,explicit_backport_or_cherry_pick_in_commit_message
23.05.5,28cf53e6bd9bb68958aae7958e7950d967f02b46,d8565a06dc01b55ed1018d571e655c122b9d2a33,kernel: bump 4.9 to 4.9.77,CVE-2017-5753,kernel,explicit_CVE_in_commit_message,unreviewed,x86/64,kernel,5.15.167-1-59d1431675acc6823a33c7eb2323daeb,research-os/data/openwrt-v2-snapshots/releases/23.05.5/x86_64/openwrt-23.05.5-x86-64.manifest,explicit_backport_or_cherry_pick_in_commit_message
23.05.5,28cf53e6bd9bb68958aae7958e7950d967f02b46,f621b539512e5b6c83dd2de1bc2dba06e40cd7ea,kernel: bump 4.9 to 4.9.82,CVE-2017-8824,kernel,explicit_CVE_in_commit_message,unreviewed,ath79/generic,kernel,5.15.167-1-da89f936189e8280762513898b74a850,research-os/data/openwrt-v2-snapshots/releases/23.05.5/ath79_generic/openwrt-23.05.5-ath79-generic.manifest,explicit_backport_or_cherry_pick_in_commit_message
23.05.5,28cf53e6bd9bb68958aae7958e7950d967f02b46,f621b539512e5b6c83dd2de1bc2dba06e40cd7ea,kernel: bump 4.9 to 4.9.82,CVE-2017-8824,kernel,explicit_CVE_in_commit_message,unreviewed,x86/64,kernel,5.15.167-1-59d1431675acc6823a33c7eb2323daeb,research-os/data/openwrt-v2-snapshots/releases/23.05.5/x86_64/openwrt-23.05.5-x86-64.manifest,explicit_backport_or_cherry_pick_in_commit_message
23.05.5,28cf53e6bd9bb68958aae7958e7950d967f02b46,fefe1da440eede8dfaa23975c30ae2f6fcac744d,kernel: backport upstream fix for CVE-2018-5390,CVE-2018-5390,kernel,explicit_CVE_in_commit_message,unreviewed,ath79/generic,kernel,5.15.167-1-da89f936189e8280762513898b74a850,research-os/data/openwrt-v2-snapshots/releases/23.05.5/ath79_generic/openwrt-23.05.5-ath79-generic.manifest,explicit_backport_or_cherry_pick_in_commit_message
23.05.5,28cf53e6bd9bb68958aae7958e7950d967f02b46,fefe1da440eede8dfaa23975c30ae2f6fcac744d,kernel: backport upstream fix for CVE-2018-5390,CVE-2018-5390,kernel,explicit_CVE_in_commit_message,unreviewed,x86/64,kernel,5.15.167-1-59d1431675acc6823a33c7eb2323daeb,research-os/data/openwrt-v2-snapshots/releases/23.05.5/x86_64/openwrt-23.05.5-x86-64.manifest,explicit_backport_or_cherry_pick_in_commit_message
23.05.6,761ee326d7e0c9be4569ec1428816c008a202757,002a99eccd75fb653163bae0a1132bd4f494e7ad,dnsmasq: Backport DHCPv6 server fix (CVE-2022-0934),CVE-2022-0934,dnsmasq,explicit_CVE_in_commit_message,unreviewed,ath79/generic,dnsmasq,2.90-2,research-os/data/openwrt-v2-snapshots/releases/23.05.6/ath79_generic/openwrt-23.05.6-ath79-generic.manifest,explicit_backport_or_cherry_pick_in_commit_message
23.05.6,761ee326d7e0c9be4569ec1428816c008a202757,002a99eccd75fb653163bae0a1132bd4f494e7ad,dnsmasq: Backport DHCPv6 server fix (CVE-2022-0934),CVE-2022-0934,dnsmasq,explicit_CVE_in_commit_message,unreviewed,x86/64,dnsmasq,2.90-2,research-os/data/openwrt-v2-snapshots/releases/23.05.6/x86_64/openwrt-23.05.6-x86-64.manifest,explicit_backport_or_cherry_pick_in_commit_message
23.05.6,761ee326d7e0c9be4569ec1428816c008a202757,13397b2b95b4800fb0a29c3d483fa280d10f0eb0,busybox: backport fix for CVE-2021-28831,CVE-2021-28831,busybox,explicit_CVE_in_commit_message,unreviewed,ath79/generic,busybox,1.36.1-1,research-os/data/openwrt-v2-snapshots/releases/23.05.6/ath79_generic/openwrt-23.05.6-ath79-generic.manifest,explicit_backport_or_cherry_pick_in_commit_message
23.05.6,761ee326d7e0c9be4569ec1428816c008a202757,13397b2b95b4800fb0a29c3d483fa280d10f0eb0,busybox: backport fix for CVE-2021-28831,CVE-2021-28831,busybox,explicit_CVE_in_commit_message,unreviewed,x86/64,busybox,1.36.1-1,research-os/data/openwrt-v2-snapshots/releases/23.05.6/x86_64/openwrt-23.05.6-x86-64.manifest,explicit_backport_or_cherry_pick_in_commit_message
23.05.6,761ee326d7e0c9be4569ec1428816c008a202757,2211ee0037764e1c6b1576fe7a0975722cd4acdc,dropbear: backport upstream fix for CVE-2018-15599,CVE-2018-15473,dropbear,explicit_CVE_in_commit_message,unreviewed,ath79/generic,dropbear,2022.82-6,research-os/data/openwrt-v2-snapshots/releases/23.05.6/ath79_generic/openwrt-23.05.6-ath79-generic.manifest,explicit_backport_or_cherry_pick_in_commit_message
23.05.6,761ee326d7e0c9be4569ec1428816c008a202757,2211ee0037764e1c6b1576fe7a0975722cd4acdc,dropbear: backport upstream fix for CVE-2018-15599,CVE-2018-15473,dropbear,explicit_CVE_in_commit_message,unreviewed,x86/64,dropbear,2022.82-6,research-os/data/openwrt-v2-snapshots/releases/23.05.6/x86_64/openwrt-23.05.6-x86-64.manifest,explicit_backport_or_cherry_pick_in_commit_message
23.05.6,761ee326d7e0c9be4569ec1428816c008a202757,2211ee0037764e1c6b1576fe7a0975722cd4acdc,dropbear: backport upstream fix for CVE-2018-15599,CVE-2018-15599,dropbear,explicit_CVE_in_commit_message,unreviewed,ath79/generic,dropbear,2022.82-6,research-os/data/openwrt-v2-snapshots/releases/23.05.6/ath79_generic/openwrt-23.05.6-ath79-generic.manifest,explicit_backport_or_cherry_pick_in_commit_message
23.05.6,761ee326d7e0c9be4569ec1428816c008a202757,2211ee0037764e1c6b1576fe7a0975722cd4acdc,dropbear: backport upstream fix for CVE-2018-15599,CVE-2018-15599,dropbear,explicit_CVE_in_commit_message,unreviewed,x86/64,dropbear,2022.82-6,research-os/data/openwrt-v2-snapshots/releases/23.05.6/x86_64/openwrt-23.05.6-x86-64.manifest,explicit_backport_or_cherry_pick_in_commit_message
23.05.6,761ee326d7e0c9be4569ec1428816c008a202757,22b9f99b87fa1ff991180cabf02dd04d1bddce2b,kernel: bump 4.14 to 4.14.59,CVE-2018-10876,kernel,explicit_CVE_in_commit_message,unreviewed,ath79/generic,kernel,5.15.189-1-08472e4058c44b683bc720c4c463d58c,research-os/data/openwrt-v2-snapshots/releases/23.05.6/ath79_generic/openwrt-23.05.6-ath79-generic.manifest,explicit_backport_or_cherry_pick_in_commit_message
23.05.6,761ee326d7e0c9be4569ec1428816c008a202757,22b9f99b87fa1ff991180cabf02dd04d1bddce2b,kernel: bump 4.14 to 4.14.59,CVE-2018-10876,kernel,explicit_CVE_in_commit_message,unreviewed,x86/64,kernel,5.15.189-1-2754d960da6d6f582d53be94c2d49b0e,research-os/data/openwrt-v2-snapshots/releases/23.05.6/x86_64/openwrt-23.05.6-x86-64.manifest,explicit_backport_or_cherry_pick_in_commit_message
23.05.6,761ee326d7e0c9be4569ec1428816c008a202757,22b9f99b87fa1ff991180cabf02dd04d1bddce2b,kernel: bump 4.14 to 4.14.59,CVE-2018-10877,kernel,explicit_CVE_in_commit_message,unreviewed,ath79/generic,kernel,5.15.189-1-08472e4058c44b683bc720c4c463d58c,research-os/data/openwrt-v2-snapshots/releases/23.05.6/ath79_generic/openwrt-23.05.6-ath79-generic.manifest,explicit_backport_or_cherry_pick_in_commit_message
23.05.6,761ee326d7e0c9be4569ec1428816c008a202757,22b9f99b87fa1ff991180cabf02dd04d1bddce2b,kernel: bump 4.14 to 4.14.59,CVE-2018-10877,kernel,explicit_CVE_in_commit_message,unreviewed,x86/64,kernel,5.15.189-1-2754d960da6d6f582d53be94c2d49b0e,research-os/data/openwrt-v2-snapshots/releases/23.05.6/x86_64/openwrt-23.05.6-x86-64.manifest,explicit_backport_or_cherry_pick_in_commit_message
23.05.6,761ee326d7e0c9be4569ec1428816c008a202757,22b9f99b87fa1ff991180cabf02dd04d1bddce2b,kernel: bump 4.14 to 4.14.59,CVE-2018-10879,kernel,explicit_CVE_in_commit_message,unreviewed,ath79/generic,kernel,5.15.189-1-08472e4058c44b683bc720c4c463d58c,research-os/data/openwrt-v2-snapshots/releases/23.05.6/ath79_generic/openwrt-23.05.6-ath79-generic.manifest,explicit_backport_or_cherry_pick_in_commit_message
23.05.6,761ee326d7e0c9be4569ec1428816c008a202757,22b9f99b87fa1ff991180cabf02dd04d1bddce2b,kernel: bump 4.14 to 4.14.59,CVE-2018-10879,kernel,explicit_CVE_in_commit_message,unreviewed,x86/64,kernel,5.15.189-1-2754d960da6d6f582d53be94c2d49b0e,research-os/data/openwrt-v2-snapshots/releases/23.05.6/x86_64/openwrt-23.05.6-x86-64.manifest,explicit_backport_or_cherry_pick_in_commit_message
23.05.6,761ee326d7e0c9be4569ec1428816c008a202757,22b9f99b87fa1ff991180cabf02dd04d1bddce2b,kernel: bump 4.14 to 4.14.59,CVE-2018-10880,kernel,explicit_CVE_in_commit_message,unreviewed,ath79/generic,kernel,5.15.189-1-08472e4058c44b683bc720c4c463d58c,research-os/data/openwrt-v2-snapshots/releases/23.05.6/ath79_generic/openwrt-23.05.6-ath79-generic.manifest,explicit_backport_or_cherry_pick_in_commit_message
23.05.6,761ee326d7e0c9be4569ec1428816c008a202757,22b9f99b87fa1ff991180cabf02dd04d1bddce2b,kernel: bump 4.14 to 4.14.59,CVE-2018-10880,kernel,explicit_CVE_in_commit_message,unreviewed,x86/64,kernel,5.15.189-1-2754d960da6d6f582d53be94c2d49b0e,research-os/data/openwrt-v2-snapshots/releases/23.05.6/x86_64/openwrt-23.05.6-x86-64.manifest,explicit_backport_or_cherry_pick_in_commit_message
23.05.6,761ee326d7e0c9be4569ec1428816c008a202757,22b9f99b87fa1ff991180cabf02dd04d1bddce2b,kernel: bump 4.14 to 4.14.59,CVE-2018-10881,kernel,explicit_CVE_in_commit_message,unreviewed,ath79/generic,kernel,5.15.189-1-08472e4058c44b683bc720c4c463d58c,research-os/data/openwrt-v2-snapshots/releases/23.05.6/ath79_generic/openwrt-23.05.6-ath79-generic.manifest,explicit_backport_or_cherry_pick_in_commit_message
23.05.6,761ee326d7e0c9be4569ec1428816c008a202757,22b9f99b87fa1ff991180cabf02dd04d1bddce2b,kernel: bump 4.14 to 4.14.59,CVE-2018-10881,kernel,explicit_CVE_in_commit_message,unreviewed,x86/64,kernel,5.15.189-1-2754d960da6d6f582d53be94c2d49b0e,research-os/data/openwrt-v2-snapshots/releases/23.05.6/x86_64/openwrt-23.05.6-x86-64.manifest,explicit_backport_or_cherry_pick_in_commit_message
23.05.6,761ee326d7e0c9be4569ec1428816c008a202757,22b9f99b87fa1ff991180cabf02dd04d1bddce2b,kernel: bump 4.14 to 4.14.59,CVE-2018-10882,kernel,explicit_CVE_in_commit_message,unreviewed,ath79/generic,kernel,5.15.189-1-08472e4058c44b683bc720c4c463d58c,research-os/data/openwrt-v2-snapshots/releases/23.05.6/ath79_generic/openwrt-23.05.6-ath79-generic.manifest,explicit_backport_or_cherry_pick_in_commit_message
23.05.6,761ee326d7e0c9be4569ec1428816c008a202757,22b9f99b87fa1ff991180cabf02dd04d1bddce2b,kernel: bump 4.14 to 4.14.59,CVE-2018-10882,kernel,explicit_CVE_in_commit_message,unreviewed,x86/64,kernel,5.15.189-1-2754d960da6d6f582d53be94c2d49b0e,research-os/data/openwrt-v2-snapshots/releases/23.05.6/x86_64/openwrt-23.05.6-x86-64.manifest,explicit_backport_or_cherry_pick_in_commit_message
23.05.6,761ee326d7e0c9be4569ec1428816c008a202757,22b9f99b87fa1ff991180cabf02dd04d1bddce2b,kernel: bump 4.14 to 4.14.59,CVE-2018-10883,kernel,explicit_CVE_in_commit_message,unreviewed,ath79/generic,kernel,5.15.189-1-08472e4058c44b683bc720c4c463d58c,research-os/data/openwrt-v2-snapshots/releases/23.05.6/ath79_generic/openwrt-23.05.6-ath79-generic.manifest,explicit_backport_or_cherry_pick_in_commit_message
23.05.6,761ee326d7e0c9be4569ec1428816c008a202757,22b9f99b87fa1ff991180cabf02dd04d1bddce2b,kernel: bump 4.14 to 4.14.59,CVE-2018-10883,kernel,explicit_CVE_in_commit_message,unreviewed,x86/64,kernel,5.15.189-1-2754d960da6d6f582d53be94c2d49b0e,research-os/data/openwrt-v2-snapshots/releases/23.05.6/x86_64/openwrt-23.05.6-x86-64.manifest,explicit_backport_or_cherry_pick_in_commit_message
23.05.6,761ee326d7e0c9be4569ec1428816c008a202757,35890514bb191de3ab96dcd684714850a9142efc,ppp: backport security fixes,CVE-2020-8597,ppp,explicit_CVE_in_commit_message,unreviewed,ath79/generic,ppp,2.4.9.git-2021-01-04-4,research-os/data/openwrt-v2-snapshots/releases/23.05.6/ath79_generic/openwrt-23.05.6-ath79-generic.manifest,explicit_backport_or_cherry_pick_in_commit_message
23.05.6,761ee326d7e0c9be4569ec1428816c008a202757,35890514bb191de3ab96dcd684714850a9142efc,ppp: backport security fixes,CVE-2020-8597,ppp,explicit_CVE_in_commit_message,unreviewed,x86/64,ppp,2.4.9.git-2021-01-04-4,research-os/data/openwrt-v2-snapshots/releases/23.05.6/x86_64/openwrt-23.05.6-x86-64.manifest,explicit_backport_or_cherry_pick_in_commit_message
23.05.6,761ee326d7e0c9be4569ec1428816c008a202757,3c2c31bb66e5b247ffbb3cafac2a21d441daef39,kernel: backport upstream challenge ACK fix (CVE-2016-5696),CVE-2016-5696,kernel,explicit_CVE_in_commit_message,unreviewed,ath79/generic,kernel,5.15.189-1-08472e4058c44b683bc720c4c463d58c,research-os/data/openwrt-v2-snapshots/releases/23.05.6/ath79_generic/openwrt-23.05.6-ath79-generic.manifest,explicit_backport_or_cherry_pick_in_commit_message
23.05.6,761ee326d7e0c9be4569ec1428816c008a202757,3c2c31bb66e5b247ffbb3cafac2a21d441daef39,kernel: backport upstream challenge ACK fix (CVE-2016-5696),CVE-2016-5696,kernel,explicit_CVE_in_commit_message,unreviewed,x86/64,kernel,5.15.189-1-2754d960da6d6f582d53be94c2d49b0e,research-os/data/openwrt-v2-snapshots/releases/23.05.6/x86_64/openwrt-23.05.6-x86-64.manifest,explicit_backport_or_cherry_pick_in_commit_message
23.05.6,761ee326d7e0c9be4569ec1428816c008a202757,6549a711be6cb9788aaaec6d31e3396b21893163,dropbear: cherry-pick upstream patches,CVE-2023-36328,dropbear,explicit_CVE_in_commit_message,unreviewed,ath79/generic,dropbear,2022.82-6,research-os/data/openwrt-v2-snapshots/releases/23.05.6/ath79_generic/openwrt-23.05.6-ath79-generic.manifest,explicit_backport_or_cherry_pick_in_commit_message
23.05.6,761ee326d7e0c9be4569ec1428816c008a202757,6549a711be6cb9788aaaec6d31e3396b21893163,dropbear: cherry-pick upstream patches,CVE-2023-36328,dropbear,explicit_CVE_in_commit_message,unreviewed,x86/64,dropbear,2022.82-6,research-os/data/openwrt-v2-snapshots/releases/23.05.6/x86_64/openwrt-23.05.6-x86-64.manifest,explicit_backport_or_cherry_pick_in_commit_message
23.05.6,761ee326d7e0c9be4569ec1428816c008a202757,6549a711be6cb9788aaaec6d31e3396b21893163,dropbear: cherry-pick upstream patches,CVE-2023-48795,dropbear,explicit_CVE_in_commit_message,unreviewed,ath79/generic,dropbear,2022.82-6,research-os/data/openwrt-v2-snapshots/releases/23.05.6/ath79_generic/openwrt-23.05.6-ath79-generic.manifest,explicit_backport_or_cherry_pick_in_commit_message
23.05.6,761ee326d7e0c9be4569ec1428816c008a202757,6549a711be6cb9788aaaec6d31e3396b21893163,dropbear: cherry-pick upstream patches,CVE-2023-48795,dropbear,explicit_CVE_in_commit_message,unreviewed,x86/64,dropbear,2022.82-6,research-os/data/openwrt-v2-snapshots/releases/23.05.6/x86_64/openwrt-23.05.6-x86-64.manifest,explicit_backport_or_cherry_pick_in_commit_message
23.05.6,761ee326d7e0c9be4569ec1428816c008a202757,6713fe030fca32fc3d5ad9761f3b2f96501aedd6,busybox: update to 1.33.1,CVE-2021-28831,busybox,explicit_CVE_in_commit_message,unreviewed,ath79/generic,busybox,1.36.1-1,research-os/data/openwrt-v2-snapshots/releases/23.05.6/ath79_generic/openwrt-23.05.6-ath79-generic.manifest,explicit_backport_or_cherry_pick_in_commit_message
23.05.6,761ee326d7e0c9be4569ec1428816c008a202757,6713fe030fca32fc3d5ad9761f3b2f96501aedd6,busybox: update to 1.33.1,CVE-2021-28831,busybox,explicit_CVE_in_commit_message,unreviewed,x86/64,busybox,1.36.1-1,research-os/data/openwrt-v2-snapshots/releases/23.05.6/x86_64/openwrt-23.05.6-x86-64.manifest,explicit_backport_or_cherry_pick_in_commit_message
23.05.6,761ee326d7e0c9be4569ec1428816c008a202757,7c0a2bc93077f52c033e406864b34af3a4fab245,busybox: backport cve-2017-16544 fix,CVE-2017-16544,busybox,explicit_CVE_in_commit_message,unreviewed,ath79/generic,busybox,1.36.1-1,research-os/data/openwrt-v2-snapshots/releases/23.05.6/ath79_generic/openwrt-23.05.6-ath79-generic.manifest,explicit_backport_or_cherry_pick_in_commit_message
23.05.6,761ee326d7e0c9be4569ec1428816c008a202757,7c0a2bc93077f52c033e406864b34af3a4fab245,busybox: backport cve-2017-16544 fix,CVE-2017-16544,busybox,explicit_CVE_in_commit_message,unreviewed,x86/64,busybox,1.36.1-1,research-os/data/openwrt-v2-snapshots/releases/23.05.6/x86_64/openwrt-23.05.6-x86-64.manifest,explicit_backport_or_cherry_pick_in_commit_message
23.05.6,761ee326d7e0c9be4569ec1428816c008a202757,7c0a2bc93077f52c033e406864b34af3a4fab245,busybox: backport cve-2017-16544 fix,CVE-2017-16544,busybox,explicit_CVE_in_commit_message,unreviewed,ath79/generic,busybox,1.36.1-1,research-os/data/openwrt-v2-snapshots/releases/23.05.6/ath79_generic/openwrt-23.05.6-ath79-generic.manifest,explicit_backport_or_cherry_pick_in_commit_message
23.05.6,761ee326d7e0c9be4569ec1428816c008a202757,7c0a2bc93077f52c033e406864b34af3a4fab245,busybox: backport cve-2017-16544 fix,CVE-2017-16544,busybox,explicit_CVE_in_commit_message,unreviewed,x86/64,busybox,1.36.1-1,research-os/data/openwrt-v2-snapshots/releases/23.05.6/x86_64/openwrt-23.05.6-x86-64.manifest,explicit_backport_or_cherry_pick_in_commit_message
23.05.6,761ee326d7e0c9be4569ec1428816c008a202757,88ba41453dbc65e1d5d596073d66bdf2e59a43a1,kernel: bump 4.14 to 4.14.20,CVE-2017-8824,kernel,explicit_CVE_in_commit_message,unreviewed,ath79/generic,kernel,5.15.189-1-08472e4058c44b683bc720c4c463d58c,research-os/data/openwrt-v2-snapshots/releases/23.05.6/ath79_generic/openwrt-23.05.6-ath79-generic.manifest,explicit_backport_or_cherry_pick_in_commit_message
23.05.6,761ee326d7e0c9be4569ec1428816c008a202757,88ba41453dbc65e1d5d596073d66bdf2e59a43a1,kernel: bump 4.14 to 4.14.20,CVE-2017-8824,kernel,explicit_CVE_in_commit_message,unreviewed,x86/64,kernel,5.15.189-1-2754d960da6d6f582d53be94c2d49b0e,research-os/data/openwrt-v2-snapshots/releases/23.05.6/x86_64/openwrt-23.05.6-x86-64.manifest,explicit_backport_or_cherry_pick_in_commit_message
23.05.6,761ee326d7e0c9be4569ec1428816c008a202757,9a753c49ea7053f3592f9ec1ce9d97882edb332d,dnsmasq: backport official fix for CVE-2017-13704,CVE-2017-13704,dnsmasq,explicit_CVE_in_commit_message,unreviewed,ath79/generic,dnsmasq,2.90-2,research-os/data/openwrt-v2-snapshots/releases/23.05.6/ath79_generic/openwrt-23.05.6-ath79-generic.manifest,explicit_backport_or_cherry_pick_in_commit_message
23.05.6,761ee326d7e0c9be4569ec1428816c008a202757,9a753c49ea7053f3592f9ec1ce9d97882edb332d,dnsmasq: backport official fix for CVE-2017-13704,CVE-2017-13704,dnsmasq,explicit_CVE_in_commit_message,unreviewed,x86/64,dnsmasq,2.90-2,research-os/data/openwrt-v2-snapshots/releases/23.05.6/x86_64/openwrt-23.05.6-x86-64.manifest,explicit_backport_or_cherry_pick_in_commit_message
23.05.6,761ee326d7e0c9be4569ec1428816c008a202757,a3198061f80a7f3933810cd99206b085e4cf49f9,dnsmasq: backport dnssec security fix,CVE-2017-15107,dnsmasq,explicit_CVE_in_commit_message,unreviewed,ath79/generic,dnsmasq,2.90-2,research-os/data/openwrt-v2-snapshots/releases/23.05.6/ath79_generic/openwrt-23.05.6-ath79-generic.manifest,explicit_backport_or_cherry_pick_in_commit_message
23.05.6,761ee326d7e0c9be4569ec1428816c008a202757,a3198061f80a7f3933810cd99206b085e4cf49f9,dnsmasq: backport dnssec security fix,CVE-2017-15107,dnsmasq,explicit_CVE_in_commit_message,unreviewed,x86/64,dnsmasq,2.90-2,research-os/data/openwrt-v2-snapshots/releases/23.05.6/x86_64/openwrt-23.05.6-x86-64.manifest,explicit_backport_or_cherry_pick_in_commit_message
23.05.6,761ee326d7e0c9be4569ec1428816c008a202757,adaf1cbcc8b253ea807dbe0416b4b04c33dceadf,dnsmasq: backport validation fix in dnssec security fix,CVE-2017-15107,dnsmasq,explicit_CVE_in_commit_message,unreviewed,ath79/generic,dnsmasq,2.90-2,research-os/data/openwrt-v2-snapshots/releases/23.05.6/ath79_generic/openwrt-23.05.6-ath79-generic.manifest,explicit_backport_or_cherry_pick_in_commit_message
23.05.6,761ee326d7e0c9be4569ec1428816c008a202757,adaf1cbcc8b253ea807dbe0416b4b04c33dceadf,dnsmasq: backport validation fix in dnssec security fix,CVE-2017-15107,dnsmasq,explicit_CVE_in_commit_message,unreviewed,x86/64,dnsmasq,2.90-2,research-os/data/openwrt-v2-snapshots/releases/23.05.6/x86_64/openwrt-23.05.6-x86-64.manifest,explicit_backport_or_cherry_pick_in_commit_message
23.05.6,761ee326d7e0c9be4569ec1428816c008a202757,b547ab3143e5f9116c19698292d1bd9e08feda3e,kernel: bump kernel 4.9 to version 4.9.120,CVE-2018-3620,kernel,explicit_CVE_in_commit_message,unreviewed,ath79/generic,kernel,5.15.189-1-08472e4058c44b683bc720c4c463d58c,research-os/data/openwrt-v2-snapshots/releases/23.05.6/ath79_generic/openwrt-23.05.6-ath79-generic.manifest,explicit_backport_or_cherry_pick_in_commit_message
23.05.6,761ee326d7e0c9be4569ec1428816c008a202757,b547ab3143e5f9116c19698292d1bd9e08feda3e,kernel: bump kernel 4.9 to version 4.9.120,CVE-2018-3620,kernel,explicit_CVE_in_commit_message,unreviewed,x86/64,kernel,5.15.189-1-2754d960da6d6f582d53be94c2d49b0e,research-os/data/openwrt-v2-snapshots/releases/23.05.6/x86_64/openwrt-23.05.6-x86-64.manifest,explicit_backport_or_cherry_pick_in_commit_message
23.05.6,761ee326d7e0c9be4569ec1428816c008a202757,b547ab3143e5f9116c19698292d1bd9e08feda3e,kernel: bump kernel 4.9 to version 4.9.120,CVE-2018-3646,kernel,explicit_CVE_in_commit_message,unreviewed,ath79/generic,kernel,5.15.189-1-08472e4058c44b683bc720c4c463d58c,research-os/data/openwrt-v2-snapshots/releases/23.05.6/ath79_generic/openwrt-23.05.6-ath79-generic.manifest,explicit_backport_or_cherry_pick_in_commit_message
23.05.6,761ee326d7e0c9be4569ec1428816c008a202757,b547ab3143e5f9116c19698292d1bd9e08feda3e,kernel: bump kernel 4.9 to version 4.9.120,CVE-2018-3646,kernel,explicit_CVE_in_commit_message,unreviewed,x86/64,kernel,5.15.189-1-2754d960da6d6f582d53be94c2d49b0e,research-os/data/openwrt-v2-snapshots/releases/23.05.6/x86_64/openwrt-23.05.6-x86-64.manifest,explicit_backport_or_cherry_pick_in_commit_message
23.05.6,761ee326d7e0c9be4569ec1428816c008a202757,d8565a06dc01b55ed1018d571e655c122b9d2a33,kernel: bump 4.9 to 4.9.77,CVE-2017-1000410,kernel,explicit_CVE_in_commit_message,unreviewed,ath79/generic,kernel,5.15.189-1-08472e4058c44b683bc720c4c463d58c,research-os/data/openwrt-v2-snapshots/releases/23.05.6/ath79_generic/openwrt-23.05.6-ath79-generic.manifest,explicit_backport_or_cherry_pick_in_commit_message
23.05.6,761ee326d7e0c9be4569ec1428816c008a202757,d8565a06dc01b55ed1018d571e655c122b9d2a33,kernel: bump 4.9 to 4.9.77,CVE-2017-1000410,kernel,explicit_CVE_in_commit_message,unreviewed,x86/64,kernel,5.15.189-1-2754d960da6d6f582d53be94c2d49b0e,research-os/data/openwrt-v2-snapshots/releases/23.05.6/x86_64/openwrt-23.05.6-x86-64.manifest,explicit_backport_or_cherry_pick_in_commit_message
23.05.6,761ee326d7e0c9be4569ec1428816c008a202757,d8565a06dc01b55ed1018d571e655c122b9d2a33,kernel: bump 4.9 to 4.9.77,CVE-2017-17741,kernel,explicit_CVE_in_commit_message,unreviewed,ath79/generic,kernel,5.15.189-1-08472e4058c44b683bc720c4c463d58c,research-os/data/openwrt-v2-snapshots/releases/23.05.6/ath79_generic/openwrt-23.05.6-ath79-generic.manifest,explicit_backport_or_cherry_pick_in_commit_message
23.05.6,761ee326d7e0c9be4569ec1428816c008a202757,d8565a06dc01b55ed1018d571e655c122b9d2a33,kernel: bump 4.9 to 4.9.77,CVE-2017-17741,kernel,explicit_CVE_in_commit_message,unreviewed,x86/64,kernel,5.15.189-1-2754d960da6d6f582d53be94c2d49b0e,research-os/data/openwrt-v2-snapshots/releases/23.05.6/x86_64/openwrt-23.05.6-x86-64.manifest,explicit_backport_or_cherry_pick_in_commit_message
23.05.6,761ee326d7e0c9be4569ec1428816c008a202757,d8565a06dc01b55ed1018d571e655c122b9d2a33,kernel: bump 4.9 to 4.9.77,CVE-2017-5715,kernel,explicit_CVE_in_commit_message,unreviewed,ath79/generic,kernel,5.15.189-1-08472e4058c44b683bc720c4c463d58c,research-os/data/openwrt-v2-snapshots/releases/23.05.6/ath79_generic/openwrt-23.05.6-ath79-generic.manifest,explicit_backport_or_cherry_pick_in_commit_message
23.05.6,761ee326d7e0c9be4569ec1428816c008a202757,d8565a06dc01b55ed1018d571e655c122b9d2a33,kernel: bump 4.9 to 4.9.77,CVE-2017-5715,kernel,explicit_CVE_in_commit_message,unreviewed,x86/64,kernel,5.15.189-1-2754d960da6d6f582d53be94c2d49b0e,research-os/data/openwrt-v2-snapshots/releases/23.05.6/x86_64/openwrt-23.05.6-x86-64.manifest,explicit_backport_or_cherry_pick_in_commit_message
23.05.6,761ee326d7e0c9be4569ec1428816c008a202757,d8565a06dc01b55ed1018d571e655c122b9d2a33,kernel: bump 4.9 to 4.9.77,CVE-2017-5753,kernel,explicit_CVE_in_commit_message,unreviewed,ath79/generic,kernel,5.15.189-1-08472e4058c44b683bc720c4c463d58c,research-os/data/openwrt-v2-snapshots/releases/23.05.6/ath79_generic/openwrt-23.05.6-ath79-generic.manifest,explicit_backport_or_cherry_pick_in_commit_message
23.05.6,761ee326d7e0c9be4569ec1428816c008a202757,d8565a06dc01b55ed1018d571e655c122b9d2a33,kernel: bump 4.9 to 4.9.77,CVE-2017-5753,kernel,explicit_CVE_in_commit_message,unreviewed,x86/64,kernel,5.15.189-1-2754d960da6d6f582d53be94c2d49b0e,research-os/data/openwrt-v2-snapshots/releases/23.05.6/x86_64/openwrt-23.05.6-x86-64.manifest,explicit_backport_or_cherry_pick_in_commit_message
23.05.6,761ee326d7e0c9be4569ec1428816c008a202757,f621b539512e5b6c83dd2de1bc2dba06e40cd7ea,kernel: bump 4.9 to 4.9.82,CVE-2017-8824,kernel,explicit_CVE_in_commit_message,unreviewed,ath79/generic,kernel,5.15.189-1-08472e4058c44b683bc720c4c463d58c,research-os/data/openwrt-v2-snapshots/releases/23.05.6/ath79_generic/openwrt-23.05.6-ath79-generic.manifest,explicit_backport_or_cherry_pick_in_commit_message
23.05.6,761ee326d7e0c9be4569ec1428816c008a202757,f621b539512e5b6c83dd2de1bc2dba06e40cd7ea,kernel: bump 4.9 to 4.9.82,CVE-2017-8824,kernel,explicit_CVE_in_commit_message,unreviewed,x86/64,kernel,5.15.189-1-2754d960da6d6f582d53be94c2d49b0e,research-os/data/openwrt-v2-snapshots/releases/23.05.6/x86_64/openwrt-23.05.6-x86-64.manifest,explicit_backport_or_cherry_pick_in_commit_message
23.05.6,761ee326d7e0c9be4569ec1428816c008a202757,fefe1da440eede8dfaa23975c30ae2f6fcac744d,kernel: backport upstream fix for CVE-2018-5390,CVE-2018-5390,kernel,explicit_CVE_in_commit_message,unreviewed,ath79/generic,kernel,5.15.189-1-08472e4058c44b683bc720c4c463d58c,research-os/data/openwrt-v2-snapshots/releases/23.05.6/ath79_generic/openwrt-23.05.6-ath79-generic.manifest,explicit_backport_or_cherry_pick_in_commit_message
23.05.6,761ee326d7e0c9be4569ec1428816c008a202757,fefe1da440eede8dfaa23975c30ae2f6fcac744d,kernel: backport upstream fix for CVE-2018-5390,CVE-2018-5390,kernel,explicit_CVE_in_commit_message,unreviewed,x86/64,kernel,5.15.189-1-2754d960da6d6f582d53be94c2d49b0e,research-os/data/openwrt-v2-snapshots/releases/23.05.6/x86_64/openwrt-23.05.6-x86-64.manifest,explicit_backport_or_cherry_pick_in_commit_message
24.10.0,1fad1b4965dc6f4e5f4ba7b9605987f443a4c276,002a99eccd75fb653163bae0a1132bd4f494e7ad,dnsmasq: Backport DHCPv6 server fix (CVE-2022-0934),CVE-2022-0934,dnsmasq,explicit_CVE_in_commit_message,unreviewed,ath79/generic,dnsmasq,2.90-r4,research-os/data/openwrt-v2-snapshots/releases/24.10.0/ath79_generic/openwrt-24.10.0-ath79-generic.manifest,explicit_backport_or_cherry_pick_in_commit_message
24.10.0,1fad1b4965dc6f4e5f4ba7b9605987f443a4c276,002a99eccd75fb653163bae0a1132bd4f494e7ad,dnsmasq: Backport DHCPv6 server fix (CVE-2022-0934),CVE-2022-0934,dnsmasq,explicit_CVE_in_commit_message,unreviewed,x86/64,dnsmasq,2.90-r4,research-os/data/openwrt-v2-snapshots/releases/24.10.0/x86_64/openwrt-24.10.0-x86-64.manifest,explicit_backport_or_cherry_pick_in_commit_message
24.10.0,1fad1b4965dc6f4e5f4ba7b9605987f443a4c276,13397b2b95b4800fb0a29c3d483fa280d10f0eb0,busybox: backport fix for CVE-2021-28831,CVE-2021-28831,busybox,explicit_CVE_in_commit_message,unreviewed,ath79/generic,busybox,1.36.1-r2,research-os/data/openwrt-v2-snapshots/releases/24.10.0/ath79_generic/openwrt-24.10.0-ath79-generic.manifest,explicit_backport_or_cherry_pick_in_commit_message
24.10.0,1fad1b4965dc6f4e5f4ba7b9605987f443a4c276,13397b2b95b4800fb0a29c3d483fa280d10f0eb0,busybox: backport fix for CVE-2021-28831,CVE-2021-28831,busybox,explicit_CVE_in_commit_message,unreviewed,x86/64,busybox,1.36.1-r2,research-os/data/openwrt-v2-snapshots/releases/24.10.0/x86_64/openwrt-24.10.0-x86-64.manifest,explicit_backport_or_cherry_pick_in_commit_message
24.10.0,1fad1b4965dc6f4e5f4ba7b9605987f443a4c276,2211ee0037764e1c6b1576fe7a0975722cd4acdc,dropbear: backport upstream fix for CVE-2018-15599,CVE-2018-15473,dropbear,explicit_CVE_in_commit_message,unreviewed,ath79/generic,dropbear,2024.86-r1,research-os/data/openwrt-v2-snapshots/releases/24.10.0/ath79_generic/openwrt-24.10.0-ath79-generic.manifest,explicit_backport_or_cherry_pick_in_commit_message
24.10.0,1fad1b4965dc6f4e5f4ba7b9605987f443a4c276,2211ee0037764e1c6b1576fe7a0975722cd4acdc,dropbear: backport upstream fix for CVE-2018-15599,CVE-2018-15473,dropbear,explicit_CVE_in_commit_message,unreviewed,x86/64,dropbear,2024.86-r1,research-os/data/openwrt-v2-snapshots/releases/24.10.0/x86_64/openwrt-24.10.0-x86-64.manifest,explicit_backport_or_cherry_pick_in_commit_message
24.10.0,1fad1b4965dc6f4e5f4ba7b9605987f443a4c276,2211ee0037764e1c6b1576fe7a0975722cd4acdc,dropbear: backport upstream fix for CVE-2018-15599,CVE-2018-15599,dropbear,explicit_CVE_in_commit_message,unreviewed,ath79/generic,dropbear,2024.86-r1,research-os/data/openwrt-v2-snapshots/releases/24.10.0/ath79_generic/openwrt-24.10.0-ath79-generic.manifest,explicit_backport_or_cherry_pick_in_commit_message
24.10.0,1fad1b4965dc6f4e5f4ba7b9605987f443a4c276,2211ee0037764e1c6b1576fe7a0975722cd4acdc,dropbear: backport upstream fix for CVE-2018-15599,CVE-2018-15599,dropbear,explicit_CVE_in_commit_message,unreviewed,x86/64,dropbear,2024.86-r1,research-os/data/openwrt-v2-snapshots/releases/24.10.0/x86_64/openwrt-24.10.0-x86-64.manifest,explicit_backport_or_cherry_pick_in_commit_message
24.10.0,1fad1b4965dc6f4e5f4ba7b9605987f443a4c276,22b9f99b87fa1ff991180cabf02dd04d1bddce2b,kernel: bump 4.14 to 4.14.59,CVE-2018-10876,kernel,explicit_CVE_in_commit_message,unreviewed,ath79/generic,kernel,6.6.73~c2bc166c1ba350209562f87ffdd33884-r1,research-os/data/openwrt-v2-snapshots/releases/24.10.0/ath79_generic/openwrt-24.10.0-ath79-generic.manifest,explicit_backport_or_cherry_pick_in_commit_message
24.10.0,1fad1b4965dc6f4e5f4ba7b9605987f443a4c276,22b9f99b87fa1ff991180cabf02dd04d1bddce2b,kernel: bump 4.14 to 4.14.59,CVE-2018-10876,kernel,explicit_CVE_in_commit_message,unreviewed,x86/64,kernel,6.6.73~a21259e4f338051d27a6443a3a7f7f1f-r1,research-os/data/openwrt-v2-snapshots/releases/24.10.0/x86_64/openwrt-24.10.0-x86-64.manifest,explicit_backport_or_cherry_pick_in_commit_message
24.10.0,1fad1b4965dc6f4e5f4ba7b9605987f443a4c276,22b9f99b87fa1ff991180cabf02dd04d1bddce2b,kernel: bump 4.14 to 4.14.59,CVE-2018-10877,kernel,explicit_CVE_in_commit_message,unreviewed,ath79/generic,kernel,6.6.73~c2bc166c1ba350209562f87ffdd33884-r1,research-os/data/openwrt-v2-snapshots/releases/24.10.0/ath79_generic/openwrt-24.10.0-ath79-generic.manifest,explicit_backport_or_cherry_pick_in_commit_message
24.10.0,1fad1b4965dc6f4e5f4ba7b9605987f443a4c276,22b9f99b87fa1ff991180cabf02dd04d1bddce2b,kernel: bump 4.14 to 4.14.59,CVE-2018-10877,kernel,explicit_CVE_in_commit_message,unreviewed,x86/64,kernel,6.6.73~a21259e4f338051d27a6443a3a7f7f1f-r1,research-os/data/openwrt-v2-snapshots/releases/24.10.0/x86_64/openwrt-24.10.0-x86-64.manifest,explicit_backport_or_cherry_pick_in_commit_message
24.10.0,1fad1b4965dc6f4e5f4ba7b9605987f443a4c276,22b9f99b87fa1ff991180cabf02dd04d1bddce2b,kernel: bump 4.14 to 4.14.59,CVE-2018-10879,kernel,explicit_CVE_in_commit_message,unreviewed,ath79/generic,kernel,6.6.73~c2bc166c1ba350209562f87ffdd33884-r1,research-os/data/openwrt-v2-snapshots/releases/24.10.0/ath79_generic/openwrt-24.10.0-ath79-generic.manifest,explicit_backport_or_cherry_pick_in_commit_message
24.10.0,1fad1b4965dc6f4e5f4ba7b9605987f443a4c276,22b9f99b87fa1ff991180cabf02dd04d1bddce2b,kernel: bump 4.14 to 4.14.59,CVE-2018-10879,kernel,explicit_CVE_in_commit_message,unreviewed,x86/64,kernel,6.6.73~a21259e4f338051d27a6443a3a7f7f1f-r1,research-os/data/openwrt-v2-snapshots/releases/24.10.0/x86_64/openwrt-24.10.0-x86-64.manifest,explicit_backport_or_cherry_pick_in_commit_message
24.10.0,1fad1b4965dc6f4e5f4ba7b9605987f443a4c276,22b9f99b87fa1ff991180cabf02dd04d1bddce2b,kernel: bump 4.14 to 4.14.59,CVE-2018-10880,kernel,explicit_CVE_in_commit_message,unreviewed,ath79/generic,kernel,6.6.73~c2bc166c1ba350209562f87ffdd33884-r1,research-os/data/openwrt-v2-snapshots/releases/24.10.0/ath79_generic/openwrt-24.10.0-ath79-generic.manifest,explicit_backport_or_cherry_pick_in_commit_message
24.10.0,1fad1b4965dc6f4e5f4ba7b9605987f443a4c276,22b9f99b87fa1ff991180cabf02dd04d1bddce2b,kernel: bump 4.14 to 4.14.59,CVE-2018-10880,kernel,explicit_CVE_in_commit_message,unreviewed,x86/64,kernel,6.6.73~a21259e4f338051d27a6443a3a7f7f1f-r1,research-os/data/openwrt-v2-snapshots/releases/24.10.0/x86_64/openwrt-24.10.0-x86-64.manifest,explicit_backport_or_cherry_pick_in_commit_message
24.10.0,1fad1b4965dc6f4e5f4ba7b9605987f443a4c276,22b9f99b87fa1ff991180cabf02dd04d1bddce2b,kernel: bump 4.14 to 4.14.59,CVE-2018-10881,kernel,explicit_CVE_in_commit_message,unreviewed,ath79/generic,kernel,6.6.73~c2bc166c1ba350209562f87ffdd33884-r1,research-os/data/openwrt-v2-snapshots/releases/24.10.0/ath79_generic/openwrt-24.10.0-ath79-generic.manifest,explicit_backport_or_cherry_pick_in_commit_message
24.10.0,1fad1b4965dc6f4e5f4ba7b9605987f443a4c276,22b9f99b87fa1ff991180cabf02dd04d1bddce2b,kernel: bump 4.14 to 4.14.59,CVE-2018-10881,kernel,explicit_CVE_in_commit_message,unreviewed,x86/64,kernel,6.6.73~a21259e4f338051d27a6443a3a7f7f1f-r1,research-os/data/openwrt-v2-snapshots/releases/24.10.0/x86_64/openwrt-24.10.0-x86-64.manifest,explicit_backport_or_cherry_pick_in_commit_message
24.10.0,1fad1b4965dc6f4e5f4ba7b9605987f443a4c276,22b9f99b87fa1ff991180cabf02dd04d1bddce2b,kernel: bump 4.14 to 4.14.59,CVE-2018-10882,kernel,explicit_CVE_in_commit_message,unreviewed,ath79/generic,kernel,6.6.73~c2bc166c1ba350209562f87ffdd33884-r1,research-os/data/openwrt-v2-snapshots/releases/24.10.0/ath79_generic/openwrt-24.10.0-ath79-generic.manifest,explicit_backport_or_cherry_pick_in_commit_message
24.10.0,1fad1b4965dc6f4e5f4ba7b9605987f443a4c276,22b9f99b87fa1ff991180cabf02dd04d1bddce2b,kernel: bump 4.14 to 4.14.59,CVE-2018-10882,kernel,explicit_CVE_in_commit_message,unreviewed,x86/64,kernel,6.6.73~a21259e4f338051d27a6443a3a7f7f1f-r1,research-os/data/openwrt-v2-snapshots/releases/24.10.0/x86_64/openwrt-24.10.0-x86-64.manifest,explicit_backport_or_cherry_pick_in_commit_message
24.10.0,1fad1b4965dc6f4e5f4ba7b9605987f443a4c276,22b9f99b87fa1ff991180cabf02dd04d1bddce2b,kernel: bump 4.14 to 4.14.59,CVE-2018-10883,kernel,explicit_CVE_in_commit_message,unreviewed,ath79/generic,kernel,6.6.73~c2bc166c1ba350209562f87ffdd33884-r1,research-os/data/openwrt-v2-snapshots/releases/24.10.0/ath79_generic/openwrt-24.10.0-ath79-generic.manifest,explicit_backport_or_cherry_pick_in_commit_message
24.10.0,1fad1b4965dc6f4e5f4ba7b9605987f443a4c276,22b9f99b87fa1ff991180cabf02dd04d1bddce2b,kernel: bump 4.14 to 4.14.59,CVE-2018-10883,kernel,explicit_CVE_in_commit_message,unreviewed,x86/64,kernel,6.6.73~a21259e4f338051d27a6443a3a7f7f1f-r1,research-os/data/openwrt-v2-snapshots/releases/24.10.0/x86_64/openwrt-24.10.0-x86-64.manifest,explicit_backport_or_cherry_pick_in_commit_message
24.10.0,1fad1b4965dc6f4e5f4ba7b9605987f443a4c276,35890514bb191de3ab96dcd684714850a9142efc,ppp: backport security fixes,CVE-2020-8597,ppp,explicit_CVE_in_commit_message,unreviewed,ath79/generic,ppp,2.5.1-r1,research-os/data/openwrt-v2-snapshots/releases/24.10.0/ath79_generic/openwrt-24.10.0-ath79-generic.manifest,explicit_backport_or_cherry_pick_in_commit_message
24.10.0,1fad1b4965dc6f4e5f4ba7b9605987f443a4c276,35890514bb191de3ab96dcd684714850a9142efc,ppp: backport security fixes,CVE-2020-8597,ppp,explicit_CVE_in_commit_message,unreviewed,x86/64,ppp,2.5.1-r1,research-os/data/openwrt-v2-snapshots/releases/24.10.0/x86_64/openwrt-24.10.0-x86-64.manifest,explicit_backport_or_cherry_pick_in_commit_message
24.10.0,1fad1b4965dc6f4e5f4ba7b9605987f443a4c276,3c2c31bb66e5b247ffbb3cafac2a21d441daef39,kernel: backport upstream challenge ACK fix (CVE-2016-5696),CVE-2016-5696,kernel,explicit_CVE_in_commit_message,unreviewed,ath79/generic,kernel,6.6.73~c2bc166c1ba350209562f87ffdd33884-r1,research-os/data/openwrt-v2-snapshots/releases/24.10.0/ath79_generic/openwrt-24.10.0-ath79-generic.manifest,explicit_backport_or_cherry_pick_in_commit_message
24.10.0,1fad1b4965dc6f4e5f4ba7b9605987f443a4c276,3c2c31bb66e5b247ffbb3cafac2a21d441daef39,kernel: backport upstream challenge ACK fix (CVE-2016-5696),CVE-2016-5696,kernel,explicit_CVE_in_commit_message,unreviewed,x86/64,kernel,6.6.73~a21259e4f338051d27a6443a3a7f7f1f-r1,research-os/data/openwrt-v2-snapshots/releases/24.10.0/x86_64/openwrt-24.10.0-x86-64.manifest,explicit_backport_or_cherry_pick_in_commit_message
24.10.0,1fad1b4965dc6f4e5f4ba7b9605987f443a4c276,6713fe030fca32fc3d5ad9761f3b2f96501aedd6,busybox: update to 1.33.1,CVE-2021-28831,busybox,explicit_CVE_in_commit_message,unreviewed,ath79/generic,busybox,1.36.1-r2,research-os/data/openwrt-v2-snapshots/releases/24.10.0/ath79_generic/openwrt-24.10.0-ath79-generic.manifest,explicit_backport_or_cherry_pick_in_commit_message
24.10.0,1fad1b4965dc6f4e5f4ba7b9605987f443a4c276,6713fe030fca32fc3d5ad9761f3b2f96501aedd6,busybox: update to 1.33.1,CVE-2021-28831,busybox,explicit_CVE_in_commit_message,unreviewed,x86/64,busybox,1.36.1-r2,research-os/data/openwrt-v2-snapshots/releases/24.10.0/x86_64/openwrt-24.10.0-x86-64.manifest,explicit_backport_or_cherry_pick_in_commit_message
24.10.0,1fad1b4965dc6f4e5f4ba7b9605987f443a4c276,7c0a2bc93077f52c033e406864b34af3a4fab245,busybox: backport cve-2017-16544 fix,CVE-2017-16544,busybox,explicit_CVE_in_commit_message,unreviewed,ath79/generic,busybox,1.36.1-r2,research-os/data/openwrt-v2-snapshots/releases/24.10.0/ath79_generic/openwrt-24.10.0-ath79-generic.manifest,explicit_backport_or_cherry_pick_in_commit_message
24.10.0,1fad1b4965dc6f4e5f4ba7b9605987f443a4c276,7c0a2bc93077f52c033e406864b34af3a4fab245,busybox: backport cve-2017-16544 fix,CVE-2017-16544,busybox,explicit_CVE_in_commit_message,unreviewed,x86/64,busybox,1.36.1-r2,research-os/data/openwrt-v2-snapshots/releases/24.10.0/x86_64/openwrt-24.10.0-x86-64.manifest,explicit_backport_or_cherry_pick_in_commit_message
24.10.0,1fad1b4965dc6f4e5f4ba7b9605987f443a4c276,7c0a2bc93077f52c033e406864b34af3a4fab245,busybox: backport cve-2017-16544 fix,CVE-2017-16544,busybox,explicit_CVE_in_commit_message,unreviewed,ath79/generic,busybox,1.36.1-r2,research-os/data/openwrt-v2-snapshots/releases/24.10.0/ath79_generic/openwrt-24.10.0-ath79-generic.manifest,explicit_backport_or_cherry_pick_in_commit_message
24.10.0,1fad1b4965dc6f4e5f4ba7b9605987f443a4c276,7c0a2bc93077f52c033e406864b34af3a4fab245,busybox: backport cve-2017-16544 fix,CVE-2017-16544,busybox,explicit_CVE_in_commit_message,unreviewed,x86/64,busybox,1.36.1-r2,research-os/data/openwrt-v2-snapshots/releases/24.10.0/x86_64/openwrt-24.10.0-x86-64.manifest,explicit_backport_or_cherry_pick_in_commit_message
24.10.0,1fad1b4965dc6f4e5f4ba7b9605987f443a4c276,88ba41453dbc65e1d5d596073d66bdf2e59a43a1,kernel: bump 4.14 to 4.14.20,CVE-2017-8824,kernel,explicit_CVE_in_commit_message,unreviewed,ath79/generic,kernel,6.6.73~c2bc166c1ba350209562f87ffdd33884-r1,research-os/data/openwrt-v2-snapshots/releases/24.10.0/ath79_generic/openwrt-24.10.0-ath79-generic.manifest,explicit_backport_or_cherry_pick_in_commit_message
24.10.0,1fad1b4965dc6f4e5f4ba7b9605987f443a4c276,88ba41453dbc65e1d5d596073d66bdf2e59a43a1,kernel: bump 4.14 to 4.14.20,CVE-2017-8824,kernel,explicit_CVE_in_commit_message,unreviewed,x86/64,kernel,6.6.73~a21259e4f338051d27a6443a3a7f7f1f-r1,research-os/data/openwrt-v2-snapshots/releases/24.10.0/x86_64/openwrt-24.10.0-x86-64.manifest,explicit_backport_or_cherry_pick_in_commit_message
24.10.0,1fad1b4965dc6f4e5f4ba7b9605987f443a4c276,9a753c49ea7053f3592f9ec1ce9d97882edb332d,dnsmasq: backport official fix for CVE-2017-13704,CVE-2017-13704,dnsmasq,explicit_CVE_in_commit_message,unreviewed,ath79/generic,dnsmasq,2.90-r4,research-os/data/openwrt-v2-snapshots/releases/24.10.0/ath79_generic/openwrt-24.10.0-ath79-generic.manifest,explicit_backport_or_cherry_pick_in_commit_message
24.10.0,1fad1b4965dc6f4e5f4ba7b9605987f443a4c276,9a753c49ea7053f3592f9ec1ce9d97882edb332d,dnsmasq: backport official fix for CVE-2017-13704,CVE-2017-13704,dnsmasq,explicit_CVE_in_commit_message,unreviewed,x86/64,dnsmasq,2.90-r4,research-os/data/openwrt-v2-snapshots/releases/24.10.0/x86_64/openwrt-24.10.0-x86-64.manifest,explicit_backport_or_cherry_pick_in_commit_message
24.10.0,1fad1b4965dc6f4e5f4ba7b9605987f443a4c276,a3198061f80a7f3933810cd99206b085e4cf49f9,dnsmasq: backport dnssec security fix,CVE-2017-15107,dnsmasq,explicit_CVE_in_commit_message,unreviewed,ath79/generic,dnsmasq,2.90-r4,research-os/data/openwrt-v2-snapshots/releases/24.10.0/ath79_generic/openwrt-24.10.0-ath79-generic.manifest,explicit_backport_or_cherry_pick_in_commit_message
24.10.0,1fad1b4965dc6f4e5f4ba7b9605987f443a4c276,a3198061f80a7f3933810cd99206b085e4cf49f9,dnsmasq: backport dnssec security fix,CVE-2017-15107,dnsmasq,explicit_CVE_in_commit_message,unreviewed,x86/64,dnsmasq,2.90-r4,research-os/data/openwrt-v2-snapshots/releases/24.10.0/x86_64/openwrt-24.10.0-x86-64.manifest,explicit_backport_or_cherry_pick_in_commit_message
24.10.0,1fad1b4965dc6f4e5f4ba7b9605987f443a4c276,adaf1cbcc8b253ea807dbe0416b4b04c33dceadf,dnsmasq: backport validation fix in dnssec security fix,CVE-2017-15107,dnsmasq,explicit_CVE_in_commit_message,unreviewed,ath79/generic,dnsmasq,2.90-r4,research-os/data/openwrt-v2-snapshots/releases/24.10.0/ath79_generic/openwrt-24.10.0-ath79-generic.manifest,explicit_backport_or_cherry_pick_in_commit_message
24.10.0,1fad1b4965dc6f4e5f4ba7b9605987f443a4c276,adaf1cbcc8b253ea807dbe0416b4b04c33dceadf,dnsmasq: backport validation fix in dnssec security fix,CVE-2017-15107,dnsmasq,explicit_CVE_in_commit_message,unreviewed,x86/64,dnsmasq,2.90-r4,research-os/data/openwrt-v2-snapshots/releases/24.10.0/x86_64/openwrt-24.10.0-x86-64.manifest,explicit_backport_or_cherry_pick_in_commit_message
24.10.0,1fad1b4965dc6f4e5f4ba7b9605987f443a4c276,b547ab3143e5f9116c19698292d1bd9e08feda3e,kernel: bump kernel 4.9 to version 4.9.120,CVE-2018-3620,kernel,explicit_CVE_in_commit_message,unreviewed,ath79/generic,kernel,6.6.73~c2bc166c1ba350209562f87ffdd33884-r1,research-os/data/openwrt-v2-snapshots/releases/24.10.0/ath79_generic/openwrt-24.10.0-ath79-generic.manifest,explicit_backport_or_cherry_pick_in_commit_message
24.10.0,1fad1b4965dc6f4e5f4ba7b9605987f443a4c276,b547ab3143e5f9116c19698292d1bd9e08feda3e,kernel: bump kernel 4.9 to version 4.9.120,CVE-2018-3620,kernel,explicit_CVE_in_commit_message,unreviewed,x86/64,kernel,6.6.73~a21259e4f338051d27a6443a3a7f7f1f-r1,research-os/data/openwrt-v2-snapshots/releases/24.10.0/x86_64/openwrt-24.10.0-x86-64.manifest,explicit_backport_or_cherry_pick_in_commit_message
24.10.0,1fad1b4965dc6f4e5f4ba7b9605987f443a4c276,b547ab3143e5f9116c19698292d1bd9e08feda3e,kernel: bump kernel 4.9 to version 4.9.120,CVE-2018-3646,kernel,explicit_CVE_in_commit_message,unreviewed,ath79/generic,kernel,6.6.73~c2bc166c1ba350209562f87ffdd33884-r1,research-os/data/openwrt-v2-snapshots/releases/24.10.0/ath79_generic/openwrt-24.10.0-ath79-generic.manifest,explicit_backport_or_cherry_pick_in_commit_message
24.10.0,1fad1b4965dc6f4e5f4ba7b9605987f443a4c276,b547ab3143e5f9116c19698292d1bd9e08feda3e,kernel: bump kernel 4.9 to version 4.9.120,CVE-2018-3646,kernel,explicit_CVE_in_commit_message,unreviewed,x86/64,kernel,6.6.73~a21259e4f338051d27a6443a3a7f7f1f-r1,research-os/data/openwrt-v2-snapshots/releases/24.10.0/x86_64/openwrt-24.10.0-x86-64.manifest,explicit_backport_or_cherry_pick_in_commit_message
24.10.0,1fad1b4965dc6f4e5f4ba7b9605987f443a4c276,b5cde260487eae86db1661a53e5e5e0823936aab,dropbear: cherry-pick upstream patches,CVE-2023-36328,dropbear,explicit_CVE_in_commit_message,unreviewed,ath79/generic,dropbear,2024.86-r1,research-os/data/openwrt-v2-snapshots/releases/24.10.0/ath79_generic/openwrt-24.10.0-ath79-generic.manifest,explicit_backport_or_cherry_pick_in_commit_message
24.10.0,1fad1b4965dc6f4e5f4ba7b9605987f443a4c276,b5cde260487eae86db1661a53e5e5e0823936aab,dropbear: cherry-pick upstream patches,CVE-2023-36328,dropbear,explicit_CVE_in_commit_message,unreviewed,x86/64,dropbear,2024.86-r1,research-os/data/openwrt-v2-snapshots/releases/24.10.0/x86_64/openwrt-24.10.0-x86-64.manifest,explicit_backport_or_cherry_pick_in_commit_message
24.10.0,1fad1b4965dc6f4e5f4ba7b9605987f443a4c276,b5cde260487eae86db1661a53e5e5e0823936aab,dropbear: cherry-pick upstream patches,CVE-2023-48795,dropbear,explicit_CVE_in_commit_message,unreviewed,ath79/generic,dropbear,2024.86-r1,research-os/data/openwrt-v2-snapshots/releases/24.10.0/ath79_generic/openwrt-24.10.0-ath79-generic.manifest,explicit_backport_or_cherry_pick_in_commit_message
24.10.0,1fad1b4965dc6f4e5f4ba7b9605987f443a4c276,b5cde260487eae86db1661a53e5e5e0823936aab,dropbear: cherry-pick upstream patches,CVE-2023-48795,dropbear,explicit_CVE_in_commit_message,unreviewed,x86/64,dropbear,2024.86-r1,research-os/data/openwrt-v2-snapshots/releases/24.10.0/x86_64/openwrt-24.10.0-x86-64.manifest,explicit_backport_or_cherry_pick_in_commit_message
24.10.0,1fad1b4965dc6f4e5f4ba7b9605987f443a4c276,d8565a06dc01b55ed1018d571e655c122b9d2a33,kernel: bump 4.9 to 4.9.77,CVE-2017-1000410,kernel,explicit_CVE_in_commit_message,unreviewed,ath79/generic,kernel,6.6.73~c2bc166c1ba350209562f87ffdd33884-r1,research-os/data/openwrt-v2-snapshots/releases/24.10.0/ath79_generic/openwrt-24.10.0-ath79-generic.manifest,explicit_backport_or_cherry_pick_in_commit_message
24.10.0,1fad1b4965dc6f4e5f4ba7b9605987f443a4c276,d8565a06dc01b55ed1018d571e655c122b9d2a33,kernel: bump 4.9 to 4.9.77,CVE-2017-1000410,kernel,explicit_CVE_in_commit_message,unreviewed,x86/64,kernel,6.6.73~a21259e4f338051d27a6443a3a7f7f1f-r1,research-os/data/openwrt-v2-snapshots/releases/24.10.0/x86_64/openwrt-24.10.0-x86-64.manifest,explicit_backport_or_cherry_pick_in_commit_message
24.10.0,1fad1b4965dc6f4e5f4ba7b9605987f443a4c276,d8565a06dc01b55ed1018d571e655c122b9d2a33,kernel: bump 4.9 to 4.9.77,CVE-2017-17741,kernel,explicit_CVE_in_commit_message,unreviewed,ath79/generic,kernel,6.6.73~c2bc166c1ba350209562f87ffdd33884-r1,research-os/data/openwrt-v2-snapshots/releases/24.10.0/ath79_generic/openwrt-24.10.0-ath79-generic.manifest,explicit_backport_or_cherry_pick_in_commit_message
24.10.0,1fad1b4965dc6f4e5f4ba7b9605987f443a4c276,d8565a06dc01b55ed1018d571e655c122b9d2a33,kernel: bump 4.9 to 4.9.77,CVE-2017-17741,kernel,explicit_CVE_in_commit_message,unreviewed,x86/64,kernel,6.6.73~a21259e4f338051d27a6443a3a7f7f1f-r1,research-os/data/openwrt-v2-snapshots/releases/24.10.0/x86_64/openwrt-24.10.0-x86-64.manifest,explicit_backport_or_cherry_pick_in_commit_message
24.10.0,1fad1b4965dc6f4e5f4ba7b9605987f443a4c276,d8565a06dc01b55ed1018d571e655c122b9d2a33,kernel: bump 4.9 to 4.9.77,CVE-2017-5715,kernel,explicit_CVE_in_commit_message,unreviewed,ath79/generic,kernel,6.6.73~c2bc166c1ba350209562f87ffdd33884-r1,research-os/data/openwrt-v2-snapshots/releases/24.10.0/ath79_generic/openwrt-24.10.0-ath79-generic.manifest,explicit_backport_or_cherry_pick_in_commit_message
24.10.0,1fad1b4965dc6f4e5f4ba7b9605987f443a4c276,d8565a06dc01b55ed1018d571e655c122b9d2a33,kernel: bump 4.9 to 4.9.77,CVE-2017-5715,kernel,explicit_CVE_in_commit_message,unreviewed,x86/64,kernel,6.6.73~a21259e4f338051d27a6443a3a7f7f1f-r1,research-os/data/openwrt-v2-snapshots/releases/24.10.0/x86_64/openwrt-24.10.0-x86-64.manifest,explicit_backport_or_cherry_pick_in_commit_message
24.10.0,1fad1b4965dc6f4e5f4ba7b9605987f443a4c276,d8565a06dc01b55ed1018d571e655c122b9d2a33,kernel: bump 4.9 to 4.9.77,CVE-2017-5753,kernel,explicit_CVE_in_commit_message,unreviewed,ath79/generic,kernel,6.6.73~c2bc166c1ba350209562f87ffdd33884-r1,research-os/data/openwrt-v2-snapshots/releases/24.10.0/ath79_generic/openwrt-24.10.0-ath79-generic.manifest,explicit_backport_or_cherry_pick_in_commit_message
24.10.0,1fad1b4965dc6f4e5f4ba7b9605987f443a4c276,d8565a06dc01b55ed1018d571e655c122b9d2a33,kernel: bump 4.9 to 4.9.77,CVE-2017-5753,kernel,explicit_CVE_in_commit_message,unreviewed,x86/64,kernel,6.6.73~a21259e4f338051d27a6443a3a7f7f1f-r1,research-os/data/openwrt-v2-snapshots/releases/24.10.0/x86_64/openwrt-24.10.0-x86-64.manifest,explicit_backport_or_cherry_pick_in_commit_message
24.10.0,1fad1b4965dc6f4e5f4ba7b9605987f443a4c276,f621b539512e5b6c83dd2de1bc2dba06e40cd7ea,kernel: bump 4.9 to 4.9.82,CVE-2017-8824,kernel,explicit_CVE_in_commit_message,unreviewed,ath79/generic,kernel,6.6.73~c2bc166c1ba350209562f87ffdd33884-r1,research-os/data/openwrt-v2-snapshots/releases/24.10.0/ath79_generic/openwrt-24.10.0-ath79-generic.manifest,explicit_backport_or_cherry_pick_in_commit_message
24.10.0,1fad1b4965dc6f4e5f4ba7b9605987f443a4c276,f621b539512e5b6c83dd2de1bc2dba06e40cd7ea,kernel: bump 4.9 to 4.9.82,CVE-2017-8824,kernel,explicit_CVE_in_commit_message,unreviewed,x86/64,kernel,6.6.73~a21259e4f338051d27a6443a3a7f7f1f-r1,research-os/data/openwrt-v2-snapshots/releases/24.10.0/x86_64/openwrt-24.10.0-x86-64.manifest,explicit_backport_or_cherry_pick_in_commit_message
24.10.0,1fad1b4965dc6f4e5f4ba7b9605987f443a4c276,fefe1da440eede8dfaa23975c30ae2f6fcac744d,kernel: backport upstream fix for CVE-2018-5390,CVE-2018-5390,kernel,explicit_CVE_in_commit_message,unreviewed,ath79/generic,kernel,6.6.73~c2bc166c1ba350209562f87ffdd33884-r1,research-os/data/openwrt-v2-snapshots/releases/24.10.0/ath79_generic/openwrt-24.10.0-ath79-generic.manifest,explicit_backport_or_cherry_pick_in_commit_message
24.10.0,1fad1b4965dc6f4e5f4ba7b9605987f443a4c276,fefe1da440eede8dfaa23975c30ae2f6fcac744d,kernel: backport upstream fix for CVE-2018-5390,CVE-2018-5390,kernel,explicit_CVE_in_commit_message,unreviewed,x86/64,kernel,6.6.73~a21259e4f338051d27a6443a3a7f7f1f-r1,research-os/data/openwrt-v2-snapshots/releases/24.10.0/x86_64/openwrt-24.10.0-x86-64.manifest,explicit_backport_or_cherry_pick_in_commit_message
24.10.1,d183d7bb7827a469f09bf77f2f22fd9d70ac0ed6,002a99eccd75fb653163bae0a1132bd4f494e7ad,dnsmasq: Backport DHCPv6 server fix (CVE-2022-0934),CVE-2022-0934,dnsmasq,explicit_CVE_in_commit_message,unreviewed,ath79/generic,dnsmasq,2.90-r4,research-os/data/openwrt-v2-snapshots/releases/24.10.1/ath79_generic/openwrt-24.10.1-ath79-generic.manifest,explicit_backport_or_cherry_pick_in_commit_message
24.10.1,d183d7bb7827a469f09bf77f2f22fd9d70ac0ed6,002a99eccd75fb653163bae0a1132bd4f494e7ad,dnsmasq: Backport DHCPv6 server fix (CVE-2022-0934),CVE-2022-0934,dnsmasq,explicit_CVE_in_commit_message,unreviewed,x86/64,dnsmasq,2.90-r4,research-os/data/openwrt-v2-snapshots/releases/24.10.1/x86_64/openwrt-24.10.1-x86-64.manifest,explicit_backport_or_cherry_pick_in_commit_message
24.10.1,d183d7bb7827a469f09bf77f2f22fd9d70ac0ed6,13397b2b95b4800fb0a29c3d483fa280d10f0eb0,busybox: backport fix for CVE-2021-28831,CVE-2021-28831,busybox,explicit_CVE_in_commit_message,unreviewed,ath79/generic,busybox,1.36.1-r2,research-os/data/openwrt-v2-snapshots/releases/24.10.1/ath79_generic/openwrt-24.10.1-ath79-generic.manifest,explicit_backport_or_cherry_pick_in_commit_message
24.10.1,d183d7bb7827a469f09bf77f2f22fd9d70ac0ed6,13397b2b95b4800fb0a29c3d483fa280d10f0eb0,busybox: backport fix for CVE-2021-28831,CVE-2021-28831,busybox,explicit_CVE_in_commit_message,unreviewed,x86/64,busybox,1.36.1-r2,research-os/data/openwrt-v2-snapshots/releases/24.10.1/x86_64/openwrt-24.10.1-x86-64.manifest,explicit_backport_or_cherry_pick_in_commit_message
24.10.1,d183d7bb7827a469f09bf77f2f22fd9d70ac0ed6,2211ee0037764e1c6b1576fe7a0975722cd4acdc,dropbear: backport upstream fix for CVE-2018-15599,CVE-2018-15473,dropbear,explicit_CVE_in_commit_message,unreviewed,ath79/generic,dropbear,2024.86-r1,research-os/data/openwrt-v2-snapshots/releases/24.10.1/ath79_generic/openwrt-24.10.1-ath79-generic.manifest,explicit_backport_or_cherry_pick_in_commit_message
24.10.1,d183d7bb7827a469f09bf77f2f22fd9d70ac0ed6,2211ee0037764e1c6b1576fe7a0975722cd4acdc,dropbear: backport upstream fix for CVE-2018-15599,CVE-2018-15473,dropbear,explicit_CVE_in_commit_message,unreviewed,x86/64,dropbear,2024.86-r1,research-os/data/openwrt-v2-snapshots/releases/24.10.1/x86_64/openwrt-24.10.1-x86-64.manifest,explicit_backport_or_cherry_pick_in_commit_message
24.10.1,d183d7bb7827a469f09bf77f2f22fd9d70ac0ed6,2211ee0037764e1c6b1576fe7a0975722cd4acdc,dropbear: backport upstream fix for CVE-2018-15599,CVE-2018-15599,dropbear,explicit_CVE_in_commit_message,unreviewed,ath79/generic,dropbear,2024.86-r1,research-os/data/openwrt-v2-snapshots/releases/24.10.1/ath79_generic/openwrt-24.10.1-ath79-generic.manifest,explicit_backport_or_cherry_pick_in_commit_message
24.10.1,d183d7bb7827a469f09bf77f2f22fd9d70ac0ed6,2211ee0037764e1c6b1576fe7a0975722cd4acdc,dropbear: backport upstream fix for CVE-2018-15599,CVE-2018-15599,dropbear,explicit_CVE_in_commit_message,unreviewed,x86/64,dropbear,2024.86-r1,research-os/data/openwrt-v2-snapshots/releases/24.10.1/x86_64/openwrt-24.10.1-x86-64.manifest,explicit_backport_or_cherry_pick_in_commit_message
24.10.1,d183d7bb7827a469f09bf77f2f22fd9d70ac0ed6,22b9f99b87fa1ff991180cabf02dd04d1bddce2b,kernel: bump 4.14 to 4.14.59,CVE-2018-10876,kernel,explicit_CVE_in_commit_message,unreviewed,ath79/generic,kernel,6.6.86~64576e1418bd4546fdb49285deb3b11c-r1,research-os/data/openwrt-v2-snapshots/releases/24.10.1/ath79_generic/openwrt-24.10.1-ath79-generic.manifest,explicit_backport_or_cherry_pick_in_commit_message
24.10.1,d183d7bb7827a469f09bf77f2f22fd9d70ac0ed6,22b9f99b87fa1ff991180cabf02dd04d1bddce2b,kernel: bump 4.14 to 4.14.59,CVE-2018-10876,kernel,explicit_CVE_in_commit_message,unreviewed,x86/64,kernel,6.6.86~af351158cfb5febf5155a3aa53785982-r1,research-os/data/openwrt-v2-snapshots/releases/24.10.1/x86_64/openwrt-24.10.1-x86-64.manifest,explicit_backport_or_cherry_pick_in_commit_message
24.10.1,d183d7bb7827a469f09bf77f2f22fd9d70ac0ed6,22b9f99b87fa1ff991180cabf02dd04d1bddce2b,kernel: bump 4.14 to 4.14.59,CVE-2018-10877,kernel,explicit_CVE_in_commit_message,unreviewed,ath79/generic,kernel,6.6.86~64576e1418bd4546fdb49285deb3b11c-r1,research-os/data/openwrt-v2-snapshots/releases/24.10.1/ath79_generic/openwrt-24.10.1-ath79-generic.manifest,explicit_backport_or_cherry_pick_in_commit_message
24.10.1,d183d7bb7827a469f09bf77f2f22fd9d70ac0ed6,22b9f99b87fa1ff991180cabf02dd04d1bddce2b,kernel: bump 4.14 to 4.14.59,CVE-2018-10877,kernel,explicit_CVE_in_commit_message,unreviewed,x86/64,kernel,6.6.86~af351158cfb5febf5155a3aa53785982-r1,research-os/data/openwrt-v2-snapshots/releases/24.10.1/x86_64/openwrt-24.10.1-x86-64.manifest,explicit_backport_or_cherry_pick_in_commit_message
24.10.1,d183d7bb7827a469f09bf77f2f22fd9d70ac0ed6,22b9f99b87fa1ff991180cabf02dd04d1bddce2b,kernel: bump 4.14 to 4.14.59,CVE-2018-10879,kernel,explicit_CVE_in_commit_message,unreviewed,ath79/generic,kernel,6.6.86~64576e1418bd4546fdb49285deb3b11c-r1,research-os/data/openwrt-v2-snapshots/releases/24.10.1/ath79_generic/openwrt-24.10.1-ath79-generic.manifest,explicit_backport_or_cherry_pick_in_commit_message
24.10.1,d183d7bb7827a469f09bf77f2f22fd9d70ac0ed6,22b9f99b87fa1ff991180cabf02dd04d1bddce2b,kernel: bump 4.14 to 4.14.59,CVE-2018-10879,kernel,explicit_CVE_in_commit_message,unreviewed,x86/64,kernel,6.6.86~af351158cfb5febf5155a3aa53785982-r1,research-os/data/openwrt-v2-snapshots/releases/24.10.1/x86_64/openwrt-24.10.1-x86-64.manifest,explicit_backport_or_cherry_pick_in_commit_message
24.10.1,d183d7bb7827a469f09bf77f2f22fd9d70ac0ed6,22b9f99b87fa1ff991180cabf02dd04d1bddce2b,kernel: bump 4.14 to 4.14.59,CVE-2018-10880,kernel,explicit_CVE_in_commit_message,unreviewed,ath79/generic,kernel,6.6.86~64576e1418bd4546fdb49285deb3b11c-r1,research-os/data/openwrt-v2-snapshots/releases/24.10.1/ath79_generic/openwrt-24.10.1-ath79-generic.manifest,explicit_backport_or_cherry_pick_in_commit_message
24.10.1,d183d7bb7827a469f09bf77f2f22fd9d70ac0ed6,22b9f99b87fa1ff991180cabf02dd04d1bddce2b,kernel: bump 4.14 to 4.14.59,CVE-2018-10880,kernel,explicit_CVE_in_commit_message,unreviewed,x86/64,kernel,6.6.86~af351158cfb5febf5155a3aa53785982-r1,research-os/data/openwrt-v2-snapshots/releases/24.10.1/x86_64/openwrt-24.10.1-x86-64.manifest,explicit_backport_or_cherry_pick_in_commit_message
24.10.1,d183d7bb7827a469f09bf77f2f22fd9d70ac0ed6,22b9f99b87fa1ff991180cabf02dd04d1bddce2b,kernel: bump 4.14 to 4.14.59,CVE-2018-10881,kernel,explicit_CVE_in_commit_message,unreviewed,ath79/generic,kernel,6.6.86~64576e1418bd4546fdb49285deb3b11c-r1,research-os/data/openwrt-v2-snapshots/releases/24.10.1/ath79_generic/openwrt-24.10.1-ath79-generic.manifest,explicit_backport_or_cherry_pick_in_commit_message
24.10.1,d183d7bb7827a469f09bf77f2f22fd9d70ac0ed6,22b9f99b87fa1ff991180cabf02dd04d1bddce2b,kernel: bump 4.14 to 4.14.59,CVE-2018-10881,kernel,explicit_CVE_in_commit_message,unreviewed,x86/64,kernel,6.6.86~af351158cfb5febf5155a3aa53785982-r1,research-os/data/openwrt-v2-snapshots/releases/24.10.1/x86_64/openwrt-24.10.1-x86-64.manifest,explicit_backport_or_cherry_pick_in_commit_message
24.10.1,d183d7bb7827a469f09bf77f2f22fd9d70ac0ed6,22b9f99b87fa1ff991180cabf02dd04d1bddce2b,kernel: bump 4.14 to 4.14.59,CVE-2018-10882,kernel,explicit_CVE_in_commit_message,unreviewed,ath79/generic,kernel,6.6.86~64576e1418bd4546fdb49285deb3b11c-r1,research-os/data/openwrt-v2-snapshots/releases/24.10.1/ath79_generic/openwrt-24.10.1-ath79-generic.manifest,explicit_backport_or_cherry_pick_in_commit_message
24.10.1,d183d7bb7827a469f09bf77f2f22fd9d70ac0ed6,22b9f99b87fa1ff991180cabf02dd04d1bddce2b,kernel: bump 4.14 to 4.14.59,CVE-2018-10882,kernel,explicit_CVE_in_commit_message,unreviewed,x86/64,kernel,6.6.86~af351158cfb5febf5155a3aa53785982-r1,research-os/data/openwrt-v2-snapshots/releases/24.10.1/x86_64/openwrt-24.10.1-x86-64.manifest,explicit_backport_or_cherry_pick_in_commit_message
24.10.1,d183d7bb7827a469f09bf77f2f22fd9d70ac0ed6,22b9f99b87fa1ff991180cabf02dd04d1bddce2b,kernel: bump 4.14 to 4.14.59,CVE-2018-10883,kernel,explicit_CVE_in_commit_message,unreviewed,ath79/generic,kernel,6.6.86~64576e1418bd4546fdb49285deb3b11c-r1,research-os/data/openwrt-v2-snapshots/releases/24.10.1/ath79_generic/openwrt-24.10.1-ath79-generic.manifest,explicit_backport_or_cherry_pick_in_commit_message
24.10.1,d183d7bb7827a469f09bf77f2f22fd9d70ac0ed6,22b9f99b87fa1ff991180cabf02dd04d1bddce2b,kernel: bump 4.14 to 4.14.59,CVE-2018-10883,kernel,explicit_CVE_in_commit_message,unreviewed,x86/64,kernel,6.6.86~af351158cfb5febf5155a3aa53785982-r1,research-os/data/openwrt-v2-snapshots/releases/24.10.1/x86_64/openwrt-24.10.1-x86-64.manifest,explicit_backport_or_cherry_pick_in_commit_message
24.10.1,d183d7bb7827a469f09bf77f2f22fd9d70ac0ed6,35890514bb191de3ab96dcd684714850a9142efc,ppp: backport security fixes,CVE-2020-8597,ppp,explicit_CVE_in_commit_message,unreviewed,ath79/generic,ppp,2.5.1-r1,research-os/data/openwrt-v2-snapshots/releases/24.10.1/ath79_generic/openwrt-24.10.1-ath79-generic.manifest,explicit_backport_or_cherry_pick_in_commit_message
24.10.1,d183d7bb7827a469f09bf77f2f22fd9d70ac0ed6,35890514bb191de3ab96dcd684714850a9142efc,ppp: backport security fixes,CVE-2020-8597,ppp,explicit_CVE_in_commit_message,unreviewed,x86/64,ppp,2.5.1-r1,research-os/data/openwrt-v2-snapshots/releases/24.10.1/x86_64/openwrt-24.10.1-x86-64.manifest,explicit_backport_or_cherry_pick_in_commit_message
24.10.1,d183d7bb7827a469f09bf77f2f22fd9d70ac0ed6,3c2c31bb66e5b247ffbb3cafac2a21d441daef39,kernel: backport upstream challenge ACK fix (CVE-2016-5696),CVE-2016-5696,kernel,explicit_CVE_in_commit_message,unreviewed,ath79/generic,kernel,6.6.86~64576e1418bd4546fdb49285deb3b11c-r1,research-os/data/openwrt-v2-snapshots/releases/24.10.1/ath79_generic/openwrt-24.10.1-ath79-generic.manifest,explicit_backport_or_cherry_pick_in_commit_message
24.10.1,d183d7bb7827a469f09bf77f2f22fd9d70ac0ed6,3c2c31bb66e5b247ffbb3cafac2a21d441daef39,kernel: backport upstream challenge ACK fix (CVE-2016-5696),CVE-2016-5696,kernel,explicit_CVE_in_commit_message,unreviewed,x86/64,kernel,6.6.86~af351158cfb5febf5155a3aa53785982-r1,research-os/data/openwrt-v2-snapshots/releases/24.10.1/x86_64/openwrt-24.10.1-x86-64.manifest,explicit_backport_or_cherry_pick_in_commit_message
24.10.1,d183d7bb7827a469f09bf77f2f22fd9d70ac0ed6,6713fe030fca32fc3d5ad9761f3b2f96501aedd6,busybox: update to 1.33.1,CVE-2021-28831,busybox,explicit_CVE_in_commit_message,unreviewed,ath79/generic,busybox,1.36.1-r2,research-os/data/openwrt-v2-snapshots/releases/24.10.1/ath79_generic/openwrt-24.10.1-ath79-generic.manifest,explicit_backport_or_cherry_pick_in_commit_message
24.10.1,d183d7bb7827a469f09bf77f2f22fd9d70ac0ed6,6713fe030fca32fc3d5ad9761f3b2f96501aedd6,busybox: update to 1.33.1,CVE-2021-28831,busybox,explicit_CVE_in_commit_message,unreviewed,x86/64,busybox,1.36.1-r2,research-os/data/openwrt-v2-snapshots/releases/24.10.1/x86_64/openwrt-24.10.1-x86-64.manifest,explicit_backport_or_cherry_pick_in_commit_message
24.10.1,d183d7bb7827a469f09bf77f2f22fd9d70ac0ed6,7c0a2bc93077f52c033e406864b34af3a4fab245,busybox: backport cve-2017-16544 fix,CVE-2017-16544,busybox,explicit_CVE_in_commit_message,unreviewed,ath79/generic,busybox,1.36.1-r2,research-os/data/openwrt-v2-snapshots/releases/24.10.1/ath79_generic/openwrt-24.10.1-ath79-generic.manifest,explicit_backport_or_cherry_pick_in_commit_message
24.10.1,d183d7bb7827a469f09bf77f2f22fd9d70ac0ed6,7c0a2bc93077f52c033e406864b34af3a4fab245,busybox: backport cve-2017-16544 fix,CVE-2017-16544,busybox,explicit_CVE_in_commit_message,unreviewed,x86/64,busybox,1.36.1-r2,research-os/data/openwrt-v2-snapshots/releases/24.10.1/x86_64/openwrt-24.10.1-x86-64.manifest,explicit_backport_or_cherry_pick_in_commit_message
24.10.1,d183d7bb7827a469f09bf77f2f22fd9d70ac0ed6,7c0a2bc93077f52c033e406864b34af3a4fab245,busybox: backport cve-2017-16544 fix,CVE-2017-16544,busybox,explicit_CVE_in_commit_message,unreviewed,ath79/generic,busybox,1.36.1-r2,research-os/data/openwrt-v2-snapshots/releases/24.10.1/ath79_generic/openwrt-24.10.1-ath79-generic.manifest,explicit_backport_or_cherry_pick_in_commit_message
24.10.1,d183d7bb7827a469f09bf77f2f22fd9d70ac0ed6,7c0a2bc93077f52c033e406864b34af3a4fab245,busybox: backport cve-2017-16544 fix,CVE-2017-16544,busybox,explicit_CVE_in_commit_message,unreviewed,x86/64,busybox,1.36.1-r2,research-os/data/openwrt-v2-snapshots/releases/24.10.1/x86_64/openwrt-24.10.1-x86-64.manifest,explicit_backport_or_cherry_pick_in_commit_message
24.10.1,d183d7bb7827a469f09bf77f2f22fd9d70ac0ed6,88ba41453dbc65e1d5d596073d66bdf2e59a43a1,kernel: bump 4.14 to 4.14.20,CVE-2017-8824,kernel,explicit_CVE_in_commit_message,unreviewed,ath79/generic,kernel,6.6.86~64576e1418bd4546fdb49285deb3b11c-r1,research-os/data/openwrt-v2-snapshots/releases/24.10.1/ath79_generic/openwrt-24.10.1-ath79-generic.manifest,explicit_backport_or_cherry_pick_in_commit_message
24.10.1,d183d7bb7827a469f09bf77f2f22fd9d70ac0ed6,88ba41453dbc65e1d5d596073d66bdf2e59a43a1,kernel: bump 4.14 to 4.14.20,CVE-2017-8824,kernel,explicit_CVE_in_commit_message,unreviewed,x86/64,kernel,6.6.86~af351158cfb5febf5155a3aa53785982-r1,research-os/data/openwrt-v2-snapshots/releases/24.10.1/x86_64/openwrt-24.10.1-x86-64.manifest,explicit_backport_or_cherry_pick_in_commit_message
24.10.1,d183d7bb7827a469f09bf77f2f22fd9d70ac0ed6,9a753c49ea7053f3592f9ec1ce9d97882edb332d,dnsmasq: backport official fix for CVE-2017-13704,CVE-2017-13704,dnsmasq,explicit_CVE_in_commit_message,unreviewed,ath79/generic,dnsmasq,2.90-r4,research-os/data/openwrt-v2-snapshots/releases/24.10.1/ath79_generic/openwrt-24.10.1-ath79-generic.manifest,explicit_backport_or_cherry_pick_in_commit_message
24.10.1,d183d7bb7827a469f09bf77f2f22fd9d70ac0ed6,9a753c49ea7053f3592f9ec1ce9d97882edb332d,dnsmasq: backport official fix for CVE-2017-13704,CVE-2017-13704,dnsmasq,explicit_CVE_in_commit_message,unreviewed,x86/64,dnsmasq,2.90-r4,research-os/data/openwrt-v2-snapshots/releases/24.10.1/x86_64/openwrt-24.10.1-x86-64.manifest,explicit_backport_or_cherry_pick_in_commit_message
24.10.1,d183d7bb7827a469f09bf77f2f22fd9d70ac0ed6,a3198061f80a7f3933810cd99206b085e4cf49f9,dnsmasq: backport dnssec security fix,CVE-2017-15107,dnsmasq,explicit_CVE_in_commit_message,unreviewed,ath79/generic,dnsmasq,2.90-r4,research-os/data/openwrt-v2-snapshots/releases/24.10.1/ath79_generic/openwrt-24.10.1-ath79-generic.manifest,explicit_backport_or_cherry_pick_in_commit_message
24.10.1,d183d7bb7827a469f09bf77f2f22fd9d70ac0ed6,a3198061f80a7f3933810cd99206b085e4cf49f9,dnsmasq: backport dnssec security fix,CVE-2017-15107,dnsmasq,explicit_CVE_in_commit_message,unreviewed,x86/64,dnsmasq,2.90-r4,research-os/data/openwrt-v2-snapshots/releases/24.10.1/x86_64/openwrt-24.10.1-x86-64.manifest,explicit_backport_or_cherry_pick_in_commit_message
24.10.1,d183d7bb7827a469f09bf77f2f22fd9d70ac0ed6,adaf1cbcc8b253ea807dbe0416b4b04c33dceadf,dnsmasq: backport validation fix in dnssec security fix,CVE-2017-15107,dnsmasq,explicit_CVE_in_commit_message,unreviewed,ath79/generic,dnsmasq,2.90-r4,research-os/data/openwrt-v2-snapshots/releases/24.10.1/ath79_generic/openwrt-24.10.1-ath79-generic.manifest,explicit_backport_or_cherry_pick_in_commit_message
24.10.1,d183d7bb7827a469f09bf77f2f22fd9d70ac0ed6,adaf1cbcc8b253ea807dbe0416b4b04c33dceadf,dnsmasq: backport validation fix in dnssec security fix,CVE-2017-15107,dnsmasq,explicit_CVE_in_commit_message,unreviewed,x86/64,dnsmasq,2.90-r4,research-os/data/openwrt-v2-snapshots/releases/24.10.1/x86_64/openwrt-24.10.1-x86-64.manifest,explicit_backport_or_cherry_pick_in_commit_message
24.10.1,d183d7bb7827a469f09bf77f2f22fd9d70ac0ed6,b547ab3143e5f9116c19698292d1bd9e08feda3e,kernel: bump kernel 4.9 to version 4.9.120,CVE-2018-3620,kernel,explicit_CVE_in_commit_message,unreviewed,ath79/generic,kernel,6.6.86~64576e1418bd4546fdb49285deb3b11c-r1,research-os/data/openwrt-v2-snapshots/releases/24.10.1/ath79_generic/openwrt-24.10.1-ath79-generic.manifest,explicit_backport_or_cherry_pick_in_commit_message
24.10.1,d183d7bb7827a469f09bf77f2f22fd9d70ac0ed6,b547ab3143e5f9116c19698292d1bd9e08feda3e,kernel: bump kernel 4.9 to version 4.9.120,CVE-2018-3620,kernel,explicit_CVE_in_commit_message,unreviewed,x86/64,kernel,6.6.86~af351158cfb5febf5155a3aa53785982-r1,research-os/data/openwrt-v2-snapshots/releases/24.10.1/x86_64/openwrt-24.10.1-x86-64.manifest,explicit_backport_or_cherry_pick_in_commit_message
24.10.1,d183d7bb7827a469f09bf77f2f22fd9d70ac0ed6,b547ab3143e5f9116c19698292d1bd9e08feda3e,kernel: bump kernel 4.9 to version 4.9.120,CVE-2018-3646,kernel,explicit_CVE_in_commit_message,unreviewed,ath79/generic,kernel,6.6.86~64576e1418bd4546fdb49285deb3b11c-r1,research-os/data/openwrt-v2-snapshots/releases/24.10.1/ath79_generic/openwrt-24.10.1-ath79-generic.manifest,explicit_backport_or_cherry_pick_in_commit_message
24.10.1,d183d7bb7827a469f09bf77f2f22fd9d70ac0ed6,b547ab3143e5f9116c19698292d1bd9e08feda3e,kernel: bump kernel 4.9 to version 4.9.120,CVE-2018-3646,kernel,explicit_CVE_in_commit_message,unreviewed,x86/64,kernel,6.6.86~af351158cfb5febf5155a3aa53785982-r1,research-os/data/openwrt-v2-snapshots/releases/24.10.1/x86_64/openwrt-24.10.1-x86-64.manifest,explicit_backport_or_cherry_pick_in_commit_message
24.10.1,d183d7bb7827a469f09bf77f2f22fd9d70ac0ed6,b5cde260487eae86db1661a53e5e5e0823936aab,dropbear: cherry-pick upstream patches,CVE-2023-36328,dropbear,explicit_CVE_in_commit_message,unreviewed,ath79/generic,dropbear,2024.86-r1,research-os/data/openwrt-v2-snapshots/releases/24.10.1/ath79_generic/openwrt-24.10.1-ath79-generic.manifest,explicit_backport_or_cherry_pick_in_commit_message
24.10.1,d183d7bb7827a469f09bf77f2f22fd9d70ac0ed6,b5cde260487eae86db1661a53e5e5e0823936aab,dropbear: cherry-pick upstream patches,CVE-2023-36328,dropbear,explicit_CVE_in_commit_message,unreviewed,x86/64,dropbear,2024.86-r1,research-os/data/openwrt-v2-snapshots/releases/24.10.1/x86_64/openwrt-24.10.1-x86-64.manifest,explicit_backport_or_cherry_pick_in_commit_message
24.10.1,d183d7bb7827a469f09bf77f2f22fd9d70ac0ed6,b5cde260487eae86db1661a53e5e5e0823936aab,dropbear: cherry-pick upstream patches,CVE-2023-48795,dropbear,explicit_CVE_in_commit_message,unreviewed,ath79/generic,dropbear,2024.86-r1,research-os/data/openwrt-v2-snapshots/releases/24.10.1/ath79_generic/openwrt-24.10.1-ath79-generic.manifest,explicit_backport_or_cherry_pick_in_commit_message
24.10.1,d183d7bb7827a469f09bf77f2f22fd9d70ac0ed6,b5cde260487eae86db1661a53e5e5e0823936aab,dropbear: cherry-pick upstream patches,CVE-2023-48795,dropbear,explicit_CVE_in_commit_message,unreviewed,x86/64,dropbear,2024.86-r1,research-os/data/openwrt-v2-snapshots/releases/24.10.1/x86_64/openwrt-24.10.1-x86-64.manifest,explicit_backport_or_cherry_pick_in_commit_message
24.10.1,d183d7bb7827a469f09bf77f2f22fd9d70ac0ed6,d8565a06dc01b55ed1018d571e655c122b9d2a33,kernel: bump 4.9 to 4.9.77,CVE-2017-1000410,kernel,explicit_CVE_in_commit_message,unreviewed,ath79/generic,kernel,6.6.86~64576e1418bd4546fdb49285deb3b11c-r1,research-os/data/openwrt-v2-snapshots/releases/24.10.1/ath79_generic/openwrt-24.10.1-ath79-generic.manifest,explicit_backport_or_cherry_pick_in_commit_message
24.10.1,d183d7bb7827a469f09bf77f2f22fd9d70ac0ed6,d8565a06dc01b55ed1018d571e655c122b9d2a33,kernel: bump 4.9 to 4.9.77,CVE-2017-1000410,kernel,explicit_CVE_in_commit_message,unreviewed,x86/64,kernel,6.6.86~af351158cfb5febf5155a3aa53785982-r1,research-os/data/openwrt-v2-snapshots/releases/24.10.1/x86_64/openwrt-24.10.1-x86-64.manifest,explicit_backport_or_cherry_pick_in_commit_message
24.10.1,d183d7bb7827a469f09bf77f2f22fd9d70ac0ed6,d8565a06dc01b55ed1018d571e655c122b9d2a33,kernel: bump 4.9 to 4.9.77,CVE-2017-17741,kernel,explicit_CVE_in_commit_message,unreviewed,ath79/generic,kernel,6.6.86~64576e1418bd4546fdb49285deb3b11c-r1,research-os/data/openwrt-v2-snapshots/releases/24.10.1/ath79_generic/openwrt-24.10.1-ath79-generic.manifest,explicit_backport_or_cherry_pick_in_commit_message
24.10.1,d183d7bb7827a469f09bf77f2f22fd9d70ac0ed6,d8565a06dc01b55ed1018d571e655c122b9d2a33,kernel: bump 4.9 to 4.9.77,CVE-2017-17741,kernel,explicit_CVE_in_commit_message,unreviewed,x86/64,kernel,6.6.86~af351158cfb5febf5155a3aa53785982-r1,research-os/data/openwrt-v2-snapshots/releases/24.10.1/x86_64/openwrt-24.10.1-x86-64.manifest,explicit_backport_or_cherry_pick_in_commit_message
24.10.1,d183d7bb7827a469f09bf77f2f22fd9d70ac0ed6,d8565a06dc01b55ed1018d571e655c122b9d2a33,kernel: bump 4.9 to 4.9.77,CVE-2017-5715,kernel,explicit_CVE_in_commit_message,unreviewed,ath79/generic,kernel,6.6.86~64576e1418bd4546fdb49285deb3b11c-r1,research-os/data/openwrt-v2-snapshots/releases/24.10.1/ath79_generic/openwrt-24.10.1-ath79-generic.manifest,explicit_backport_or_cherry_pick_in_commit_message
24.10.1,d183d7bb7827a469f09bf77f2f22fd9d70ac0ed6,d8565a06dc01b55ed1018d571e655c122b9d2a33,kernel: bump 4.9 to 4.9.77,CVE-2017-5715,kernel,explicit_CVE_in_commit_message,unreviewed,x86/64,kernel,6.6.86~af351158cfb5febf5155a3aa53785982-r1,research-os/data/openwrt-v2-snapshots/releases/24.10.1/x86_64/openwrt-24.10.1-x86-64.manifest,explicit_backport_or_cherry_pick_in_commit_message
24.10.1,d183d7bb7827a469f09bf77f2f22fd9d70ac0ed6,d8565a06dc01b55ed1018d571e655c122b9d2a33,kernel: bump 4.9 to 4.9.77,CVE-2017-5753,kernel,explicit_CVE_in_commit_message,unreviewed,ath79/generic,kernel,6.6.86~64576e1418bd4546fdb49285deb3b11c-r1,research-os/data/openwrt-v2-snapshots/releases/24.10.1/ath79_generic/openwrt-24.10.1-ath79-generic.manifest,explicit_backport_or_cherry_pick_in_commit_message
24.10.1,d183d7bb7827a469f09bf77f2f22fd9d70ac0ed6,d8565a06dc01b55ed1018d571e655c122b9d2a33,kernel: bump 4.9 to 4.9.77,CVE-2017-5753,kernel,explicit_CVE_in_commit_message,unreviewed,x86/64,kernel,6.6.86~af351158cfb5febf5155a3aa53785982-r1,research-os/data/openwrt-v2-snapshots/releases/24.10.1/x86_64/openwrt-24.10.1-x86-64.manifest,explicit_backport_or_cherry_pick_in_commit_message
24.10.1,d183d7bb7827a469f09bf77f2f22fd9d70ac0ed6,f621b539512e5b6c83dd2de1bc2dba06e40cd7ea,kernel: bump 4.9 to 4.9.82,CVE-2017-8824,kernel,explicit_CVE_in_commit_message,unreviewed,ath79/generic,kernel,6.6.86~64576e1418bd4546fdb49285deb3b11c-r1,research-os/data/openwrt-v2-snapshots/releases/24.10.1/ath79_generic/openwrt-24.10.1-ath79-generic.manifest,explicit_backport_or_cherry_pick_in_commit_message
24.10.1,d183d7bb7827a469f09bf77f2f22fd9d70ac0ed6,f621b539512e5b6c83dd2de1bc2dba06e40cd7ea,kernel: bump 4.9 to 4.9.82,CVE-2017-8824,kernel,explicit_CVE_in_commit_message,unreviewed,x86/64,kernel,6.6.86~af351158cfb5febf5155a3aa53785982-r1,research-os/data/openwrt-v2-snapshots/releases/24.10.1/x86_64/openwrt-24.10.1-x86-64.manifest,explicit_backport_or_cherry_pick_in_commit_message
24.10.1,d183d7bb7827a469f09bf77f2f22fd9d70ac0ed6,fefe1da440eede8dfaa23975c30ae2f6fcac744d,kernel: backport upstream fix for CVE-2018-5390,CVE-2018-5390,kernel,explicit_CVE_in_commit_message,unreviewed,ath79/generic,kernel,6.6.86~64576e1418bd4546fdb49285deb3b11c-r1,research-os/data/openwrt-v2-snapshots/releases/24.10.1/ath79_generic/openwrt-24.10.1-ath79-generic.manifest,explicit_backport_or_cherry_pick_in_commit_message
24.10.1,d183d7bb7827a469f09bf77f2f22fd9d70ac0ed6,fefe1da440eede8dfaa23975c30ae2f6fcac744d,kernel: backport upstream fix for CVE-2018-5390,CVE-2018-5390,kernel,explicit_CVE_in_commit_message,unreviewed,x86/64,kernel,6.6.86~af351158cfb5febf5155a3aa53785982-r1,research-os/data/openwrt-v2-snapshots/releases/24.10.1/x86_64/openwrt-24.10.1-x86-64.manifest,explicit_backport_or_cherry_pick_in_commit_message
24.10.2,bb59922007043c0a0813d62b0d9f6e801caff9df,002a99eccd75fb653163bae0a1132bd4f494e7ad,dnsmasq: Backport DHCPv6 server fix (CVE-2022-0934),CVE-2022-0934,dnsmasq,explicit_CVE_in_commit_message,unreviewed,ath79/generic,dnsmasq,2.90-r4,research-os/data/openwrt-v2-snapshots/releases/24.10.2/ath79_generic/openwrt-24.10.2-ath79-generic.manifest,explicit_backport_or_cherry_pick_in_commit_message
24.10.2,bb59922007043c0a0813d62b0d9f6e801caff9df,002a99eccd75fb653163bae0a1132bd4f494e7ad,dnsmasq: Backport DHCPv6 server fix (CVE-2022-0934),CVE-2022-0934,dnsmasq,explicit_CVE_in_commit_message,unreviewed,x86/64,dnsmasq,2.90-r4,research-os/data/openwrt-v2-snapshots/releases/24.10.2/x86_64/openwrt-24.10.2-x86-64.manifest,explicit_backport_or_cherry_pick_in_commit_message
24.10.2,bb59922007043c0a0813d62b0d9f6e801caff9df,13397b2b95b4800fb0a29c3d483fa280d10f0eb0,busybox: backport fix for CVE-2021-28831,CVE-2021-28831,busybox,explicit_CVE_in_commit_message,unreviewed,ath79/generic,busybox,1.36.1-r2,research-os/data/openwrt-v2-snapshots/releases/24.10.2/ath79_generic/openwrt-24.10.2-ath79-generic.manifest,explicit_backport_or_cherry_pick_in_commit_message
24.10.2,bb59922007043c0a0813d62b0d9f6e801caff9df,13397b2b95b4800fb0a29c3d483fa280d10f0eb0,busybox: backport fix for CVE-2021-28831,CVE-2021-28831,busybox,explicit_CVE_in_commit_message,unreviewed,x86/64,busybox,1.36.1-r2,research-os/data/openwrt-v2-snapshots/releases/24.10.2/x86_64/openwrt-24.10.2-x86-64.manifest,explicit_backport_or_cherry_pick_in_commit_message
24.10.2,bb59922007043c0a0813d62b0d9f6e801caff9df,2211ee0037764e1c6b1576fe7a0975722cd4acdc,dropbear: backport upstream fix for CVE-2018-15599,CVE-2018-15473,dropbear,explicit_CVE_in_commit_message,unreviewed,ath79/generic,dropbear,2024.86-r1,research-os/data/openwrt-v2-snapshots/releases/24.10.2/ath79_generic/openwrt-24.10.2-ath79-generic.manifest,explicit_backport_or_cherry_pick_in_commit_message
24.10.2,bb59922007043c0a0813d62b0d9f6e801caff9df,2211ee0037764e1c6b1576fe7a0975722cd4acdc,dropbear: backport upstream fix for CVE-2018-15599,CVE-2018-15473,dropbear,explicit_CVE_in_commit_message,unreviewed,x86/64,dropbear,2024.86-r1,research-os/data/openwrt-v2-snapshots/releases/24.10.2/x86_64/openwrt-24.10.2-x86-64.manifest,explicit_backport_or_cherry_pick_in_commit_message
24.10.2,bb59922007043c0a0813d62b0d9f6e801caff9df,2211ee0037764e1c6b1576fe7a0975722cd4acdc,dropbear: backport upstream fix for CVE-2018-15599,CVE-2018-15599,dropbear,explicit_CVE_in_commit_message,unreviewed,ath79/generic,dropbear,2024.86-r1,research-os/data/openwrt-v2-snapshots/releases/24.10.2/ath79_generic/openwrt-24.10.2-ath79-generic.manifest,explicit_backport_or_cherry_pick_in_commit_message
24.10.2,bb59922007043c0a0813d62b0d9f6e801caff9df,2211ee0037764e1c6b1576fe7a0975722cd4acdc,dropbear: backport upstream fix for CVE-2018-15599,CVE-2018-15599,dropbear,explicit_CVE_in_commit_message,unreviewed,x86/64,dropbear,2024.86-r1,research-os/data/openwrt-v2-snapshots/releases/24.10.2/x86_64/openwrt-24.10.2-x86-64.manifest,explicit_backport_or_cherry_pick_in_commit_message
24.10.2,bb59922007043c0a0813d62b0d9f6e801caff9df,22b9f99b87fa1ff991180cabf02dd04d1bddce2b,kernel: bump 4.14 to 4.14.59,CVE-2018-10876,kernel,explicit_CVE_in_commit_message,unreviewed,ath79/generic,kernel,6.6.93~35ef4dd36891d37023436baa842fa311-r1,research-os/data/openwrt-v2-snapshots/releases/24.10.2/ath79_generic/openwrt-24.10.2-ath79-generic.manifest,explicit_backport_or_cherry_pick_in_commit_message
24.10.2,bb59922007043c0a0813d62b0d9f6e801caff9df,22b9f99b87fa1ff991180cabf02dd04d1bddce2b,kernel: bump 4.14 to 4.14.59,CVE-2018-10876,kernel,explicit_CVE_in_commit_message,unreviewed,x86/64,kernel,6.6.93~1745ebad77278f5cdc8330d17a3f43d6-r1,research-os/data/openwrt-v2-snapshots/releases/24.10.2/x86_64/openwrt-24.10.2-x86-64.manifest,explicit_backport_or_cherry_pick_in_commit_message
24.10.2,bb59922007043c0a0813d62b0d9f6e801caff9df,22b9f99b87fa1ff991180cabf02dd04d1bddce2b,kernel: bump 4.14 to 4.14.59,CVE-2018-10877,kernel,explicit_CVE_in_commit_message,unreviewed,ath79/generic,kernel,6.6.93~35ef4dd36891d37023436baa842fa311-r1,research-os/data/openwrt-v2-snapshots/releases/24.10.2/ath79_generic/openwrt-24.10.2-ath79-generic.manifest,explicit_backport_or_cherry_pick_in_commit_message
24.10.2,bb59922007043c0a0813d62b0d9f6e801caff9df,22b9f99b87fa1ff991180cabf02dd04d1bddce2b,kernel: bump 4.14 to 4.14.59,CVE-2018-10877,kernel,explicit_CVE_in_commit_message,unreviewed,x86/64,kernel,6.6.93~1745ebad77278f5cdc8330d17a3f43d6-r1,research-os/data/openwrt-v2-snapshots/releases/24.10.2/x86_64/openwrt-24.10.2-x86-64.manifest,explicit_backport_or_cherry_pick_in_commit_message
24.10.2,bb59922007043c0a0813d62b0d9f6e801caff9df,22b9f99b87fa1ff991180cabf02dd04d1bddce2b,kernel: bump 4.14 to 4.14.59,CVE-2018-10879,kernel,explicit_CVE_in_commit_message,unreviewed,ath79/generic,kernel,6.6.93~35ef4dd36891d37023436baa842fa311-r1,research-os/data/openwrt-v2-snapshots/releases/24.10.2/ath79_generic/openwrt-24.10.2-ath79-generic.manifest,explicit_backport_or_cherry_pick_in_commit_message
24.10.2,bb59922007043c0a0813d62b0d9f6e801caff9df,22b9f99b87fa1ff991180cabf02dd04d1bddce2b,kernel: bump 4.14 to 4.14.59,CVE-2018-10879,kernel,explicit_CVE_in_commit_message,unreviewed,x86/64,kernel,6.6.93~1745ebad77278f5cdc8330d17a3f43d6-r1,research-os/data/openwrt-v2-snapshots/releases/24.10.2/x86_64/openwrt-24.10.2-x86-64.manifest,explicit_backport_or_cherry_pick_in_commit_message
24.10.2,bb59922007043c0a0813d62b0d9f6e801caff9df,22b9f99b87fa1ff991180cabf02dd04d1bddce2b,kernel: bump 4.14 to 4.14.59,CVE-2018-10880,kernel,explicit_CVE_in_commit_message,unreviewed,ath79/generic,kernel,6.6.93~35ef4dd36891d37023436baa842fa311-r1,research-os/data/openwrt-v2-snapshots/releases/24.10.2/ath79_generic/openwrt-24.10.2-ath79-generic.manifest,explicit_backport_or_cherry_pick_in_commit_message
24.10.2,bb59922007043c0a0813d62b0d9f6e801caff9df,22b9f99b87fa1ff991180cabf02dd04d1bddce2b,kernel: bump 4.14 to 4.14.59,CVE-2018-10880,kernel,explicit_CVE_in_commit_message,unreviewed,x86/64,kernel,6.6.93~1745ebad77278f5cdc8330d17a3f43d6-r1,research-os/data/openwrt-v2-snapshots/releases/24.10.2/x86_64/openwrt-24.10.2-x86-64.manifest,explicit_backport_or_cherry_pick_in_commit_message
24.10.2,bb59922007043c0a0813d62b0d9f6e801caff9df,22b9f99b87fa1ff991180cabf02dd04d1bddce2b,kernel: bump 4.14 to 4.14.59,CVE-2018-10881,kernel,explicit_CVE_in_commit_message,unreviewed,ath79/generic,kernel,6.6.93~35ef4dd36891d37023436baa842fa311-r1,research-os/data/openwrt-v2-snapshots/releases/24.10.2/ath79_generic/openwrt-24.10.2-ath79-generic.manifest,explicit_backport_or_cherry_pick_in_commit_message
24.10.2,bb59922007043c0a0813d62b0d9f6e801caff9df,22b9f99b87fa1ff991180cabf02dd04d1bddce2b,kernel: bump 4.14 to 4.14.59,CVE-2018-10881,kernel,explicit_CVE_in_commit_message,unreviewed,x86/64,kernel,6.6.93~1745ebad77278f5cdc8330d17a3f43d6-r1,research-os/data/openwrt-v2-snapshots/releases/24.10.2/x86_64/openwrt-24.10.2-x86-64.manifest,explicit_backport_or_cherry_pick_in_commit_message
24.10.2,bb59922007043c0a0813d62b0d9f6e801caff9df,22b9f99b87fa1ff991180cabf02dd04d1bddce2b,kernel: bump 4.14 to 4.14.59,CVE-2018-10882,kernel,explicit_CVE_in_commit_message,unreviewed,ath79/generic,kernel,6.6.93~35ef4dd36891d37023436baa842fa311-r1,research-os/data/openwrt-v2-snapshots/releases/24.10.2/ath79_generic/openwrt-24.10.2-ath79-generic.manifest,explicit_backport_or_cherry_pick_in_commit_message
24.10.2,bb59922007043c0a0813d62b0d9f6e801caff9df,22b9f99b87fa1ff991180cabf02dd04d1bddce2b,kernel: bump 4.14 to 4.14.59,CVE-2018-10882,kernel,explicit_CVE_in_commit_message,unreviewed,x86/64,kernel,6.6.93~1745ebad77278f5cdc8330d17a3f43d6-r1,research-os/data/openwrt-v2-snapshots/releases/24.10.2/x86_64/openwrt-24.10.2-x86-64.manifest,explicit_backport_or_cherry_pick_in_commit_message
24.10.2,bb59922007043c0a0813d62b0d9f6e801caff9df,22b9f99b87fa1ff991180cabf02dd04d1bddce2b,kernel: bump 4.14 to 4.14.59,CVE-2018-10883,kernel,explicit_CVE_in_commit_message,unreviewed,ath79/generic,kernel,6.6.93~35ef4dd36891d37023436baa842fa311-r1,research-os/data/openwrt-v2-snapshots/releases/24.10.2/ath79_generic/openwrt-24.10.2-ath79-generic.manifest,explicit_backport_or_cherry_pick_in_commit_message
24.10.2,bb59922007043c0a0813d62b0d9f6e801caff9df,22b9f99b87fa1ff991180cabf02dd04d1bddce2b,kernel: bump 4.14 to 4.14.59,CVE-2018-10883,kernel,explicit_CVE_in_commit_message,unreviewed,x86/64,kernel,6.6.93~1745ebad77278f5cdc8330d17a3f43d6-r1,research-os/data/openwrt-v2-snapshots/releases/24.10.2/x86_64/openwrt-24.10.2-x86-64.manifest,explicit_backport_or_cherry_pick_in_commit_message
24.10.2,bb59922007043c0a0813d62b0d9f6e801caff9df,35890514bb191de3ab96dcd684714850a9142efc,ppp: backport security fixes,CVE-2020-8597,ppp,explicit_CVE_in_commit_message,unreviewed,ath79/generic,ppp,2.5.1-r1,research-os/data/openwrt-v2-snapshots/releases/24.10.2/ath79_generic/openwrt-24.10.2-ath79-generic.manifest,explicit_backport_or_cherry_pick_in_commit_message
24.10.2,bb59922007043c0a0813d62b0d9f6e801caff9df,35890514bb191de3ab96dcd684714850a9142efc,ppp: backport security fixes,CVE-2020-8597,ppp,explicit_CVE_in_commit_message,unreviewed,x86/64,ppp,2.5.1-r1,research-os/data/openwrt-v2-snapshots/releases/24.10.2/x86_64/openwrt-24.10.2-x86-64.manifest,explicit_backport_or_cherry_pick_in_commit_message
24.10.2,bb59922007043c0a0813d62b0d9f6e801caff9df,3c2c31bb66e5b247ffbb3cafac2a21d441daef39,kernel: backport upstream challenge ACK fix (CVE-2016-5696),CVE-2016-5696,kernel,explicit_CVE_in_commit_message,unreviewed,ath79/generic,kernel,6.6.93~35ef4dd36891d37023436baa842fa311-r1,research-os/data/openwrt-v2-snapshots/releases/24.10.2/ath79_generic/openwrt-24.10.2-ath79-generic.manifest,explicit_backport_or_cherry_pick_in_commit_message
24.10.2,bb59922007043c0a0813d62b0d9f6e801caff9df,3c2c31bb66e5b247ffbb3cafac2a21d441daef39,kernel: backport upstream challenge ACK fix (CVE-2016-5696),CVE-2016-5696,kernel,explicit_CVE_in_commit_message,unreviewed,x86/64,kernel,6.6.93~1745ebad77278f5cdc8330d17a3f43d6-r1,research-os/data/openwrt-v2-snapshots/releases/24.10.2/x86_64/openwrt-24.10.2-x86-64.manifest,explicit_backport_or_cherry_pick_in_commit_message
24.10.2,bb59922007043c0a0813d62b0d9f6e801caff9df,6713fe030fca32fc3d5ad9761f3b2f96501aedd6,busybox: update to 1.33.1,CVE-2021-28831,busybox,explicit_CVE_in_commit_message,unreviewed,ath79/generic,busybox,1.36.1-r2,research-os/data/openwrt-v2-snapshots/releases/24.10.2/ath79_generic/openwrt-24.10.2-ath79-generic.manifest,explicit_backport_or_cherry_pick_in_commit_message
24.10.2,bb59922007043c0a0813d62b0d9f6e801caff9df,6713fe030fca32fc3d5ad9761f3b2f96501aedd6,busybox: update to 1.33.1,CVE-2021-28831,busybox,explicit_CVE_in_commit_message,unreviewed,x86/64,busybox,1.36.1-r2,research-os/data/openwrt-v2-snapshots/releases/24.10.2/x86_64/openwrt-24.10.2-x86-64.manifest,explicit_backport_or_cherry_pick_in_commit_message
24.10.2,bb59922007043c0a0813d62b0d9f6e801caff9df,7c0a2bc93077f52c033e406864b34af3a4fab245,busybox: backport cve-2017-16544 fix,CVE-2017-16544,busybox,explicit_CVE_in_commit_message,unreviewed,ath79/generic,busybox,1.36.1-r2,research-os/data/openwrt-v2-snapshots/releases/24.10.2/ath79_generic/openwrt-24.10.2-ath79-generic.manifest,explicit_backport_or_cherry_pick_in_commit_message
24.10.2,bb59922007043c0a0813d62b0d9f6e801caff9df,7c0a2bc93077f52c033e406864b34af3a4fab245,busybox: backport cve-2017-16544 fix,CVE-2017-16544,busybox,explicit_CVE_in_commit_message,unreviewed,x86/64,busybox,1.36.1-r2,research-os/data/openwrt-v2-snapshots/releases/24.10.2/x86_64/openwrt-24.10.2-x86-64.manifest,explicit_backport_or_cherry_pick_in_commit_message
24.10.2,bb59922007043c0a0813d62b0d9f6e801caff9df,7c0a2bc93077f52c033e406864b34af3a4fab245,busybox: backport cve-2017-16544 fix,CVE-2017-16544,busybox,explicit_CVE_in_commit_message,unreviewed,ath79/generic,busybox,1.36.1-r2,research-os/data/openwrt-v2-snapshots/releases/24.10.2/ath79_generic/openwrt-24.10.2-ath79-generic.manifest,explicit_backport_or_cherry_pick_in_commit_message
24.10.2,bb59922007043c0a0813d62b0d9f6e801caff9df,7c0a2bc93077f52c033e406864b34af3a4fab245,busybox: backport cve-2017-16544 fix,CVE-2017-16544,busybox,explicit_CVE_in_commit_message,unreviewed,x86/64,busybox,1.36.1-r2,research-os/data/openwrt-v2-snapshots/releases/24.10.2/x86_64/openwrt-24.10.2-x86-64.manifest,explicit_backport_or_cherry_pick_in_commit_message
24.10.2,bb59922007043c0a0813d62b0d9f6e801caff9df,88ba41453dbc65e1d5d596073d66bdf2e59a43a1,kernel: bump 4.14 to 4.14.20,CVE-2017-8824,kernel,explicit_CVE_in_commit_message,unreviewed,ath79/generic,kernel,6.6.93~35ef4dd36891d37023436baa842fa311-r1,research-os/data/openwrt-v2-snapshots/releases/24.10.2/ath79_generic/openwrt-24.10.2-ath79-generic.manifest,explicit_backport_or_cherry_pick_in_commit_message
24.10.2,bb59922007043c0a0813d62b0d9f6e801caff9df,88ba41453dbc65e1d5d596073d66bdf2e59a43a1,kernel: bump 4.14 to 4.14.20,CVE-2017-8824,kernel,explicit_CVE_in_commit_message,unreviewed,x86/64,kernel,6.6.93~1745ebad77278f5cdc8330d17a3f43d6-r1,research-os/data/openwrt-v2-snapshots/releases/24.10.2/x86_64/openwrt-24.10.2-x86-64.manifest,explicit_backport_or_cherry_pick_in_commit_message
24.10.2,bb59922007043c0a0813d62b0d9f6e801caff9df,9a753c49ea7053f3592f9ec1ce9d97882edb332d,dnsmasq: backport official fix for CVE-2017-13704,CVE-2017-13704,dnsmasq,explicit_CVE_in_commit_message,unreviewed,ath79/generic,dnsmasq,2.90-r4,research-os/data/openwrt-v2-snapshots/releases/24.10.2/ath79_generic/openwrt-24.10.2-ath79-generic.manifest,explicit_backport_or_cherry_pick_in_commit_message
24.10.2,bb59922007043c0a0813d62b0d9f6e801caff9df,9a753c49ea7053f3592f9ec1ce9d97882edb332d,dnsmasq: backport official fix for CVE-2017-13704,CVE-2017-13704,dnsmasq,explicit_CVE_in_commit_message,unreviewed,x86/64,dnsmasq,2.90-r4,research-os/data/openwrt-v2-snapshots/releases/24.10.2/x86_64/openwrt-24.10.2-x86-64.manifest,explicit_backport_or_cherry_pick_in_commit_message
24.10.2,bb59922007043c0a0813d62b0d9f6e801caff9df,a3198061f80a7f3933810cd99206b085e4cf49f9,dnsmasq: backport dnssec security fix,CVE-2017-15107,dnsmasq,explicit_CVE_in_commit_message,unreviewed,ath79/generic,dnsmasq,2.90-r4,research-os/data/openwrt-v2-snapshots/releases/24.10.2/ath79_generic/openwrt-24.10.2-ath79-generic.manifest,explicit_backport_or_cherry_pick_in_commit_message
24.10.2,bb59922007043c0a0813d62b0d9f6e801caff9df,a3198061f80a7f3933810cd99206b085e4cf49f9,dnsmasq: backport dnssec security fix,CVE-2017-15107,dnsmasq,explicit_CVE_in_commit_message,unreviewed,x86/64,dnsmasq,2.90-r4,research-os/data/openwrt-v2-snapshots/releases/24.10.2/x86_64/openwrt-24.10.2-x86-64.manifest,explicit_backport_or_cherry_pick_in_commit_message
24.10.2,bb59922007043c0a0813d62b0d9f6e801caff9df,adaf1cbcc8b253ea807dbe0416b4b04c33dceadf,dnsmasq: backport validation fix in dnssec security fix,CVE-2017-15107,dnsmasq,explicit_CVE_in_commit_message,unreviewed,ath79/generic,dnsmasq,2.90-r4,research-os/data/openwrt-v2-snapshots/releases/24.10.2/ath79_generic/openwrt-24.10.2-ath79-generic.manifest,explicit_backport_or_cherry_pick_in_commit_message
24.10.2,bb59922007043c0a0813d62b0d9f6e801caff9df,adaf1cbcc8b253ea807dbe0416b4b04c33dceadf,dnsmasq: backport validation fix in dnssec security fix,CVE-2017-15107,dnsmasq,explicit_CVE_in_commit_message,unreviewed,x86/64,dnsmasq,2.90-r4,research-os/data/openwrt-v2-snapshots/releases/24.10.2/x86_64/openwrt-24.10.2-x86-64.manifest,explicit_backport_or_cherry_pick_in_commit_message
24.10.2,bb59922007043c0a0813d62b0d9f6e801caff9df,b547ab3143e5f9116c19698292d1bd9e08feda3e,kernel: bump kernel 4.9 to version 4.9.120,CVE-2018-3620,kernel,explicit_CVE_in_commit_message,unreviewed,ath79/generic,kernel,6.6.93~35ef4dd36891d37023436baa842fa311-r1,research-os/data/openwrt-v2-snapshots/releases/24.10.2/ath79_generic/openwrt-24.10.2-ath79-generic.manifest,explicit_backport_or_cherry_pick_in_commit_message
24.10.2,bb59922007043c0a0813d62b0d9f6e801caff9df,b547ab3143e5f9116c19698292d1bd9e08feda3e,kernel: bump kernel 4.9 to version 4.9.120,CVE-2018-3620,kernel,explicit_CVE_in_commit_message,unreviewed,x86/64,kernel,6.6.93~1745ebad77278f5cdc8330d17a3f43d6-r1,research-os/data/openwrt-v2-snapshots/releases/24.10.2/x86_64/openwrt-24.10.2-x86-64.manifest,explicit_backport_or_cherry_pick_in_commit_message
24.10.2,bb59922007043c0a0813d62b0d9f6e801caff9df,b547ab3143e5f9116c19698292d1bd9e08feda3e,kernel: bump kernel 4.9 to version 4.9.120,CVE-2018-3646,kernel,explicit_CVE_in_commit_message,unreviewed,ath79/generic,kernel,6.6.93~35ef4dd36891d37023436baa842fa311-r1,research-os/data/openwrt-v2-snapshots/releases/24.10.2/ath79_generic/openwrt-24.10.2-ath79-generic.manifest,explicit_backport_or_cherry_pick_in_commit_message
24.10.2,bb59922007043c0a0813d62b0d9f6e801caff9df,b547ab3143e5f9116c19698292d1bd9e08feda3e,kernel: bump kernel 4.9 to version 4.9.120,CVE-2018-3646,kernel,explicit_CVE_in_commit_message,unreviewed,x86/64,kernel,6.6.93~1745ebad77278f5cdc8330d17a3f43d6-r1,research-os/data/openwrt-v2-snapshots/releases/24.10.2/x86_64/openwrt-24.10.2-x86-64.manifest,explicit_backport_or_cherry_pick_in_commit_message
24.10.2,bb59922007043c0a0813d62b0d9f6e801caff9df,b5cde260487eae86db1661a53e5e5e0823936aab,dropbear: cherry-pick upstream patches,CVE-2023-36328,dropbear,explicit_CVE_in_commit_message,unreviewed,ath79/generic,dropbear,2024.86-r1,research-os/data/openwrt-v2-snapshots/releases/24.10.2/ath79_generic/openwrt-24.10.2-ath79-generic.manifest,explicit_backport_or_cherry_pick_in_commit_message
24.10.2,bb59922007043c0a0813d62b0d9f6e801caff9df,b5cde260487eae86db1661a53e5e5e0823936aab,dropbear: cherry-pick upstream patches,CVE-2023-36328,dropbear,explicit_CVE_in_commit_message,unreviewed,x86/64,dropbear,2024.86-r1,research-os/data/openwrt-v2-snapshots/releases/24.10.2/x86_64/openwrt-24.10.2-x86-64.manifest,explicit_backport_or_cherry_pick_in_commit_message
24.10.2,bb59922007043c0a0813d62b0d9f6e801caff9df,b5cde260487eae86db1661a53e5e5e0823936aab,dropbear: cherry-pick upstream patches,CVE-2023-48795,dropbear,explicit_CVE_in_commit_message,unreviewed,ath79/generic,dropbear,2024.86-r1,research-os/data/openwrt-v2-snapshots/releases/24.10.2/ath79_generic/openwrt-24.10.2-ath79-generic.manifest,explicit_backport_or_cherry_pick_in_commit_message
24.10.2,bb59922007043c0a0813d62b0d9f6e801caff9df,b5cde260487eae86db1661a53e5e5e0823936aab,dropbear: cherry-pick upstream patches,CVE-2023-48795,dropbear,explicit_CVE_in_commit_message,unreviewed,x86/64,dropbear,2024.86-r1,research-os/data/openwrt-v2-snapshots/releases/24.10.2/x86_64/openwrt-24.10.2-x86-64.manifest,explicit_backport_or_cherry_pick_in_commit_message
24.10.2,bb59922007043c0a0813d62b0d9f6e801caff9df,d8565a06dc01b55ed1018d571e655c122b9d2a33,kernel: bump 4.9 to 4.9.77,CVE-2017-1000410,kernel,explicit_CVE_in_commit_message,unreviewed,ath79/generic,kernel,6.6.93~35ef4dd36891d37023436baa842fa311-r1,research-os/data/openwrt-v2-snapshots/releases/24.10.2/ath79_generic/openwrt-24.10.2-ath79-generic.manifest,explicit_backport_or_cherry_pick_in_commit_message
24.10.2,bb59922007043c0a0813d62b0d9f6e801caff9df,d8565a06dc01b55ed1018d571e655c122b9d2a33,kernel: bump 4.9 to 4.9.77,CVE-2017-1000410,kernel,explicit_CVE_in_commit_message,unreviewed,x86/64,kernel,6.6.93~1745ebad77278f5cdc8330d17a3f43d6-r1,research-os/data/openwrt-v2-snapshots/releases/24.10.2/x86_64/openwrt-24.10.2-x86-64.manifest,explicit_backport_or_cherry_pick_in_commit_message
24.10.2,bb59922007043c0a0813d62b0d9f6e801caff9df,d8565a06dc01b55ed1018d571e655c122b9d2a33,kernel: bump 4.9 to 4.9.77,CVE-2017-17741,kernel,explicit_CVE_in_commit_message,unreviewed,ath79/generic,kernel,6.6.93~35ef4dd36891d37023436baa842fa311-r1,research-os/data/openwrt-v2-snapshots/releases/24.10.2/ath79_generic/openwrt-24.10.2-ath79-generic.manifest,explicit_backport_or_cherry_pick_in_commit_message
24.10.2,bb59922007043c0a0813d62b0d9f6e801caff9df,d8565a06dc01b55ed1018d571e655c122b9d2a33,kernel: bump 4.9 to 4.9.77,CVE-2017-17741,kernel,explicit_CVE_in_commit_message,unreviewed,x86/64,kernel,6.6.93~1745ebad77278f5cdc8330d17a3f43d6-r1,research-os/data/openwrt-v2-snapshots/releases/24.10.2/x86_64/openwrt-24.10.2-x86-64.manifest,explicit_backport_or_cherry_pick_in_commit_message
24.10.2,bb59922007043c0a0813d62b0d9f6e801caff9df,d8565a06dc01b55ed1018d571e655c122b9d2a33,kernel: bump 4.9 to 4.9.77,CVE-2017-5715,kernel,explicit_CVE_in_commit_message,unreviewed,ath79/generic,kernel,6.6.93~35ef4dd36891d37023436baa842fa311-r1,research-os/data/openwrt-v2-snapshots/releases/24.10.2/ath79_generic/openwrt-24.10.2-ath79-generic.manifest,explicit_backport_or_cherry_pick_in_commit_message
24.10.2,bb59922007043c0a0813d62b0d9f6e801caff9df,d8565a06dc01b55ed1018d571e655c122b9d2a33,kernel: bump 4.9 to 4.9.77,CVE-2017-5715,kernel,explicit_CVE_in_commit_message,unreviewed,x86/64,kernel,6.6.93~1745ebad77278f5cdc8330d17a3f43d6-r1,research-os/data/openwrt-v2-snapshots/releases/24.10.2/x86_64/openwrt-24.10.2-x86-64.manifest,explicit_backport_or_cherry_pick_in_commit_message
24.10.2,bb59922007043c0a0813d62b0d9f6e801caff9df,d8565a06dc01b55ed1018d571e655c122b9d2a33,kernel: bump 4.9 to 4.9.77,CVE-2017-5753,kernel,explicit_CVE_in_commit_message,unreviewed,ath79/generic,kernel,6.6.93~35ef4dd36891d37023436baa842fa311-r1,research-os/data/openwrt-v2-snapshots/releases/24.10.2/ath79_generic/openwrt-24.10.2-ath79-generic.manifest,explicit_backport_or_cherry_pick_in_commit_message
24.10.2,bb59922007043c0a0813d62b0d9f6e801caff9df,d8565a06dc01b55ed1018d571e655c122b9d2a33,kernel: bump 4.9 to 4.9.77,CVE-2017-5753,kernel,explicit_CVE_in_commit_message,unreviewed,x86/64,kernel,6.6.93~1745ebad77278f5cdc8330d17a3f43d6-r1,research-os/data/openwrt-v2-snapshots/releases/24.10.2/x86_64/openwrt-24.10.2-x86-64.manifest,explicit_backport_or_cherry_pick_in_commit_message
24.10.2,bb59922007043c0a0813d62b0d9f6e801caff9df,f621b539512e5b6c83dd2de1bc2dba06e40cd7ea,kernel: bump 4.9 to 4.9.82,CVE-2017-8824,kernel,explicit_CVE_in_commit_message,unreviewed,ath79/generic,kernel,6.6.93~35ef4dd36891d37023436baa842fa311-r1,research-os/data/openwrt-v2-snapshots/releases/24.10.2/ath79_generic/openwrt-24.10.2-ath79-generic.manifest,explicit_backport_or_cherry_pick_in_commit_message
24.10.2,bb59922007043c0a0813d62b0d9f6e801caff9df,f621b539512e5b6c83dd2de1bc2dba06e40cd7ea,kernel: bump 4.9 to 4.9.82,CVE-2017-8824,kernel,explicit_CVE_in_commit_message,unreviewed,x86/64,kernel,6.6.93~1745ebad77278f5cdc8330d17a3f43d6-r1,research-os/data/openwrt-v2-snapshots/releases/24.10.2/x86_64/openwrt-24.10.2-x86-64.manifest,explicit_backport_or_cherry_pick_in_commit_message
24.10.2,bb59922007043c0a0813d62b0d9f6e801caff9df,fefe1da440eede8dfaa23975c30ae2f6fcac744d,kernel: backport upstream fix for CVE-2018-5390,CVE-2018-5390,kernel,explicit_CVE_in_commit_message,unreviewed,ath79/generic,kernel,6.6.93~35ef4dd36891d37023436baa842fa311-r1,research-os/data/openwrt-v2-snapshots/releases/24.10.2/ath79_generic/openwrt-24.10.2-ath79-generic.manifest,explicit_backport_or_cherry_pick_in_commit_message
24.10.2,bb59922007043c0a0813d62b0d9f6e801caff9df,fefe1da440eede8dfaa23975c30ae2f6fcac744d,kernel: backport upstream fix for CVE-2018-5390,CVE-2018-5390,kernel,explicit_CVE_in_commit_message,unreviewed,x86/64,kernel,6.6.93~1745ebad77278f5cdc8330d17a3f43d6-r1,research-os/data/openwrt-v2-snapshots/releases/24.10.2/x86_64/openwrt-24.10.2-x86-64.manifest,explicit_backport_or_cherry_pick_in_commit_message
24.10.3,dbd975a3b674c917d2f3b6663864084421944909,002a99eccd75fb653163bae0a1132bd4f494e7ad,dnsmasq: Backport DHCPv6 server fix (CVE-2022-0934),CVE-2022-0934,dnsmasq,explicit_CVE_in_commit_message,unreviewed,ath79/generic,dnsmasq,2.90-r4,research-os/data/openwrt-v2-snapshots/releases/24.10.3/ath79_generic/openwrt-24.10.3-ath79-generic.manifest,explicit_backport_or_cherry_pick_in_commit_message
24.10.3,dbd975a3b674c917d2f3b6663864084421944909,002a99eccd75fb653163bae0a1132bd4f494e7ad,dnsmasq: Backport DHCPv6 server fix (CVE-2022-0934),CVE-2022-0934,dnsmasq,explicit_CVE_in_commit_message,unreviewed,x86/64,dnsmasq,2.90-r4,research-os/data/openwrt-v2-snapshots/releases/24.10.3/x86_64/openwrt-24.10.3-x86-64.manifest,explicit_backport_or_cherry_pick_in_commit_message
24.10.3,dbd975a3b674c917d2f3b6663864084421944909,13397b2b95b4800fb0a29c3d483fa280d10f0eb0,busybox: backport fix for CVE-2021-28831,CVE-2021-28831,busybox,explicit_CVE_in_commit_message,unreviewed,ath79/generic,busybox,1.36.1-r2,research-os/data/openwrt-v2-snapshots/releases/24.10.3/ath79_generic/openwrt-24.10.3-ath79-generic.manifest,explicit_backport_or_cherry_pick_in_commit_message
24.10.3,dbd975a3b674c917d2f3b6663864084421944909,13397b2b95b4800fb0a29c3d483fa280d10f0eb0,busybox: backport fix for CVE-2021-28831,CVE-2021-28831,busybox,explicit_CVE_in_commit_message,unreviewed,x86/64,busybox,1.36.1-r2,research-os/data/openwrt-v2-snapshots/releases/24.10.3/x86_64/openwrt-24.10.3-x86-64.manifest,explicit_backport_or_cherry_pick_in_commit_message
24.10.3,dbd975a3b674c917d2f3b6663864084421944909,2211ee0037764e1c6b1576fe7a0975722cd4acdc,dropbear: backport upstream fix for CVE-2018-15599,CVE-2018-15473,dropbear,explicit_CVE_in_commit_message,unreviewed,ath79/generic,dropbear,2024.86-r1,research-os/data/openwrt-v2-snapshots/releases/24.10.3/ath79_generic/openwrt-24.10.3-ath79-generic.manifest,explicit_backport_or_cherry_pick_in_commit_message
24.10.3,dbd975a3b674c917d2f3b6663864084421944909,2211ee0037764e1c6b1576fe7a0975722cd4acdc,dropbear: backport upstream fix for CVE-2018-15599,CVE-2018-15473,dropbear,explicit_CVE_in_commit_message,unreviewed,x86/64,dropbear,2024.86-r1,research-os/data/openwrt-v2-snapshots/releases/24.10.3/x86_64/openwrt-24.10.3-x86-64.manifest,explicit_backport_or_cherry_pick_in_commit_message
24.10.3,dbd975a3b674c917d2f3b6663864084421944909,2211ee0037764e1c6b1576fe7a0975722cd4acdc,dropbear: backport upstream fix for CVE-2018-15599,CVE-2018-15599,dropbear,explicit_CVE_in_commit_message,unreviewed,ath79/generic,dropbear,2024.86-r1,research-os/data/openwrt-v2-snapshots/releases/24.10.3/ath79_generic/openwrt-24.10.3-ath79-generic.manifest,explicit_backport_or_cherry_pick_in_commit_message
24.10.3,dbd975a3b674c917d2f3b6663864084421944909,2211ee0037764e1c6b1576fe7a0975722cd4acdc,dropbear: backport upstream fix for CVE-2018-15599,CVE-2018-15599,dropbear,explicit_CVE_in_commit_message,unreviewed,x86/64,dropbear,2024.86-r1,research-os/data/openwrt-v2-snapshots/releases/24.10.3/x86_64/openwrt-24.10.3-x86-64.manifest,explicit_backport_or_cherry_pick_in_commit_message
24.10.3,dbd975a3b674c917d2f3b6663864084421944909,22b9f99b87fa1ff991180cabf02dd04d1bddce2b,kernel: bump 4.14 to 4.14.59,CVE-2018-10876,kernel,explicit_CVE_in_commit_message,unreviewed,ath79/generic,kernel,6.6.104~35ef4dd36891d37023436baa842fa311-r1,research-os/data/openwrt-v2-snapshots/releases/24.10.3/ath79_generic/openwrt-24.10.3-ath79-generic.manifest,explicit_backport_or_cherry_pick_in_commit_message
24.10.3,dbd975a3b674c917d2f3b6663864084421944909,22b9f99b87fa1ff991180cabf02dd04d1bddce2b,kernel: bump 4.14 to 4.14.59,CVE-2018-10876,kernel,explicit_CVE_in_commit_message,unreviewed,x86/64,kernel,6.6.104~3505295dd1edf1c0eda57c9ce372bf57-r1,research-os/data/openwrt-v2-snapshots/releases/24.10.3/x86_64/openwrt-24.10.3-x86-64.manifest,explicit_backport_or_cherry_pick_in_commit_message
24.10.3,dbd975a3b674c917d2f3b6663864084421944909,22b9f99b87fa1ff991180cabf02dd04d1bddce2b,kernel: bump 4.14 to 4.14.59,CVE-2018-10877,kernel,explicit_CVE_in_commit_message,unreviewed,ath79/generic,kernel,6.6.104~35ef4dd36891d37023436baa842fa311-r1,research-os/data/openwrt-v2-snapshots/releases/24.10.3/ath79_generic/openwrt-24.10.3-ath79-generic.manifest,explicit_backport_or_cherry_pick_in_commit_message
24.10.3,dbd975a3b674c917d2f3b6663864084421944909,22b9f99b87fa1ff991180cabf02dd04d1bddce2b,kernel: bump 4.14 to 4.14.59,CVE-2018-10877,kernel,explicit_CVE_in_commit_message,unreviewed,x86/64,kernel,6.6.104~3505295dd1edf1c0eda57c9ce372bf57-r1,research-os/data/openwrt-v2-snapshots/releases/24.10.3/x86_64/openwrt-24.10.3-x86-64.manifest,explicit_backport_or_cherry_pick_in_commit_message
24.10.3,dbd975a3b674c917d2f3b6663864084421944909,22b9f99b87fa1ff991180cabf02dd04d1bddce2b,kernel: bump 4.14 to 4.14.59,CVE-2018-10879,kernel,explicit_CVE_in_commit_message,unreviewed,ath79/generic,kernel,6.6.104~35ef4dd36891d37023436baa842fa311-r1,research-os/data/openwrt-v2-snapshots/releases/24.10.3/ath79_generic/openwrt-24.10.3-ath79-generic.manifest,explicit_backport_or_cherry_pick_in_commit_message
24.10.3,dbd975a3b674c917d2f3b6663864084421944909,22b9f99b87fa1ff991180cabf02dd04d1bddce2b,kernel: bump 4.14 to 4.14.59,CVE-2018-10879,kernel,explicit_CVE_in_commit_message,unreviewed,x86/64,kernel,6.6.104~3505295dd1edf1c0eda57c9ce372bf57-r1,research-os/data/openwrt-v2-snapshots/releases/24.10.3/x86_64/openwrt-24.10.3-x86-64.manifest,explicit_backport_or_cherry_pick_in_commit_message
24.10.3,dbd975a3b674c917d2f3b6663864084421944909,22b9f99b87fa1ff991180cabf02dd04d1bddce2b,kernel: bump 4.14 to 4.14.59,CVE-2018-10880,kernel,explicit_CVE_in_commit_message,unreviewed,ath79/generic,kernel,6.6.104~35ef4dd36891d37023436baa842fa311-r1,research-os/data/openwrt-v2-snapshots/releases/24.10.3/ath79_generic/openwrt-24.10.3-ath79-generic.manifest,explicit_backport_or_cherry_pick_in_commit_message
24.10.3,dbd975a3b674c917d2f3b6663864084421944909,22b9f99b87fa1ff991180cabf02dd04d1bddce2b,kernel: bump 4.14 to 4.14.59,CVE-2018-10880,kernel,explicit_CVE_in_commit_message,unreviewed,x86/64,kernel,6.6.104~3505295dd1edf1c0eda57c9ce372bf57-r1,research-os/data/openwrt-v2-snapshots/releases/24.10.3/x86_64/openwrt-24.10.3-x86-64.manifest,explicit_backport_or_cherry_pick_in_commit_message
24.10.3,dbd975a3b674c917d2f3b6663864084421944909,22b9f99b87fa1ff991180cabf02dd04d1bddce2b,kernel: bump 4.14 to 4.14.59,CVE-2018-10881,kernel,explicit_CVE_in_commit_message,unreviewed,ath79/generic,kernel,6.6.104~35ef4dd36891d37023436baa842fa311-r1,research-os/data/openwrt-v2-snapshots/releases/24.10.3/ath79_generic/openwrt-24.10.3-ath79-generic.manifest,explicit_backport_or_cherry_pick_in_commit_message
24.10.3,dbd975a3b674c917d2f3b6663864084421944909,22b9f99b87fa1ff991180cabf02dd04d1bddce2b,kernel: bump 4.14 to 4.14.59,CVE-2018-10881,kernel,explicit_CVE_in_commit_message,unreviewed,x86/64,kernel,6.6.104~3505295dd1edf1c0eda57c9ce372bf57-r1,research-os/data/openwrt-v2-snapshots/releases/24.10.3/x86_64/openwrt-24.10.3-x86-64.manifest,explicit_backport_or_cherry_pick_in_commit_message
24.10.3,dbd975a3b674c917d2f3b6663864084421944909,22b9f99b87fa1ff991180cabf02dd04d1bddce2b,kernel: bump 4.14 to 4.14.59,CVE-2018-10882,kernel,explicit_CVE_in_commit_message,unreviewed,ath79/generic,kernel,6.6.104~35ef4dd36891d37023436baa842fa311-r1,research-os/data/openwrt-v2-snapshots/releases/24.10.3/ath79_generic/openwrt-24.10.3-ath79-generic.manifest,explicit_backport_or_cherry_pick_in_commit_message
24.10.3,dbd975a3b674c917d2f3b6663864084421944909,22b9f99b87fa1ff991180cabf02dd04d1bddce2b,kernel: bump 4.14 to 4.14.59,CVE-2018-10882,kernel,explicit_CVE_in_commit_message,unreviewed,x86/64,kernel,6.6.104~3505295dd1edf1c0eda57c9ce372bf57-r1,research-os/data/openwrt-v2-snapshots/releases/24.10.3/x86_64/openwrt-24.10.3-x86-64.manifest,explicit_backport_or_cherry_pick_in_commit_message
24.10.3,dbd975a3b674c917d2f3b6663864084421944909,22b9f99b87fa1ff991180cabf02dd04d1bddce2b,kernel: bump 4.14 to 4.14.59,CVE-2018-10883,kernel,explicit_CVE_in_commit_message,unreviewed,ath79/generic,kernel,6.6.104~35ef4dd36891d37023436baa842fa311-r1,research-os/data/openwrt-v2-snapshots/releases/24.10.3/ath79_generic/openwrt-24.10.3-ath79-generic.manifest,explicit_backport_or_cherry_pick_in_commit_message
24.10.3,dbd975a3b674c917d2f3b6663864084421944909,22b9f99b87fa1ff991180cabf02dd04d1bddce2b,kernel: bump 4.14 to 4.14.59,CVE-2018-10883,kernel,explicit_CVE_in_commit_message,unreviewed,x86/64,kernel,6.6.104~3505295dd1edf1c0eda57c9ce372bf57-r1,research-os/data/openwrt-v2-snapshots/releases/24.10.3/x86_64/openwrt-24.10.3-x86-64.manifest,explicit_backport_or_cherry_pick_in_commit_message
24.10.3,dbd975a3b674c917d2f3b6663864084421944909,35890514bb191de3ab96dcd684714850a9142efc,ppp: backport security fixes,CVE-2020-8597,ppp,explicit_CVE_in_commit_message,unreviewed,ath79/generic,ppp,2.5.1-r1,research-os/data/openwrt-v2-snapshots/releases/24.10.3/ath79_generic/openwrt-24.10.3-ath79-generic.manifest,explicit_backport_or_cherry_pick_in_commit_message
24.10.3,dbd975a3b674c917d2f3b6663864084421944909,35890514bb191de3ab96dcd684714850a9142efc,ppp: backport security fixes,CVE-2020-8597,ppp,explicit_CVE_in_commit_message,unreviewed,x86/64,ppp,2.5.1-r1,research-os/data/openwrt-v2-snapshots/releases/24.10.3/x86_64/openwrt-24.10.3-x86-64.manifest,explicit_backport_or_cherry_pick_in_commit_message
24.10.3,dbd975a3b674c917d2f3b6663864084421944909,3c2c31bb66e5b247ffbb3cafac2a21d441daef39,kernel: backport upstream challenge ACK fix (CVE-2016-5696),CVE-2016-5696,kernel,explicit_CVE_in_commit_message,unreviewed,ath79/generic,kernel,6.6.104~35ef4dd36891d37023436baa842fa311-r1,research-os/data/openwrt-v2-snapshots/releases/24.10.3/ath79_generic/openwrt-24.10.3-ath79-generic.manifest,explicit_backport_or_cherry_pick_in_commit_message
24.10.3,dbd975a3b674c917d2f3b6663864084421944909,3c2c31bb66e5b247ffbb3cafac2a21d441daef39,kernel: backport upstream challenge ACK fix (CVE-2016-5696),CVE-2016-5696,kernel,explicit_CVE_in_commit_message,unreviewed,x86/64,kernel,6.6.104~3505295dd1edf1c0eda57c9ce372bf57-r1,research-os/data/openwrt-v2-snapshots/releases/24.10.3/x86_64/openwrt-24.10.3-x86-64.manifest,explicit_backport_or_cherry_pick_in_commit_message
24.10.3,dbd975a3b674c917d2f3b6663864084421944909,6713fe030fca32fc3d5ad9761f3b2f96501aedd6,busybox: update to 1.33.1,CVE-2021-28831,busybox,explicit_CVE_in_commit_message,unreviewed,ath79/generic,busybox,1.36.1-r2,research-os/data/openwrt-v2-snapshots/releases/24.10.3/ath79_generic/openwrt-24.10.3-ath79-generic.manifest,explicit_backport_or_cherry_pick_in_commit_message
24.10.3,dbd975a3b674c917d2f3b6663864084421944909,6713fe030fca32fc3d5ad9761f3b2f96501aedd6,busybox: update to 1.33.1,CVE-2021-28831,busybox,explicit_CVE_in_commit_message,unreviewed,x86/64,busybox,1.36.1-r2,research-os/data/openwrt-v2-snapshots/releases/24.10.3/x86_64/openwrt-24.10.3-x86-64.manifest,explicit_backport_or_cherry_pick_in_commit_message
24.10.3,dbd975a3b674c917d2f3b6663864084421944909,7c0a2bc93077f52c033e406864b34af3a4fab245,busybox: backport cve-2017-16544 fix,CVE-2017-16544,busybox,explicit_CVE_in_commit_message,unreviewed,ath79/generic,busybox,1.36.1-r2,research-os/data/openwrt-v2-snapshots/releases/24.10.3/ath79_generic/openwrt-24.10.3-ath79-generic.manifest,explicit_backport_or_cherry_pick_in_commit_message
24.10.3,dbd975a3b674c917d2f3b6663864084421944909,7c0a2bc93077f52c033e406864b34af3a4fab245,busybox: backport cve-2017-16544 fix,CVE-2017-16544,busybox,explicit_CVE_in_commit_message,unreviewed,x86/64,busybox,1.36.1-r2,research-os/data/openwrt-v2-snapshots/releases/24.10.3/x86_64/openwrt-24.10.3-x86-64.manifest,explicit_backport_or_cherry_pick_in_commit_message
24.10.3,dbd975a3b674c917d2f3b6663864084421944909,7c0a2bc93077f52c033e406864b34af3a4fab245,busybox: backport cve-2017-16544 fix,CVE-2017-16544,busybox,explicit_CVE_in_commit_message,unreviewed,ath79/generic,busybox,1.36.1-r2,research-os/data/openwrt-v2-snapshots/releases/24.10.3/ath79_generic/openwrt-24.10.3-ath79-generic.manifest,explicit_backport_or_cherry_pick_in_commit_message
24.10.3,dbd975a3b674c917d2f3b6663864084421944909,7c0a2bc93077f52c033e406864b34af3a4fab245,busybox: backport cve-2017-16544 fix,CVE-2017-16544,busybox,explicit_CVE_in_commit_message,unreviewed,x86/64,busybox,1.36.1-r2,research-os/data/openwrt-v2-snapshots/releases/24.10.3/x86_64/openwrt-24.10.3-x86-64.manifest,explicit_backport_or_cherry_pick_in_commit_message
24.10.3,dbd975a3b674c917d2f3b6663864084421944909,88ba41453dbc65e1d5d596073d66bdf2e59a43a1,kernel: bump 4.14 to 4.14.20,CVE-2017-8824,kernel,explicit_CVE_in_commit_message,unreviewed,ath79/generic,kernel,6.6.104~35ef4dd36891d37023436baa842fa311-r1,research-os/data/openwrt-v2-snapshots/releases/24.10.3/ath79_generic/openwrt-24.10.3-ath79-generic.manifest,explicit_backport_or_cherry_pick_in_commit_message
24.10.3,dbd975a3b674c917d2f3b6663864084421944909,88ba41453dbc65e1d5d596073d66bdf2e59a43a1,kernel: bump 4.14 to 4.14.20,CVE-2017-8824,kernel,explicit_CVE_in_commit_message,unreviewed,x86/64,kernel,6.6.104~3505295dd1edf1c0eda57c9ce372bf57-r1,research-os/data/openwrt-v2-snapshots/releases/24.10.3/x86_64/openwrt-24.10.3-x86-64.manifest,explicit_backport_or_cherry_pick_in_commit_message
24.10.3,dbd975a3b674c917d2f3b6663864084421944909,9a753c49ea7053f3592f9ec1ce9d97882edb332d,dnsmasq: backport official fix for CVE-2017-13704,CVE-2017-13704,dnsmasq,explicit_CVE_in_commit_message,unreviewed,ath79/generic,dnsmasq,2.90-r4,research-os/data/openwrt-v2-snapshots/releases/24.10.3/ath79_generic/openwrt-24.10.3-ath79-generic.manifest,explicit_backport_or_cherry_pick_in_commit_message
24.10.3,dbd975a3b674c917d2f3b6663864084421944909,9a753c49ea7053f3592f9ec1ce9d97882edb332d,dnsmasq: backport official fix for CVE-2017-13704,CVE-2017-13704,dnsmasq,explicit_CVE_in_commit_message,unreviewed,x86/64,dnsmasq,2.90-r4,research-os/data/openwrt-v2-snapshots/releases/24.10.3/x86_64/openwrt-24.10.3-x86-64.manifest,explicit_backport_or_cherry_pick_in_commit_message
24.10.3,dbd975a3b674c917d2f3b6663864084421944909,a3198061f80a7f3933810cd99206b085e4cf49f9,dnsmasq: backport dnssec security fix,CVE-2017-15107,dnsmasq,explicit_CVE_in_commit_message,unreviewed,ath79/generic,dnsmasq,2.90-r4,research-os/data/openwrt-v2-snapshots/releases/24.10.3/ath79_generic/openwrt-24.10.3-ath79-generic.manifest,explicit_backport_or_cherry_pick_in_commit_message
24.10.3,dbd975a3b674c917d2f3b6663864084421944909,a3198061f80a7f3933810cd99206b085e4cf49f9,dnsmasq: backport dnssec security fix,CVE-2017-15107,dnsmasq,explicit_CVE_in_commit_message,unreviewed,x86/64,dnsmasq,2.90-r4,research-os/data/openwrt-v2-snapshots/releases/24.10.3/x86_64/openwrt-24.10.3-x86-64.manifest,explicit_backport_or_cherry_pick_in_commit_message
24.10.3,dbd975a3b674c917d2f3b6663864084421944909,adaf1cbcc8b253ea807dbe0416b4b04c33dceadf,dnsmasq: backport validation fix in dnssec security fix,CVE-2017-15107,dnsmasq,explicit_CVE_in_commit_message,unreviewed,ath79/generic,dnsmasq,2.90-r4,research-os/data/openwrt-v2-snapshots/releases/24.10.3/ath79_generic/openwrt-24.10.3-ath79-generic.manifest,explicit_backport_or_cherry_pick_in_commit_message
24.10.3,dbd975a3b674c917d2f3b6663864084421944909,adaf1cbcc8b253ea807dbe0416b4b04c33dceadf,dnsmasq: backport validation fix in dnssec security fix,CVE-2017-15107,dnsmasq,explicit_CVE_in_commit_message,unreviewed,x86/64,dnsmasq,2.90-r4,research-os/data/openwrt-v2-snapshots/releases/24.10.3/x86_64/openwrt-24.10.3-x86-64.manifest,explicit_backport_or_cherry_pick_in_commit_message
24.10.3,dbd975a3b674c917d2f3b6663864084421944909,b547ab3143e5f9116c19698292d1bd9e08feda3e,kernel: bump kernel 4.9 to version 4.9.120,CVE-2018-3620,kernel,explicit_CVE_in_commit_message,unreviewed,ath79/generic,kernel,6.6.104~35ef4dd36891d37023436baa842fa311-r1,research-os/data/openwrt-v2-snapshots/releases/24.10.3/ath79_generic/openwrt-24.10.3-ath79-generic.manifest,explicit_backport_or_cherry_pick_in_commit_message
24.10.3,dbd975a3b674c917d2f3b6663864084421944909,b547ab3143e5f9116c19698292d1bd9e08feda3e,kernel: bump kernel 4.9 to version 4.9.120,CVE-2018-3620,kernel,explicit_CVE_in_commit_message,unreviewed,x86/64,kernel,6.6.104~3505295dd1edf1c0eda57c9ce372bf57-r1,research-os/data/openwrt-v2-snapshots/releases/24.10.3/x86_64/openwrt-24.10.3-x86-64.manifest,explicit_backport_or_cherry_pick_in_commit_message
24.10.3,dbd975a3b674c917d2f3b6663864084421944909,b547ab3143e5f9116c19698292d1bd9e08feda3e,kernel: bump kernel 4.9 to version 4.9.120,CVE-2018-3646,kernel,explicit_CVE_in_commit_message,unreviewed,ath79/generic,kernel,6.6.104~35ef4dd36891d37023436baa842fa311-r1,research-os/data/openwrt-v2-snapshots/releases/24.10.3/ath79_generic/openwrt-24.10.3-ath79-generic.manifest,explicit_backport_or_cherry_pick_in_commit_message
24.10.3,dbd975a3b674c917d2f3b6663864084421944909,b547ab3143e5f9116c19698292d1bd9e08feda3e,kernel: bump kernel 4.9 to version 4.9.120,CVE-2018-3646,kernel,explicit_CVE_in_commit_message,unreviewed,x86/64,kernel,6.6.104~3505295dd1edf1c0eda57c9ce372bf57-r1,research-os/data/openwrt-v2-snapshots/releases/24.10.3/x86_64/openwrt-24.10.3-x86-64.manifest,explicit_backport_or_cherry_pick_in_commit_message
24.10.3,dbd975a3b674c917d2f3b6663864084421944909,b5cde260487eae86db1661a53e5e5e0823936aab,dropbear: cherry-pick upstream patches,CVE-2023-36328,dropbear,explicit_CVE_in_commit_message,unreviewed,ath79/generic,dropbear,2024.86-r1,research-os/data/openwrt-v2-snapshots/releases/24.10.3/ath79_generic/openwrt-24.10.3-ath79-generic.manifest,explicit_backport_or_cherry_pick_in_commit_message
24.10.3,dbd975a3b674c917d2f3b6663864084421944909,b5cde260487eae86db1661a53e5e5e0823936aab,dropbear: cherry-pick upstream patches,CVE-2023-36328,dropbear,explicit_CVE_in_commit_message,unreviewed,x86/64,dropbear,2024.86-r1,research-os/data/openwrt-v2-snapshots/releases/24.10.3/x86_64/openwrt-24.10.3-x86-64.manifest,explicit_backport_or_cherry_pick_in_commit_message
24.10.3,dbd975a3b674c917d2f3b6663864084421944909,b5cde260487eae86db1661a53e5e5e0823936aab,dropbear: cherry-pick upstream patches,CVE-2023-48795,dropbear,explicit_CVE_in_commit_message,unreviewed,ath79/generic,dropbear,2024.86-r1,research-os/data/openwrt-v2-snapshots/releases/24.10.3/ath79_generic/openwrt-24.10.3-ath79-generic.manifest,explicit_backport_or_cherry_pick_in_commit_message
24.10.3,dbd975a3b674c917d2f3b6663864084421944909,b5cde260487eae86db1661a53e5e5e0823936aab,dropbear: cherry-pick upstream patches,CVE-2023-48795,dropbear,explicit_CVE_in_commit_message,unreviewed,x86/64,dropbear,2024.86-r1,research-os/data/openwrt-v2-snapshots/releases/24.10.3/x86_64/openwrt-24.10.3-x86-64.manifest,explicit_backport_or_cherry_pick_in_commit_message
24.10.3,dbd975a3b674c917d2f3b6663864084421944909,d8565a06dc01b55ed1018d571e655c122b9d2a33,kernel: bump 4.9 to 4.9.77,CVE-2017-1000410,kernel,explicit_CVE_in_commit_message,unreviewed,ath79/generic,kernel,6.6.104~35ef4dd36891d37023436baa842fa311-r1,research-os/data/openwrt-v2-snapshots/releases/24.10.3/ath79_generic/openwrt-24.10.3-ath79-generic.manifest,explicit_backport_or_cherry_pick_in_commit_message
24.10.3,dbd975a3b674c917d2f3b6663864084421944909,d8565a06dc01b55ed1018d571e655c122b9d2a33,kernel: bump 4.9 to 4.9.77,CVE-2017-1000410,kernel,explicit_CVE_in_commit_message,unreviewed,x86/64,kernel,6.6.104~3505295dd1edf1c0eda57c9ce372bf57-r1,research-os/data/openwrt-v2-snapshots/releases/24.10.3/x86_64/openwrt-24.10.3-x86-64.manifest,explicit_backport_or_cherry_pick_in_commit_message
24.10.3,dbd975a3b674c917d2f3b6663864084421944909,d8565a06dc01b55ed1018d571e655c122b9d2a33,kernel: bump 4.9 to 4.9.77,CVE-2017-17741,kernel,explicit_CVE_in_commit_message,unreviewed,ath79/generic,kernel,6.6.104~35ef4dd36891d37023436baa842fa311-r1,research-os/data/openwrt-v2-snapshots/releases/24.10.3/ath79_generic/openwrt-24.10.3-ath79-generic.manifest,explicit_backport_or_cherry_pick_in_commit_message
24.10.3,dbd975a3b674c917d2f3b6663864084421944909,d8565a06dc01b55ed1018d571e655c122b9d2a33,kernel: bump 4.9 to 4.9.77,CVE-2017-17741,kernel,explicit_CVE_in_commit_message,unreviewed,x86/64,kernel,6.6.104~3505295dd1edf1c0eda57c9ce372bf57-r1,research-os/data/openwrt-v2-snapshots/releases/24.10.3/x86_64/openwrt-24.10.3-x86-64.manifest,explicit_backport_or_cherry_pick_in_commit_message
24.10.3,dbd975a3b674c917d2f3b6663864084421944909,d8565a06dc01b55ed1018d571e655c122b9d2a33,kernel: bump 4.9 to 4.9.77,CVE-2017-5715,kernel,explicit_CVE_in_commit_message,unreviewed,ath79/generic,kernel,6.6.104~35ef4dd36891d37023436baa842fa311-r1,research-os/data/openwrt-v2-snapshots/releases/24.10.3/ath79_generic/openwrt-24.10.3-ath79-generic.manifest,explicit_backport_or_cherry_pick_in_commit_message
24.10.3,dbd975a3b674c917d2f3b6663864084421944909,d8565a06dc01b55ed1018d571e655c122b9d2a33,kernel: bump 4.9 to 4.9.77,CVE-2017-5715,kernel,explicit_CVE_in_commit_message,unreviewed,x86/64,kernel,6.6.104~3505295dd1edf1c0eda57c9ce372bf57-r1,research-os/data/openwrt-v2-snapshots/releases/24.10.3/x86_64/openwrt-24.10.3-x86-64.manifest,explicit_backport_or_cherry_pick_in_commit_message
24.10.3,dbd975a3b674c917d2f3b6663864084421944909,d8565a06dc01b55ed1018d571e655c122b9d2a33,kernel: bump 4.9 to 4.9.77,CVE-2017-5753,kernel,explicit_CVE_in_commit_message,unreviewed,ath79/generic,kernel,6.6.104~35ef4dd36891d37023436baa842fa311-r1,research-os/data/openwrt-v2-snapshots/releases/24.10.3/ath79_generic/openwrt-24.10.3-ath79-generic.manifest,explicit_backport_or_cherry_pick_in_commit_message
24.10.3,dbd975a3b674c917d2f3b6663864084421944909,d8565a06dc01b55ed1018d571e655c122b9d2a33,kernel: bump 4.9 to 4.9.77,CVE-2017-5753,kernel,explicit_CVE_in_commit_message,unreviewed,x86/64,kernel,6.6.104~3505295dd1edf1c0eda57c9ce372bf57-r1,research-os/data/openwrt-v2-snapshots/releases/24.10.3/x86_64/openwrt-24.10.3-x86-64.manifest,explicit_backport_or_cherry_pick_in_commit_message
24.10.3,dbd975a3b674c917d2f3b6663864084421944909,f621b539512e5b6c83dd2de1bc2dba06e40cd7ea,kernel: bump 4.9 to 4.9.82,CVE-2017-8824,kernel,explicit_CVE_in_commit_message,unreviewed,ath79/generic,kernel,6.6.104~35ef4dd36891d37023436baa842fa311-r1,research-os/data/openwrt-v2-snapshots/releases/24.10.3/ath79_generic/openwrt-24.10.3-ath79-generic.manifest,explicit_backport_or_cherry_pick_in_commit_message
24.10.3,dbd975a3b674c917d2f3b6663864084421944909,f621b539512e5b6c83dd2de1bc2dba06e40cd7ea,kernel: bump 4.9 to 4.9.82,CVE-2017-8824,kernel,explicit_CVE_in_commit_message,unreviewed,x86/64,kernel,6.6.104~3505295dd1edf1c0eda57c9ce372bf57-r1,research-os/data/openwrt-v2-snapshots/releases/24.10.3/x86_64/openwrt-24.10.3-x86-64.manifest,explicit_backport_or_cherry_pick_in_commit_message
24.10.3,dbd975a3b674c917d2f3b6663864084421944909,fefe1da440eede8dfaa23975c30ae2f6fcac744d,kernel: backport upstream fix for CVE-2018-5390,CVE-2018-5390,kernel,explicit_CVE_in_commit_message,unreviewed,ath79/generic,kernel,6.6.104~35ef4dd36891d37023436baa842fa311-r1,research-os/data/openwrt-v2-snapshots/releases/24.10.3/ath79_generic/openwrt-24.10.3-ath79-generic.manifest,explicit_backport_or_cherry_pick_in_commit_message
24.10.3,dbd975a3b674c917d2f3b6663864084421944909,fefe1da440eede8dfaa23975c30ae2f6fcac744d,kernel: backport upstream fix for CVE-2018-5390,CVE-2018-5390,kernel,explicit_CVE_in_commit_message,unreviewed,x86/64,kernel,6.6.104~3505295dd1edf1c0eda57c9ce372bf57-r1,research-os/data/openwrt-v2-snapshots/releases/24.10.3/x86_64/openwrt-24.10.3-x86-64.manifest,explicit_backport_or_cherry_pick_in_commit_message
24.10.4,78b23a26c4c98938d549e7ff5876508544e33d4d,002a99eccd75fb653163bae0a1132bd4f494e7ad,dnsmasq: Backport DHCPv6 server fix (CVE-2022-0934),CVE-2022-0934,dnsmasq,explicit_CVE_in_commit_message,unreviewed,ath79/generic,dnsmasq,2.90-r4,research-os/data/openwrt-v2-snapshots/releases/24.10.4/ath79_generic/openwrt-24.10.4-ath79-generic.manifest,explicit_backport_or_cherry_pick_in_commit_message
24.10.4,78b23a26c4c98938d549e7ff5876508544e33d4d,002a99eccd75fb653163bae0a1132bd4f494e7ad,dnsmasq: Backport DHCPv6 server fix (CVE-2022-0934),CVE-2022-0934,dnsmasq,explicit_CVE_in_commit_message,unreviewed,x86/64,dnsmasq,2.90-r4,research-os/data/openwrt-v2-snapshots/releases/24.10.4/x86_64/openwrt-24.10.4-x86-64.manifest,explicit_backport_or_cherry_pick_in_commit_message
24.10.4,78b23a26c4c98938d549e7ff5876508544e33d4d,13397b2b95b4800fb0a29c3d483fa280d10f0eb0,busybox: backport fix for CVE-2021-28831,CVE-2021-28831,busybox,explicit_CVE_in_commit_message,unreviewed,ath79/generic,busybox,1.36.1-r2,research-os/data/openwrt-v2-snapshots/releases/24.10.4/ath79_generic/openwrt-24.10.4-ath79-generic.manifest,explicit_backport_or_cherry_pick_in_commit_message
24.10.4,78b23a26c4c98938d549e7ff5876508544e33d4d,13397b2b95b4800fb0a29c3d483fa280d10f0eb0,busybox: backport fix for CVE-2021-28831,CVE-2021-28831,busybox,explicit_CVE_in_commit_message,unreviewed,x86/64,busybox,1.36.1-r2,research-os/data/openwrt-v2-snapshots/releases/24.10.4/x86_64/openwrt-24.10.4-x86-64.manifest,explicit_backport_or_cherry_pick_in_commit_message
24.10.4,78b23a26c4c98938d549e7ff5876508544e33d4d,2211ee0037764e1c6b1576fe7a0975722cd4acdc,dropbear: backport upstream fix for CVE-2018-15599,CVE-2018-15473,dropbear,explicit_CVE_in_commit_message,unreviewed,ath79/generic,dropbear,2024.86-r1,research-os/data/openwrt-v2-snapshots/releases/24.10.4/ath79_generic/openwrt-24.10.4-ath79-generic.manifest,explicit_backport_or_cherry_pick_in_commit_message
24.10.4,78b23a26c4c98938d549e7ff5876508544e33d4d,2211ee0037764e1c6b1576fe7a0975722cd4acdc,dropbear: backport upstream fix for CVE-2018-15599,CVE-2018-15473,dropbear,explicit_CVE_in_commit_message,unreviewed,x86/64,dropbear,2024.86-r1,research-os/data/openwrt-v2-snapshots/releases/24.10.4/x86_64/openwrt-24.10.4-x86-64.manifest,explicit_backport_or_cherry_pick_in_commit_message
24.10.4,78b23a26c4c98938d549e7ff5876508544e33d4d,2211ee0037764e1c6b1576fe7a0975722cd4acdc,dropbear: backport upstream fix for CVE-2018-15599,CVE-2018-15599,dropbear,explicit_CVE_in_commit_message,unreviewed,ath79/generic,dropbear,2024.86-r1,research-os/data/openwrt-v2-snapshots/releases/24.10.4/ath79_generic/openwrt-24.10.4-ath79-generic.manifest,explicit_backport_or_cherry_pick_in_commit_message
24.10.4,78b23a26c4c98938d549e7ff5876508544e33d4d,2211ee0037764e1c6b1576fe7a0975722cd4acdc,dropbear: backport upstream fix for CVE-2018-15599,CVE-2018-15599,dropbear,explicit_CVE_in_commit_message,unreviewed,x86/64,dropbear,2024.86-r1,research-os/data/openwrt-v2-snapshots/releases/24.10.4/x86_64/openwrt-24.10.4-x86-64.manifest,explicit_backport_or_cherry_pick_in_commit_message
24.10.4,78b23a26c4c98938d549e7ff5876508544e33d4d,22b9f99b87fa1ff991180cabf02dd04d1bddce2b,kernel: bump 4.14 to 4.14.59,CVE-2018-10876,kernel,explicit_CVE_in_commit_message,unreviewed,ath79/generic,kernel,6.6.110~35ef4dd36891d37023436baa842fa311-r1,research-os/data/openwrt-v2-snapshots/releases/24.10.4/ath79_generic/openwrt-24.10.4-ath79-generic.manifest,explicit_backport_or_cherry_pick_in_commit_message
24.10.4,78b23a26c4c98938d549e7ff5876508544e33d4d,22b9f99b87fa1ff991180cabf02dd04d1bddce2b,kernel: bump 4.14 to 4.14.59,CVE-2018-10876,kernel,explicit_CVE_in_commit_message,unreviewed,x86/64,kernel,6.6.110~484466e2719a743506c36b4bb2103582-r1,research-os/data/openwrt-v2-snapshots/releases/24.10.4/x86_64/openwrt-24.10.4-x86-64.manifest,explicit_backport_or_cherry_pick_in_commit_message
24.10.4,78b23a26c4c98938d549e7ff5876508544e33d4d,22b9f99b87fa1ff991180cabf02dd04d1bddce2b,kernel: bump 4.14 to 4.14.59,CVE-2018-10877,kernel,explicit_CVE_in_commit_message,unreviewed,ath79/generic,kernel,6.6.110~35ef4dd36891d37023436baa842fa311-r1,research-os/data/openwrt-v2-snapshots/releases/24.10.4/ath79_generic/openwrt-24.10.4-ath79-generic.manifest,explicit_backport_or_cherry_pick_in_commit_message
24.10.4,78b23a26c4c98938d549e7ff5876508544e33d4d,22b9f99b87fa1ff991180cabf02dd04d1bddce2b,kernel: bump 4.14 to 4.14.59,CVE-2018-10877,kernel,explicit_CVE_in_commit_message,unreviewed,x86/64,kernel,6.6.110~484466e2719a743506c36b4bb2103582-r1,research-os/data/openwrt-v2-snapshots/releases/24.10.4/x86_64/openwrt-24.10.4-x86-64.manifest,explicit_backport_or_cherry_pick_in_commit_message
24.10.4,78b23a26c4c98938d549e7ff5876508544e33d4d,22b9f99b87fa1ff991180cabf02dd04d1bddce2b,kernel: bump 4.14 to 4.14.59,CVE-2018-10879,kernel,explicit_CVE_in_commit_message,unreviewed,ath79/generic,kernel,6.6.110~35ef4dd36891d37023436baa842fa311-r1,research-os/data/openwrt-v2-snapshots/releases/24.10.4/ath79_generic/openwrt-24.10.4-ath79-generic.manifest,explicit_backport_or_cherry_pick_in_commit_message
24.10.4,78b23a26c4c98938d549e7ff5876508544e33d4d,22b9f99b87fa1ff991180cabf02dd04d1bddce2b,kernel: bump 4.14 to 4.14.59,CVE-2018-10879,kernel,explicit_CVE_in_commit_message,unreviewed,x86/64,kernel,6.6.110~484466e2719a743506c36b4bb2103582-r1,research-os/data/openwrt-v2-snapshots/releases/24.10.4/x86_64/openwrt-24.10.4-x86-64.manifest,explicit_backport_or_cherry_pick_in_commit_message
24.10.4,78b23a26c4c98938d549e7ff5876508544e33d4d,22b9f99b87fa1ff991180cabf02dd04d1bddce2b,kernel: bump 4.14 to 4.14.59,CVE-2018-10880,kernel,explicit_CVE_in_commit_message,unreviewed,ath79/generic,kernel,6.6.110~35ef4dd36891d37023436baa842fa311-r1,research-os/data/openwrt-v2-snapshots/releases/24.10.4/ath79_generic/openwrt-24.10.4-ath79-generic.manifest,explicit_backport_or_cherry_pick_in_commit_message
24.10.4,78b23a26c4c98938d549e7ff5876508544e33d4d,22b9f99b87fa1ff991180cabf02dd04d1bddce2b,kernel: bump 4.14 to 4.14.59,CVE-2018-10880,kernel,explicit_CVE_in_commit_message,unreviewed,x86/64,kernel,6.6.110~484466e2719a743506c36b4bb2103582-r1,research-os/data/openwrt-v2-snapshots/releases/24.10.4/x86_64/openwrt-24.10.4-x86-64.manifest,explicit_backport_or_cherry_pick_in_commit_message
24.10.4,78b23a26c4c98938d549e7ff5876508544e33d4d,22b9f99b87fa1ff991180cabf02dd04d1bddce2b,kernel: bump 4.14 to 4.14.59,CVE-2018-10881,kernel,explicit_CVE_in_commit_message,unreviewed,ath79/generic,kernel,6.6.110~35ef4dd36891d37023436baa842fa311-r1,research-os/data/openwrt-v2-snapshots/releases/24.10.4/ath79_generic/openwrt-24.10.4-ath79-generic.manifest,explicit_backport_or_cherry_pick_in_commit_message
24.10.4,78b23a26c4c98938d549e7ff5876508544e33d4d,22b9f99b87fa1ff991180cabf02dd04d1bddce2b,kernel: bump 4.14 to 4.14.59,CVE-2018-10881,kernel,explicit_CVE_in_commit_message,unreviewed,x86/64,kernel,6.6.110~484466e2719a743506c36b4bb2103582-r1,research-os/data/openwrt-v2-snapshots/releases/24.10.4/x86_64/openwrt-24.10.4-x86-64.manifest,explicit_backport_or_cherry_pick_in_commit_message
24.10.4,78b23a26c4c98938d549e7ff5876508544e33d4d,22b9f99b87fa1ff991180cabf02dd04d1bddce2b,kernel: bump 4.14 to 4.14.59,CVE-2018-10882,kernel,explicit_CVE_in_commit_message,unreviewed,ath79/generic,kernel,6.6.110~35ef4dd36891d37023436baa842fa311-r1,research-os/data/openwrt-v2-snapshots/releases/24.10.4/ath79_generic/openwrt-24.10.4-ath79-generic.manifest,explicit_backport_or_cherry_pick_in_commit_message
24.10.4,78b23a26c4c98938d549e7ff5876508544e33d4d,22b9f99b87fa1ff991180cabf02dd04d1bddce2b,kernel: bump 4.14 to 4.14.59,CVE-2018-10882,kernel,explicit_CVE_in_commit_message,unreviewed,x86/64,kernel,6.6.110~484466e2719a743506c36b4bb2103582-r1,research-os/data/openwrt-v2-snapshots/releases/24.10.4/x86_64/openwrt-24.10.4-x86-64.manifest,explicit_backport_or_cherry_pick_in_commit_message
24.10.4,78b23a26c4c98938d549e7ff5876508544e33d4d,22b9f99b87fa1ff991180cabf02dd04d1bddce2b,kernel: bump 4.14 to 4.14.59,CVE-2018-10883,kernel,explicit_CVE_in_commit_message,unreviewed,ath79/generic,kernel,6.6.110~35ef4dd36891d37023436baa842fa311-r1,research-os/data/openwrt-v2-snapshots/releases/24.10.4/ath79_generic/openwrt-24.10.4-ath79-generic.manifest,explicit_backport_or_cherry_pick_in_commit_message
24.10.4,78b23a26c4c98938d549e7ff5876508544e33d4d,22b9f99b87fa1ff991180cabf02dd04d1bddce2b,kernel: bump 4.14 to 4.14.59,CVE-2018-10883,kernel,explicit_CVE_in_commit_message,unreviewed,x86/64,kernel,6.6.110~484466e2719a743506c36b4bb2103582-r1,research-os/data/openwrt-v2-snapshots/releases/24.10.4/x86_64/openwrt-24.10.4-x86-64.manifest,explicit_backport_or_cherry_pick_in_commit_message
24.10.4,78b23a26c4c98938d549e7ff5876508544e33d4d,35890514bb191de3ab96dcd684714850a9142efc,ppp: backport security fixes,CVE-2020-8597,ppp,explicit_CVE_in_commit_message,unreviewed,ath79/generic,ppp,2.5.1-r1,research-os/data/openwrt-v2-snapshots/releases/24.10.4/ath79_generic/openwrt-24.10.4-ath79-generic.manifest,explicit_backport_or_cherry_pick_in_commit_message
24.10.4,78b23a26c4c98938d549e7ff5876508544e33d4d,35890514bb191de3ab96dcd684714850a9142efc,ppp: backport security fixes,CVE-2020-8597,ppp,explicit_CVE_in_commit_message,unreviewed,x86/64,ppp,2.5.1-r1,research-os/data/openwrt-v2-snapshots/releases/24.10.4/x86_64/openwrt-24.10.4-x86-64.manifest,explicit_backport_or_cherry_pick_in_commit_message
24.10.4,78b23a26c4c98938d549e7ff5876508544e33d4d,3c2c31bb66e5b247ffbb3cafac2a21d441daef39,kernel: backport upstream challenge ACK fix (CVE-2016-5696),CVE-2016-5696,kernel,explicit_CVE_in_commit_message,unreviewed,ath79/generic,kernel,6.6.110~35ef4dd36891d37023436baa842fa311-r1,research-os/data/openwrt-v2-snapshots/releases/24.10.4/ath79_generic/openwrt-24.10.4-ath79-generic.manifest,explicit_backport_or_cherry_pick_in_commit_message
24.10.4,78b23a26c4c98938d549e7ff5876508544e33d4d,3c2c31bb66e5b247ffbb3cafac2a21d441daef39,kernel: backport upstream challenge ACK fix (CVE-2016-5696),CVE-2016-5696,kernel,explicit_CVE_in_commit_message,unreviewed,x86/64,kernel,6.6.110~484466e2719a743506c36b4bb2103582-r1,research-os/data/openwrt-v2-snapshots/releases/24.10.4/x86_64/openwrt-24.10.4-x86-64.manifest,explicit_backport_or_cherry_pick_in_commit_message
24.10.4,78b23a26c4c98938d549e7ff5876508544e33d4d,6713fe030fca32fc3d5ad9761f3b2f96501aedd6,busybox: update to 1.33.1,CVE-2021-28831,busybox,explicit_CVE_in_commit_message,unreviewed,ath79/generic,busybox,1.36.1-r2,research-os/data/openwrt-v2-snapshots/releases/24.10.4/ath79_generic/openwrt-24.10.4-ath79-generic.manifest,explicit_backport_or_cherry_pick_in_commit_message
24.10.4,78b23a26c4c98938d549e7ff5876508544e33d4d,6713fe030fca32fc3d5ad9761f3b2f96501aedd6,busybox: update to 1.33.1,CVE-2021-28831,busybox,explicit_CVE_in_commit_message,unreviewed,x86/64,busybox,1.36.1-r2,research-os/data/openwrt-v2-snapshots/releases/24.10.4/x86_64/openwrt-24.10.4-x86-64.manifest,explicit_backport_or_cherry_pick_in_commit_message
24.10.4,78b23a26c4c98938d549e7ff5876508544e33d4d,7c0a2bc93077f52c033e406864b34af3a4fab245,busybox: backport cve-2017-16544 fix,CVE-2017-16544,busybox,explicit_CVE_in_commit_message,unreviewed,ath79/generic,busybox,1.36.1-r2,research-os/data/openwrt-v2-snapshots/releases/24.10.4/ath79_generic/openwrt-24.10.4-ath79-generic.manifest,explicit_backport_or_cherry_pick_in_commit_message
24.10.4,78b23a26c4c98938d549e7ff5876508544e33d4d,7c0a2bc93077f52c033e406864b34af3a4fab245,busybox: backport cve-2017-16544 fix,CVE-2017-16544,busybox,explicit_CVE_in_commit_message,unreviewed,x86/64,busybox,1.36.1-r2,research-os/data/openwrt-v2-snapshots/releases/24.10.4/x86_64/openwrt-24.10.4-x86-64.manifest,explicit_backport_or_cherry_pick_in_commit_message
24.10.4,78b23a26c4c98938d549e7ff5876508544e33d4d,7c0a2bc93077f52c033e406864b34af3a4fab245,busybox: backport cve-2017-16544 fix,CVE-2017-16544,busybox,explicit_CVE_in_commit_message,unreviewed,ath79/generic,busybox,1.36.1-r2,research-os/data/openwrt-v2-snapshots/releases/24.10.4/ath79_generic/openwrt-24.10.4-ath79-generic.manifest,explicit_backport_or_cherry_pick_in_commit_message
24.10.4,78b23a26c4c98938d549e7ff5876508544e33d4d,7c0a2bc93077f52c033e406864b34af3a4fab245,busybox: backport cve-2017-16544 fix,CVE-2017-16544,busybox,explicit_CVE_in_commit_message,unreviewed,x86/64,busybox,1.36.1-r2,research-os/data/openwrt-v2-snapshots/releases/24.10.4/x86_64/openwrt-24.10.4-x86-64.manifest,explicit_backport_or_cherry_pick_in_commit_message
24.10.4,78b23a26c4c98938d549e7ff5876508544e33d4d,88ba41453dbc65e1d5d596073d66bdf2e59a43a1,kernel: bump 4.14 to 4.14.20,CVE-2017-8824,kernel,explicit_CVE_in_commit_message,unreviewed,ath79/generic,kernel,6.6.110~35ef4dd36891d37023436baa842fa311-r1,research-os/data/openwrt-v2-snapshots/releases/24.10.4/ath79_generic/openwrt-24.10.4-ath79-generic.manifest,explicit_backport_or_cherry_pick_in_commit_message
24.10.4,78b23a26c4c98938d549e7ff5876508544e33d4d,88ba41453dbc65e1d5d596073d66bdf2e59a43a1,kernel: bump 4.14 to 4.14.20,CVE-2017-8824,kernel,explicit_CVE_in_commit_message,unreviewed,x86/64,kernel,6.6.110~484466e2719a743506c36b4bb2103582-r1,research-os/data/openwrt-v2-snapshots/releases/24.10.4/x86_64/openwrt-24.10.4-x86-64.manifest,explicit_backport_or_cherry_pick_in_commit_message
24.10.4,78b23a26c4c98938d549e7ff5876508544e33d4d,9a753c49ea7053f3592f9ec1ce9d97882edb332d,dnsmasq: backport official fix for CVE-2017-13704,CVE-2017-13704,dnsmasq,explicit_CVE_in_commit_message,unreviewed,ath79/generic,dnsmasq,2.90-r4,research-os/data/openwrt-v2-snapshots/releases/24.10.4/ath79_generic/openwrt-24.10.4-ath79-generic.manifest,explicit_backport_or_cherry_pick_in_commit_message
24.10.4,78b23a26c4c98938d549e7ff5876508544e33d4d,9a753c49ea7053f3592f9ec1ce9d97882edb332d,dnsmasq: backport official fix for CVE-2017-13704,CVE-2017-13704,dnsmasq,explicit_CVE_in_commit_message,unreviewed,x86/64,dnsmasq,2.90-r4,research-os/data/openwrt-v2-snapshots/releases/24.10.4/x86_64/openwrt-24.10.4-x86-64.manifest,explicit_backport_or_cherry_pick_in_commit_message
24.10.4,78b23a26c4c98938d549e7ff5876508544e33d4d,a3198061f80a7f3933810cd99206b085e4cf49f9,dnsmasq: backport dnssec security fix,CVE-2017-15107,dnsmasq,explicit_CVE_in_commit_message,unreviewed,ath79/generic,dnsmasq,2.90-r4,research-os/data/openwrt-v2-snapshots/releases/24.10.4/ath79_generic/openwrt-24.10.4-ath79-generic.manifest,explicit_backport_or_cherry_pick_in_commit_message
24.10.4,78b23a26c4c98938d549e7ff5876508544e33d4d,a3198061f80a7f3933810cd99206b085e4cf49f9,dnsmasq: backport dnssec security fix,CVE-2017-15107,dnsmasq,explicit_CVE_in_commit_message,unreviewed,x86/64,dnsmasq,2.90-r4,research-os/data/openwrt-v2-snapshots/releases/24.10.4/x86_64/openwrt-24.10.4-x86-64.manifest,explicit_backport_or_cherry_pick_in_commit_message
24.10.4,78b23a26c4c98938d549e7ff5876508544e33d4d,adaf1cbcc8b253ea807dbe0416b4b04c33dceadf,dnsmasq: backport validation fix in dnssec security fix,CVE-2017-15107,dnsmasq,explicit_CVE_in_commit_message,unreviewed,ath79/generic,dnsmasq,2.90-r4,research-os/data/openwrt-v2-snapshots/releases/24.10.4/ath79_generic/openwrt-24.10.4-ath79-generic.manifest,explicit_backport_or_cherry_pick_in_commit_message
24.10.4,78b23a26c4c98938d549e7ff5876508544e33d4d,adaf1cbcc8b253ea807dbe0416b4b04c33dceadf,dnsmasq: backport validation fix in dnssec security fix,CVE-2017-15107,dnsmasq,explicit_CVE_in_commit_message,unreviewed,x86/64,dnsmasq,2.90-r4,research-os/data/openwrt-v2-snapshots/releases/24.10.4/x86_64/openwrt-24.10.4-x86-64.manifest,explicit_backport_or_cherry_pick_in_commit_message
24.10.4,78b23a26c4c98938d549e7ff5876508544e33d4d,b547ab3143e5f9116c19698292d1bd9e08feda3e,kernel: bump kernel 4.9 to version 4.9.120,CVE-2018-3620,kernel,explicit_CVE_in_commit_message,unreviewed,ath79/generic,kernel,6.6.110~35ef4dd36891d37023436baa842fa311-r1,research-os/data/openwrt-v2-snapshots/releases/24.10.4/ath79_generic/openwrt-24.10.4-ath79-generic.manifest,explicit_backport_or_cherry_pick_in_commit_message
24.10.4,78b23a26c4c98938d549e7ff5876508544e33d4d,b547ab3143e5f9116c19698292d1bd9e08feda3e,kernel: bump kernel 4.9 to version 4.9.120,CVE-2018-3620,kernel,explicit_CVE_in_commit_message,unreviewed,x86/64,kernel,6.6.110~484466e2719a743506c36b4bb2103582-r1,research-os/data/openwrt-v2-snapshots/releases/24.10.4/x86_64/openwrt-24.10.4-x86-64.manifest,explicit_backport_or_cherry_pick_in_commit_message
24.10.4,78b23a26c4c98938d549e7ff5876508544e33d4d,b547ab3143e5f9116c19698292d1bd9e08feda3e,kernel: bump kernel 4.9 to version 4.9.120,CVE-2018-3646,kernel,explicit_CVE_in_commit_message,unreviewed,ath79/generic,kernel,6.6.110~35ef4dd36891d37023436baa842fa311-r1,research-os/data/openwrt-v2-snapshots/releases/24.10.4/ath79_generic/openwrt-24.10.4-ath79-generic.manifest,explicit_backport_or_cherry_pick_in_commit_message
24.10.4,78b23a26c4c98938d549e7ff5876508544e33d4d,b547ab3143e5f9116c19698292d1bd9e08feda3e,kernel: bump kernel 4.9 to version 4.9.120,CVE-2018-3646,kernel,explicit_CVE_in_commit_message,unreviewed,x86/64,kernel,6.6.110~484466e2719a743506c36b4bb2103582-r1,research-os/data/openwrt-v2-snapshots/releases/24.10.4/x86_64/openwrt-24.10.4-x86-64.manifest,explicit_backport_or_cherry_pick_in_commit_message
24.10.4,78b23a26c4c98938d549e7ff5876508544e33d4d,b5cde260487eae86db1661a53e5e5e0823936aab,dropbear: cherry-pick upstream patches,CVE-2023-36328,dropbear,explicit_CVE_in_commit_message,unreviewed,ath79/generic,dropbear,2024.86-r1,research-os/data/openwrt-v2-snapshots/releases/24.10.4/ath79_generic/openwrt-24.10.4-ath79-generic.manifest,explicit_backport_or_cherry_pick_in_commit_message
24.10.4,78b23a26c4c98938d549e7ff5876508544e33d4d,b5cde260487eae86db1661a53e5e5e0823936aab,dropbear: cherry-pick upstream patches,CVE-2023-36328,dropbear,explicit_CVE_in_commit_message,unreviewed,x86/64,dropbear,2024.86-r1,research-os/data/openwrt-v2-snapshots/releases/24.10.4/x86_64/openwrt-24.10.4-x86-64.manifest,explicit_backport_or_cherry_pick_in_commit_message
24.10.4,78b23a26c4c98938d549e7ff5876508544e33d4d,b5cde260487eae86db1661a53e5e5e0823936aab,dropbear: cherry-pick upstream patches,CVE-2023-48795,dropbear,explicit_CVE_in_commit_message,unreviewed,ath79/generic,dropbear,2024.86-r1,research-os/data/openwrt-v2-snapshots/releases/24.10.4/ath79_generic/openwrt-24.10.4-ath79-generic.manifest,explicit_backport_or_cherry_pick_in_commit_message
24.10.4,78b23a26c4c98938d549e7ff5876508544e33d4d,b5cde260487eae86db1661a53e5e5e0823936aab,dropbear: cherry-pick upstream patches,CVE-2023-48795,dropbear,explicit_CVE_in_commit_message,unreviewed,x86/64,dropbear,2024.86-r1,research-os/data/openwrt-v2-snapshots/releases/24.10.4/x86_64/openwrt-24.10.4-x86-64.manifest,explicit_backport_or_cherry_pick_in_commit_message
24.10.4,78b23a26c4c98938d549e7ff5876508544e33d4d,d8565a06dc01b55ed1018d571e655c122b9d2a33,kernel: bump 4.9 to 4.9.77,CVE-2017-1000410,kernel,explicit_CVE_in_commit_message,unreviewed,ath79/generic,kernel,6.6.110~35ef4dd36891d37023436baa842fa311-r1,research-os/data/openwrt-v2-snapshots/releases/24.10.4/ath79_generic/openwrt-24.10.4-ath79-generic.manifest,explicit_backport_or_cherry_pick_in_commit_message
24.10.4,78b23a26c4c98938d549e7ff5876508544e33d4d,d8565a06dc01b55ed1018d571e655c122b9d2a33,kernel: bump 4.9 to 4.9.77,CVE-2017-1000410,kernel,explicit_CVE_in_commit_message,unreviewed,x86/64,kernel,6.6.110~484466e2719a743506c36b4bb2103582-r1,research-os/data/openwrt-v2-snapshots/releases/24.10.4/x86_64/openwrt-24.10.4-x86-64.manifest,explicit_backport_or_cherry_pick_in_commit_message
24.10.4,78b23a26c4c98938d549e7ff5876508544e33d4d,d8565a06dc01b55ed1018d571e655c122b9d2a33,kernel: bump 4.9 to 4.9.77,CVE-2017-17741,kernel,explicit_CVE_in_commit_message,unreviewed,ath79/generic,kernel,6.6.110~35ef4dd36891d37023436baa842fa311-r1,research-os/data/openwrt-v2-snapshots/releases/24.10.4/ath79_generic/openwrt-24.10.4-ath79-generic.manifest,explicit_backport_or_cherry_pick_in_commit_message
24.10.4,78b23a26c4c98938d549e7ff5876508544e33d4d,d8565a06dc01b55ed1018d571e655c122b9d2a33,kernel: bump 4.9 to 4.9.77,CVE-2017-17741,kernel,explicit_CVE_in_commit_message,unreviewed,x86/64,kernel,6.6.110~484466e2719a743506c36b4bb2103582-r1,research-os/data/openwrt-v2-snapshots/releases/24.10.4/x86_64/openwrt-24.10.4-x86-64.manifest,explicit_backport_or_cherry_pick_in_commit_message
24.10.4,78b23a26c4c98938d549e7ff5876508544e33d4d,d8565a06dc01b55ed1018d571e655c122b9d2a33,kernel: bump 4.9 to 4.9.77,CVE-2017-5715,kernel,explicit_CVE_in_commit_message,unreviewed,ath79/generic,kernel,6.6.110~35ef4dd36891d37023436baa842fa311-r1,research-os/data/openwrt-v2-snapshots/releases/24.10.4/ath79_generic/openwrt-24.10.4-ath79-generic.manifest,explicit_backport_or_cherry_pick_in_commit_message
24.10.4,78b23a26c4c98938d549e7ff5876508544e33d4d,d8565a06dc01b55ed1018d571e655c122b9d2a33,kernel: bump 4.9 to 4.9.77,CVE-2017-5715,kernel,explicit_CVE_in_commit_message,unreviewed,x86/64,kernel,6.6.110~484466e2719a743506c36b4bb2103582-r1,research-os/data/openwrt-v2-snapshots/releases/24.10.4/x86_64/openwrt-24.10.4-x86-64.manifest,explicit_backport_or_cherry_pick_in_commit_message
24.10.4,78b23a26c4c98938d549e7ff5876508544e33d4d,d8565a06dc01b55ed1018d571e655c122b9d2a33,kernel: bump 4.9 to 4.9.77,CVE-2017-5753,kernel,explicit_CVE_in_commit_message,unreviewed,ath79/generic,kernel,6.6.110~35ef4dd36891d37023436baa842fa311-r1,research-os/data/openwrt-v2-snapshots/releases/24.10.4/ath79_generic/openwrt-24.10.4-ath79-generic.manifest,explicit_backport_or_cherry_pick_in_commit_message
24.10.4,78b23a26c4c98938d549e7ff5876508544e33d4d,d8565a06dc01b55ed1018d571e655c122b9d2a33,kernel: bump 4.9 to 4.9.77,CVE-2017-5753,kernel,explicit_CVE_in_commit_message,unreviewed,x86/64,kernel,6.6.110~484466e2719a743506c36b4bb2103582-r1,research-os/data/openwrt-v2-snapshots/releases/24.10.4/x86_64/openwrt-24.10.4-x86-64.manifest,explicit_backport_or_cherry_pick_in_commit_message
24.10.4,78b23a26c4c98938d549e7ff5876508544e33d4d,f621b539512e5b6c83dd2de1bc2dba06e40cd7ea,kernel: bump 4.9 to 4.9.82,CVE-2017-8824,kernel,explicit_CVE_in_commit_message,unreviewed,ath79/generic,kernel,6.6.110~35ef4dd36891d37023436baa842fa311-r1,research-os/data/openwrt-v2-snapshots/releases/24.10.4/ath79_generic/openwrt-24.10.4-ath79-generic.manifest,explicit_backport_or_cherry_pick_in_commit_message
24.10.4,78b23a26c4c98938d549e7ff5876508544e33d4d,f621b539512e5b6c83dd2de1bc2dba06e40cd7ea,kernel: bump 4.9 to 4.9.82,CVE-2017-8824,kernel,explicit_CVE_in_commit_message,unreviewed,x86/64,kernel,6.6.110~484466e2719a743506c36b4bb2103582-r1,research-os/data/openwrt-v2-snapshots/releases/24.10.4/x86_64/openwrt-24.10.4-x86-64.manifest,explicit_backport_or_cherry_pick_in_commit_message
24.10.4,78b23a26c4c98938d549e7ff5876508544e33d4d,fefe1da440eede8dfaa23975c30ae2f6fcac744d,kernel: backport upstream fix for CVE-2018-5390,CVE-2018-5390,kernel,explicit_CVE_in_commit_message,unreviewed,ath79/generic,kernel,6.6.110~35ef4dd36891d37023436baa842fa311-r1,research-os/data/openwrt-v2-snapshots/releases/24.10.4/ath79_generic/openwrt-24.10.4-ath79-generic.manifest,explicit_backport_or_cherry_pick_in_commit_message
24.10.4,78b23a26c4c98938d549e7ff5876508544e33d4d,fefe1da440eede8dfaa23975c30ae2f6fcac744d,kernel: backport upstream fix for CVE-2018-5390,CVE-2018-5390,kernel,explicit_CVE_in_commit_message,unreviewed,x86/64,kernel,6.6.110~484466e2719a743506c36b4bb2103582-r1,research-os/data/openwrt-v2-snapshots/releases/24.10.4/x86_64/openwrt-24.10.4-x86-64.manifest,explicit_backport_or_cherry_pick_in_commit_message
24.10.5,4f7e6e554be2aef6a55be36f9f954d56705eb2ee,002a99eccd75fb653163bae0a1132bd4f494e7ad,dnsmasq: Backport DHCPv6 server fix (CVE-2022-0934),CVE-2022-0934,dnsmasq,explicit_CVE_in_commit_message,unreviewed,ath79/generic,dnsmasq,2.90-r4,research-os/data/openwrt-v2-snapshots/releases/24.10.5/ath79_generic/openwrt-24.10.5-ath79-generic.manifest,explicit_backport_or_cherry_pick_in_commit_message
24.10.5,4f7e6e554be2aef6a55be36f9f954d56705eb2ee,002a99eccd75fb653163bae0a1132bd4f494e7ad,dnsmasq: Backport DHCPv6 server fix (CVE-2022-0934),CVE-2022-0934,dnsmasq,explicit_CVE_in_commit_message,unreviewed,x86/64,dnsmasq,2.90-r4,research-os/data/openwrt-v2-snapshots/releases/24.10.5/x86_64/openwrt-24.10.5-x86-64.manifest,explicit_backport_or_cherry_pick_in_commit_message
24.10.5,4f7e6e554be2aef6a55be36f9f954d56705eb2ee,0f52a05723988633882d6c52122009ce11f8956b,dropbear: backport security fixes,CVE-2019-6111,dropbear,explicit_CVE_in_commit_message,unreviewed,ath79/generic,dropbear,2024.86-r2,research-os/data/openwrt-v2-snapshots/releases/24.10.5/ath79_generic/openwrt-24.10.5-ath79-generic.manifest,explicit_backport_or_cherry_pick_in_commit_message
24.10.5,4f7e6e554be2aef6a55be36f9f954d56705eb2ee,0f52a05723988633882d6c52122009ce11f8956b,dropbear: backport security fixes,CVE-2019-6111,dropbear,explicit_CVE_in_commit_message,unreviewed,x86/64,dropbear,2024.86-r2,research-os/data/openwrt-v2-snapshots/releases/24.10.5/x86_64/openwrt-24.10.5-x86-64.manifest,explicit_backport_or_cherry_pick_in_commit_message
24.10.5,4f7e6e554be2aef6a55be36f9f954d56705eb2ee,0f52a05723988633882d6c52122009ce11f8956b,dropbear: backport security fixes,CVE-2025-14282,dropbear,explicit_CVE_in_commit_message,unreviewed,ath79/generic,dropbear,2024.86-r2,research-os/data/openwrt-v2-snapshots/releases/24.10.5/ath79_generic/openwrt-24.10.5-ath79-generic.manifest,explicit_backport_or_cherry_pick_in_commit_message
24.10.5,4f7e6e554be2aef6a55be36f9f954d56705eb2ee,0f52a05723988633882d6c52122009ce11f8956b,dropbear: backport security fixes,CVE-2025-14282,dropbear,explicit_CVE_in_commit_message,unreviewed,x86/64,dropbear,2024.86-r2,research-os/data/openwrt-v2-snapshots/releases/24.10.5/x86_64/openwrt-24.10.5-x86-64.manifest,explicit_backport_or_cherry_pick_in_commit_message
24.10.5,4f7e6e554be2aef6a55be36f9f954d56705eb2ee,13397b2b95b4800fb0a29c3d483fa280d10f0eb0,busybox: backport fix for CVE-2021-28831,CVE-2021-28831,busybox,explicit_CVE_in_commit_message,unreviewed,ath79/generic,busybox,1.36.1-r2,research-os/data/openwrt-v2-snapshots/releases/24.10.5/ath79_generic/openwrt-24.10.5-ath79-generic.manifest,explicit_backport_or_cherry_pick_in_commit_message
24.10.5,4f7e6e554be2aef6a55be36f9f954d56705eb2ee,13397b2b95b4800fb0a29c3d483fa280d10f0eb0,busybox: backport fix for CVE-2021-28831,CVE-2021-28831,busybox,explicit_CVE_in_commit_message,unreviewed,x86/64,busybox,1.36.1-r2,research-os/data/openwrt-v2-snapshots/releases/24.10.5/x86_64/openwrt-24.10.5-x86-64.manifest,explicit_backport_or_cherry_pick_in_commit_message
24.10.5,4f7e6e554be2aef6a55be36f9f954d56705eb2ee,2211ee0037764e1c6b1576fe7a0975722cd4acdc,dropbear: backport upstream fix for CVE-2018-15599,CVE-2018-15473,dropbear,explicit_CVE_in_commit_message,unreviewed,ath79/generic,dropbear,2024.86-r2,research-os/data/openwrt-v2-snapshots/releases/24.10.5/ath79_generic/openwrt-24.10.5-ath79-generic.manifest,explicit_backport_or_cherry_pick_in_commit_message
24.10.5,4f7e6e554be2aef6a55be36f9f954d56705eb2ee,2211ee0037764e1c6b1576fe7a0975722cd4acdc,dropbear: backport upstream fix for CVE-2018-15599,CVE-2018-15473,dropbear,explicit_CVE_in_commit_message,unreviewed,x86/64,dropbear,2024.86-r2,research-os/data/openwrt-v2-snapshots/releases/24.10.5/x86_64/openwrt-24.10.5-x86-64.manifest,explicit_backport_or_cherry_pick_in_commit_message
24.10.5,4f7e6e554be2aef6a55be36f9f954d56705eb2ee,2211ee0037764e1c6b1576fe7a0975722cd4acdc,dropbear: backport upstream fix for CVE-2018-15599,CVE-2018-15599,dropbear,explicit_CVE_in_commit_message,unreviewed,ath79/generic,dropbear,2024.86-r2,research-os/data/openwrt-v2-snapshots/releases/24.10.5/ath79_generic/openwrt-24.10.5-ath79-generic.manifest,explicit_backport_or_cherry_pick_in_commit_message
24.10.5,4f7e6e554be2aef6a55be36f9f954d56705eb2ee,2211ee0037764e1c6b1576fe7a0975722cd4acdc,dropbear: backport upstream fix for CVE-2018-15599,CVE-2018-15599,dropbear,explicit_CVE_in_commit_message,unreviewed,x86/64,dropbear,2024.86-r2,research-os/data/openwrt-v2-snapshots/releases/24.10.5/x86_64/openwrt-24.10.5-x86-64.manifest,explicit_backport_or_cherry_pick_in_commit_message
24.10.5,4f7e6e554be2aef6a55be36f9f954d56705eb2ee,22b9f99b87fa1ff991180cabf02dd04d1bddce2b,kernel: bump 4.14 to 4.14.59,CVE-2018-10876,kernel,explicit_CVE_in_commit_message,unreviewed,ath79/generic,kernel,6.6.119~35ef4dd36891d37023436baa842fa311-r1,research-os/data/openwrt-v2-snapshots/releases/24.10.5/ath79_generic/openwrt-24.10.5-ath79-generic.manifest,explicit_backport_or_cherry_pick_in_commit_message
24.10.5,4f7e6e554be2aef6a55be36f9f954d56705eb2ee,22b9f99b87fa1ff991180cabf02dd04d1bddce2b,kernel: bump 4.14 to 4.14.59,CVE-2018-10876,kernel,explicit_CVE_in_commit_message,unreviewed,x86/64,kernel,6.6.119~484466e2719a743506c36b4bb2103582-r1,research-os/data/openwrt-v2-snapshots/releases/24.10.5/x86_64/openwrt-24.10.5-x86-64.manifest,explicit_backport_or_cherry_pick_in_commit_message
24.10.5,4f7e6e554be2aef6a55be36f9f954d56705eb2ee,22b9f99b87fa1ff991180cabf02dd04d1bddce2b,kernel: bump 4.14 to 4.14.59,CVE-2018-10877,kernel,explicit_CVE_in_commit_message,unreviewed,ath79/generic,kernel,6.6.119~35ef4dd36891d37023436baa842fa311-r1,research-os/data/openwrt-v2-snapshots/releases/24.10.5/ath79_generic/openwrt-24.10.5-ath79-generic.manifest,explicit_backport_or_cherry_pick_in_commit_message
24.10.5,4f7e6e554be2aef6a55be36f9f954d56705eb2ee,22b9f99b87fa1ff991180cabf02dd04d1bddce2b,kernel: bump 4.14 to 4.14.59,CVE-2018-10877,kernel,explicit_CVE_in_commit_message,unreviewed,x86/64,kernel,6.6.119~484466e2719a743506c36b4bb2103582-r1,research-os/data/openwrt-v2-snapshots/releases/24.10.5/x86_64/openwrt-24.10.5-x86-64.manifest,explicit_backport_or_cherry_pick_in_commit_message
24.10.5,4f7e6e554be2aef6a55be36f9f954d56705eb2ee,22b9f99b87fa1ff991180cabf02dd04d1bddce2b,kernel: bump 4.14 to 4.14.59,CVE-2018-10879,kernel,explicit_CVE_in_commit_message,unreviewed,ath79/generic,kernel,6.6.119~35ef4dd36891d37023436baa842fa311-r1,research-os/data/openwrt-v2-snapshots/releases/24.10.5/ath79_generic/openwrt-24.10.5-ath79-generic.manifest,explicit_backport_or_cherry_pick_in_commit_message
24.10.5,4f7e6e554be2aef6a55be36f9f954d56705eb2ee,22b9f99b87fa1ff991180cabf02dd04d1bddce2b,kernel: bump 4.14 to 4.14.59,CVE-2018-10879,kernel,explicit_CVE_in_commit_message,unreviewed,x86/64,kernel,6.6.119~484466e2719a743506c36b4bb2103582-r1,research-os/data/openwrt-v2-snapshots/releases/24.10.5/x86_64/openwrt-24.10.5-x86-64.manifest,explicit_backport_or_cherry_pick_in_commit_message
24.10.5,4f7e6e554be2aef6a55be36f9f954d56705eb2ee,22b9f99b87fa1ff991180cabf02dd04d1bddce2b,kernel: bump 4.14 to 4.14.59,CVE-2018-10880,kernel,explicit_CVE_in_commit_message,unreviewed,ath79/generic,kernel,6.6.119~35ef4dd36891d37023436baa842fa311-r1,research-os/data/openwrt-v2-snapshots/releases/24.10.5/ath79_generic/openwrt-24.10.5-ath79-generic.manifest,explicit_backport_or_cherry_pick_in_commit_message
24.10.5,4f7e6e554be2aef6a55be36f9f954d56705eb2ee,22b9f99b87fa1ff991180cabf02dd04d1bddce2b,kernel: bump 4.14 to 4.14.59,CVE-2018-10880,kernel,explicit_CVE_in_commit_message,unreviewed,x86/64,kernel,6.6.119~484466e2719a743506c36b4bb2103582-r1,research-os/data/openwrt-v2-snapshots/releases/24.10.5/x86_64/openwrt-24.10.5-x86-64.manifest,explicit_backport_or_cherry_pick_in_commit_message
24.10.5,4f7e6e554be2aef6a55be36f9f954d56705eb2ee,22b9f99b87fa1ff991180cabf02dd04d1bddce2b,kernel: bump 4.14 to 4.14.59,CVE-2018-10881,kernel,explicit_CVE_in_commit_message,unreviewed,ath79/generic,kernel,6.6.119~35ef4dd36891d37023436baa842fa311-r1,research-os/data/openwrt-v2-snapshots/releases/24.10.5/ath79_generic/openwrt-24.10.5-ath79-generic.manifest,explicit_backport_or_cherry_pick_in_commit_message
24.10.5,4f7e6e554be2aef6a55be36f9f954d56705eb2ee,22b9f99b87fa1ff991180cabf02dd04d1bddce2b,kernel: bump 4.14 to 4.14.59,CVE-2018-10881,kernel,explicit_CVE_in_commit_message,unreviewed,x86/64,kernel,6.6.119~484466e2719a743506c36b4bb2103582-r1,research-os/data/openwrt-v2-snapshots/releases/24.10.5/x86_64/openwrt-24.10.5-x86-64.manifest,explicit_backport_or_cherry_pick_in_commit_message
24.10.5,4f7e6e554be2aef6a55be36f9f954d56705eb2ee,22b9f99b87fa1ff991180cabf02dd04d1bddce2b,kernel: bump 4.14 to 4.14.59,CVE-2018-10882,kernel,explicit_CVE_in_commit_message,unreviewed,ath79/generic,kernel,6.6.119~35ef4dd36891d37023436baa842fa311-r1,research-os/data/openwrt-v2-snapshots/releases/24.10.5/ath79_generic/openwrt-24.10.5-ath79-generic.manifest,explicit_backport_or_cherry_pick_in_commit_message
24.10.5,4f7e6e554be2aef6a55be36f9f954d56705eb2ee,22b9f99b87fa1ff991180cabf02dd04d1bddce2b,kernel: bump 4.14 to 4.14.59,CVE-2018-10882,kernel,explicit_CVE_in_commit_message,unreviewed,x86/64,kernel,6.6.119~484466e2719a743506c36b4bb2103582-r1,research-os/data/openwrt-v2-snapshots/releases/24.10.5/x86_64/openwrt-24.10.5-x86-64.manifest,explicit_backport_or_cherry_pick_in_commit_message
24.10.5,4f7e6e554be2aef6a55be36f9f954d56705eb2ee,22b9f99b87fa1ff991180cabf02dd04d1bddce2b,kernel: bump 4.14 to 4.14.59,CVE-2018-10883,kernel,explicit_CVE_in_commit_message,unreviewed,ath79/generic,kernel,6.6.119~35ef4dd36891d37023436baa842fa311-r1,research-os/data/openwrt-v2-snapshots/releases/24.10.5/ath79_generic/openwrt-24.10.5-ath79-generic.manifest,explicit_backport_or_cherry_pick_in_commit_message
24.10.5,4f7e6e554be2aef6a55be36f9f954d56705eb2ee,22b9f99b87fa1ff991180cabf02dd04d1bddce2b,kernel: bump 4.14 to 4.14.59,CVE-2018-10883,kernel,explicit_CVE_in_commit_message,unreviewed,x86/64,kernel,6.6.119~484466e2719a743506c36b4bb2103582-r1,research-os/data/openwrt-v2-snapshots/releases/24.10.5/x86_64/openwrt-24.10.5-x86-64.manifest,explicit_backport_or_cherry_pick_in_commit_message
24.10.5,4f7e6e554be2aef6a55be36f9f954d56705eb2ee,35890514bb191de3ab96dcd684714850a9142efc,ppp: backport security fixes,CVE-2020-8597,ppp,explicit_CVE_in_commit_message,unreviewed,ath79/generic,ppp,2.5.1-r1,research-os/data/openwrt-v2-snapshots/releases/24.10.5/ath79_generic/openwrt-24.10.5-ath79-generic.manifest,explicit_backport_or_cherry_pick_in_commit_message
24.10.5,4f7e6e554be2aef6a55be36f9f954d56705eb2ee,35890514bb191de3ab96dcd684714850a9142efc,ppp: backport security fixes,CVE-2020-8597,ppp,explicit_CVE_in_commit_message,unreviewed,x86/64,ppp,2.5.1-r1,research-os/data/openwrt-v2-snapshots/releases/24.10.5/x86_64/openwrt-24.10.5-x86-64.manifest,explicit_backport_or_cherry_pick_in_commit_message
24.10.5,4f7e6e554be2aef6a55be36f9f954d56705eb2ee,3c2c31bb66e5b247ffbb3cafac2a21d441daef39,kernel: backport upstream challenge ACK fix (CVE-2016-5696),CVE-2016-5696,kernel,explicit_CVE_in_commit_message,unreviewed,ath79/generic,kernel,6.6.119~35ef4dd36891d37023436baa842fa311-r1,research-os/data/openwrt-v2-snapshots/releases/24.10.5/ath79_generic/openwrt-24.10.5-ath79-generic.manifest,explicit_backport_or_cherry_pick_in_commit_message
24.10.5,4f7e6e554be2aef6a55be36f9f954d56705eb2ee,3c2c31bb66e5b247ffbb3cafac2a21d441daef39,kernel: backport upstream challenge ACK fix (CVE-2016-5696),CVE-2016-5696,kernel,explicit_CVE_in_commit_message,unreviewed,x86/64,kernel,6.6.119~484466e2719a743506c36b4bb2103582-r1,research-os/data/openwrt-v2-snapshots/releases/24.10.5/x86_64/openwrt-24.10.5-x86-64.manifest,explicit_backport_or_cherry_pick_in_commit_message
24.10.5,4f7e6e554be2aef6a55be36f9f954d56705eb2ee,6713fe030fca32fc3d5ad9761f3b2f96501aedd6,busybox: update to 1.33.1,CVE-2021-28831,busybox,explicit_CVE_in_commit_message,unreviewed,ath79/generic,busybox,1.36.1-r2,research-os/data/openwrt-v2-snapshots/releases/24.10.5/ath79_generic/openwrt-24.10.5-ath79-generic.manifest,explicit_backport_or_cherry_pick_in_commit_message
24.10.5,4f7e6e554be2aef6a55be36f9f954d56705eb2ee,6713fe030fca32fc3d5ad9761f3b2f96501aedd6,busybox: update to 1.33.1,CVE-2021-28831,busybox,explicit_CVE_in_commit_message,unreviewed,x86/64,busybox,1.36.1-r2,research-os/data/openwrt-v2-snapshots/releases/24.10.5/x86_64/openwrt-24.10.5-x86-64.manifest,explicit_backport_or_cherry_pick_in_commit_message
24.10.5,4f7e6e554be2aef6a55be36f9f954d56705eb2ee,7c0a2bc93077f52c033e406864b34af3a4fab245,busybox: backport cve-2017-16544 fix,CVE-2017-16544,busybox,explicit_CVE_in_commit_message,unreviewed,ath79/generic,busybox,1.36.1-r2,research-os/data/openwrt-v2-snapshots/releases/24.10.5/ath79_generic/openwrt-24.10.5-ath79-generic.manifest,explicit_backport_or_cherry_pick_in_commit_message
24.10.5,4f7e6e554be2aef6a55be36f9f954d56705eb2ee,7c0a2bc93077f52c033e406864b34af3a4fab245,busybox: backport cve-2017-16544 fix,CVE-2017-16544,busybox,explicit_CVE_in_commit_message,unreviewed,x86/64,busybox,1.36.1-r2,research-os/data/openwrt-v2-snapshots/releases/24.10.5/x86_64/openwrt-24.10.5-x86-64.manifest,explicit_backport_or_cherry_pick_in_commit_message
24.10.5,4f7e6e554be2aef6a55be36f9f954d56705eb2ee,7c0a2bc93077f52c033e406864b34af3a4fab245,busybox: backport cve-2017-16544 fix,CVE-2017-16544,busybox,explicit_CVE_in_commit_message,unreviewed,ath79/generic,busybox,1.36.1-r2,research-os/data/openwrt-v2-snapshots/releases/24.10.5/ath79_generic/openwrt-24.10.5-ath79-generic.manifest,explicit_backport_or_cherry_pick_in_commit_message
24.10.5,4f7e6e554be2aef6a55be36f9f954d56705eb2ee,7c0a2bc93077f52c033e406864b34af3a4fab245,busybox: backport cve-2017-16544 fix,CVE-2017-16544,busybox,explicit_CVE_in_commit_message,unreviewed,x86/64,busybox,1.36.1-r2,research-os/data/openwrt-v2-snapshots/releases/24.10.5/x86_64/openwrt-24.10.5-x86-64.manifest,explicit_backport_or_cherry_pick_in_commit_message
24.10.5,4f7e6e554be2aef6a55be36f9f954d56705eb2ee,88ba41453dbc65e1d5d596073d66bdf2e59a43a1,kernel: bump 4.14 to 4.14.20,CVE-2017-8824,kernel,explicit_CVE_in_commit_message,unreviewed,ath79/generic,kernel,6.6.119~35ef4dd36891d37023436baa842fa311-r1,research-os/data/openwrt-v2-snapshots/releases/24.10.5/ath79_generic/openwrt-24.10.5-ath79-generic.manifest,explicit_backport_or_cherry_pick_in_commit_message
24.10.5,4f7e6e554be2aef6a55be36f9f954d56705eb2ee,88ba41453dbc65e1d5d596073d66bdf2e59a43a1,kernel: bump 4.14 to 4.14.20,CVE-2017-8824,kernel,explicit_CVE_in_commit_message,unreviewed,x86/64,kernel,6.6.119~484466e2719a743506c36b4bb2103582-r1,research-os/data/openwrt-v2-snapshots/releases/24.10.5/x86_64/openwrt-24.10.5-x86-64.manifest,explicit_backport_or_cherry_pick_in_commit_message
24.10.5,4f7e6e554be2aef6a55be36f9f954d56705eb2ee,9a753c49ea7053f3592f9ec1ce9d97882edb332d,dnsmasq: backport official fix for CVE-2017-13704,CVE-2017-13704,dnsmasq,explicit_CVE_in_commit_message,unreviewed,ath79/generic,dnsmasq,2.90-r4,research-os/data/openwrt-v2-snapshots/releases/24.10.5/ath79_generic/openwrt-24.10.5-ath79-generic.manifest,explicit_backport_or_cherry_pick_in_commit_message
24.10.5,4f7e6e554be2aef6a55be36f9f954d56705eb2ee,9a753c49ea7053f3592f9ec1ce9d97882edb332d,dnsmasq: backport official fix for CVE-2017-13704,CVE-2017-13704,dnsmasq,explicit_CVE_in_commit_message,unreviewed,x86/64,dnsmasq,2.90-r4,research-os/data/openwrt-v2-snapshots/releases/24.10.5/x86_64/openwrt-24.10.5-x86-64.manifest,explicit_backport_or_cherry_pick_in_commit_message
24.10.5,4f7e6e554be2aef6a55be36f9f954d56705eb2ee,a3198061f80a7f3933810cd99206b085e4cf49f9,dnsmasq: backport dnssec security fix,CVE-2017-15107,dnsmasq,explicit_CVE_in_commit_message,unreviewed,ath79/generic,dnsmasq,2.90-r4,research-os/data/openwrt-v2-snapshots/releases/24.10.5/ath79_generic/openwrt-24.10.5-ath79-generic.manifest,explicit_backport_or_cherry_pick_in_commit_message
24.10.5,4f7e6e554be2aef6a55be36f9f954d56705eb2ee,a3198061f80a7f3933810cd99206b085e4cf49f9,dnsmasq: backport dnssec security fix,CVE-2017-15107,dnsmasq,explicit_CVE_in_commit_message,unreviewed,x86/64,dnsmasq,2.90-r4,research-os/data/openwrt-v2-snapshots/releases/24.10.5/x86_64/openwrt-24.10.5-x86-64.manifest,explicit_backport_or_cherry_pick_in_commit_message
24.10.5,4f7e6e554be2aef6a55be36f9f954d56705eb2ee,adaf1cbcc8b253ea807dbe0416b4b04c33dceadf,dnsmasq: backport validation fix in dnssec security fix,CVE-2017-15107,dnsmasq,explicit_CVE_in_commit_message,unreviewed,ath79/generic,dnsmasq,2.90-r4,research-os/data/openwrt-v2-snapshots/releases/24.10.5/ath79_generic/openwrt-24.10.5-ath79-generic.manifest,explicit_backport_or_cherry_pick_in_commit_message
24.10.5,4f7e6e554be2aef6a55be36f9f954d56705eb2ee,adaf1cbcc8b253ea807dbe0416b4b04c33dceadf,dnsmasq: backport validation fix in dnssec security fix,CVE-2017-15107,dnsmasq,explicit_CVE_in_commit_message,unreviewed,x86/64,dnsmasq,2.90-r4,research-os/data/openwrt-v2-snapshots/releases/24.10.5/x86_64/openwrt-24.10.5-x86-64.manifest,explicit_backport_or_cherry_pick_in_commit_message
24.10.5,4f7e6e554be2aef6a55be36f9f954d56705eb2ee,b547ab3143e5f9116c19698292d1bd9e08feda3e,kernel: bump kernel 4.9 to version 4.9.120,CVE-2018-3620,kernel,explicit_CVE_in_commit_message,unreviewed,ath79/generic,kernel,6.6.119~35ef4dd36891d37023436baa842fa311-r1,research-os/data/openwrt-v2-snapshots/releases/24.10.5/ath79_generic/openwrt-24.10.5-ath79-generic.manifest,explicit_backport_or_cherry_pick_in_commit_message
24.10.5,4f7e6e554be2aef6a55be36f9f954d56705eb2ee,b547ab3143e5f9116c19698292d1bd9e08feda3e,kernel: bump kernel 4.9 to version 4.9.120,CVE-2018-3620,kernel,explicit_CVE_in_commit_message,unreviewed,x86/64,kernel,6.6.119~484466e2719a743506c36b4bb2103582-r1,research-os/data/openwrt-v2-snapshots/releases/24.10.5/x86_64/openwrt-24.10.5-x86-64.manifest,explicit_backport_or_cherry_pick_in_commit_message
24.10.5,4f7e6e554be2aef6a55be36f9f954d56705eb2ee,b547ab3143e5f9116c19698292d1bd9e08feda3e,kernel: bump kernel 4.9 to version 4.9.120,CVE-2018-3646,kernel,explicit_CVE_in_commit_message,unreviewed,ath79/generic,kernel,6.6.119~35ef4dd36891d37023436baa842fa311-r1,research-os/data/openwrt-v2-snapshots/releases/24.10.5/ath79_generic/openwrt-24.10.5-ath79-generic.manifest,explicit_backport_or_cherry_pick_in_commit_message
24.10.5,4f7e6e554be2aef6a55be36f9f954d56705eb2ee,b547ab3143e5f9116c19698292d1bd9e08feda3e,kernel: bump kernel 4.9 to version 4.9.120,CVE-2018-3646,kernel,explicit_CVE_in_commit_message,unreviewed,x86/64,kernel,6.6.119~484466e2719a743506c36b4bb2103582-r1,research-os/data/openwrt-v2-snapshots/releases/24.10.5/x86_64/openwrt-24.10.5-x86-64.manifest,explicit_backport_or_cherry_pick_in_commit_message
24.10.5,4f7e6e554be2aef6a55be36f9f954d56705eb2ee,b5cde260487eae86db1661a53e5e5e0823936aab,dropbear: cherry-pick upstream patches,CVE-2023-36328,dropbear,explicit_CVE_in_commit_message,unreviewed,ath79/generic,dropbear,2024.86-r2,research-os/data/openwrt-v2-snapshots/releases/24.10.5/ath79_generic/openwrt-24.10.5-ath79-generic.manifest,explicit_backport_or_cherry_pick_in_commit_message
24.10.5,4f7e6e554be2aef6a55be36f9f954d56705eb2ee,b5cde260487eae86db1661a53e5e5e0823936aab,dropbear: cherry-pick upstream patches,CVE-2023-36328,dropbear,explicit_CVE_in_commit_message,unreviewed,x86/64,dropbear,2024.86-r2,research-os/data/openwrt-v2-snapshots/releases/24.10.5/x86_64/openwrt-24.10.5-x86-64.manifest,explicit_backport_or_cherry_pick_in_commit_message
24.10.5,4f7e6e554be2aef6a55be36f9f954d56705eb2ee,b5cde260487eae86db1661a53e5e5e0823936aab,dropbear: cherry-pick upstream patches,CVE-2023-48795,dropbear,explicit_CVE_in_commit_message,unreviewed,ath79/generic,dropbear,2024.86-r2,research-os/data/openwrt-v2-snapshots/releases/24.10.5/ath79_generic/openwrt-24.10.5-ath79-generic.manifest,explicit_backport_or_cherry_pick_in_commit_message
24.10.5,4f7e6e554be2aef6a55be36f9f954d56705eb2ee,b5cde260487eae86db1661a53e5e5e0823936aab,dropbear: cherry-pick upstream patches,CVE-2023-48795,dropbear,explicit_CVE_in_commit_message,unreviewed,x86/64,dropbear,2024.86-r2,research-os/data/openwrt-v2-snapshots/releases/24.10.5/x86_64/openwrt-24.10.5-x86-64.manifest,explicit_backport_or_cherry_pick_in_commit_message
24.10.5,4f7e6e554be2aef6a55be36f9f954d56705eb2ee,d8565a06dc01b55ed1018d571e655c122b9d2a33,kernel: bump 4.9 to 4.9.77,CVE-2017-1000410,kernel,explicit_CVE_in_commit_message,unreviewed,ath79/generic,kernel,6.6.119~35ef4dd36891d37023436baa842fa311-r1,research-os/data/openwrt-v2-snapshots/releases/24.10.5/ath79_generic/openwrt-24.10.5-ath79-generic.manifest,explicit_backport_or_cherry_pick_in_commit_message
24.10.5,4f7e6e554be2aef6a55be36f9f954d56705eb2ee,d8565a06dc01b55ed1018d571e655c122b9d2a33,kernel: bump 4.9 to 4.9.77,CVE-2017-1000410,kernel,explicit_CVE_in_commit_message,unreviewed,x86/64,kernel,6.6.119~484466e2719a743506c36b4bb2103582-r1,research-os/data/openwrt-v2-snapshots/releases/24.10.5/x86_64/openwrt-24.10.5-x86-64.manifest,explicit_backport_or_cherry_pick_in_commit_message
24.10.5,4f7e6e554be2aef6a55be36f9f954d56705eb2ee,d8565a06dc01b55ed1018d571e655c122b9d2a33,kernel: bump 4.9 to 4.9.77,CVE-2017-17741,kernel,explicit_CVE_in_commit_message,unreviewed,ath79/generic,kernel,6.6.119~35ef4dd36891d37023436baa842fa311-r1,research-os/data/openwrt-v2-snapshots/releases/24.10.5/ath79_generic/openwrt-24.10.5-ath79-generic.manifest,explicit_backport_or_cherry_pick_in_commit_message
24.10.5,4f7e6e554be2aef6a55be36f9f954d56705eb2ee,d8565a06dc01b55ed1018d571e655c122b9d2a33,kernel: bump 4.9 to 4.9.77,CVE-2017-17741,kernel,explicit_CVE_in_commit_message,unreviewed,x86/64,kernel,6.6.119~484466e2719a743506c36b4bb2103582-r1,research-os/data/openwrt-v2-snapshots/releases/24.10.5/x86_64/openwrt-24.10.5-x86-64.manifest,explicit_backport_or_cherry_pick_in_commit_message
24.10.5,4f7e6e554be2aef6a55be36f9f954d56705eb2ee,d8565a06dc01b55ed1018d571e655c122b9d2a33,kernel: bump 4.9 to 4.9.77,CVE-2017-5715,kernel,explicit_CVE_in_commit_message,unreviewed,ath79/generic,kernel,6.6.119~35ef4dd36891d37023436baa842fa311-r1,research-os/data/openwrt-v2-snapshots/releases/24.10.5/ath79_generic/openwrt-24.10.5-ath79-generic.manifest,explicit_backport_or_cherry_pick_in_commit_message
24.10.5,4f7e6e554be2aef6a55be36f9f954d56705eb2ee,d8565a06dc01b55ed1018d571e655c122b9d2a33,kernel: bump 4.9 to 4.9.77,CVE-2017-5715,kernel,explicit_CVE_in_commit_message,unreviewed,x86/64,kernel,6.6.119~484466e2719a743506c36b4bb2103582-r1,research-os/data/openwrt-v2-snapshots/releases/24.10.5/x86_64/openwrt-24.10.5-x86-64.manifest,explicit_backport_or_cherry_pick_in_commit_message
24.10.5,4f7e6e554be2aef6a55be36f9f954d56705eb2ee,d8565a06dc01b55ed1018d571e655c122b9d2a33,kernel: bump 4.9 to 4.9.77,CVE-2017-5753,kernel,explicit_CVE_in_commit_message,unreviewed,ath79/generic,kernel,6.6.119~35ef4dd36891d37023436baa842fa311-r1,research-os/data/openwrt-v2-snapshots/releases/24.10.5/ath79_generic/openwrt-24.10.5-ath79-generic.manifest,explicit_backport_or_cherry_pick_in_commit_message
24.10.5,4f7e6e554be2aef6a55be36f9f954d56705eb2ee,d8565a06dc01b55ed1018d571e655c122b9d2a33,kernel: bump 4.9 to 4.9.77,CVE-2017-5753,kernel,explicit_CVE_in_commit_message,unreviewed,x86/64,kernel,6.6.119~484466e2719a743506c36b4bb2103582-r1,research-os/data/openwrt-v2-snapshots/releases/24.10.5/x86_64/openwrt-24.10.5-x86-64.manifest,explicit_backport_or_cherry_pick_in_commit_message
24.10.5,4f7e6e554be2aef6a55be36f9f954d56705eb2ee,f621b539512e5b6c83dd2de1bc2dba06e40cd7ea,kernel: bump 4.9 to 4.9.82,CVE-2017-8824,kernel,explicit_CVE_in_commit_message,unreviewed,ath79/generic,kernel,6.6.119~35ef4dd36891d37023436baa842fa311-r1,research-os/data/openwrt-v2-snapshots/releases/24.10.5/ath79_generic/openwrt-24.10.5-ath79-generic.manifest,explicit_backport_or_cherry_pick_in_commit_message
24.10.5,4f7e6e554be2aef6a55be36f9f954d56705eb2ee,f621b539512e5b6c83dd2de1bc2dba06e40cd7ea,kernel: bump 4.9 to 4.9.82,CVE-2017-8824,kernel,explicit_CVE_in_commit_message,unreviewed,x86/64,kernel,6.6.119~484466e2719a743506c36b4bb2103582-r1,research-os/data/openwrt-v2-snapshots/releases/24.10.5/x86_64/openwrt-24.10.5-x86-64.manifest,explicit_backport_or_cherry_pick_in_commit_message
24.10.5,4f7e6e554be2aef6a55be36f9f954d56705eb2ee,fefe1da440eede8dfaa23975c30ae2f6fcac744d,kernel: backport upstream fix for CVE-2018-5390,CVE-2018-5390,kernel,explicit_CVE_in_commit_message,unreviewed,ath79/generic,kernel,6.6.119~35ef4dd36891d37023436baa842fa311-r1,research-os/data/openwrt-v2-snapshots/releases/24.10.5/ath79_generic/openwrt-24.10.5-ath79-generic.manifest,explicit_backport_or_cherry_pick_in_commit_message
24.10.5,4f7e6e554be2aef6a55be36f9f954d56705eb2ee,fefe1da440eede8dfaa23975c30ae2f6fcac744d,kernel: backport upstream fix for CVE-2018-5390,CVE-2018-5390,kernel,explicit_CVE_in_commit_message,unreviewed,x86/64,kernel,6.6.119~484466e2719a743506c36b4bb2103582-r1,research-os/data/openwrt-v2-snapshots/releases/24.10.5/x86_64/openwrt-24.10.5-x86-64.manifest,explicit_backport_or_cherry_pick_in_commit_message
24.10.6,ec8eeaa8fbd3122b9b9e68b7db02707884a19c9c,002a99eccd75fb653163bae0a1132bd4f494e7ad,dnsmasq: Backport DHCPv6 server fix (CVE-2022-0934),CVE-2022-0934,dnsmasq,explicit_CVE_in_commit_message,unreviewed,ath79/generic,dnsmasq,2.90-r4,research-os/data/openwrt-v2-snapshots/releases/24.10.6/ath79_generic/openwrt-24.10.6-ath79-generic.manifest,explicit_backport_or_cherry_pick_in_commit_message
24.10.6,ec8eeaa8fbd3122b9b9e68b7db02707884a19c9c,002a99eccd75fb653163bae0a1132bd4f494e7ad,dnsmasq: Backport DHCPv6 server fix (CVE-2022-0934),CVE-2022-0934,dnsmasq,explicit_CVE_in_commit_message,unreviewed,x86/64,dnsmasq,2.90-r4,research-os/data/openwrt-v2-snapshots/releases/24.10.6/x86_64/openwrt-24.10.6-x86-64.manifest,explicit_backport_or_cherry_pick_in_commit_message
24.10.6,ec8eeaa8fbd3122b9b9e68b7db02707884a19c9c,0f52a05723988633882d6c52122009ce11f8956b,dropbear: backport security fixes,CVE-2019-6111,dropbear,explicit_CVE_in_commit_message,unreviewed,ath79/generic,dropbear,2024.86-r2,research-os/data/openwrt-v2-snapshots/releases/24.10.6/ath79_generic/openwrt-24.10.6-ath79-generic.manifest,explicit_backport_or_cherry_pick_in_commit_message
24.10.6,ec8eeaa8fbd3122b9b9e68b7db02707884a19c9c,0f52a05723988633882d6c52122009ce11f8956b,dropbear: backport security fixes,CVE-2019-6111,dropbear,explicit_CVE_in_commit_message,unreviewed,x86/64,dropbear,2024.86-r2,research-os/data/openwrt-v2-snapshots/releases/24.10.6/x86_64/openwrt-24.10.6-x86-64.manifest,explicit_backport_or_cherry_pick_in_commit_message
24.10.6,ec8eeaa8fbd3122b9b9e68b7db02707884a19c9c,0f52a05723988633882d6c52122009ce11f8956b,dropbear: backport security fixes,CVE-2025-14282,dropbear,explicit_CVE_in_commit_message,unreviewed,ath79/generic,dropbear,2024.86-r2,research-os/data/openwrt-v2-snapshots/releases/24.10.6/ath79_generic/openwrt-24.10.6-ath79-generic.manifest,explicit_backport_or_cherry_pick_in_commit_message
24.10.6,ec8eeaa8fbd3122b9b9e68b7db02707884a19c9c,0f52a05723988633882d6c52122009ce11f8956b,dropbear: backport security fixes,CVE-2025-14282,dropbear,explicit_CVE_in_commit_message,unreviewed,x86/64,dropbear,2024.86-r2,research-os/data/openwrt-v2-snapshots/releases/24.10.6/x86_64/openwrt-24.10.6-x86-64.manifest,explicit_backport_or_cherry_pick_in_commit_message
24.10.6,ec8eeaa8fbd3122b9b9e68b7db02707884a19c9c,13397b2b95b4800fb0a29c3d483fa280d10f0eb0,busybox: backport fix for CVE-2021-28831,CVE-2021-28831,busybox,explicit_CVE_in_commit_message,unreviewed,ath79/generic,busybox,1.36.1-r2,research-os/data/openwrt-v2-snapshots/releases/24.10.6/ath79_generic/openwrt-24.10.6-ath79-generic.manifest,explicit_backport_or_cherry_pick_in_commit_message
24.10.6,ec8eeaa8fbd3122b9b9e68b7db02707884a19c9c,13397b2b95b4800fb0a29c3d483fa280d10f0eb0,busybox: backport fix for CVE-2021-28831,CVE-2021-28831,busybox,explicit_CVE_in_commit_message,unreviewed,x86/64,busybox,1.36.1-r2,research-os/data/openwrt-v2-snapshots/releases/24.10.6/x86_64/openwrt-24.10.6-x86-64.manifest,explicit_backport_or_cherry_pick_in_commit_message
24.10.6,ec8eeaa8fbd3122b9b9e68b7db02707884a19c9c,2211ee0037764e1c6b1576fe7a0975722cd4acdc,dropbear: backport upstream fix for CVE-2018-15599,CVE-2018-15473,dropbear,explicit_CVE_in_commit_message,unreviewed,ath79/generic,dropbear,2024.86-r2,research-os/data/openwrt-v2-snapshots/releases/24.10.6/ath79_generic/openwrt-24.10.6-ath79-generic.manifest,explicit_backport_or_cherry_pick_in_commit_message
24.10.6,ec8eeaa8fbd3122b9b9e68b7db02707884a19c9c,2211ee0037764e1c6b1576fe7a0975722cd4acdc,dropbear: backport upstream fix for CVE-2018-15599,CVE-2018-15473,dropbear,explicit_CVE_in_commit_message,unreviewed,x86/64,dropbear,2024.86-r2,research-os/data/openwrt-v2-snapshots/releases/24.10.6/x86_64/openwrt-24.10.6-x86-64.manifest,explicit_backport_or_cherry_pick_in_commit_message
24.10.6,ec8eeaa8fbd3122b9b9e68b7db02707884a19c9c,2211ee0037764e1c6b1576fe7a0975722cd4acdc,dropbear: backport upstream fix for CVE-2018-15599,CVE-2018-15599,dropbear,explicit_CVE_in_commit_message,unreviewed,ath79/generic,dropbear,2024.86-r2,research-os/data/openwrt-v2-snapshots/releases/24.10.6/ath79_generic/openwrt-24.10.6-ath79-generic.manifest,explicit_backport_or_cherry_pick_in_commit_message
24.10.6,ec8eeaa8fbd3122b9b9e68b7db02707884a19c9c,2211ee0037764e1c6b1576fe7a0975722cd4acdc,dropbear: backport upstream fix for CVE-2018-15599,CVE-2018-15599,dropbear,explicit_CVE_in_commit_message,unreviewed,x86/64,dropbear,2024.86-r2,research-os/data/openwrt-v2-snapshots/releases/24.10.6/x86_64/openwrt-24.10.6-x86-64.manifest,explicit_backport_or_cherry_pick_in_commit_message
24.10.6,ec8eeaa8fbd3122b9b9e68b7db02707884a19c9c,22b9f99b87fa1ff991180cabf02dd04d1bddce2b,kernel: bump 4.14 to 4.14.59,CVE-2018-10876,kernel,explicit_CVE_in_commit_message,unreviewed,ath79/generic,kernel,6.6.127~70248021204b78344d5fb62a0e7f5bea-r1,research-os/data/openwrt-v2-snapshots/releases/24.10.6/ath79_generic/openwrt-24.10.6-ath79-generic.manifest,explicit_backport_or_cherry_pick_in_commit_message
24.10.6,ec8eeaa8fbd3122b9b9e68b7db02707884a19c9c,22b9f99b87fa1ff991180cabf02dd04d1bddce2b,kernel: bump 4.14 to 4.14.59,CVE-2018-10876,kernel,explicit_CVE_in_commit_message,unreviewed,x86/64,kernel,6.6.127~50daf8372d971124fb3519e8d87e02ae-r1,research-os/data/openwrt-v2-snapshots/releases/24.10.6/x86_64/openwrt-24.10.6-x86-64.manifest,explicit_backport_or_cherry_pick_in_commit_message
24.10.6,ec8eeaa8fbd3122b9b9e68b7db02707884a19c9c,22b9f99b87fa1ff991180cabf02dd04d1bddce2b,kernel: bump 4.14 to 4.14.59,CVE-2018-10877,kernel,explicit_CVE_in_commit_message,unreviewed,ath79/generic,kernel,6.6.127~70248021204b78344d5fb62a0e7f5bea-r1,research-os/data/openwrt-v2-snapshots/releases/24.10.6/ath79_generic/openwrt-24.10.6-ath79-generic.manifest,explicit_backport_or_cherry_pick_in_commit_message
24.10.6,ec8eeaa8fbd3122b9b9e68b7db02707884a19c9c,22b9f99b87fa1ff991180cabf02dd04d1bddce2b,kernel: bump 4.14 to 4.14.59,CVE-2018-10877,kernel,explicit_CVE_in_commit_message,unreviewed,x86/64,kernel,6.6.127~50daf8372d971124fb3519e8d87e02ae-r1,research-os/data/openwrt-v2-snapshots/releases/24.10.6/x86_64/openwrt-24.10.6-x86-64.manifest,explicit_backport_or_cherry_pick_in_commit_message
24.10.6,ec8eeaa8fbd3122b9b9e68b7db02707884a19c9c,22b9f99b87fa1ff991180cabf02dd04d1bddce2b,kernel: bump 4.14 to 4.14.59,CVE-2018-10879,kernel,explicit_CVE_in_commit_message,unreviewed,ath79/generic,kernel,6.6.127~70248021204b78344d5fb62a0e7f5bea-r1,research-os/data/openwrt-v2-snapshots/releases/24.10.6/ath79_generic/openwrt-24.10.6-ath79-generic.manifest,explicit_backport_or_cherry_pick_in_commit_message
24.10.6,ec8eeaa8fbd3122b9b9e68b7db02707884a19c9c,22b9f99b87fa1ff991180cabf02dd04d1bddce2b,kernel: bump 4.14 to 4.14.59,CVE-2018-10879,kernel,explicit_CVE_in_commit_message,unreviewed,x86/64,kernel,6.6.127~50daf8372d971124fb3519e8d87e02ae-r1,research-os/data/openwrt-v2-snapshots/releases/24.10.6/x86_64/openwrt-24.10.6-x86-64.manifest,explicit_backport_or_cherry_pick_in_commit_message
24.10.6,ec8eeaa8fbd3122b9b9e68b7db02707884a19c9c,22b9f99b87fa1ff991180cabf02dd04d1bddce2b,kernel: bump 4.14 to 4.14.59,CVE-2018-10880,kernel,explicit_CVE_in_commit_message,unreviewed,ath79/generic,kernel,6.6.127~70248021204b78344d5fb62a0e7f5bea-r1,research-os/data/openwrt-v2-snapshots/releases/24.10.6/ath79_generic/openwrt-24.10.6-ath79-generic.manifest,explicit_backport_or_cherry_pick_in_commit_message
24.10.6,ec8eeaa8fbd3122b9b9e68b7db02707884a19c9c,22b9f99b87fa1ff991180cabf02dd04d1bddce2b,kernel: bump 4.14 to 4.14.59,CVE-2018-10880,kernel,explicit_CVE_in_commit_message,unreviewed,x86/64,kernel,6.6.127~50daf8372d971124fb3519e8d87e02ae-r1,research-os/data/openwrt-v2-snapshots/releases/24.10.6/x86_64/openwrt-24.10.6-x86-64.manifest,explicit_backport_or_cherry_pick_in_commit_message
24.10.6,ec8eeaa8fbd3122b9b9e68b7db02707884a19c9c,22b9f99b87fa1ff991180cabf02dd04d1bddce2b,kernel: bump 4.14 to 4.14.59,CVE-2018-10881,kernel,explicit_CVE_in_commit_message,unreviewed,ath79/generic,kernel,6.6.127~70248021204b78344d5fb62a0e7f5bea-r1,research-os/data/openwrt-v2-snapshots/releases/24.10.6/ath79_generic/openwrt-24.10.6-ath79-generic.manifest,explicit_backport_or_cherry_pick_in_commit_message
24.10.6,ec8eeaa8fbd3122b9b9e68b7db02707884a19c9c,22b9f99b87fa1ff991180cabf02dd04d1bddce2b,kernel: bump 4.14 to 4.14.59,CVE-2018-10881,kernel,explicit_CVE_in_commit_message,unreviewed,x86/64,kernel,6.6.127~50daf8372d971124fb3519e8d87e02ae-r1,research-os/data/openwrt-v2-snapshots/releases/24.10.6/x86_64/openwrt-24.10.6-x86-64.manifest,explicit_backport_or_cherry_pick_in_commit_message
24.10.6,ec8eeaa8fbd3122b9b9e68b7db02707884a19c9c,22b9f99b87fa1ff991180cabf02dd04d1bddce2b,kernel: bump 4.14 to 4.14.59,CVE-2018-10882,kernel,explicit_CVE_in_commit_message,unreviewed,ath79/generic,kernel,6.6.127~70248021204b78344d5fb62a0e7f5bea-r1,research-os/data/openwrt-v2-snapshots/releases/24.10.6/ath79_generic/openwrt-24.10.6-ath79-generic.manifest,explicit_backport_or_cherry_pick_in_commit_message
24.10.6,ec8eeaa8fbd3122b9b9e68b7db02707884a19c9c,22b9f99b87fa1ff991180cabf02dd04d1bddce2b,kernel: bump 4.14 to 4.14.59,CVE-2018-10882,kernel,explicit_CVE_in_commit_message,unreviewed,x86/64,kernel,6.6.127~50daf8372d971124fb3519e8d87e02ae-r1,research-os/data/openwrt-v2-snapshots/releases/24.10.6/x86_64/openwrt-24.10.6-x86-64.manifest,explicit_backport_or_cherry_pick_in_commit_message
24.10.6,ec8eeaa8fbd3122b9b9e68b7db02707884a19c9c,22b9f99b87fa1ff991180cabf02dd04d1bddce2b,kernel: bump 4.14 to 4.14.59,CVE-2018-10883,kernel,explicit_CVE_in_commit_message,unreviewed,ath79/generic,kernel,6.6.127~70248021204b78344d5fb62a0e7f5bea-r1,research-os/data/openwrt-v2-snapshots/releases/24.10.6/ath79_generic/openwrt-24.10.6-ath79-generic.manifest,explicit_backport_or_cherry_pick_in_commit_message
24.10.6,ec8eeaa8fbd3122b9b9e68b7db02707884a19c9c,22b9f99b87fa1ff991180cabf02dd04d1bddce2b,kernel: bump 4.14 to 4.14.59,CVE-2018-10883,kernel,explicit_CVE_in_commit_message,unreviewed,x86/64,kernel,6.6.127~50daf8372d971124fb3519e8d87e02ae-r1,research-os/data/openwrt-v2-snapshots/releases/24.10.6/x86_64/openwrt-24.10.6-x86-64.manifest,explicit_backport_or_cherry_pick_in_commit_message
24.10.6,ec8eeaa8fbd3122b9b9e68b7db02707884a19c9c,35890514bb191de3ab96dcd684714850a9142efc,ppp: backport security fixes,CVE-2020-8597,ppp,explicit_CVE_in_commit_message,unreviewed,ath79/generic,ppp,2.5.1-r1,research-os/data/openwrt-v2-snapshots/releases/24.10.6/ath79_generic/openwrt-24.10.6-ath79-generic.manifest,explicit_backport_or_cherry_pick_in_commit_message
24.10.6,ec8eeaa8fbd3122b9b9e68b7db02707884a19c9c,35890514bb191de3ab96dcd684714850a9142efc,ppp: backport security fixes,CVE-2020-8597,ppp,explicit_CVE_in_commit_message,unreviewed,x86/64,ppp,2.5.1-r1,research-os/data/openwrt-v2-snapshots/releases/24.10.6/x86_64/openwrt-24.10.6-x86-64.manifest,explicit_backport_or_cherry_pick_in_commit_message
24.10.6,ec8eeaa8fbd3122b9b9e68b7db02707884a19c9c,3c2c31bb66e5b247ffbb3cafac2a21d441daef39,kernel: backport upstream challenge ACK fix (CVE-2016-5696),CVE-2016-5696,kernel,explicit_CVE_in_commit_message,unreviewed,ath79/generic,kernel,6.6.127~70248021204b78344d5fb62a0e7f5bea-r1,research-os/data/openwrt-v2-snapshots/releases/24.10.6/ath79_generic/openwrt-24.10.6-ath79-generic.manifest,explicit_backport_or_cherry_pick_in_commit_message
24.10.6,ec8eeaa8fbd3122b9b9e68b7db02707884a19c9c,3c2c31bb66e5b247ffbb3cafac2a21d441daef39,kernel: backport upstream challenge ACK fix (CVE-2016-5696),CVE-2016-5696,kernel,explicit_CVE_in_commit_message,unreviewed,x86/64,kernel,6.6.127~50daf8372d971124fb3519e8d87e02ae-r1,research-os/data/openwrt-v2-snapshots/releases/24.10.6/x86_64/openwrt-24.10.6-x86-64.manifest,explicit_backport_or_cherry_pick_in_commit_message
24.10.6,ec8eeaa8fbd3122b9b9e68b7db02707884a19c9c,6713fe030fca32fc3d5ad9761f3b2f96501aedd6,busybox: update to 1.33.1,CVE-2021-28831,busybox,explicit_CVE_in_commit_message,unreviewed,ath79/generic,busybox,1.36.1-r2,research-os/data/openwrt-v2-snapshots/releases/24.10.6/ath79_generic/openwrt-24.10.6-ath79-generic.manifest,explicit_backport_or_cherry_pick_in_commit_message
24.10.6,ec8eeaa8fbd3122b9b9e68b7db02707884a19c9c,6713fe030fca32fc3d5ad9761f3b2f96501aedd6,busybox: update to 1.33.1,CVE-2021-28831,busybox,explicit_CVE_in_commit_message,unreviewed,x86/64,busybox,1.36.1-r2,research-os/data/openwrt-v2-snapshots/releases/24.10.6/x86_64/openwrt-24.10.6-x86-64.manifest,explicit_backport_or_cherry_pick_in_commit_message
24.10.6,ec8eeaa8fbd3122b9b9e68b7db02707884a19c9c,7c0a2bc93077f52c033e406864b34af3a4fab245,busybox: backport cve-2017-16544 fix,CVE-2017-16544,busybox,explicit_CVE_in_commit_message,unreviewed,ath79/generic,busybox,1.36.1-r2,research-os/data/openwrt-v2-snapshots/releases/24.10.6/ath79_generic/openwrt-24.10.6-ath79-generic.manifest,explicit_backport_or_cherry_pick_in_commit_message
24.10.6,ec8eeaa8fbd3122b9b9e68b7db02707884a19c9c,7c0a2bc93077f52c033e406864b34af3a4fab245,busybox: backport cve-2017-16544 fix,CVE-2017-16544,busybox,explicit_CVE_in_commit_message,unreviewed,x86/64,busybox,1.36.1-r2,research-os/data/openwrt-v2-snapshots/releases/24.10.6/x86_64/openwrt-24.10.6-x86-64.manifest,explicit_backport_or_cherry_pick_in_commit_message
24.10.6,ec8eeaa8fbd3122b9b9e68b7db02707884a19c9c,7c0a2bc93077f52c033e406864b34af3a4fab245,busybox: backport cve-2017-16544 fix,CVE-2017-16544,busybox,explicit_CVE_in_commit_message,unreviewed,ath79/generic,busybox,1.36.1-r2,research-os/data/openwrt-v2-snapshots/releases/24.10.6/ath79_generic/openwrt-24.10.6-ath79-generic.manifest,explicit_backport_or_cherry_pick_in_commit_message
24.10.6,ec8eeaa8fbd3122b9b9e68b7db02707884a19c9c,7c0a2bc93077f52c033e406864b34af3a4fab245,busybox: backport cve-2017-16544 fix,CVE-2017-16544,busybox,explicit_CVE_in_commit_message,unreviewed,x86/64,busybox,1.36.1-r2,research-os/data/openwrt-v2-snapshots/releases/24.10.6/x86_64/openwrt-24.10.6-x86-64.manifest,explicit_backport_or_cherry_pick_in_commit_message
24.10.6,ec8eeaa8fbd3122b9b9e68b7db02707884a19c9c,88ba41453dbc65e1d5d596073d66bdf2e59a43a1,kernel: bump 4.14 to 4.14.20,CVE-2017-8824,kernel,explicit_CVE_in_commit_message,unreviewed,ath79/generic,kernel,6.6.127~70248021204b78344d5fb62a0e7f5bea-r1,research-os/data/openwrt-v2-snapshots/releases/24.10.6/ath79_generic/openwrt-24.10.6-ath79-generic.manifest,explicit_backport_or_cherry_pick_in_commit_message
24.10.6,ec8eeaa8fbd3122b9b9e68b7db02707884a19c9c,88ba41453dbc65e1d5d596073d66bdf2e59a43a1,kernel: bump 4.14 to 4.14.20,CVE-2017-8824,kernel,explicit_CVE_in_commit_message,unreviewed,x86/64,kernel,6.6.127~50daf8372d971124fb3519e8d87e02ae-r1,research-os/data/openwrt-v2-snapshots/releases/24.10.6/x86_64/openwrt-24.10.6-x86-64.manifest,explicit_backport_or_cherry_pick_in_commit_message
24.10.6,ec8eeaa8fbd3122b9b9e68b7db02707884a19c9c,9a753c49ea7053f3592f9ec1ce9d97882edb332d,dnsmasq: backport official fix for CVE-2017-13704,CVE-2017-13704,dnsmasq,explicit_CVE_in_commit_message,unreviewed,ath79/generic,dnsmasq,2.90-r4,research-os/data/openwrt-v2-snapshots/releases/24.10.6/ath79_generic/openwrt-24.10.6-ath79-generic.manifest,explicit_backport_or_cherry_pick_in_commit_message
24.10.6,ec8eeaa8fbd3122b9b9e68b7db02707884a19c9c,9a753c49ea7053f3592f9ec1ce9d97882edb332d,dnsmasq: backport official fix for CVE-2017-13704,CVE-2017-13704,dnsmasq,explicit_CVE_in_commit_message,unreviewed,x86/64,dnsmasq,2.90-r4,research-os/data/openwrt-v2-snapshots/releases/24.10.6/x86_64/openwrt-24.10.6-x86-64.manifest,explicit_backport_or_cherry_pick_in_commit_message
24.10.6,ec8eeaa8fbd3122b9b9e68b7db02707884a19c9c,a3198061f80a7f3933810cd99206b085e4cf49f9,dnsmasq: backport dnssec security fix,CVE-2017-15107,dnsmasq,explicit_CVE_in_commit_message,unreviewed,ath79/generic,dnsmasq,2.90-r4,research-os/data/openwrt-v2-snapshots/releases/24.10.6/ath79_generic/openwrt-24.10.6-ath79-generic.manifest,explicit_backport_or_cherry_pick_in_commit_message
24.10.6,ec8eeaa8fbd3122b9b9e68b7db02707884a19c9c,a3198061f80a7f3933810cd99206b085e4cf49f9,dnsmasq: backport dnssec security fix,CVE-2017-15107,dnsmasq,explicit_CVE_in_commit_message,unreviewed,x86/64,dnsmasq,2.90-r4,research-os/data/openwrt-v2-snapshots/releases/24.10.6/x86_64/openwrt-24.10.6-x86-64.manifest,explicit_backport_or_cherry_pick_in_commit_message
24.10.6,ec8eeaa8fbd3122b9b9e68b7db02707884a19c9c,adaf1cbcc8b253ea807dbe0416b4b04c33dceadf,dnsmasq: backport validation fix in dnssec security fix,CVE-2017-15107,dnsmasq,explicit_CVE_in_commit_message,unreviewed,ath79/generic,dnsmasq,2.90-r4,research-os/data/openwrt-v2-snapshots/releases/24.10.6/ath79_generic/openwrt-24.10.6-ath79-generic.manifest,explicit_backport_or_cherry_pick_in_commit_message
24.10.6,ec8eeaa8fbd3122b9b9e68b7db02707884a19c9c,adaf1cbcc8b253ea807dbe0416b4b04c33dceadf,dnsmasq: backport validation fix in dnssec security fix,CVE-2017-15107,dnsmasq,explicit_CVE_in_commit_message,unreviewed,x86/64,dnsmasq,2.90-r4,research-os/data/openwrt-v2-snapshots/releases/24.10.6/x86_64/openwrt-24.10.6-x86-64.manifest,explicit_backport_or_cherry_pick_in_commit_message
24.10.6,ec8eeaa8fbd3122b9b9e68b7db02707884a19c9c,b547ab3143e5f9116c19698292d1bd9e08feda3e,kernel: bump kernel 4.9 to version 4.9.120,CVE-2018-3620,kernel,explicit_CVE_in_commit_message,unreviewed,ath79/generic,kernel,6.6.127~70248021204b78344d5fb62a0e7f5bea-r1,research-os/data/openwrt-v2-snapshots/releases/24.10.6/ath79_generic/openwrt-24.10.6-ath79-generic.manifest,explicit_backport_or_cherry_pick_in_commit_message
24.10.6,ec8eeaa8fbd3122b9b9e68b7db02707884a19c9c,b547ab3143e5f9116c19698292d1bd9e08feda3e,kernel: bump kernel 4.9 to version 4.9.120,CVE-2018-3620,kernel,explicit_CVE_in_commit_message,unreviewed,x86/64,kernel,6.6.127~50daf8372d971124fb3519e8d87e02ae-r1,research-os/data/openwrt-v2-snapshots/releases/24.10.6/x86_64/openwrt-24.10.6-x86-64.manifest,explicit_backport_or_cherry_pick_in_commit_message
24.10.6,ec8eeaa8fbd3122b9b9e68b7db02707884a19c9c,b547ab3143e5f9116c19698292d1bd9e08feda3e,kernel: bump kernel 4.9 to version 4.9.120,CVE-2018-3646,kernel,explicit_CVE_in_commit_message,unreviewed,ath79/generic,kernel,6.6.127~70248021204b78344d5fb62a0e7f5bea-r1,research-os/data/openwrt-v2-snapshots/releases/24.10.6/ath79_generic/openwrt-24.10.6-ath79-generic.manifest,explicit_backport_or_cherry_pick_in_commit_message
24.10.6,ec8eeaa8fbd3122b9b9e68b7db02707884a19c9c,b547ab3143e5f9116c19698292d1bd9e08feda3e,kernel: bump kernel 4.9 to version 4.9.120,CVE-2018-3646,kernel,explicit_CVE_in_commit_message,unreviewed,x86/64,kernel,6.6.127~50daf8372d971124fb3519e8d87e02ae-r1,research-os/data/openwrt-v2-snapshots/releases/24.10.6/x86_64/openwrt-24.10.6-x86-64.manifest,explicit_backport_or_cherry_pick_in_commit_message
24.10.6,ec8eeaa8fbd3122b9b9e68b7db02707884a19c9c,b5cde260487eae86db1661a53e5e5e0823936aab,dropbear: cherry-pick upstream patches,CVE-2023-36328,dropbear,explicit_CVE_in_commit_message,unreviewed,ath79/generic,dropbear,2024.86-r2,research-os/data/openwrt-v2-snapshots/releases/24.10.6/ath79_generic/openwrt-24.10.6-ath79-generic.manifest,explicit_backport_or_cherry_pick_in_commit_message
24.10.6,ec8eeaa8fbd3122b9b9e68b7db02707884a19c9c,b5cde260487eae86db1661a53e5e5e0823936aab,dropbear: cherry-pick upstream patches,CVE-2023-36328,dropbear,explicit_CVE_in_commit_message,unreviewed,x86/64,dropbear,2024.86-r2,research-os/data/openwrt-v2-snapshots/releases/24.10.6/x86_64/openwrt-24.10.6-x86-64.manifest,explicit_backport_or_cherry_pick_in_commit_message
24.10.6,ec8eeaa8fbd3122b9b9e68b7db02707884a19c9c,b5cde260487eae86db1661a53e5e5e0823936aab,dropbear: cherry-pick upstream patches,CVE-2023-48795,dropbear,explicit_CVE_in_commit_message,unreviewed,ath79/generic,dropbear,2024.86-r2,research-os/data/openwrt-v2-snapshots/releases/24.10.6/ath79_generic/openwrt-24.10.6-ath79-generic.manifest,explicit_backport_or_cherry_pick_in_commit_message
24.10.6,ec8eeaa8fbd3122b9b9e68b7db02707884a19c9c,b5cde260487eae86db1661a53e5e5e0823936aab,dropbear: cherry-pick upstream patches,CVE-2023-48795,dropbear,explicit_CVE_in_commit_message,unreviewed,x86/64,dropbear,2024.86-r2,research-os/data/openwrt-v2-snapshots/releases/24.10.6/x86_64/openwrt-24.10.6-x86-64.manifest,explicit_backport_or_cherry_pick_in_commit_message
24.10.6,ec8eeaa8fbd3122b9b9e68b7db02707884a19c9c,d8565a06dc01b55ed1018d571e655c122b9d2a33,kernel: bump 4.9 to 4.9.77,CVE-2017-1000410,kernel,explicit_CVE_in_commit_message,unreviewed,ath79/generic,kernel,6.6.127~70248021204b78344d5fb62a0e7f5bea-r1,research-os/data/openwrt-v2-snapshots/releases/24.10.6/ath79_generic/openwrt-24.10.6-ath79-generic.manifest,explicit_backport_or_cherry_pick_in_commit_message
24.10.6,ec8eeaa8fbd3122b9b9e68b7db02707884a19c9c,d8565a06dc01b55ed1018d571e655c122b9d2a33,kernel: bump 4.9 to 4.9.77,CVE-2017-1000410,kernel,explicit_CVE_in_commit_message,unreviewed,x86/64,kernel,6.6.127~50daf8372d971124fb3519e8d87e02ae-r1,research-os/data/openwrt-v2-snapshots/releases/24.10.6/x86_64/openwrt-24.10.6-x86-64.manifest,explicit_backport_or_cherry_pick_in_commit_message
24.10.6,ec8eeaa8fbd3122b9b9e68b7db02707884a19c9c,d8565a06dc01b55ed1018d571e655c122b9d2a33,kernel: bump 4.9 to 4.9.77,CVE-2017-17741,kernel,explicit_CVE_in_commit_message,unreviewed,ath79/generic,kernel,6.6.127~70248021204b78344d5fb62a0e7f5bea-r1,research-os/data/openwrt-v2-snapshots/releases/24.10.6/ath79_generic/openwrt-24.10.6-ath79-generic.manifest,explicit_backport_or_cherry_pick_in_commit_message
24.10.6,ec8eeaa8fbd3122b9b9e68b7db02707884a19c9c,d8565a06dc01b55ed1018d571e655c122b9d2a33,kernel: bump 4.9 to 4.9.77,CVE-2017-17741,kernel,explicit_CVE_in_commit_message,unreviewed,x86/64,kernel,6.6.127~50daf8372d971124fb3519e8d87e02ae-r1,research-os/data/openwrt-v2-snapshots/releases/24.10.6/x86_64/openwrt-24.10.6-x86-64.manifest,explicit_backport_or_cherry_pick_in_commit_message
24.10.6,ec8eeaa8fbd3122b9b9e68b7db02707884a19c9c,d8565a06dc01b55ed1018d571e655c122b9d2a33,kernel: bump 4.9 to 4.9.77,CVE-2017-5715,kernel,explicit_CVE_in_commit_message,unreviewed,ath79/generic,kernel,6.6.127~70248021204b78344d5fb62a0e7f5bea-r1,research-os/data/openwrt-v2-snapshots/releases/24.10.6/ath79_generic/openwrt-24.10.6-ath79-generic.manifest,explicit_backport_or_cherry_pick_in_commit_message
24.10.6,ec8eeaa8fbd3122b9b9e68b7db02707884a19c9c,d8565a06dc01b55ed1018d571e655c122b9d2a33,kernel: bump 4.9 to 4.9.77,CVE-2017-5715,kernel,explicit_CVE_in_commit_message,unreviewed,x86/64,kernel,6.6.127~50daf8372d971124fb3519e8d87e02ae-r1,research-os/data/openwrt-v2-snapshots/releases/24.10.6/x86_64/openwrt-24.10.6-x86-64.manifest,explicit_backport_or_cherry_pick_in_commit_message
24.10.6,ec8eeaa8fbd3122b9b9e68b7db02707884a19c9c,d8565a06dc01b55ed1018d571e655c122b9d2a33,kernel: bump 4.9 to 4.9.77,CVE-2017-5753,kernel,explicit_CVE_in_commit_message,unreviewed,ath79/generic,kernel,6.6.127~70248021204b78344d5fb62a0e7f5bea-r1,research-os/data/openwrt-v2-snapshots/releases/24.10.6/ath79_generic/openwrt-24.10.6-ath79-generic.manifest,explicit_backport_or_cherry_pick_in_commit_message
24.10.6,ec8eeaa8fbd3122b9b9e68b7db02707884a19c9c,d8565a06dc01b55ed1018d571e655c122b9d2a33,kernel: bump 4.9 to 4.9.77,CVE-2017-5753,kernel,explicit_CVE_in_commit_message,unreviewed,x86/64,kernel,6.6.127~50daf8372d971124fb3519e8d87e02ae-r1,research-os/data/openwrt-v2-snapshots/releases/24.10.6/x86_64/openwrt-24.10.6-x86-64.manifest,explicit_backport_or_cherry_pick_in_commit_message
24.10.6,ec8eeaa8fbd3122b9b9e68b7db02707884a19c9c,f621b539512e5b6c83dd2de1bc2dba06e40cd7ea,kernel: bump 4.9 to 4.9.82,CVE-2017-8824,kernel,explicit_CVE_in_commit_message,unreviewed,ath79/generic,kernel,6.6.127~70248021204b78344d5fb62a0e7f5bea-r1,research-os/data/openwrt-v2-snapshots/releases/24.10.6/ath79_generic/openwrt-24.10.6-ath79-generic.manifest,explicit_backport_or_cherry_pick_in_commit_message
24.10.6,ec8eeaa8fbd3122b9b9e68b7db02707884a19c9c,f621b539512e5b6c83dd2de1bc2dba06e40cd7ea,kernel: bump 4.9 to 4.9.82,CVE-2017-8824,kernel,explicit_CVE_in_commit_message,unreviewed,x86/64,kernel,6.6.127~50daf8372d971124fb3519e8d87e02ae-r1,research-os/data/openwrt-v2-snapshots/releases/24.10.6/x86_64/openwrt-24.10.6-x86-64.manifest,explicit_backport_or_cherry_pick_in_commit_message
24.10.6,ec8eeaa8fbd3122b9b9e68b7db02707884a19c9c,fefe1da440eede8dfaa23975c30ae2f6fcac744d,kernel: backport upstream fix for CVE-2018-5390,CVE-2018-5390,kernel,explicit_CVE_in_commit_message,unreviewed,ath79/generic,kernel,6.6.127~70248021204b78344d5fb62a0e7f5bea-r1,research-os/data/openwrt-v2-snapshots/releases/24.10.6/ath79_generic/openwrt-24.10.6-ath79-generic.manifest,explicit_backport_or_cherry_pick_in_commit_message
24.10.6,ec8eeaa8fbd3122b9b9e68b7db02707884a19c9c,fefe1da440eede8dfaa23975c30ae2f6fcac744d,kernel: backport upstream fix for CVE-2018-5390,CVE-2018-5390,kernel,explicit_CVE_in_commit_message,unreviewed,x86/64,kernel,6.6.127~50daf8372d971124fb3519e8d87e02ae-r1,research-os/data/openwrt-v2-snapshots/releases/24.10.6/x86_64/openwrt-24.10.6-x86-64.manifest,explicit_backport_or_cherry_pick_in_commit_message
24.10.7,b40dfac0a31695596f7c1f5f1519302ca8237f6e,002a99eccd75fb653163bae0a1132bd4f494e7ad,dnsmasq: Backport DHCPv6 server fix (CVE-2022-0934),CVE-2022-0934,dnsmasq,explicit_CVE_in_commit_message,unreviewed,ath79/generic,dnsmasq,2.90-r5,research-os/data/openwrt-v2-snapshots/releases/24.10.7/ath79_generic/openwrt-24.10.7-ath79-generic.manifest,explicit_backport_or_cherry_pick_in_commit_message
24.10.7,b40dfac0a31695596f7c1f5f1519302ca8237f6e,002a99eccd75fb653163bae0a1132bd4f494e7ad,dnsmasq: Backport DHCPv6 server fix (CVE-2022-0934),CVE-2022-0934,dnsmasq,explicit_CVE_in_commit_message,unreviewed,x86/64,dnsmasq,2.90-r5,research-os/data/openwrt-v2-snapshots/releases/24.10.7/x86_64/openwrt-24.10.7-x86-64.manifest,explicit_backport_or_cherry_pick_in_commit_message
24.10.7,b40dfac0a31695596f7c1f5f1519302ca8237f6e,0f52a05723988633882d6c52122009ce11f8956b,dropbear: backport security fixes,CVE-2019-6111,dropbear,explicit_CVE_in_commit_message,unreviewed,ath79/generic,dropbear,2024.86-r2,research-os/data/openwrt-v2-snapshots/releases/24.10.7/ath79_generic/openwrt-24.10.7-ath79-generic.manifest,explicit_backport_or_cherry_pick_in_commit_message
24.10.7,b40dfac0a31695596f7c1f5f1519302ca8237f6e,0f52a05723988633882d6c52122009ce11f8956b,dropbear: backport security fixes,CVE-2019-6111,dropbear,explicit_CVE_in_commit_message,unreviewed,x86/64,dropbear,2024.86-r2,research-os/data/openwrt-v2-snapshots/releases/24.10.7/x86_64/openwrt-24.10.7-x86-64.manifest,explicit_backport_or_cherry_pick_in_commit_message
24.10.7,b40dfac0a31695596f7c1f5f1519302ca8237f6e,0f52a05723988633882d6c52122009ce11f8956b,dropbear: backport security fixes,CVE-2025-14282,dropbear,explicit_CVE_in_commit_message,unreviewed,ath79/generic,dropbear,2024.86-r2,research-os/data/openwrt-v2-snapshots/releases/24.10.7/ath79_generic/openwrt-24.10.7-ath79-generic.manifest,explicit_backport_or_cherry_pick_in_commit_message
24.10.7,b40dfac0a31695596f7c1f5f1519302ca8237f6e,0f52a05723988633882d6c52122009ce11f8956b,dropbear: backport security fixes,CVE-2025-14282,dropbear,explicit_CVE_in_commit_message,unreviewed,x86/64,dropbear,2024.86-r2,research-os/data/openwrt-v2-snapshots/releases/24.10.7/x86_64/openwrt-24.10.7-x86-64.manifest,explicit_backport_or_cherry_pick_in_commit_message
24.10.7,b40dfac0a31695596f7c1f5f1519302ca8237f6e,13397b2b95b4800fb0a29c3d483fa280d10f0eb0,busybox: backport fix for CVE-2021-28831,CVE-2021-28831,busybox,explicit_CVE_in_commit_message,unreviewed,ath79/generic,busybox,1.36.1-r2,research-os/data/openwrt-v2-snapshots/releases/24.10.7/ath79_generic/openwrt-24.10.7-ath79-generic.manifest,explicit_backport_or_cherry_pick_in_commit_message
24.10.7,b40dfac0a31695596f7c1f5f1519302ca8237f6e,13397b2b95b4800fb0a29c3d483fa280d10f0eb0,busybox: backport fix for CVE-2021-28831,CVE-2021-28831,busybox,explicit_CVE_in_commit_message,unreviewed,x86/64,busybox,1.36.1-r2,research-os/data/openwrt-v2-snapshots/releases/24.10.7/x86_64/openwrt-24.10.7-x86-64.manifest,explicit_backport_or_cherry_pick_in_commit_message
24.10.7,b40dfac0a31695596f7c1f5f1519302ca8237f6e,2211ee0037764e1c6b1576fe7a0975722cd4acdc,dropbear: backport upstream fix for CVE-2018-15599,CVE-2018-15473,dropbear,explicit_CVE_in_commit_message,unreviewed,ath79/generic,dropbear,2024.86-r2,research-os/data/openwrt-v2-snapshots/releases/24.10.7/ath79_generic/openwrt-24.10.7-ath79-generic.manifest,explicit_backport_or_cherry_pick_in_commit_message
24.10.7,b40dfac0a31695596f7c1f5f1519302ca8237f6e,2211ee0037764e1c6b1576fe7a0975722cd4acdc,dropbear: backport upstream fix for CVE-2018-15599,CVE-2018-15473,dropbear,explicit_CVE_in_commit_message,unreviewed,x86/64,dropbear,2024.86-r2,research-os/data/openwrt-v2-snapshots/releases/24.10.7/x86_64/openwrt-24.10.7-x86-64.manifest,explicit_backport_or_cherry_pick_in_commit_message
24.10.7,b40dfac0a31695596f7c1f5f1519302ca8237f6e,2211ee0037764e1c6b1576fe7a0975722cd4acdc,dropbear: backport upstream fix for CVE-2018-15599,CVE-2018-15599,dropbear,explicit_CVE_in_commit_message,unreviewed,ath79/generic,dropbear,2024.86-r2,research-os/data/openwrt-v2-snapshots/releases/24.10.7/ath79_generic/openwrt-24.10.7-ath79-generic.manifest,explicit_backport_or_cherry_pick_in_commit_message
24.10.7,b40dfac0a31695596f7c1f5f1519302ca8237f6e,2211ee0037764e1c6b1576fe7a0975722cd4acdc,dropbear: backport upstream fix for CVE-2018-15599,CVE-2018-15599,dropbear,explicit_CVE_in_commit_message,unreviewed,x86/64,dropbear,2024.86-r2,research-os/data/openwrt-v2-snapshots/releases/24.10.7/x86_64/openwrt-24.10.7-x86-64.manifest,explicit_backport_or_cherry_pick_in_commit_message
24.10.7,b40dfac0a31695596f7c1f5f1519302ca8237f6e,22b9f99b87fa1ff991180cabf02dd04d1bddce2b,kernel: bump 4.14 to 4.14.59,CVE-2018-10876,kernel,explicit_CVE_in_commit_message,unreviewed,ath79/generic,kernel,6.6.141~70248021204b78344d5fb62a0e7f5bea-r1,research-os/data/openwrt-v2-snapshots/releases/24.10.7/ath79_generic/openwrt-24.10.7-ath79-generic.manifest,explicit_backport_or_cherry_pick_in_commit_message
24.10.7,b40dfac0a31695596f7c1f5f1519302ca8237f6e,22b9f99b87fa1ff991180cabf02dd04d1bddce2b,kernel: bump 4.14 to 4.14.59,CVE-2018-10876,kernel,explicit_CVE_in_commit_message,unreviewed,x86/64,kernel,6.6.141~50daf8372d971124fb3519e8d87e02ae-r1,research-os/data/openwrt-v2-snapshots/releases/24.10.7/x86_64/openwrt-24.10.7-x86-64.manifest,explicit_backport_or_cherry_pick_in_commit_message
24.10.7,b40dfac0a31695596f7c1f5f1519302ca8237f6e,22b9f99b87fa1ff991180cabf02dd04d1bddce2b,kernel: bump 4.14 to 4.14.59,CVE-2018-10877,kernel,explicit_CVE_in_commit_message,unreviewed,ath79/generic,kernel,6.6.141~70248021204b78344d5fb62a0e7f5bea-r1,research-os/data/openwrt-v2-snapshots/releases/24.10.7/ath79_generic/openwrt-24.10.7-ath79-generic.manifest,explicit_backport_or_cherry_pick_in_commit_message
24.10.7,b40dfac0a31695596f7c1f5f1519302ca8237f6e,22b9f99b87fa1ff991180cabf02dd04d1bddce2b,kernel: bump 4.14 to 4.14.59,CVE-2018-10877,kernel,explicit_CVE_in_commit_message,unreviewed,x86/64,kernel,6.6.141~50daf8372d971124fb3519e8d87e02ae-r1,research-os/data/openwrt-v2-snapshots/releases/24.10.7/x86_64/openwrt-24.10.7-x86-64.manifest,explicit_backport_or_cherry_pick_in_commit_message
24.10.7,b40dfac0a31695596f7c1f5f1519302ca8237f6e,22b9f99b87fa1ff991180cabf02dd04d1bddce2b,kernel: bump 4.14 to 4.14.59,CVE-2018-10879,kernel,explicit_CVE_in_commit_message,unreviewed,ath79/generic,kernel,6.6.141~70248021204b78344d5fb62a0e7f5bea-r1,research-os/data/openwrt-v2-snapshots/releases/24.10.7/ath79_generic/openwrt-24.10.7-ath79-generic.manifest,explicit_backport_or_cherry_pick_in_commit_message
24.10.7,b40dfac0a31695596f7c1f5f1519302ca8237f6e,22b9f99b87fa1ff991180cabf02dd04d1bddce2b,kernel: bump 4.14 to 4.14.59,CVE-2018-10879,kernel,explicit_CVE_in_commit_message,unreviewed,x86/64,kernel,6.6.141~50daf8372d971124fb3519e8d87e02ae-r1,research-os/data/openwrt-v2-snapshots/releases/24.10.7/x86_64/openwrt-24.10.7-x86-64.manifest,explicit_backport_or_cherry_pick_in_commit_message
24.10.7,b40dfac0a31695596f7c1f5f1519302ca8237f6e,22b9f99b87fa1ff991180cabf02dd04d1bddce2b,kernel: bump 4.14 to 4.14.59,CVE-2018-10880,kernel,explicit_CVE_in_commit_message,unreviewed,ath79/generic,kernel,6.6.141~70248021204b78344d5fb62a0e7f5bea-r1,research-os/data/openwrt-v2-snapshots/releases/24.10.7/ath79_generic/openwrt-24.10.7-ath79-generic.manifest,explicit_backport_or_cherry_pick_in_commit_message
24.10.7,b40dfac0a31695596f7c1f5f1519302ca8237f6e,22b9f99b87fa1ff991180cabf02dd04d1bddce2b,kernel: bump 4.14 to 4.14.59,CVE-2018-10880,kernel,explicit_CVE_in_commit_message,unreviewed,x86/64,kernel,6.6.141~50daf8372d971124fb3519e8d87e02ae-r1,research-os/data/openwrt-v2-snapshots/releases/24.10.7/x86_64/openwrt-24.10.7-x86-64.manifest,explicit_backport_or_cherry_pick_in_commit_message
24.10.7,b40dfac0a31695596f7c1f5f1519302ca8237f6e,22b9f99b87fa1ff991180cabf02dd04d1bddce2b,kernel: bump 4.14 to 4.14.59,CVE-2018-10881,kernel,explicit_CVE_in_commit_message,unreviewed,ath79/generic,kernel,6.6.141~70248021204b78344d5fb62a0e7f5bea-r1,research-os/data/openwrt-v2-snapshots/releases/24.10.7/ath79_generic/openwrt-24.10.7-ath79-generic.manifest,explicit_backport_or_cherry_pick_in_commit_message
24.10.7,b40dfac0a31695596f7c1f5f1519302ca8237f6e,22b9f99b87fa1ff991180cabf02dd04d1bddce2b,kernel: bump 4.14 to 4.14.59,CVE-2018-10881,kernel,explicit_CVE_in_commit_message,unreviewed,x86/64,kernel,6.6.141~50daf8372d971124fb3519e8d87e02ae-r1,research-os/data/openwrt-v2-snapshots/releases/24.10.7/x86_64/openwrt-24.10.7-x86-64.manifest,explicit_backport_or_cherry_pick_in_commit_message
24.10.7,b40dfac0a31695596f7c1f5f1519302ca8237f6e,22b9f99b87fa1ff991180cabf02dd04d1bddce2b,kernel: bump 4.14 to 4.14.59,CVE-2018-10882,kernel,explicit_CVE_in_commit_message,unreviewed,ath79/generic,kernel,6.6.141~70248021204b78344d5fb62a0e7f5bea-r1,research-os/data/openwrt-v2-snapshots/releases/24.10.7/ath79_generic/openwrt-24.10.7-ath79-generic.manifest,explicit_backport_or_cherry_pick_in_commit_message
24.10.7,b40dfac0a31695596f7c1f5f1519302ca8237f6e,22b9f99b87fa1ff991180cabf02dd04d1bddce2b,kernel: bump 4.14 to 4.14.59,CVE-2018-10882,kernel,explicit_CVE_in_commit_message,unreviewed,x86/64,kernel,6.6.141~50daf8372d971124fb3519e8d87e02ae-r1,research-os/data/openwrt-v2-snapshots/releases/24.10.7/x86_64/openwrt-24.10.7-x86-64.manifest,explicit_backport_or_cherry_pick_in_commit_message
24.10.7,b40dfac0a31695596f7c1f5f1519302ca8237f6e,22b9f99b87fa1ff991180cabf02dd04d1bddce2b,kernel: bump 4.14 to 4.14.59,CVE-2018-10883,kernel,explicit_CVE_in_commit_message,unreviewed,ath79/generic,kernel,6.6.141~70248021204b78344d5fb62a0e7f5bea-r1,research-os/data/openwrt-v2-snapshots/releases/24.10.7/ath79_generic/openwrt-24.10.7-ath79-generic.manifest,explicit_backport_or_cherry_pick_in_commit_message
24.10.7,b40dfac0a31695596f7c1f5f1519302ca8237f6e,22b9f99b87fa1ff991180cabf02dd04d1bddce2b,kernel: bump 4.14 to 4.14.59,CVE-2018-10883,kernel,explicit_CVE_in_commit_message,unreviewed,x86/64,kernel,6.6.141~50daf8372d971124fb3519e8d87e02ae-r1,research-os/data/openwrt-v2-snapshots/releases/24.10.7/x86_64/openwrt-24.10.7-x86-64.manifest,explicit_backport_or_cherry_pick_in_commit_message
24.10.7,b40dfac0a31695596f7c1f5f1519302ca8237f6e,35890514bb191de3ab96dcd684714850a9142efc,ppp: backport security fixes,CVE-2020-8597,ppp,explicit_CVE_in_commit_message,unreviewed,ath79/generic,ppp,2.5.1-r1,research-os/data/openwrt-v2-snapshots/releases/24.10.7/ath79_generic/openwrt-24.10.7-ath79-generic.manifest,explicit_backport_or_cherry_pick_in_commit_message
24.10.7,b40dfac0a31695596f7c1f5f1519302ca8237f6e,35890514bb191de3ab96dcd684714850a9142efc,ppp: backport security fixes,CVE-2020-8597,ppp,explicit_CVE_in_commit_message,unreviewed,x86/64,ppp,2.5.1-r1,research-os/data/openwrt-v2-snapshots/releases/24.10.7/x86_64/openwrt-24.10.7-x86-64.manifest,explicit_backport_or_cherry_pick_in_commit_message
24.10.7,b40dfac0a31695596f7c1f5f1519302ca8237f6e,3c2c31bb66e5b247ffbb3cafac2a21d441daef39,kernel: backport upstream challenge ACK fix (CVE-2016-5696),CVE-2016-5696,kernel,explicit_CVE_in_commit_message,unreviewed,ath79/generic,kernel,6.6.141~70248021204b78344d5fb62a0e7f5bea-r1,research-os/data/openwrt-v2-snapshots/releases/24.10.7/ath79_generic/openwrt-24.10.7-ath79-generic.manifest,explicit_backport_or_cherry_pick_in_commit_message
24.10.7,b40dfac0a31695596f7c1f5f1519302ca8237f6e,3c2c31bb66e5b247ffbb3cafac2a21d441daef39,kernel: backport upstream challenge ACK fix (CVE-2016-5696),CVE-2016-5696,kernel,explicit_CVE_in_commit_message,unreviewed,x86/64,kernel,6.6.141~50daf8372d971124fb3519e8d87e02ae-r1,research-os/data/openwrt-v2-snapshots/releases/24.10.7/x86_64/openwrt-24.10.7-x86-64.manifest,explicit_backport_or_cherry_pick_in_commit_message
24.10.7,b40dfac0a31695596f7c1f5f1519302ca8237f6e,6713fe030fca32fc3d5ad9761f3b2f96501aedd6,busybox: update to 1.33.1,CVE-2021-28831,busybox,explicit_CVE_in_commit_message,unreviewed,ath79/generic,busybox,1.36.1-r2,research-os/data/openwrt-v2-snapshots/releases/24.10.7/ath79_generic/openwrt-24.10.7-ath79-generic.manifest,explicit_backport_or_cherry_pick_in_commit_message
24.10.7,b40dfac0a31695596f7c1f5f1519302ca8237f6e,6713fe030fca32fc3d5ad9761f3b2f96501aedd6,busybox: update to 1.33.1,CVE-2021-28831,busybox,explicit_CVE_in_commit_message,unreviewed,x86/64,busybox,1.36.1-r2,research-os/data/openwrt-v2-snapshots/releases/24.10.7/x86_64/openwrt-24.10.7-x86-64.manifest,explicit_backport_or_cherry_pick_in_commit_message
24.10.7,b40dfac0a31695596f7c1f5f1519302ca8237f6e,7c0a2bc93077f52c033e406864b34af3a4fab245,busybox: backport cve-2017-16544 fix,CVE-2017-16544,busybox,explicit_CVE_in_commit_message,unreviewed,ath79/generic,busybox,1.36.1-r2,research-os/data/openwrt-v2-snapshots/releases/24.10.7/ath79_generic/openwrt-24.10.7-ath79-generic.manifest,explicit_backport_or_cherry_pick_in_commit_message
24.10.7,b40dfac0a31695596f7c1f5f1519302ca8237f6e,7c0a2bc93077f52c033e406864b34af3a4fab245,busybox: backport cve-2017-16544 fix,CVE-2017-16544,busybox,explicit_CVE_in_commit_message,unreviewed,x86/64,busybox,1.36.1-r2,research-os/data/openwrt-v2-snapshots/releases/24.10.7/x86_64/openwrt-24.10.7-x86-64.manifest,explicit_backport_or_cherry_pick_in_commit_message
24.10.7,b40dfac0a31695596f7c1f5f1519302ca8237f6e,7c0a2bc93077f52c033e406864b34af3a4fab245,busybox: backport cve-2017-16544 fix,CVE-2017-16544,busybox,explicit_CVE_in_commit_message,unreviewed,ath79/generic,busybox,1.36.1-r2,research-os/data/openwrt-v2-snapshots/releases/24.10.7/ath79_generic/openwrt-24.10.7-ath79-generic.manifest,explicit_backport_or_cherry_pick_in_commit_message
24.10.7,b40dfac0a31695596f7c1f5f1519302ca8237f6e,7c0a2bc93077f52c033e406864b34af3a4fab245,busybox: backport cve-2017-16544 fix,CVE-2017-16544,busybox,explicit_CVE_in_commit_message,unreviewed,x86/64,busybox,1.36.1-r2,research-os/data/openwrt-v2-snapshots/releases/24.10.7/x86_64/openwrt-24.10.7-x86-64.manifest,explicit_backport_or_cherry_pick_in_commit_message
24.10.7,b40dfac0a31695596f7c1f5f1519302ca8237f6e,88ba41453dbc65e1d5d596073d66bdf2e59a43a1,kernel: bump 4.14 to 4.14.20,CVE-2017-8824,kernel,explicit_CVE_in_commit_message,unreviewed,ath79/generic,kernel,6.6.141~70248021204b78344d5fb62a0e7f5bea-r1,research-os/data/openwrt-v2-snapshots/releases/24.10.7/ath79_generic/openwrt-24.10.7-ath79-generic.manifest,explicit_backport_or_cherry_pick_in_commit_message
24.10.7,b40dfac0a31695596f7c1f5f1519302ca8237f6e,88ba41453dbc65e1d5d596073d66bdf2e59a43a1,kernel: bump 4.14 to 4.14.20,CVE-2017-8824,kernel,explicit_CVE_in_commit_message,unreviewed,x86/64,kernel,6.6.141~50daf8372d971124fb3519e8d87e02ae-r1,research-os/data/openwrt-v2-snapshots/releases/24.10.7/x86_64/openwrt-24.10.7-x86-64.manifest,explicit_backport_or_cherry_pick_in_commit_message
24.10.7,b40dfac0a31695596f7c1f5f1519302ca8237f6e,9a753c49ea7053f3592f9ec1ce9d97882edb332d,dnsmasq: backport official fix for CVE-2017-13704,CVE-2017-13704,dnsmasq,explicit_CVE_in_commit_message,unreviewed,ath79/generic,dnsmasq,2.90-r5,research-os/data/openwrt-v2-snapshots/releases/24.10.7/ath79_generic/openwrt-24.10.7-ath79-generic.manifest,explicit_backport_or_cherry_pick_in_commit_message
24.10.7,b40dfac0a31695596f7c1f5f1519302ca8237f6e,9a753c49ea7053f3592f9ec1ce9d97882edb332d,dnsmasq: backport official fix for CVE-2017-13704,CVE-2017-13704,dnsmasq,explicit_CVE_in_commit_message,unreviewed,x86/64,dnsmasq,2.90-r5,research-os/data/openwrt-v2-snapshots/releases/24.10.7/x86_64/openwrt-24.10.7-x86-64.manifest,explicit_backport_or_cherry_pick_in_commit_message
24.10.7,b40dfac0a31695596f7c1f5f1519302ca8237f6e,a3198061f80a7f3933810cd99206b085e4cf49f9,dnsmasq: backport dnssec security fix,CVE-2017-15107,dnsmasq,explicit_CVE_in_commit_message,unreviewed,ath79/generic,dnsmasq,2.90-r5,research-os/data/openwrt-v2-snapshots/releases/24.10.7/ath79_generic/openwrt-24.10.7-ath79-generic.manifest,explicit_backport_or_cherry_pick_in_commit_message
24.10.7,b40dfac0a31695596f7c1f5f1519302ca8237f6e,a3198061f80a7f3933810cd99206b085e4cf49f9,dnsmasq: backport dnssec security fix,CVE-2017-15107,dnsmasq,explicit_CVE_in_commit_message,unreviewed,x86/64,dnsmasq,2.90-r5,research-os/data/openwrt-v2-snapshots/releases/24.10.7/x86_64/openwrt-24.10.7-x86-64.manifest,explicit_backport_or_cherry_pick_in_commit_message
24.10.7,b40dfac0a31695596f7c1f5f1519302ca8237f6e,adaf1cbcc8b253ea807dbe0416b4b04c33dceadf,dnsmasq: backport validation fix in dnssec security fix,CVE-2017-15107,dnsmasq,explicit_CVE_in_commit_message,unreviewed,ath79/generic,dnsmasq,2.90-r5,research-os/data/openwrt-v2-snapshots/releases/24.10.7/ath79_generic/openwrt-24.10.7-ath79-generic.manifest,explicit_backport_or_cherry_pick_in_commit_message
24.10.7,b40dfac0a31695596f7c1f5f1519302ca8237f6e,adaf1cbcc8b253ea807dbe0416b4b04c33dceadf,dnsmasq: backport validation fix in dnssec security fix,CVE-2017-15107,dnsmasq,explicit_CVE_in_commit_message,unreviewed,x86/64,dnsmasq,2.90-r5,research-os/data/openwrt-v2-snapshots/releases/24.10.7/x86_64/openwrt-24.10.7-x86-64.manifest,explicit_backport_or_cherry_pick_in_commit_message
24.10.7,b40dfac0a31695596f7c1f5f1519302ca8237f6e,b547ab3143e5f9116c19698292d1bd9e08feda3e,kernel: bump kernel 4.9 to version 4.9.120,CVE-2018-3620,kernel,explicit_CVE_in_commit_message,unreviewed,ath79/generic,kernel,6.6.141~70248021204b78344d5fb62a0e7f5bea-r1,research-os/data/openwrt-v2-snapshots/releases/24.10.7/ath79_generic/openwrt-24.10.7-ath79-generic.manifest,explicit_backport_or_cherry_pick_in_commit_message
24.10.7,b40dfac0a31695596f7c1f5f1519302ca8237f6e,b547ab3143e5f9116c19698292d1bd9e08feda3e,kernel: bump kernel 4.9 to version 4.9.120,CVE-2018-3620,kernel,explicit_CVE_in_commit_message,unreviewed,x86/64,kernel,6.6.141~50daf8372d971124fb3519e8d87e02ae-r1,research-os/data/openwrt-v2-snapshots/releases/24.10.7/x86_64/openwrt-24.10.7-x86-64.manifest,explicit_backport_or_cherry_pick_in_commit_message
24.10.7,b40dfac0a31695596f7c1f5f1519302ca8237f6e,b547ab3143e5f9116c19698292d1bd9e08feda3e,kernel: bump kernel 4.9 to version 4.9.120,CVE-2018-3646,kernel,explicit_CVE_in_commit_message,unreviewed,ath79/generic,kernel,6.6.141~70248021204b78344d5fb62a0e7f5bea-r1,research-os/data/openwrt-v2-snapshots/releases/24.10.7/ath79_generic/openwrt-24.10.7-ath79-generic.manifest,explicit_backport_or_cherry_pick_in_commit_message
24.10.7,b40dfac0a31695596f7c1f5f1519302ca8237f6e,b547ab3143e5f9116c19698292d1bd9e08feda3e,kernel: bump kernel 4.9 to version 4.9.120,CVE-2018-3646,kernel,explicit_CVE_in_commit_message,unreviewed,x86/64,kernel,6.6.141~50daf8372d971124fb3519e8d87e02ae-r1,research-os/data/openwrt-v2-snapshots/releases/24.10.7/x86_64/openwrt-24.10.7-x86-64.manifest,explicit_backport_or_cherry_pick_in_commit_message
24.10.7,b40dfac0a31695596f7c1f5f1519302ca8237f6e,b5cde260487eae86db1661a53e5e5e0823936aab,dropbear: cherry-pick upstream patches,CVE-2023-36328,dropbear,explicit_CVE_in_commit_message,unreviewed,ath79/generic,dropbear,2024.86-r2,research-os/data/openwrt-v2-snapshots/releases/24.10.7/ath79_generic/openwrt-24.10.7-ath79-generic.manifest,explicit_backport_or_cherry_pick_in_commit_message
24.10.7,b40dfac0a31695596f7c1f5f1519302ca8237f6e,b5cde260487eae86db1661a53e5e5e0823936aab,dropbear: cherry-pick upstream patches,CVE-2023-36328,dropbear,explicit_CVE_in_commit_message,unreviewed,x86/64,dropbear,2024.86-r2,research-os/data/openwrt-v2-snapshots/releases/24.10.7/x86_64/openwrt-24.10.7-x86-64.manifest,explicit_backport_or_cherry_pick_in_commit_message
24.10.7,b40dfac0a31695596f7c1f5f1519302ca8237f6e,b5cde260487eae86db1661a53e5e5e0823936aab,dropbear: cherry-pick upstream patches,CVE-2023-48795,dropbear,explicit_CVE_in_commit_message,unreviewed,ath79/generic,dropbear,2024.86-r2,research-os/data/openwrt-v2-snapshots/releases/24.10.7/ath79_generic/openwrt-24.10.7-ath79-generic.manifest,explicit_backport_or_cherry_pick_in_commit_message
24.10.7,b40dfac0a31695596f7c1f5f1519302ca8237f6e,b5cde260487eae86db1661a53e5e5e0823936aab,dropbear: cherry-pick upstream patches,CVE-2023-48795,dropbear,explicit_CVE_in_commit_message,unreviewed,x86/64,dropbear,2024.86-r2,research-os/data/openwrt-v2-snapshots/releases/24.10.7/x86_64/openwrt-24.10.7-x86-64.manifest,explicit_backport_or_cherry_pick_in_commit_message
24.10.7,b40dfac0a31695596f7c1f5f1519302ca8237f6e,d8565a06dc01b55ed1018d571e655c122b9d2a33,kernel: bump 4.9 to 4.9.77,CVE-2017-1000410,kernel,explicit_CVE_in_commit_message,unreviewed,ath79/generic,kernel,6.6.141~70248021204b78344d5fb62a0e7f5bea-r1,research-os/data/openwrt-v2-snapshots/releases/24.10.7/ath79_generic/openwrt-24.10.7-ath79-generic.manifest,explicit_backport_or_cherry_pick_in_commit_message
24.10.7,b40dfac0a31695596f7c1f5f1519302ca8237f6e,d8565a06dc01b55ed1018d571e655c122b9d2a33,kernel: bump 4.9 to 4.9.77,CVE-2017-1000410,kernel,explicit_CVE_in_commit_message,unreviewed,x86/64,kernel,6.6.141~50daf8372d971124fb3519e8d87e02ae-r1,research-os/data/openwrt-v2-snapshots/releases/24.10.7/x86_64/openwrt-24.10.7-x86-64.manifest,explicit_backport_or_cherry_pick_in_commit_message
24.10.7,b40dfac0a31695596f7c1f5f1519302ca8237f6e,d8565a06dc01b55ed1018d571e655c122b9d2a33,kernel: bump 4.9 to 4.9.77,CVE-2017-17741,kernel,explicit_CVE_in_commit_message,unreviewed,ath79/generic,kernel,6.6.141~70248021204b78344d5fb62a0e7f5bea-r1,research-os/data/openwrt-v2-snapshots/releases/24.10.7/ath79_generic/openwrt-24.10.7-ath79-generic.manifest,explicit_backport_or_cherry_pick_in_commit_message
24.10.7,b40dfac0a31695596f7c1f5f1519302ca8237f6e,d8565a06dc01b55ed1018d571e655c122b9d2a33,kernel: bump 4.9 to 4.9.77,CVE-2017-17741,kernel,explicit_CVE_in_commit_message,unreviewed,x86/64,kernel,6.6.141~50daf8372d971124fb3519e8d87e02ae-r1,research-os/data/openwrt-v2-snapshots/releases/24.10.7/x86_64/openwrt-24.10.7-x86-64.manifest,explicit_backport_or_cherry_pick_in_commit_message
24.10.7,b40dfac0a31695596f7c1f5f1519302ca8237f6e,d8565a06dc01b55ed1018d571e655c122b9d2a33,kernel: bump 4.9 to 4.9.77,CVE-2017-5715,kernel,explicit_CVE_in_commit_message,unreviewed,ath79/generic,kernel,6.6.141~70248021204b78344d5fb62a0e7f5bea-r1,research-os/data/openwrt-v2-snapshots/releases/24.10.7/ath79_generic/openwrt-24.10.7-ath79-generic.manifest,explicit_backport_or_cherry_pick_in_commit_message
24.10.7,b40dfac0a31695596f7c1f5f1519302ca8237f6e,d8565a06dc01b55ed1018d571e655c122b9d2a33,kernel: bump 4.9 to 4.9.77,CVE-2017-5715,kernel,explicit_CVE_in_commit_message,unreviewed,x86/64,kernel,6.6.141~50daf8372d971124fb3519e8d87e02ae-r1,research-os/data/openwrt-v2-snapshots/releases/24.10.7/x86_64/openwrt-24.10.7-x86-64.manifest,explicit_backport_or_cherry_pick_in_commit_message
24.10.7,b40dfac0a31695596f7c1f5f1519302ca8237f6e,d8565a06dc01b55ed1018d571e655c122b9d2a33,kernel: bump 4.9 to 4.9.77,CVE-2017-5753,kernel,explicit_CVE_in_commit_message,unreviewed,ath79/generic,kernel,6.6.141~70248021204b78344d5fb62a0e7f5bea-r1,research-os/data/openwrt-v2-snapshots/releases/24.10.7/ath79_generic/openwrt-24.10.7-ath79-generic.manifest,explicit_backport_or_cherry_pick_in_commit_message
24.10.7,b40dfac0a31695596f7c1f5f1519302ca8237f6e,d8565a06dc01b55ed1018d571e655c122b9d2a33,kernel: bump 4.9 to 4.9.77,CVE-2017-5753,kernel,explicit_CVE_in_commit_message,unreviewed,x86/64,kernel,6.6.141~50daf8372d971124fb3519e8d87e02ae-r1,research-os/data/openwrt-v2-snapshots/releases/24.10.7/x86_64/openwrt-24.10.7-x86-64.manifest,explicit_backport_or_cherry_pick_in_commit_message
24.10.7,b40dfac0a31695596f7c1f5f1519302ca8237f6e,f621b539512e5b6c83dd2de1bc2dba06e40cd7ea,kernel: bump 4.9 to 4.9.82,CVE-2017-8824,kernel,explicit_CVE_in_commit_message,unreviewed,ath79/generic,kernel,6.6.141~70248021204b78344d5fb62a0e7f5bea-r1,research-os/data/openwrt-v2-snapshots/releases/24.10.7/ath79_generic/openwrt-24.10.7-ath79-generic.manifest,explicit_backport_or_cherry_pick_in_commit_message
24.10.7,b40dfac0a31695596f7c1f5f1519302ca8237f6e,f621b539512e5b6c83dd2de1bc2dba06e40cd7ea,kernel: bump 4.9 to 4.9.82,CVE-2017-8824,kernel,explicit_CVE_in_commit_message,unreviewed,x86/64,kernel,6.6.141~50daf8372d971124fb3519e8d87e02ae-r1,research-os/data/openwrt-v2-snapshots/releases/24.10.7/x86_64/openwrt-24.10.7-x86-64.manifest,explicit_backport_or_cherry_pick_in_commit_message
24.10.7,b40dfac0a31695596f7c1f5f1519302ca8237f6e,fefe1da440eede8dfaa23975c30ae2f6fcac744d,kernel: backport upstream fix for CVE-2018-5390,CVE-2018-5390,kernel,explicit_CVE_in_commit_message,unreviewed,ath79/generic,kernel,6.6.141~70248021204b78344d5fb62a0e7f5bea-r1,research-os/data/openwrt-v2-snapshots/releases/24.10.7/ath79_generic/openwrt-24.10.7-ath79-generic.manifest,explicit_backport_or_cherry_pick_in_commit_message
24.10.7,b40dfac0a31695596f7c1f5f1519302ca8237f6e,fefe1da440eede8dfaa23975c30ae2f6fcac744d,kernel: backport upstream fix for CVE-2018-5390,CVE-2018-5390,kernel,explicit_CVE_in_commit_message,unreviewed,x86/64,kernel,6.6.141~50daf8372d971124fb3519e8d87e02ae-r1,research-os/data/openwrt-v2-snapshots/releases/24.10.7/x86_64/openwrt-24.10.7-x86-64.manifest,explicit_backport_or_cherry_pick_in_commit_message
24.10.8,0b795ce79e23b553aa184080c390f9ce92a2b6d4,002a99eccd75fb653163bae0a1132bd4f494e7ad,dnsmasq: Backport DHCPv6 server fix (CVE-2022-0934),CVE-2022-0934,dnsmasq,explicit_CVE_in_commit_message,unreviewed,ath79/generic,dnsmasq,2.93-r1,research-os/data/openwrt-v2-snapshots/releases/24.10.8/ath79_generic/openwrt-24.10.8-ath79-generic.manifest,explicit_backport_or_cherry_pick_in_commit_message
24.10.8,0b795ce79e23b553aa184080c390f9ce92a2b6d4,002a99eccd75fb653163bae0a1132bd4f494e7ad,dnsmasq: Backport DHCPv6 server fix (CVE-2022-0934),CVE-2022-0934,dnsmasq,explicit_CVE_in_commit_message,unreviewed,x86/64,dnsmasq,2.93-r1,research-os/data/openwrt-v2-snapshots/releases/24.10.8/x86_64/openwrt-24.10.8-x86-64.manifest,explicit_backport_or_cherry_pick_in_commit_message
24.10.8,0b795ce79e23b553aa184080c390f9ce92a2b6d4,0f52a05723988633882d6c52122009ce11f8956b,dropbear: backport security fixes,CVE-2019-6111,dropbear,explicit_CVE_in_commit_message,unreviewed,ath79/generic,dropbear,2024.86-r3,research-os/data/openwrt-v2-snapshots/releases/24.10.8/ath79_generic/openwrt-24.10.8-ath79-generic.manifest,explicit_backport_or_cherry_pick_in_commit_message
24.10.8,0b795ce79e23b553aa184080c390f9ce92a2b6d4,0f52a05723988633882d6c52122009ce11f8956b,dropbear: backport security fixes,CVE-2019-6111,dropbear,explicit_CVE_in_commit_message,unreviewed,x86/64,dropbear,2024.86-r3,research-os/data/openwrt-v2-snapshots/releases/24.10.8/x86_64/openwrt-24.10.8-x86-64.manifest,explicit_backport_or_cherry_pick_in_commit_message
24.10.8,0b795ce79e23b553aa184080c390f9ce92a2b6d4,0f52a05723988633882d6c52122009ce11f8956b,dropbear: backport security fixes,CVE-2025-14282,dropbear,explicit_CVE_in_commit_message,unreviewed,ath79/generic,dropbear,2024.86-r3,research-os/data/openwrt-v2-snapshots/releases/24.10.8/ath79_generic/openwrt-24.10.8-ath79-generic.manifest,explicit_backport_or_cherry_pick_in_commit_message
24.10.8,0b795ce79e23b553aa184080c390f9ce92a2b6d4,0f52a05723988633882d6c52122009ce11f8956b,dropbear: backport security fixes,CVE-2025-14282,dropbear,explicit_CVE_in_commit_message,unreviewed,x86/64,dropbear,2024.86-r3,research-os/data/openwrt-v2-snapshots/releases/24.10.8/x86_64/openwrt-24.10.8-x86-64.manifest,explicit_backport_or_cherry_pick_in_commit_message
24.10.8,0b795ce79e23b553aa184080c390f9ce92a2b6d4,13397b2b95b4800fb0a29c3d483fa280d10f0eb0,busybox: backport fix for CVE-2021-28831,CVE-2021-28831,busybox,explicit_CVE_in_commit_message,unreviewed,ath79/generic,busybox,1.36.1-r3,research-os/data/openwrt-v2-snapshots/releases/24.10.8/ath79_generic/openwrt-24.10.8-ath79-generic.manifest,explicit_backport_or_cherry_pick_in_commit_message
24.10.8,0b795ce79e23b553aa184080c390f9ce92a2b6d4,13397b2b95b4800fb0a29c3d483fa280d10f0eb0,busybox: backport fix for CVE-2021-28831,CVE-2021-28831,busybox,explicit_CVE_in_commit_message,unreviewed,x86/64,busybox,1.36.1-r3,research-os/data/openwrt-v2-snapshots/releases/24.10.8/x86_64/openwrt-24.10.8-x86-64.manifest,explicit_backport_or_cherry_pick_in_commit_message
24.10.8,0b795ce79e23b553aa184080c390f9ce92a2b6d4,2211ee0037764e1c6b1576fe7a0975722cd4acdc,dropbear: backport upstream fix for CVE-2018-15599,CVE-2018-15473,dropbear,explicit_CVE_in_commit_message,unreviewed,ath79/generic,dropbear,2024.86-r3,research-os/data/openwrt-v2-snapshots/releases/24.10.8/ath79_generic/openwrt-24.10.8-ath79-generic.manifest,explicit_backport_or_cherry_pick_in_commit_message
24.10.8,0b795ce79e23b553aa184080c390f9ce92a2b6d4,2211ee0037764e1c6b1576fe7a0975722cd4acdc,dropbear: backport upstream fix for CVE-2018-15599,CVE-2018-15473,dropbear,explicit_CVE_in_commit_message,unreviewed,x86/64,dropbear,2024.86-r3,research-os/data/openwrt-v2-snapshots/releases/24.10.8/x86_64/openwrt-24.10.8-x86-64.manifest,explicit_backport_or_cherry_pick_in_commit_message
24.10.8,0b795ce79e23b553aa184080c390f9ce92a2b6d4,2211ee0037764e1c6b1576fe7a0975722cd4acdc,dropbear: backport upstream fix for CVE-2018-15599,CVE-2018-15599,dropbear,explicit_CVE_in_commit_message,unreviewed,ath79/generic,dropbear,2024.86-r3,research-os/data/openwrt-v2-snapshots/releases/24.10.8/ath79_generic/openwrt-24.10.8-ath79-generic.manifest,explicit_backport_or_cherry_pick_in_commit_message
24.10.8,0b795ce79e23b553aa184080c390f9ce92a2b6d4,2211ee0037764e1c6b1576fe7a0975722cd4acdc,dropbear: backport upstream fix for CVE-2018-15599,CVE-2018-15599,dropbear,explicit_CVE_in_commit_message,unreviewed,x86/64,dropbear,2024.86-r3,research-os/data/openwrt-v2-snapshots/releases/24.10.8/x86_64/openwrt-24.10.8-x86-64.manifest,explicit_backport_or_cherry_pick_in_commit_message
24.10.8,0b795ce79e23b553aa184080c390f9ce92a2b6d4,22b9f99b87fa1ff991180cabf02dd04d1bddce2b,kernel: bump 4.14 to 4.14.59,CVE-2018-10876,kernel,explicit_CVE_in_commit_message,unreviewed,ath79/generic,kernel,6.6.144~70248021204b78344d5fb62a0e7f5bea-r1,research-os/data/openwrt-v2-snapshots/releases/24.10.8/ath79_generic/openwrt-24.10.8-ath79-generic.manifest,explicit_backport_or_cherry_pick_in_commit_message
24.10.8,0b795ce79e23b553aa184080c390f9ce92a2b6d4,22b9f99b87fa1ff991180cabf02dd04d1bddce2b,kernel: bump 4.14 to 4.14.59,CVE-2018-10876,kernel,explicit_CVE_in_commit_message,unreviewed,x86/64,kernel,6.6.144~50daf8372d971124fb3519e8d87e02ae-r1,research-os/data/openwrt-v2-snapshots/releases/24.10.8/x86_64/openwrt-24.10.8-x86-64.manifest,explicit_backport_or_cherry_pick_in_commit_message
24.10.8,0b795ce79e23b553aa184080c390f9ce92a2b6d4,22b9f99b87fa1ff991180cabf02dd04d1bddce2b,kernel: bump 4.14 to 4.14.59,CVE-2018-10877,kernel,explicit_CVE_in_commit_message,unreviewed,ath79/generic,kernel,6.6.144~70248021204b78344d5fb62a0e7f5bea-r1,research-os/data/openwrt-v2-snapshots/releases/24.10.8/ath79_generic/openwrt-24.10.8-ath79-generic.manifest,explicit_backport_or_cherry_pick_in_commit_message
24.10.8,0b795ce79e23b553aa184080c390f9ce92a2b6d4,22b9f99b87fa1ff991180cabf02dd04d1bddce2b,kernel: bump 4.14 to 4.14.59,CVE-2018-10877,kernel,explicit_CVE_in_commit_message,unreviewed,x86/64,kernel,6.6.144~50daf8372d971124fb3519e8d87e02ae-r1,research-os/data/openwrt-v2-snapshots/releases/24.10.8/x86_64/openwrt-24.10.8-x86-64.manifest,explicit_backport_or_cherry_pick_in_commit_message
24.10.8,0b795ce79e23b553aa184080c390f9ce92a2b6d4,22b9f99b87fa1ff991180cabf02dd04d1bddce2b,kernel: bump 4.14 to 4.14.59,CVE-2018-10879,kernel,explicit_CVE_in_commit_message,unreviewed,ath79/generic,kernel,6.6.144~70248021204b78344d5fb62a0e7f5bea-r1,research-os/data/openwrt-v2-snapshots/releases/24.10.8/ath79_generic/openwrt-24.10.8-ath79-generic.manifest,explicit_backport_or_cherry_pick_in_commit_message
24.10.8,0b795ce79e23b553aa184080c390f9ce92a2b6d4,22b9f99b87fa1ff991180cabf02dd04d1bddce2b,kernel: bump 4.14 to 4.14.59,CVE-2018-10879,kernel,explicit_CVE_in_commit_message,unreviewed,x86/64,kernel,6.6.144~50daf8372d971124fb3519e8d87e02ae-r1,research-os/data/openwrt-v2-snapshots/releases/24.10.8/x86_64/openwrt-24.10.8-x86-64.manifest,explicit_backport_or_cherry_pick_in_commit_message
24.10.8,0b795ce79e23b553aa184080c390f9ce92a2b6d4,22b9f99b87fa1ff991180cabf02dd04d1bddce2b,kernel: bump 4.14 to 4.14.59,CVE-2018-10880,kernel,explicit_CVE_in_commit_message,unreviewed,ath79/generic,kernel,6.6.144~70248021204b78344d5fb62a0e7f5bea-r1,research-os/data/openwrt-v2-snapshots/releases/24.10.8/ath79_generic/openwrt-24.10.8-ath79-generic.manifest,explicit_backport_or_cherry_pick_in_commit_message
24.10.8,0b795ce79e23b553aa184080c390f9ce92a2b6d4,22b9f99b87fa1ff991180cabf02dd04d1bddce2b,kernel: bump 4.14 to 4.14.59,CVE-2018-10880,kernel,explicit_CVE_in_commit_message,unreviewed,x86/64,kernel,6.6.144~50daf8372d971124fb3519e8d87e02ae-r1,research-os/data/openwrt-v2-snapshots/releases/24.10.8/x86_64/openwrt-24.10.8-x86-64.manifest,explicit_backport_or_cherry_pick_in_commit_message
24.10.8,0b795ce79e23b553aa184080c390f9ce92a2b6d4,22b9f99b87fa1ff991180cabf02dd04d1bddce2b,kernel: bump 4.14 to 4.14.59,CVE-2018-10881,kernel,explicit_CVE_in_commit_message,unreviewed,ath79/generic,kernel,6.6.144~70248021204b78344d5fb62a0e7f5bea-r1,research-os/data/openwrt-v2-snapshots/releases/24.10.8/ath79_generic/openwrt-24.10.8-ath79-generic.manifest,explicit_backport_or_cherry_pick_in_commit_message
24.10.8,0b795ce79e23b553aa184080c390f9ce92a2b6d4,22b9f99b87fa1ff991180cabf02dd04d1bddce2b,kernel: bump 4.14 to 4.14.59,CVE-2018-10881,kernel,explicit_CVE_in_commit_message,unreviewed,x86/64,kernel,6.6.144~50daf8372d971124fb3519e8d87e02ae-r1,research-os/data/openwrt-v2-snapshots/releases/24.10.8/x86_64/openwrt-24.10.8-x86-64.manifest,explicit_backport_or_cherry_pick_in_commit_message
24.10.8,0b795ce79e23b553aa184080c390f9ce92a2b6d4,22b9f99b87fa1ff991180cabf02dd04d1bddce2b,kernel: bump 4.14 to 4.14.59,CVE-2018-10882,kernel,explicit_CVE_in_commit_message,unreviewed,ath79/generic,kernel,6.6.144~70248021204b78344d5fb62a0e7f5bea-r1,research-os/data/openwrt-v2-snapshots/releases/24.10.8/ath79_generic/openwrt-24.10.8-ath79-generic.manifest,explicit_backport_or_cherry_pick_in_commit_message
24.10.8,0b795ce79e23b553aa184080c390f9ce92a2b6d4,22b9f99b87fa1ff991180cabf02dd04d1bddce2b,kernel: bump 4.14 to 4.14.59,CVE-2018-10882,kernel,explicit_CVE_in_commit_message,unreviewed,x86/64,kernel,6.6.144~50daf8372d971124fb3519e8d87e02ae-r1,research-os/data/openwrt-v2-snapshots/releases/24.10.8/x86_64/openwrt-24.10.8-x86-64.manifest,explicit_backport_or_cherry_pick_in_commit_message
24.10.8,0b795ce79e23b553aa184080c390f9ce92a2b6d4,22b9f99b87fa1ff991180cabf02dd04d1bddce2b,kernel: bump 4.14 to 4.14.59,CVE-2018-10883,kernel,explicit_CVE_in_commit_message,unreviewed,ath79/generic,kernel,6.6.144~70248021204b78344d5fb62a0e7f5bea-r1,research-os/data/openwrt-v2-snapshots/releases/24.10.8/ath79_generic/openwrt-24.10.8-ath79-generic.manifest,explicit_backport_or_cherry_pick_in_commit_message
24.10.8,0b795ce79e23b553aa184080c390f9ce92a2b6d4,22b9f99b87fa1ff991180cabf02dd04d1bddce2b,kernel: bump 4.14 to 4.14.59,CVE-2018-10883,kernel,explicit_CVE_in_commit_message,unreviewed,x86/64,kernel,6.6.144~50daf8372d971124fb3519e8d87e02ae-r1,research-os/data/openwrt-v2-snapshots/releases/24.10.8/x86_64/openwrt-24.10.8-x86-64.manifest,explicit_backport_or_cherry_pick_in_commit_message
24.10.8,0b795ce79e23b553aa184080c390f9ce92a2b6d4,262c09368fda76c85c519b7554f33bb98fb3263f,dropbear: backport some security fixes from 2026.90,CVE-2019-6111,dropbear,explicit_CVE_in_commit_message,unreviewed,ath79/generic,dropbear,2024.86-r3,research-os/data/openwrt-v2-snapshots/releases/24.10.8/ath79_generic/openwrt-24.10.8-ath79-generic.manifest,explicit_backport_or_cherry_pick_in_commit_message
24.10.8,0b795ce79e23b553aa184080c390f9ce92a2b6d4,262c09368fda76c85c519b7554f33bb98fb3263f,dropbear: backport some security fixes from 2026.90,CVE-2019-6111,dropbear,explicit_CVE_in_commit_message,unreviewed,x86/64,dropbear,2024.86-r3,research-os/data/openwrt-v2-snapshots/releases/24.10.8/x86_64/openwrt-24.10.8-x86-64.manifest,explicit_backport_or_cherry_pick_in_commit_message
24.10.8,0b795ce79e23b553aa184080c390f9ce92a2b6d4,262c09368fda76c85c519b7554f33bb98fb3263f,dropbear: backport some security fixes from 2026.90,CVE-2026-35385,dropbear,explicit_CVE_in_commit_message,unreviewed,ath79/generic,dropbear,2024.86-r3,research-os/data/openwrt-v2-snapshots/releases/24.10.8/ath79_generic/openwrt-24.10.8-ath79-generic.manifest,explicit_backport_or_cherry_pick_in_commit_message
24.10.8,0b795ce79e23b553aa184080c390f9ce92a2b6d4,262c09368fda76c85c519b7554f33bb98fb3263f,dropbear: backport some security fixes from 2026.90,CVE-2026-35385,dropbear,explicit_CVE_in_commit_message,unreviewed,x86/64,dropbear,2024.86-r3,research-os/data/openwrt-v2-snapshots/releases/24.10.8/x86_64/openwrt-24.10.8-x86-64.manifest,explicit_backport_or_cherry_pick_in_commit_message
24.10.8,0b795ce79e23b553aa184080c390f9ce92a2b6d4,35890514bb191de3ab96dcd684714850a9142efc,ppp: backport security fixes,CVE-2020-8597,ppp,explicit_CVE_in_commit_message,unreviewed,ath79/generic,ppp,2.5.1-r1,research-os/data/openwrt-v2-snapshots/releases/24.10.8/ath79_generic/openwrt-24.10.8-ath79-generic.manifest,explicit_backport_or_cherry_pick_in_commit_message
24.10.8,0b795ce79e23b553aa184080c390f9ce92a2b6d4,35890514bb191de3ab96dcd684714850a9142efc,ppp: backport security fixes,CVE-2020-8597,ppp,explicit_CVE_in_commit_message,unreviewed,x86/64,ppp,2.5.1-r1,research-os/data/openwrt-v2-snapshots/releases/24.10.8/x86_64/openwrt-24.10.8-x86-64.manifest,explicit_backport_or_cherry_pick_in_commit_message
24.10.8,0b795ce79e23b553aa184080c390f9ce92a2b6d4,3c2c31bb66e5b247ffbb3cafac2a21d441daef39,kernel: backport upstream challenge ACK fix (CVE-2016-5696),CVE-2016-5696,kernel,explicit_CVE_in_commit_message,unreviewed,ath79/generic,kernel,6.6.144~70248021204b78344d5fb62a0e7f5bea-r1,research-os/data/openwrt-v2-snapshots/releases/24.10.8/ath79_generic/openwrt-24.10.8-ath79-generic.manifest,explicit_backport_or_cherry_pick_in_commit_message
24.10.8,0b795ce79e23b553aa184080c390f9ce92a2b6d4,3c2c31bb66e5b247ffbb3cafac2a21d441daef39,kernel: backport upstream challenge ACK fix (CVE-2016-5696),CVE-2016-5696,kernel,explicit_CVE_in_commit_message,unreviewed,x86/64,kernel,6.6.144~50daf8372d971124fb3519e8d87e02ae-r1,research-os/data/openwrt-v2-snapshots/releases/24.10.8/x86_64/openwrt-24.10.8-x86-64.manifest,explicit_backport_or_cherry_pick_in_commit_message
24.10.8,0b795ce79e23b553aa184080c390f9ce92a2b6d4,6713fe030fca32fc3d5ad9761f3b2f96501aedd6,busybox: update to 1.33.1,CVE-2021-28831,busybox,explicit_CVE_in_commit_message,unreviewed,ath79/generic,busybox,1.36.1-r3,research-os/data/openwrt-v2-snapshots/releases/24.10.8/ath79_generic/openwrt-24.10.8-ath79-generic.manifest,explicit_backport_or_cherry_pick_in_commit_message
24.10.8,0b795ce79e23b553aa184080c390f9ce92a2b6d4,6713fe030fca32fc3d5ad9761f3b2f96501aedd6,busybox: update to 1.33.1,CVE-2021-28831,busybox,explicit_CVE_in_commit_message,unreviewed,x86/64,busybox,1.36.1-r3,research-os/data/openwrt-v2-snapshots/releases/24.10.8/x86_64/openwrt-24.10.8-x86-64.manifest,explicit_backport_or_cherry_pick_in_commit_message
24.10.8,0b795ce79e23b553aa184080c390f9ce92a2b6d4,7c0a2bc93077f52c033e406864b34af3a4fab245,busybox: backport cve-2017-16544 fix,CVE-2017-16544,busybox,explicit_CVE_in_commit_message,unreviewed,ath79/generic,busybox,1.36.1-r3,research-os/data/openwrt-v2-snapshots/releases/24.10.8/ath79_generic/openwrt-24.10.8-ath79-generic.manifest,explicit_backport_or_cherry_pick_in_commit_message
24.10.8,0b795ce79e23b553aa184080c390f9ce92a2b6d4,7c0a2bc93077f52c033e406864b34af3a4fab245,busybox: backport cve-2017-16544 fix,CVE-2017-16544,busybox,explicit_CVE_in_commit_message,unreviewed,x86/64,busybox,1.36.1-r3,research-os/data/openwrt-v2-snapshots/releases/24.10.8/x86_64/openwrt-24.10.8-x86-64.manifest,explicit_backport_or_cherry_pick_in_commit_message
24.10.8,0b795ce79e23b553aa184080c390f9ce92a2b6d4,7c0a2bc93077f52c033e406864b34af3a4fab245,busybox: backport cve-2017-16544 fix,CVE-2017-16544,busybox,explicit_CVE_in_commit_message,unreviewed,ath79/generic,busybox,1.36.1-r3,research-os/data/openwrt-v2-snapshots/releases/24.10.8/ath79_generic/openwrt-24.10.8-ath79-generic.manifest,explicit_backport_or_cherry_pick_in_commit_message
24.10.8,0b795ce79e23b553aa184080c390f9ce92a2b6d4,7c0a2bc93077f52c033e406864b34af3a4fab245,busybox: backport cve-2017-16544 fix,CVE-2017-16544,busybox,explicit_CVE_in_commit_message,unreviewed,x86/64,busybox,1.36.1-r3,research-os/data/openwrt-v2-snapshots/releases/24.10.8/x86_64/openwrt-24.10.8-x86-64.manifest,explicit_backport_or_cherry_pick_in_commit_message
24.10.8,0b795ce79e23b553aa184080c390f9ce92a2b6d4,88ba41453dbc65e1d5d596073d66bdf2e59a43a1,kernel: bump 4.14 to 4.14.20,CVE-2017-8824,kernel,explicit_CVE_in_commit_message,unreviewed,ath79/generic,kernel,6.6.144~70248021204b78344d5fb62a0e7f5bea-r1,research-os/data/openwrt-v2-snapshots/releases/24.10.8/ath79_generic/openwrt-24.10.8-ath79-generic.manifest,explicit_backport_or_cherry_pick_in_commit_message
24.10.8,0b795ce79e23b553aa184080c390f9ce92a2b6d4,88ba41453dbc65e1d5d596073d66bdf2e59a43a1,kernel: bump 4.14 to 4.14.20,CVE-2017-8824,kernel,explicit_CVE_in_commit_message,unreviewed,x86/64,kernel,6.6.144~50daf8372d971124fb3519e8d87e02ae-r1,research-os/data/openwrt-v2-snapshots/releases/24.10.8/x86_64/openwrt-24.10.8-x86-64.manifest,explicit_backport_or_cherry_pick_in_commit_message
24.10.8,0b795ce79e23b553aa184080c390f9ce92a2b6d4,9a753c49ea7053f3592f9ec1ce9d97882edb332d,dnsmasq: backport official fix for CVE-2017-13704,CVE-2017-13704,dnsmasq,explicit_CVE_in_commit_message,unreviewed,ath79/generic,dnsmasq,2.93-r1,research-os/data/openwrt-v2-snapshots/releases/24.10.8/ath79_generic/openwrt-24.10.8-ath79-generic.manifest,explicit_backport_or_cherry_pick_in_commit_message
24.10.8,0b795ce79e23b553aa184080c390f9ce92a2b6d4,9a753c49ea7053f3592f9ec1ce9d97882edb332d,dnsmasq: backport official fix for CVE-2017-13704,CVE-2017-13704,dnsmasq,explicit_CVE_in_commit_message,unreviewed,x86/64,dnsmasq,2.93-r1,research-os/data/openwrt-v2-snapshots/releases/24.10.8/x86_64/openwrt-24.10.8-x86-64.manifest,explicit_backport_or_cherry_pick_in_commit_message
24.10.8,0b795ce79e23b553aa184080c390f9ce92a2b6d4,a3198061f80a7f3933810cd99206b085e4cf49f9,dnsmasq: backport dnssec security fix,CVE-2017-15107,dnsmasq,explicit_CVE_in_commit_message,unreviewed,ath79/generic,dnsmasq,2.93-r1,research-os/data/openwrt-v2-snapshots/releases/24.10.8/ath79_generic/openwrt-24.10.8-ath79-generic.manifest,explicit_backport_or_cherry_pick_in_commit_message
24.10.8,0b795ce79e23b553aa184080c390f9ce92a2b6d4,a3198061f80a7f3933810cd99206b085e4cf49f9,dnsmasq: backport dnssec security fix,CVE-2017-15107,dnsmasq,explicit_CVE_in_commit_message,unreviewed,x86/64,dnsmasq,2.93-r1,research-os/data/openwrt-v2-snapshots/releases/24.10.8/x86_64/openwrt-24.10.8-x86-64.manifest,explicit_backport_or_cherry_pick_in_commit_message
24.10.8,0b795ce79e23b553aa184080c390f9ce92a2b6d4,adaf1cbcc8b253ea807dbe0416b4b04c33dceadf,dnsmasq: backport validation fix in dnssec security fix,CVE-2017-15107,dnsmasq,explicit_CVE_in_commit_message,unreviewed,ath79/generic,dnsmasq,2.93-r1,research-os/data/openwrt-v2-snapshots/releases/24.10.8/ath79_generic/openwrt-24.10.8-ath79-generic.manifest,explicit_backport_or_cherry_pick_in_commit_message
24.10.8,0b795ce79e23b553aa184080c390f9ce92a2b6d4,adaf1cbcc8b253ea807dbe0416b4b04c33dceadf,dnsmasq: backport validation fix in dnssec security fix,CVE-2017-15107,dnsmasq,explicit_CVE_in_commit_message,unreviewed,x86/64,dnsmasq,2.93-r1,research-os/data/openwrt-v2-snapshots/releases/24.10.8/x86_64/openwrt-24.10.8-x86-64.manifest,explicit_backport_or_cherry_pick_in_commit_message
24.10.8,0b795ce79e23b553aa184080c390f9ce92a2b6d4,b547ab3143e5f9116c19698292d1bd9e08feda3e,kernel: bump kernel 4.9 to version 4.9.120,CVE-2018-3620,kernel,explicit_CVE_in_commit_message,unreviewed,ath79/generic,kernel,6.6.144~70248021204b78344d5fb62a0e7f5bea-r1,research-os/data/openwrt-v2-snapshots/releases/24.10.8/ath79_generic/openwrt-24.10.8-ath79-generic.manifest,explicit_backport_or_cherry_pick_in_commit_message
24.10.8,0b795ce79e23b553aa184080c390f9ce92a2b6d4,b547ab3143e5f9116c19698292d1bd9e08feda3e,kernel: bump kernel 4.9 to version 4.9.120,CVE-2018-3620,kernel,explicit_CVE_in_commit_message,unreviewed,x86/64,kernel,6.6.144~50daf8372d971124fb3519e8d87e02ae-r1,research-os/data/openwrt-v2-snapshots/releases/24.10.8/x86_64/openwrt-24.10.8-x86-64.manifest,explicit_backport_or_cherry_pick_in_commit_message
24.10.8,0b795ce79e23b553aa184080c390f9ce92a2b6d4,b547ab3143e5f9116c19698292d1bd9e08feda3e,kernel: bump kernel 4.9 to version 4.9.120,CVE-2018-3646,kernel,explicit_CVE_in_commit_message,unreviewed,ath79/generic,kernel,6.6.144~70248021204b78344d5fb62a0e7f5bea-r1,research-os/data/openwrt-v2-snapshots/releases/24.10.8/ath79_generic/openwrt-24.10.8-ath79-generic.manifest,explicit_backport_or_cherry_pick_in_commit_message
24.10.8,0b795ce79e23b553aa184080c390f9ce92a2b6d4,b547ab3143e5f9116c19698292d1bd9e08feda3e,kernel: bump kernel 4.9 to version 4.9.120,CVE-2018-3646,kernel,explicit_CVE_in_commit_message,unreviewed,x86/64,kernel,6.6.144~50daf8372d971124fb3519e8d87e02ae-r1,research-os/data/openwrt-v2-snapshots/releases/24.10.8/x86_64/openwrt-24.10.8-x86-64.manifest,explicit_backport_or_cherry_pick_in_commit_message
24.10.8,0b795ce79e23b553aa184080c390f9ce92a2b6d4,b5cde260487eae86db1661a53e5e5e0823936aab,dropbear: cherry-pick upstream patches,CVE-2023-36328,dropbear,explicit_CVE_in_commit_message,unreviewed,ath79/generic,dropbear,2024.86-r3,research-os/data/openwrt-v2-snapshots/releases/24.10.8/ath79_generic/openwrt-24.10.8-ath79-generic.manifest,explicit_backport_or_cherry_pick_in_commit_message
24.10.8,0b795ce79e23b553aa184080c390f9ce92a2b6d4,b5cde260487eae86db1661a53e5e5e0823936aab,dropbear: cherry-pick upstream patches,CVE-2023-36328,dropbear,explicit_CVE_in_commit_message,unreviewed,x86/64,dropbear,2024.86-r3,research-os/data/openwrt-v2-snapshots/releases/24.10.8/x86_64/openwrt-24.10.8-x86-64.manifest,explicit_backport_or_cherry_pick_in_commit_message
24.10.8,0b795ce79e23b553aa184080c390f9ce92a2b6d4,b5cde260487eae86db1661a53e5e5e0823936aab,dropbear: cherry-pick upstream patches,CVE-2023-48795,dropbear,explicit_CVE_in_commit_message,unreviewed,ath79/generic,dropbear,2024.86-r3,research-os/data/openwrt-v2-snapshots/releases/24.10.8/ath79_generic/openwrt-24.10.8-ath79-generic.manifest,explicit_backport_or_cherry_pick_in_commit_message
24.10.8,0b795ce79e23b553aa184080c390f9ce92a2b6d4,b5cde260487eae86db1661a53e5e5e0823936aab,dropbear: cherry-pick upstream patches,CVE-2023-48795,dropbear,explicit_CVE_in_commit_message,unreviewed,x86/64,dropbear,2024.86-r3,research-os/data/openwrt-v2-snapshots/releases/24.10.8/x86_64/openwrt-24.10.8-x86-64.manifest,explicit_backport_or_cherry_pick_in_commit_message
24.10.8,0b795ce79e23b553aa184080c390f9ce92a2b6d4,d8565a06dc01b55ed1018d571e655c122b9d2a33,kernel: bump 4.9 to 4.9.77,CVE-2017-1000410,kernel,explicit_CVE_in_commit_message,unreviewed,ath79/generic,kernel,6.6.144~70248021204b78344d5fb62a0e7f5bea-r1,research-os/data/openwrt-v2-snapshots/releases/24.10.8/ath79_generic/openwrt-24.10.8-ath79-generic.manifest,explicit_backport_or_cherry_pick_in_commit_message
24.10.8,0b795ce79e23b553aa184080c390f9ce92a2b6d4,d8565a06dc01b55ed1018d571e655c122b9d2a33,kernel: bump 4.9 to 4.9.77,CVE-2017-1000410,kernel,explicit_CVE_in_commit_message,unreviewed,x86/64,kernel,6.6.144~50daf8372d971124fb3519e8d87e02ae-r1,research-os/data/openwrt-v2-snapshots/releases/24.10.8/x86_64/openwrt-24.10.8-x86-64.manifest,explicit_backport_or_cherry_pick_in_commit_message
24.10.8,0b795ce79e23b553aa184080c390f9ce92a2b6d4,d8565a06dc01b55ed1018d571e655c122b9d2a33,kernel: bump 4.9 to 4.9.77,CVE-2017-17741,kernel,explicit_CVE_in_commit_message,unreviewed,ath79/generic,kernel,6.6.144~70248021204b78344d5fb62a0e7f5bea-r1,research-os/data/openwrt-v2-snapshots/releases/24.10.8/ath79_generic/openwrt-24.10.8-ath79-generic.manifest,explicit_backport_or_cherry_pick_in_commit_message
24.10.8,0b795ce79e23b553aa184080c390f9ce92a2b6d4,d8565a06dc01b55ed1018d571e655c122b9d2a33,kernel: bump 4.9 to 4.9.77,CVE-2017-17741,kernel,explicit_CVE_in_commit_message,unreviewed,x86/64,kernel,6.6.144~50daf8372d971124fb3519e8d87e02ae-r1,research-os/data/openwrt-v2-snapshots/releases/24.10.8/x86_64/openwrt-24.10.8-x86-64.manifest,explicit_backport_or_cherry_pick_in_commit_message
24.10.8,0b795ce79e23b553aa184080c390f9ce92a2b6d4,d8565a06dc01b55ed1018d571e655c122b9d2a33,kernel: bump 4.9 to 4.9.77,CVE-2017-5715,kernel,explicit_CVE_in_commit_message,unreviewed,ath79/generic,kernel,6.6.144~70248021204b78344d5fb62a0e7f5bea-r1,research-os/data/openwrt-v2-snapshots/releases/24.10.8/ath79_generic/openwrt-24.10.8-ath79-generic.manifest,explicit_backport_or_cherry_pick_in_commit_message
24.10.8,0b795ce79e23b553aa184080c390f9ce92a2b6d4,d8565a06dc01b55ed1018d571e655c122b9d2a33,kernel: bump 4.9 to 4.9.77,CVE-2017-5715,kernel,explicit_CVE_in_commit_message,unreviewed,x86/64,kernel,6.6.144~50daf8372d971124fb3519e8d87e02ae-r1,research-os/data/openwrt-v2-snapshots/releases/24.10.8/x86_64/openwrt-24.10.8-x86-64.manifest,explicit_backport_or_cherry_pick_in_commit_message
24.10.8,0b795ce79e23b553aa184080c390f9ce92a2b6d4,d8565a06dc01b55ed1018d571e655c122b9d2a33,kernel: bump 4.9 to 4.9.77,CVE-2017-5753,kernel,explicit_CVE_in_commit_message,unreviewed,ath79/generic,kernel,6.6.144~70248021204b78344d5fb62a0e7f5bea-r1,research-os/data/openwrt-v2-snapshots/releases/24.10.8/ath79_generic/openwrt-24.10.8-ath79-generic.manifest,explicit_backport_or_cherry_pick_in_commit_message
24.10.8,0b795ce79e23b553aa184080c390f9ce92a2b6d4,d8565a06dc01b55ed1018d571e655c122b9d2a33,kernel: bump 4.9 to 4.9.77,CVE-2017-5753,kernel,explicit_CVE_in_commit_message,unreviewed,x86/64,kernel,6.6.144~50daf8372d971124fb3519e8d87e02ae-r1,research-os/data/openwrt-v2-snapshots/releases/24.10.8/x86_64/openwrt-24.10.8-x86-64.manifest,explicit_backport_or_cherry_pick_in_commit_message
24.10.8,0b795ce79e23b553aa184080c390f9ce92a2b6d4,f621b539512e5b6c83dd2de1bc2dba06e40cd7ea,kernel: bump 4.9 to 4.9.82,CVE-2017-8824,kernel,explicit_CVE_in_commit_message,unreviewed,ath79/generic,kernel,6.6.144~70248021204b78344d5fb62a0e7f5bea-r1,research-os/data/openwrt-v2-snapshots/releases/24.10.8/ath79_generic/openwrt-24.10.8-ath79-generic.manifest,explicit_backport_or_cherry_pick_in_commit_message
24.10.8,0b795ce79e23b553aa184080c390f9ce92a2b6d4,f621b539512e5b6c83dd2de1bc2dba06e40cd7ea,kernel: bump 4.9 to 4.9.82,CVE-2017-8824,kernel,explicit_CVE_in_commit_message,unreviewed,x86/64,kernel,6.6.144~50daf8372d971124fb3519e8d87e02ae-r1,research-os/data/openwrt-v2-snapshots/releases/24.10.8/x86_64/openwrt-24.10.8-x86-64.manifest,explicit_backport_or_cherry_pick_in_commit_message
24.10.8,0b795ce79e23b553aa184080c390f9ce92a2b6d4,f68fa732873c280f290f16aef32b3240c790b390,uhttpd: cherry pick patches from main,CVE-2026-55612,uhttpd,explicit_CVE_in_commit_message,unreviewed,ath79/generic,uhttpd,2025.07.06~7e64e8ba-r5,research-os/data/openwrt-v2-snapshots/releases/24.10.8/ath79_generic/openwrt-24.10.8-ath79-generic.manifest,explicit_backport_or_cherry_pick_in_commit_message
24.10.8,0b795ce79e23b553aa184080c390f9ce92a2b6d4,f68fa732873c280f290f16aef32b3240c790b390,uhttpd: cherry pick patches from main,CVE-2026-55612,uhttpd,explicit_CVE_in_commit_message,unreviewed,x86/64,uhttpd,2025.07.06~7e64e8ba-r5,research-os/data/openwrt-v2-snapshots/releases/24.10.8/x86_64/openwrt-24.10.8-x86-64.manifest,explicit_backport_or_cherry_pick_in_commit_message
24.10.8,0b795ce79e23b553aa184080c390f9ce92a2b6d4,f68fa732873c280f290f16aef32b3240c790b390,uhttpd: cherry pick patches from main,CVE-2026-55613,uhttpd,explicit_CVE_in_commit_message,unreviewed,ath79/generic,uhttpd,2025.07.06~7e64e8ba-r5,research-os/data/openwrt-v2-snapshots/releases/24.10.8/ath79_generic/openwrt-24.10.8-ath79-generic.manifest,explicit_backport_or_cherry_pick_in_commit_message
24.10.8,0b795ce79e23b553aa184080c390f9ce92a2b6d4,f68fa732873c280f290f16aef32b3240c790b390,uhttpd: cherry pick patches from main,CVE-2026-55613,uhttpd,explicit_CVE_in_commit_message,unreviewed,x86/64,uhttpd,2025.07.06~7e64e8ba-r5,research-os/data/openwrt-v2-snapshots/releases/24.10.8/x86_64/openwrt-24.10.8-x86-64.manifest,explicit_backport_or_cherry_pick_in_commit_message
24.10.8,0b795ce79e23b553aa184080c390f9ce92a2b6d4,f68fa732873c280f290f16aef32b3240c790b390,uhttpd: cherry pick patches from main,CVE-2026-55614,uhttpd,explicit_CVE_in_commit_message,unreviewed,ath79/generic,uhttpd,2025.07.06~7e64e8ba-r5,research-os/data/openwrt-v2-snapshots/releases/24.10.8/ath79_generic/openwrt-24.10.8-ath79-generic.manifest,explicit_backport_or_cherry_pick_in_commit_message
24.10.8,0b795ce79e23b553aa184080c390f9ce92a2b6d4,f68fa732873c280f290f16aef32b3240c790b390,uhttpd: cherry pick patches from main,CVE-2026-55614,uhttpd,explicit_CVE_in_commit_message,unreviewed,x86/64,uhttpd,2025.07.06~7e64e8ba-r5,research-os/data/openwrt-v2-snapshots/releases/24.10.8/x86_64/openwrt-24.10.8-x86-64.manifest,explicit_backport_or_cherry_pick_in_commit_message
24.10.8,0b795ce79e23b553aa184080c390f9ce92a2b6d4,fefe1da440eede8dfaa23975c30ae2f6fcac744d,kernel: backport upstream fix for CVE-2018-5390,CVE-2018-5390,kernel,explicit_CVE_in_commit_message,unreviewed,ath79/generic,kernel,6.6.144~70248021204b78344d5fb62a0e7f5bea-r1,research-os/data/openwrt-v2-snapshots/releases/24.10.8/ath79_generic/openwrt-24.10.8-ath79-generic.manifest,explicit_backport_or_cherry_pick_in_commit_message
24.10.8,0b795ce79e23b553aa184080c390f9ce92a2b6d4,fefe1da440eede8dfaa23975c30ae2f6fcac744d,kernel: backport upstream fix for CVE-2018-5390,CVE-2018-5390,kernel,explicit_CVE_in_commit_message,unreviewed,x86/64,kernel,6.6.144~50daf8372d971124fb3519e8d87e02ae-r1,research-os/data/openwrt-v2-snapshots/releases/24.10.8/x86_64/openwrt-24.10.8-x86-64.manifest,explicit_backport_or_cherry_pick_in_commit_message
